SimulationTime(s),RTT(us),VehicleCount
1,1018,1
2,504,1
3,526,1
4,741,2
5,491,2
6,437,2
7,578,3
8,693,3
9,591,3
10,1215,4
11,604,4
12,577,4
13,698,5
14,1506,5
15,640,5
16,792,6
17,691,6
18,799,6
19,948,7
20,703,7
1,665,1
2,360,1
3,410,1
4,562,2
5,416,2
6,326,2
7,779,3
8,437,3
9,377,3
10,551,4
11,504,4
12,375,4
13,614,5
14,502,5
15,424,5
16,658,6
17,637,6
18,572,6
19,890,7
20,577,7
1,770,1
2,706,1
3,369,1
4,549,2
5,498,2
6,479,2
7,1123,3
8,488,3
9,443,3
10,1359,4
11,836,4
12,587,4
13,641,5
14,549,5
15,1497,5
16,751,6
17,1003,6
18,1020,6
19,754,7
20,785,7
1,718,1
2,342,1
3,317,1
4,567,2
5,347,2
6,359,2
7,461,3
8,386,3
9,379,3
10,640,4
11,454,4
12,411,4
13,628,5
14,524,5
15,478,5
16,728,6
17,918,6
18,514,6
19,642,7
20,547,7
1,700,1
2,374,1
3,411,1
4,491,2
5,479,2
6,466,2
7,672,3
8,596,3
9,764,3
10,848,4
11,450,4
12,841,4
13,1018,5
14,964,5
15,732,5
16,1185,6
17,1006,6
18,754,6
19,837,7
20,779,7
1,878,1
2,416,1
3,340,1
4,489,2
5,383,2
6,343,2
7,461,3
8,398,3
9,567,3
10,606,4
11,485,4
12,489,4
13,646,5
14,601,5
15,405,5
16,878,6
17,534,6
18,574,6
19,1345,7
20,578,7
21,945,7
22,1008,8
23,785,8
24,597,8
25,863,9
26,771,9
27,565,9
28,948,10
29,701,10
30,568,10
31,766,11
32,697,11
33,721,11
34,916,12
35,661,12
36,753,12
37,921,13
38,1161,13
39,686,13
40,781,14
41,715,14
42,704,14
43,910,15
44,756,15
45,706,15
46,894,16
47,845,16
48,977,16
49,987,17
50,800,17
51,786,17
52,1068,18
53,983,18
54,847,18
55,949,19
56,970,19
57,881,19
58,1372,20
59,976,20
60,924,20
61,1016,21
62,903,21
63,856,21
64,1066,22
65,1040,22
66,1094,22
67,1103,23
68,1032,23
69,932,23
70,1082,24
71,1290,24
72,1098,24
73,1164,25
74,1277,25
75,1203,25
76,1214,26
77,1128,26
78,1214,26
79,1374,27
80,1144,27
81,1186,27
82,1597,28
83,1234,28
84,1262,28
85,1423,29
86,1287,29
87,1325,29
88,1664,30
89,1339,30
90,1310,30
91,1532,31
92,1396,31
93,1293,31
94,1574,32
95,1590,32
96,1830,32
97,1693,33
98,1457,33
99,1721,33
100,1703,34
1,985,1
2,472,1
3,397,1
4,877,2
5,413,2
6,347,2
7,492,3
8,603,3
9,405,3
10,674,4
11,543,4
12,433,4
13,760,5
14,520,5
15,489,5
16,634,6
17,1078,6
18,777,6
19,1088,7
20,1008,7
21,638,7
22,863,8
23,1205,8
24,1185,8
25,1429,9
26,1179,9
27,1235,9
28,1555,10
29,1437,10
30,1280,10
31,1599,11
32,942,11
33,1038,11
34,1429,12
35,1039,12
36,1070,12
37,1062,13
38,1030,13
39,1260,13
40,979,14
41,805,14
42,908,14
43,968,15
44,845,15
45,751,15
46,1019,16
47,871,16
48,825,16
49,915,17
50,855,17
51,939,17
52,1103,18
53,947,18
54,801,18
55,1049,19
56,865,19
57,855,19
58,934,20
59,1091,20
60,902,20
61,1186,21
62,904,21
63,901,21
64,1108,22
65,1012,22
66,957,22
67,1098,23
68,1050,23
69,1007,23
70,1376,24
71,1108,24
72,1125,24
73,1222,25
74,1147,25
75,1178,25
76,1240,26
77,1147,26
78,1650,26
79,1686,27
80,1250,27
81,1404,27
82,1554,28
83,1257,28
84,1407,28
85,1413,29
86,1253,29
87,1319,29
88,1447,30
89,1249,30
90,1320,30
91,1431,31
92,1581,31
93,1396,31
94,1534,32
95,1356,32
96,1413,32
97,1519,33
98,1409,33
99,1621,33
100,1542,34
1,847,1
2,417,1
3,340,1
4,566,2
5,387,2
6,548,2
7,522,3
8,413,3
9,488,3
10,556,4
11,516,4
12,415,4
13,604,5
14,591,5
15,511,5
16,626,6
17,509,6
18,497,6
19,653,7
20,891,7
21,629,7
22,950,8
23,574,8
24,640,8
25,1134,9
26,690,9
27,610,9
28,717,10
29,706,10
30,827,10
31,891,11
32,751,11
33,736,11
34,888,12
35,1285,12
36,996,12
37,904,13
38,1320,13
39,877,13
40,1218,14
41,871,14
42,1083,14
43,1374,15
44,915,15
45,978,15
46,1396,16
47,980,16
48,1092,16
49,1936,17
50,1135,17
51,1014,17
52,1361,18
53,1445,18
54,1137,18
55,2565,19
56,1176,19
57,1763,19
58,1374,20
59,1162,20
60,1251,20
61,1113,21
62,1110,21
63,1013,21
64,1272,22
65,1149,22
66,1250,22
67,1273,23
68,1129,23
69,953,23
70,1130,24
71,1368,24
72,1287,24
73,1272,25
74,1215,25
75,1504,25
76,1344,26
77,1336,26
78,1533,26
79,2082,27
80,1424,27
81,1436,27
82,1777,28
83,1426,28
84,1289,28
85,1441,29
86,1390,29
87,1222,29
88,1611,30
89,1393,30
90,1344,30
91,1612,31
92,1645,31
93,1393,31
94,1618,32
95,1651,32
96,2374,32
97,1821,33
98,1590,33
99,1919,33
100,1711,34
1,1142,1
2,666,1
3,532,1
4,819,2
5,804,2
6,492,2
7,891,3
8,584,3
9,613,3
10,1232,4
11,631,4
12,948,4
13,846,5
14,1269,5
15,814,5
16,1243,6
17,818,6
18,851,6
19,939,7
20,901,7
21,822,7
22,1028,8
23,1348,8
24,1210,8
25,1067,9
26,1154,9
27,788,9
28,1614,10
29,957,10
30,1506,10
31,1225,11
32,953,11
33,1013,11
34,1280,12
35,1402,12
36,1401,12
37,1851,13
38,1426,13
39,993,13
40,1077,14
41,958,14
42,1257,14
43,1312,15
44,1503,15
45,1502,15
46,1276,16
47,1556,16
48,1336,16
49,2264,17
50,2068,17
51,1430,17
52,1975,18
53,1326,18
54,1341,18
55,2289,19
56,1906,19
57,2199,19
58,2746,20
59,5182,20
60,2439,20
61,2994,21
62,2756,21
63,2889,21
64,2477,22
65,1363,22
66,1155,22
67,2096,23
68,4758,23
69,2140,23
70,1886,24
71,1423,24
72,1474,24
73,1453,25
74,1243,25
75,1308,25
76,1363,26
77,1166,26
78,1121,26
79,1464,27
80,1378,27
81,1342,27
82,1996,28
83,1340,28
84,1308,28
85,1464,29
86,1453,29
87,1465,29
88,1784,30
89,1393,30
90,1566,30
91,1918,31
92,1509,31
93,1839,31
94,2115,32
95,1729,32
96,1793,32
97,1702,33
98,1701,33
99,1714,33
100,1650,34
1,652,1
2,362,1
3,300,1
4,521,2
5,364,2
6,340,2
7,656,3
8,451,3
9,449,3
10,818,4
11,502,4
12,436,4
13,548,5
14,455,5
15,493,5
16,687,6
17,578,6
18,522,6
19,841,7
20,636,7
21,1066,7
22,871,8
23,898,8
24,790,8
25,862,9
26,834,9
27,896,9
28,1039,10
29,870,10
30,967,10
31,958,11
32,799,11
33,733,11
34,944,12
35,873,12
36,887,12
37,1069,13
38,965,13
39,893,13
40,1037,14
41,985,14
42,1022,14
43,1152,15
44,1052,15
45,1415,15
46,1409,16
47,1549,16
48,981,16
49,1096,17
50,948,17
51,963,17
52,1134,18
53,1140,18
54,1089,18
55,1107,19
56,1154,19
57,979,19
58,976,20
59,1099,20
60,900,20
61,1108,21
62,900,21
63,987,21
64,1132,22
65,926,22
66,979,22
67,1153,23
68,1043,23
69,956,23
70,1470,24
71,1139,24
72,994,24
73,1178,25
74,1335,25
75,1173,25
76,1204,26
77,1415,26
78,1250,26
79,1339,27
80,1259,27
81,1766,27
82,1352,28
83,1272,28
84,1436,28
85,1395,29
86,2377,29
87,1758,29
88,1661,30
89,2122,30
90,1622,30
91,2091,31
92,2057,31
93,2185,31
94,2032,32
95,2021,32
96,1709,32
97,2253,33
98,2403,33
99,2467,33
100,2917,34
1,1011,1
2,392,1
3,572,1
4,490,2
5,482,2
6,331,2
7,608,3
8,417,3
9,423,3
10,528,4
11,425,4
12,379,4
13,631,5
14,544,5
15,440,5
16,582,6
17,482,6
18,500,6
19,630,7
20,514,7
21,480,7
22,645,8
23,652,8
24,703,8
25,790,9
26,669,9
27,574,9
28,746,10
29,741,10
30,623,10
31,821,11
32,716,11
33,701,11
34,722,12
35,715,12
36,675,12
37,868,13
38,655,13
39,644,13
40,845,14
41,711,14
42,681,14
43,785,15
44,688,15
45,714,15
46,1079,16
47,838,16
48,922,16
49,1666,17
50,969,17
51,839,17
52,1130,18
53,1051,18
54,1059,18
55,1183,19
56,1206,19
57,1200,19
58,1133,20
59,1101,20
60,1098,20
61,1060,21
62,1079,21
63,1055,21
64,1186,22
65,1187,22
66,1176,22
67,1239,23
68,1080,23
69,1456,23
70,1395,24
71,1343,24
72,1402,24
73,1436,25
74,1373,25
75,1925,25
76,1556,26
77,1449,26
78,1311,26
79,1754,27
80,1423,27
81,2265,27
82,1740,28
83,1730,28
84,1395,28
85,1897,29
86,2063,29
87,1726,29
88,1772,30
89,1361,30
90,1654,30
91,1529,31
92,1314,31
93,1651,31
94,1710,32
95,1840,32
96,1451,32
97,1455,33
98,2290,33
99,1564,33
100,2002,34
101,1819,34
102,1572,34
103,1750,35
104,1563,35
105,1856,35
106,1856,36
107,1983,36
108,1624,36
109,1814,37
110,1812,37
111,1704,37
112,2218,38
113,1668,38
114,2354,38
115,2109,39
116,1758,39
117,2094,39
118,2030,40
119,1839,40
120,1725,40
121,1906,41
122,2071,41
123,2178,41
124,2202,42
125,2050,42
126,1893,42
127,2288,43
128,2073,43
129,2146,43
130,2075,44
131,2284,44
132,2020,44
133,2122,45
134,2066,45
135,2122,45
136,2267,46
137,2144,46
138,2138,46
139,2280,47
140,2203,47
141,2221,47
142,2283,48
143,2253,48
144,2351,48
145,2305,49
146,2319,49
147,2670,49
148,2696,50
149,2681,50
150,2407,50
151,2499,51
152,2623,51
153,2618,51
154,2670,52
155,2610,52
156,3039,52
157,2639,53
158,2593,53
159,2563,53
160,2837,54
161,2569,54
162,2684,54
163,3179,55
164,2847,55
165,2672,55
166,2976,56
167,2821,56
168,2910,56
169,3022,57
170,3116,57
171,2585,57
172,2830,58
173,2638,58
174,2772,58
175,2883,59
176,2796,59
177,2693,59
178,3345,60
179,2711,60
180,2996,60
181,3081,61
182,2716,61
183,2838,61
184,3003,62
185,2854,62
186,2940,62
187,3044,63
188,2898,63
189,3020,63
190,3123,64
191,3063,64
192,2914,64
193,3153,65
194,3045,65
195,3042,65
196,3911,66
197,3587,66
198,3227,66
199,3519,67
200,3187,67
1,996,1
2,433,1
3,317,1
4,543,2
5,791,2
6,494,2
7,566,3
8,447,3
9,433,3
10,613,4
11,556,4
12,483,4
13,577,5
14,524,5
15,751,5
16,814,6
17,630,6
18,797,6
19,976,7
20,690,7
21,628,7
22,788,8
23,748,8
24,692,8
25,906,9
26,749,9
27,706,9
28,856,10
29,1110,10
30,794,10
31,886,11
32,741,11
33,756,11
34,909,12
35,768,12
36,839,12
37,885,13
38,781,13
39,696,13
40,1059,14
41,875,14
42,866,14
43,1061,15
44,891,15
45,799,15
46,1069,16
47,903,16
48,882,16
49,1125,17
50,896,17
51,796,17
52,956,18
53,925,18
54,867,18
55,952,19
56,912,19
57,878,19
58,1044,20
59,981,20
60,879,20
61,1040,21
62,926,21
63,894,21
64,991,22
65,951,22
66,885,22
67,1113,23
68,1387,23
69,959,23
70,1072,24
71,1023,24
72,1148,24
73,1155,25
74,1093,25
75,1244,25
76,1615,26
77,1180,26
78,1173,26
79,1544,27
80,1157,27
81,1177,27
82,1295,28
83,1548,28
84,1423,28
85,1584,29
86,1339,29
87,1302,29
88,1410,30
89,1292,30
90,1335,30
91,1674,31
92,1289,31
93,1333,31
94,1436,32
95,1419,32
96,1350,32
97,3843,33
98,1502,33
99,1441,33
100,1608,34
101,1473,34
102,1629,34
103,1641,35
104,1599,35
105,1486,35
106,1583,36
107,1513,36
108,1517,36
109,1750,37
110,1569,37
111,1565,37
112,1766,38
113,1568,38
114,1582,38
115,1812,39
116,1614,39
117,1575,39
118,1850,40
119,1711,40
120,2401,40
121,1946,41
122,1753,41
123,1810,41
124,1935,42
125,2061,42
126,1932,42
127,2091,43
128,2062,43
129,2362,43
130,2310,44
131,2095,44
132,2009,44
133,2013,45
134,1933,45
135,2315,45
136,2058,46
137,2149,46
138,2083,46
139,2194,47
140,2219,47
141,2255,47
142,2349,48
143,2556,48
144,2837,48
145,2753,49
146,3157,49
147,3101,49
148,3607,50
149,2554,50
150,4505,50
151,2823,51
152,2829,51
153,3772,51
154,3005,52
155,2667,52
156,3222,52
157,2669,53
158,2637,53
159,2577,53
160,3366,54
161,2585,54
162,2596,54
163,2977,55
164,2604,55
165,2684,55
166,2729,56
167,3277,56
168,2916,56
169,3043,57
170,3082,57
171,2704,57
172,2824,58
173,3625,58
174,2888,58
175,3126,59
176,3473,59
177,3307,59
178,5096,60
179,3558,60
180,3716,60
181,3933,61
182,3441,61
183,3143,61
184,3698,62
185,3344,62
186,2944,62
187,3004,63
188,3082,63
189,3190,63
190,2967,64
191,3153,64
192,3212,64
193,3010,65
194,3205,65
195,3244,65
196,3288,66
197,3414,66
198,3823,66
199,3236,67
200,3283,67
1,1026,1
2,439,1
3,493,1
4,561,2
5,388,2
6,446,2
7,1241,3
8,1006,3
9,718,3
10,632,4
11,759,4
12,642,4
13,1296,5
14,822,5
15,775,5
16,929,6
17,664,6
18,972,6
19,1619,7
20,665,7
21,655,7
22,915,8
23,1091,8
24,968,8
25,731,9
26,739,9
27,614,9
28,1275,10
29,920,10
30,645,10
31,800,11
32,656,11
33,1501,11
34,984,12
35,754,12
36,738,12
37,909,13
38,770,13
39,701,13
40,728,14
41,1309,14
42,1158,14
43,896,15
44,725,15
45,935,15
46,1072,16
47,741,16
48,764,16
49,996,17
50,853,17
51,939,17
52,1023,18
53,1299,18
54,875,18
55,976,19
56,897,19
57,1207,19
58,1224,20
59,975,20
60,927,20
61,1528,21
62,1030,21
63,870,21
64,1012,22
65,1056,22
66,931,22
67,1098,23
68,1362,23
69,1067,23
70,1236,24
71,1234,24
72,1355,24
73,1253,25
74,2031,25
75,1581,25
76,1476,26
77,1419,26
78,1561,26
79,1398,27
80,1470,27
81,1411,27
82,1570,28
83,1302,28
84,1250,28
85,1457,29
86,1256,29
87,1316,29
88,1446,30
89,1368,30
90,1299,30
91,1438,31
92,1503,31
93,1407,31
94,1527,32
95,1573,32
96,1606,32
97,1696,33
98,1648,33
99,1489,33
100,1486,34
101,1540,34
102,1522,34
103,1591,35
104,1494,35
105,1484,35
106,1621,36
107,1576,36
108,1593,36
109,1869,37
110,1570,37
111,1565,37
112,1751,38
113,1637,38
114,1628,38
115,1722,39
116,1681,39
117,1606,39
118,2787,40
119,1772,40
120,1670,40
121,2007,41
122,1799,41
123,1659,41
124,1961,42
125,1894,42
126,1877,42
127,1922,43
128,1907,43
129,2053,43
130,1924,44
131,1920,44
132,1903,44
133,1984,45
134,2141,45
135,2202,45
136,2074,46
137,2142,46
138,1957,46
139,2249,47
140,2107,47
141,2364,47
142,2097,48
143,2203,48
144,2054,48
145,2286,49
146,2154,49
147,2119,49
148,2365,50
149,2297,50
150,2213,50
151,2373,51
152,2633,51
153,2605,51
154,2392,52
155,2520,52
156,2243,52
157,3066,53
158,2567,53
159,2378,53
160,2658,54
161,2600,54
162,2616,54
163,2694,55
164,2682,55
165,2873,55
166,2775,56
167,2573,56
168,3013,56
169,2618,57
170,2683,57
171,2627,57
172,3188,58
173,2861,58
174,2815,58
175,2850,59
176,2821,59
177,2815,59
178,2914,60
179,3207,60
180,2904,60
181,2948,61
182,2920,61
183,2861,61
184,2958,62
185,2710,62
186,3021,62
187,2952,63
188,3318,63
189,2934,63
190,3455,64
191,3432,64
192,3908,64
193,3968,65
194,5759,65
195,7971,65
196,4945,66
197,9073,66
198,4752,66
199,4864,67
200,4711,67
1,769,1
2,438,1
3,318,1
4,539,2
5,334,2
6,444,2
7,932,3
8,421,3
9,378,3
10,531,4
11,400,4
12,529,4
13,836,5
14,865,5
15,670,5
16,805,6
17,839,6
18,860,6
19,737,7
20,715,7
21,731,7
22,665,8
23,825,8
24,1018,8
25,788,9
26,892,9
27,932,9
28,865,10
29,691,10
30,657,10
31,780,11
32,807,11
33,789,11
34,893,12
35,625,12
36,619,12
37,849,13
38,629,13
39,693,13
40,759,14
41,759,14
42,717,14
43,807,15
44,919,15
45,919,15
46,868,16
47,756,16
48,722,16
49,1109,17
50,884,17
51,807,17
52,937,18
53,864,18
54,1070,18
55,1024,19
56,1039,19
57,942,19
58,1029,20
59,1180,20
60,1157,20
61,2606,21
62,1265,21
63,1224,21
64,1480,22
65,1391,22
66,1326,22
67,1447,23
68,1651,23
69,1381,23
70,1319,24
71,1927,24
72,1290,24
73,1483,25
74,2263,25
75,1506,25
76,1639,26
77,1411,26
78,1468,26
79,1743,27
80,1404,27
81,1450,27
82,1574,28
83,1485,28
84,2215,28
85,1710,29
86,1644,29
87,1497,29
88,1598,30
89,2698,30
90,1670,30
91,2217,31
92,2000,31
93,1831,31
94,1808,32
95,1969,32
96,1770,32
97,2246,33
98,1644,33
99,1673,33
100,2064,34
101,1944,34
102,2218,34
103,2037,35
104,2240,35
105,2360,35
106,2248,36
107,2102,36
108,1945,36
109,2201,37
110,2570,37
111,3362,37
112,2476,38
113,2178,38
114,2613,38
115,2614,39
116,2182,39
117,2064,39
118,2235,40
119,2452,40
120,2167,40
121,2793,41
122,2147,41
123,2228,41
124,2028,42
125,1956,42
126,1964,42
127,2294,43
128,2024,43
129,2620,43
130,2130,44
131,2211,44
132,2052,44
133,2327,45
134,2209,45
135,1956,45
136,2072,46
137,2152,46
138,2343,46
139,2428,47
140,2212,47
141,2053,47
142,2341,48
143,2376,48
144,2298,48
145,2325,49
146,2231,49
147,2482,49
148,2283,50
149,2488,50
150,2416,50
151,2819,51
152,2393,51
153,2366,51
154,2532,52
155,2565,52
156,2471,52
157,2653,53
158,2520,53
159,2402,53
160,3014,54
161,2727,54
162,2559,54
163,3105,55
164,2519,55
165,2474,55
166,2649,56
167,2536,56
168,2661,56
169,2658,57
170,2772,57
171,2686,57
172,2822,58
173,2700,58
174,3173,58
175,3351,59
176,3099,59
177,2652,59
178,3098,60
179,2664,60
180,2656,60
181,2764,61
182,2752,61
183,2705,61
184,2789,62
185,2896,62
186,2936,62
187,2954,63
188,2873,63
189,3295,63
190,3524,64
191,3385,64
192,3245,64
193,3287,65
194,3038,65
195,3399,65
196,3391,66
197,3065,66
198,3421,66
199,3601,67
200,3278,67
1,1017,1
2,465,1
3,452,1
4,1166,2
5,760,2
6,658,2
7,828,3
8,906,3
9,797,3
10,968,4
11,1049,4
12,875,4
13,1154,5
14,1040,5
15,868,5
16,1272,6
17,1136,6
18,776,6
19,927,7
20,839,7
21,786,7
22,884,8
23,1344,8
24,1478,8
25,1899,9
26,1356,9
27,1345,9
28,1082,10
29,739,10
30,798,10
31,915,11
32,1008,11
33,704,11
34,934,12
35,793,12
36,743,12
37,856,13
38,786,13
39,708,13
40,818,14
41,749,14
42,702,14
43,897,15
44,723,15
45,714,15
46,969,16
47,826,16
48,728,16
49,946,17
50,851,17
51,775,17
52,933,18
53,851,18
54,1244,18
55,1187,19
56,1007,19
57,938,19
58,1050,20
59,946,20
60,885,20
61,1113,21
62,983,21
63,1480,21
64,1182,22
65,1033,22
66,1033,22
67,1086,23
68,934,23
69,965,23
70,1160,24
71,1477,24
72,1139,24
73,1304,25
74,1199,25
75,1149,25
76,1313,26
77,1192,26
78,1161,26
79,1488,27
80,1460,27
81,1216,27
82,1392,28
83,1363,28
84,1266,28
85,1378,29
86,1525,29
87,1177,29
88,1445,30
89,1336,30
90,1384,30
91,1513,31
92,1496,31
93,1634,31
94,1397,32
95,1408,32
96,1414,32
97,1575,33
98,1513,33
99,1685,33
100,1582,34
101,1530,34
102,1501,34
103,1664,35
104,1634,35
105,1751,35
106,1689,36
107,1540,36
108,1590,36
109,1819,37
110,1612,37
111,1742,37
112,1870,38
113,1697,38
114,1787,38
115,1900,39
116,2223,39
117,1874,39
118,1859,40
119,1892,40
120,2038,40
121,2273,41
122,1817,41
123,1810,41
124,1946,42
125,1872,42
126,2563,42
127,2346,43
128,4104,43
129,2462,43
130,2784,44
131,2338,44
132,2358,44
133,2603,45
134,2246,45
135,2174,45
136,2309,46
137,2295,46
138,2094,46
139,2309,47
140,2116,47
141,2255,47
142,2844,48
143,2552,48
144,2897,48
145,2634,49
146,2418,49
147,3379,49
148,2482,50
149,3034,50
150,2642,50
151,2499,51
152,2998,51
153,2772,51
154,2771,52
155,2617,52
156,2456,52
157,2938,53
158,2420,53
159,2790,53
160,3039,54
161,2612,54
162,2855,54
163,3193,55
164,2601,55
165,2716,55
166,3188,56
167,3250,56
168,3309,56
169,3298,57
170,2887,57
171,2820,57
172,2834,58
173,2966,58
174,2902,58
175,3172,59
176,3380,59
177,3080,59
178,3254,60
179,3208,60
180,2798,60
181,2921,61
182,2927,61
183,3358,61
184,3079,62
185,2834,62
186,3095,62
187,3088,63
188,3245,63
189,3150,63
190,3404,64
191,3320,64
192,4216,64
193,3776,65
194,3665,65
195,4621,65
196,4199,66
197,3536,66
198,3374,66
199,3603,67
200,4231,67
1,897,1
2,327,1
3,314,1
4,457,2
5,448,2
6,537,2
7,548,3
8,413,3
9,360,3
10,597,4
11,503,4
12,462,4
13,563,5
14,549,5
15,540,5
16,646,6
17,524,6
18,529,6
19,622,7
20,593,7
21,601,7
22,618,8
23,551,8
24,633,8
25,677,9
26,620,9
27,542,9
28,654,10
29,583,10
30,579,10
31,717,11
32,598,11
33,614,11
34,862,12
35,645,12
36,627,12
37,818,13
38,701,13
39,667,13
40,773,14
41,659,14
42,709,14
43,798,15
44,739,15
45,679,15
46,927,16
47,1550,16
48,876,16
49,944,17
50,849,17
51,925,17
52,1032,18
53,901,18
54,895,18
55,1004,19
56,995,19
57,978,19
58,1041,20
59,1210,20
60,950,20
61,1100,21
62,962,21
63,995,21
64,1102,22
65,983,22
66,1011,22
67,1137,23
68,1008,23
69,948,23
70,1181,24
71,1086,24
72,1105,24
73,1440,25
74,1225,25
75,1247,25
76,1302,26
77,1245,26
78,1163,26
79,1300,27
80,1418,27
81,1289,27
82,1376,28
83,1354,28
84,1420,28
85,1409,29
86,1309,29
87,1554,29
88,1511,30
89,1372,30
90,1474,30
91,1573,31
92,1464,31
93,1775,31
94,1845,32
95,1448,32
96,1766,32
97,1716,33
98,1744,33
99,1628,33
100,1791,34
101,1438,34
102,1456,34
103,1584,35
104,1504,35
105,1672,35
106,1824,36
107,1503,36
108,1684,36
109,1693,37
110,2109,37
111,1518,37
112,1716,38
113,1591,38
114,1598,38
115,1784,39
116,1869,39
117,1626,39
118,1902,40
119,1828,40
120,1654,40
121,1848,41
122,1746,41
123,1892,41
124,1892,42
125,1918,42
126,1817,42
127,2134,43
128,1864,43
129,1919,43
130,2134,44
131,1895,44
132,2102,44
133,2150,45
134,1978,45
135,1910,45
136,2078,46
137,2034,46
138,2168,46
139,2118,47
140,1985,47
141,2075,47
142,2156,48
143,2538,48
144,2353,48
145,2398,49
146,2454,49
147,2758,49
148,2638,50
149,2339,50
150,2308,50
151,2529,51
152,2326,51
153,2324,51
154,2524,52
155,2716,52
156,2576,52
157,2523,53
158,2884,53
159,2635,53
160,2812,54
161,2825,54
162,3501,54
163,3441,55
164,3051,55
165,3301,55
166,3245,56
167,3080,56
168,3451,56
169,3484,57
170,3221,57
171,3164,57
172,3190,58
173,3122,58
174,3164,58
175,3546,59
176,3326,59
177,3280,59
178,4076,60
179,3629,60
180,3871,60
181,3585,61
182,3466,61
183,2933,61
184,3485,62
185,3673,62
186,3218,62
187,3454,63
188,3440,63
189,3014,63
190,3467,64
191,3445,64
192,3340,64
193,3719,65
194,3875,65
195,3670,65
196,3697,66
197,3098,66
198,3373,66
199,3674,67
200,3935,67
201,3375,67
202,3325,68
203,3230,68
204,3852,68
205,3583,69
206,3502,69
207,3698,69
208,4027,70
209,3678,70
210,3890,70
211,3758,71
212,4216,71
213,4083,71
214,3816,72
215,3915,72
216,3850,72
217,3950,73
218,4190,73
219,3859,73
220,4484,74
221,3728,74
222,3778,74
223,3686,75
224,3617,75
225,3894,75
226,3617,76
227,3700,76
228,3986,76
229,4338,77
230,4057,77
231,3899,77
232,4160,78
233,4269,78
234,4101,78
235,3957,79
236,3594,79
237,3751,79
238,3713,80
239,3699,80
240,3767,80
241,4027,81
242,3911,81
243,4050,81
244,4107,82
245,3877,82
246,4291,82
247,4321,83
248,3710,83
249,4151,82
250,3864,83
251,3681,83
252,3742,83
253,4083,84
254,3958,84
255,4325,84
256,4430,85
257,4268,85
258,3956,85
259,4004,86
260,3912,85
261,3890,84
262,3971,85
263,4766,84
264,3818,84
265,4142,84
266,3862,84
267,3981,84
268,4229,84
269,4406,84
270,4163,84
271,4236,85
272,6862,85
273,7165,84
274,4941,85
275,4232,84
276,4078,84
277,4722,84
278,3911,84
279,3774,84
280,4332,85
281,3953,85
282,3814,85
283,3926,86
284,4050,86
285,4081,86
286,4020,87
287,3908,87
288,4097,87
289,4062,87
290,3860,86
291,4007,86
292,4070,86
293,3999,86
294,4023,85
295,4151,86
296,3984,85
297,3806,85
298,3829,85
299,4014,85
300,4106,84
301,4016,85
302,4324,84
303,3839,84
304,3992,84
305,3906,84
306,3915,83
307,4180,84
308,3905,84
309,3947,84
310,4340,85
311,5348,85
312,4288,84
313,4087,85
314,3921,84
315,4066,84
316,3979,85
317,4021,85
318,3850,84
319,4413,85
320,4000,84
321,4123,84
322,4174,85
323,4351,85
324,4119,85
325,4324,86
326,4284,85
327,4236,85
328,4140,85
329,4059,85
330,4277,84
331,3906,85
332,4398,84
333,3919,83
334,4669,84
335,3989,83
336,4079,83
337,4242,84
338,4542,84
339,4259,84
340,5164,84
341,4855,84
342,4369,84
343,4201,85
344,5994,85
345,5263,84
346,5442,85
347,4801,84
348,4485,84
349,4481,84
350,4173,84
351,4610,84
352,4370,84
353,4168,84
354,4595,84
355,4331,85
356,4116,84
357,3901,83
358,3890,84
359,4512,84
360,4480,83
361,4151,84
362,4382,83
363,3898,83
364,4499,84
365,4011,84
366,4054,83
367,4065,84
368,6006,83
369,4238,83
370,4056,83
371,3925,83
372,3868,83
373,4098,84
374,4061,84
375,4219,84
376,4810,84
377,4444,84
378,5226,84
379,5254,84
380,4095,84
381,3973,83
382,4122,84
383,3805,84
384,3892,83
385,3943,84
386,4014,83
387,3837,83
388,4017,83
389,3764,83
390,3969,83
391,4329,83
392,3845,83
393,4543,83
394,4818,84
395,4513,84
396,4397,84
397,4315,84
398,4022,84
399,4165,84
400,4238,85
1,714,1
2,409,1
3,336,1
4,507,2
5,397,2
6,380,2
7,486,3
8,347,3
9,381,3
10,649,4
11,569,4
12,662,4
13,577,5
14,512,5
15,574,5
16,921,6
17,644,6
18,463,6
19,682,7
20,723,7
21,542,7
22,1078,8
23,948,8
24,573,8
25,708,9
26,734,9
27,670,9
28,867,10
29,711,10
30,678,10
31,769,11
32,758,11
33,650,11
34,815,12
35,846,12
36,694,12
37,907,13
38,813,13
39,817,13
40,986,14
41,837,14
42,860,14
43,1017,15
44,956,15
45,1029,15
46,1020,16
47,1286,16
48,1018,16
49,1168,17
50,1112,17
51,1041,17
52,1146,18
53,1129,18
54,985,18
55,1245,19
56,1078,19
57,1091,19
58,1190,20
59,1097,20
60,951,20
61,1116,21
62,1330,21
63,1066,21
64,1188,22
65,1291,22
66,1925,22
67,1187,23
68,1088,23
69,1103,23
70,1339,24
71,1212,24
72,1110,24
73,1412,25
74,1459,25
75,1343,25
76,1326,26
77,1448,26
78,1595,26
79,1595,27
80,1551,27
81,1665,27
82,2317,28
83,1651,28
84,3103,28
85,1883,29
86,2437,29
87,3236,29
88,2334,30
89,3088,30
90,2030,30
91,2495,31
92,1839,31
93,3100,31
94,2187,32
95,2314,32
96,1803,32
97,2241,33
98,2143,33
99,2046,33
100,1922,34
101,1734,34
102,1664,34
103,2085,35
104,1724,35
105,2263,35
106,2102,36
107,1896,36
108,1846,36
109,2066,37
110,1914,37
111,1624,37
112,2186,38
113,1784,38
114,2044,38
115,1992,39
116,2280,39
117,2398,39
118,2205,40
119,2128,40
120,2045,40
121,2294,41
122,2068,41
123,2110,41
124,2306,42
125,2698,42
126,2111,42
127,2908,43
128,2431,43
129,3023,43
130,2941,44
131,3055,44
132,2653,44
133,3107,45
134,2793,45
135,2472,45
136,2578,46
137,2328,46
138,2334,46
139,2212,47
140,2075,47
141,2289,47
142,2114,48
143,2218,48
144,2098,48
145,2516,49
146,2255,49
147,2483,49
148,2294,50
149,2411,50
150,2233,50
151,3199,51
152,2502,51
153,2464,51
154,2512,52
155,2665,52
156,2614,52
157,2660,53
158,2528,53
159,2819,53
160,2907,54
161,2629,54
162,2498,54
163,3084,55
164,2685,55
165,2501,55
166,2921,56
167,2652,56
168,2774,56
169,2981,57
170,3220,57
171,2725,57
172,2924,58
173,2719,58
174,3217,58
175,2930,59
176,2834,59
177,2910,59
178,3022,60
179,3169,60
180,3132,60
181,3258,61
182,3048,61
183,2930,61
184,3349,62
185,3352,62
186,3246,62
187,2973,63
188,2949,63
189,3113,63
190,2897,64
191,3635,64
192,3279,64
193,3311,65
194,3202,65
195,3126,65
196,3685,66
197,3057,66
198,3259,66
199,3839,67
200,3339,67
201,3205,67
202,3416,68
203,3239,68
204,3729,68
205,3573,69
206,3422,69
207,3161,69
208,3654,70
209,3462,70
210,3819,70
211,3668,71
212,3383,71
213,3735,71
214,3652,72
215,3342,72
216,3380,72
217,3703,73
218,4242,73
219,3547,73
220,3825,74
221,3522,74
222,3720,74
223,3916,75
224,3531,75
225,3516,75
226,3873,76
227,3693,76
228,3645,76
229,3943,77
230,3690,77
231,3618,77
232,4281,78
233,3747,78
234,3860,78
235,3877,79
236,3600,79
237,3999,79
238,3978,80
239,3767,80
240,3805,80
241,4022,81
242,4465,81
243,4402,81
244,4350,82
245,4027,82
246,3729,82
247,3916,83
248,3816,83
249,3798,83
250,4185,84
251,3713,84
252,3731,84
253,4232,85
254,3786,85
255,4100,85
256,4032,85
257,4174,85
258,4174,84
259,4370,85
260,4323,84
261,4140,84
262,4229,85
263,4015,85
264,4353,84
265,4436,85
266,4242,84
267,4859,83
268,4379,84
269,4069,83
270,4262,83
271,4290,84
272,4320,83
273,4107,83
274,4280,83
275,3924,83
276,4242,83
277,4104,84
278,4466,84
279,3780,84
280,4009,84
281,3728,84
282,3959,83
283,3869,84
284,3873,84
285,3608,84
286,3852,85
287,3942,84
288,4831,84
289,4453,85
290,5496,85
291,4410,85
292,4558,86
293,4352,85
294,4614,85
295,4818,85
296,4561,85
297,7185,84
298,4914,85
299,7807,84
300,4810,84
301,5527,85
302,4361,85
303,4565,84
304,5285,85
305,4391,84
306,4404,84
307,5206,85
308,4020,85
309,4101,84
310,4163,85
311,3962,84
312,4101,84
313,4294,84
314,3704,84
315,3833,83
316,3983,84
317,4051,83
318,3767,83
319,3830,84
320,3599,83
321,3722,83
322,3756,83
323,3755,83
324,3694,83
325,4365,83
326,3870,83
327,3850,83
328,3848,84
329,4087,84
330,4077,84
331,4106,85
332,3982,84
333,3808,84
334,3947,84
335,4484,84
336,3975,83
337,3973,84
338,3832,83
339,3852,83
340,3871,84
341,3897,84
342,3819,84
343,3947,84
344,4012,84
345,3768,83
346,3898,84
347,4159,84
348,4342,83
349,4090,84
350,3993,83
351,4042,83
352,4458,83
353,4065,83
354,4226,83
355,4105,83
356,4068,83
357,3930,83
358,4337,84
359,4193,84
360,3938,83
361,4176,84
362,4350,83
363,4101,83
364,4493,84
365,4318,84
366,4257,84
367,4393,84
368,3906,84
369,4791,83
370,4175,84
371,3867,84
372,4010,84
373,4602,85
374,4084,85
375,4582,84
376,4143,85
377,4024,84
378,4046,84
379,4294,84
380,4234,84
381,4808,84
382,4251,84
383,3992,84
384,3943,83
385,4021,84
386,3928,84
387,3880,84
388,3935,85
389,4127,85
390,3940,85
391,4519,85
392,4101,85
393,3912,84
394,4180,85
395,3910,84
396,3952,84
397,4081,85
398,3922,85
399,3785,85
400,4287,85
1,852,1
2,454,1
3,341,1
4,503,2
5,478,2
6,522,2
7,773,3
8,468,3
9,403,3
10,536,4
11,643,4
12,553,4
13,705,5
14,564,5
15,535,5
16,815,6
17,647,6
18,520,6
19,792,7
20,682,7
21,568,7
22,680,8
23,587,8
24,607,8
25,771,9
26,716,9
27,613,9
28,734,10
29,675,10
30,590,10
31,816,11
32,643,11
33,639,11
34,737,12
35,656,12
36,777,12
37,807,13
38,673,13
39,688,13
40,786,14
41,982,14
42,678,14
43,783,15
44,772,15
45,705,15
46,843,16
47,725,16
48,713,16
49,853,17
50,861,17
51,780,17
52,871,18
53,932,18
54,813,18
55,944,19
56,842,19
57,820,19
58,927,20
59,1034,20
60,869,20
61,1062,21
62,988,21
63,963,21
64,1085,22
65,967,22
66,885,22
67,1008,23
68,976,23
69,964,23
70,994,24
71,1140,24
72,1018,24
73,1159,25
74,1083,25
75,1185,25
76,1235,26
77,1134,26
78,1359,26
79,1494,27
80,1226,27
81,1183,27
82,1276,28
83,1326,28
84,1242,28
85,1438,29
86,1358,29
87,1333,29
88,1419,30
89,1502,30
90,1303,30
91,1607,31
92,1403,31
93,1412,31
94,1652,32
95,1553,32
96,1380,32
97,1609,33
98,1484,33
99,1618,33
100,1604,34
101,1394,34
102,1558,34
103,1635,35
104,1430,35
105,1583,35
106,1866,36
107,1556,36
108,1650,36
109,1709,37
110,1648,37
111,1540,37
112,1800,38
113,1753,38
114,1564,38
115,1666,39
116,1570,39
117,1620,39
118,1890,40
119,1843,40
120,1662,40
121,1900,41
122,1675,41
123,1852,41
124,2375,42
125,2259,42
126,2217,42
127,2533,43
128,3099,43
129,2598,43
130,2765,44
131,2731,44
132,2551,44
133,2671,45
134,2616,45
135,2585,45
136,2928,46
137,4351,46
138,2797,46
139,4775,47
140,3150,47
141,3199,47
142,3009,48
143,3027,48
144,2978,48
145,3011,49
146,2740,49
147,2562,49
148,2672,50
149,2533,50
150,2781,50
151,2651,51
152,2393,51
153,2569,51
154,2779,52
155,2905,52
156,2408,52
157,3079,53
158,3193,53
159,3303,53
160,3286,54
161,3140,54
162,3190,54
163,3308,55
164,3522,55
165,2837,55
166,2903,56
167,3080,56
168,2991,56
169,2961,57
170,2786,57
171,2754,57
172,2781,58
173,2641,58
174,2927,58
175,3422,59
176,2951,59
177,2936,59
178,2963,60
179,2791,60
180,2794,60
181,3534,61
182,2994,61
183,2824,61
184,2997,62
185,2963,62
186,2722,62
187,3190,63
188,2874,63
189,3160,63
190,2908,64
191,2874,64
192,3211,64
193,3282,65
194,3189,65
195,3295,65
196,3244,66
197,3018,66
198,3223,66
199,3180,67
200,3153,67
201,3410,67
202,3798,68
203,3591,68
204,3808,68
205,4139,69
206,3564,69
207,3181,69
208,3775,70
209,3348,70
210,3339,70
211,3636,71
212,3425,71
213,3450,71
214,3707,72
215,3650,72
216,3525,72
217,3752,73
218,3596,73
219,3438,73
220,3889,74
221,3518,74
222,3371,74
223,3704,75
224,3687,75
225,3538,75
226,3833,76
227,3604,76
228,3571,76
229,4064,77
230,4142,77
231,4292,77
232,4516,78
233,4417,78
234,4423,78
235,4428,79
236,4217,79
237,4423,79
238,4503,80
239,4940,80
240,4327,80
241,4578,81
242,4576,81
243,4606,81
244,4489,82
245,4579,82
246,4043,82
247,4017,83
248,4243,83
249,3911,83
250,4152,84
251,4373,84
252,4295,84
253,4317,84
254,4066,84
255,4260,83
256,4696,84
257,4020,83
258,3868,83
259,3947,83
260,3774,83
261,3786,83
262,4389,83
263,3845,83
264,3989,83
265,3939,83
266,3961,83
267,3683,83
268,4147,83
269,3845,83
270,4317,83
271,4070,83
272,3778,83
273,3755,83
274,4299,84
275,3826,84
276,3841,84
277,4018,84
278,3958,84
279,3811,83
280,4018,84
281,4223,84
282,3906,84
283,4435,84
284,3987,84
285,3889,83
286,3843,84
287,3884,83
288,4314,83
289,4049,83
290,4073,83
291,4294,83
292,5433,84
293,4189,83
294,4107,83
295,4209,84
296,4393,84
297,3994,84
298,4077,85
299,4175,85
300,4042,85
301,4577,86
302,4013,86
303,4197,86
304,4127,87
305,3870,87
306,4368,87
307,4476,88
308,4665,88
309,4355,87
310,4070,88
311,3815,87
312,4004,87
313,3980,87
314,4157,87
315,4031,86
316,4267,87
317,4397,86
318,4336,85
319,4412,86
320,4893,85
321,4991,85
322,4892,85
323,5183,85
324,6192,84
325,5130,85
326,4034,84
327,4351,84
328,4709,85
329,4107,85
330,4064,85
331,4545,86
332,4323,86
333,4480,85
334,4321,86
335,5267,85
336,4401,84
337,4539,85
338,3942,84
339,4477,84
340,5410,85
341,4071,85
342,3969,85
343,4155,86
344,4082,85
345,4733,84
346,4551,85
347,4234,84
348,4162,84
349,4161,84
350,4382,84
351,3961,83
352,4129,84
353,4097,84
354,4082,84
355,4546,85
356,4516,84
357,4059,84
358,3984,84
359,3954,83
360,3942,83
361,3881,83
362,4116,83
363,4297,83
364,5045,84
365,5347,83
366,12193,83
367,5750,83
368,4990,83
369,4983,83
370,5182,83
371,4905,83
372,4897,83
373,5412,84
374,4719,84
375,5542,84
376,5651,85
377,5923,84
378,5151,84
379,5665,84
380,4841,84
381,5016,83
382,4814,84
383,5048,84
384,7116,84
385,4701,85
386,4912,85
387,4457,85
388,5470,85
389,4257,85
390,3962,84
391,4077,85
392,4164,84
393,4193,84
394,4567,84
395,4312,84
396,4274,84
397,4467,84
398,4369,84
399,4458,83
400,4527,84
1,869,1
2,500,1
3,726,1
4,1049,2
5,601,2
6,584,2
7,644,3
8,949,3
9,760,3
10,1526,4
11,1004,4
12,1281,4
13,1596,5
14,1034,5
15,822,5
16,888,6
17,627,6
18,586,6
19,806,7
20,840,7
21,637,7
22,880,8
23,685,8
24,734,8
25,750,9
26,694,9
27,696,9
28,740,10
29,594,10
30,696,10
31,870,11
32,636,11
33,802,11
34,780,12
35,649,12
36,686,12
37,798,13
38,660,13
39,664,13
40,724,14
41,759,14
42,768,14
43,850,15
44,707,15
45,735,15
46,882,16
47,764,16
48,894,16
49,858,17
50,777,17
51,771,17
52,1021,18
53,993,18
54,781,18
55,961,19
56,892,19
57,798,19
58,950,20
59,905,20
60,965,20
61,951,21
62,889,21
63,1202,21
64,1037,22
65,977,22
66,914,22
67,1035,23
68,1244,23
69,944,23
70,1156,24
71,1085,24
72,1182,24
73,1275,25
74,1217,25
75,1266,25
76,1235,26
77,1176,26
78,1283,26
79,1472,27
80,1260,27
81,1272,27
82,1510,28
83,1339,28
84,1185,28
85,1579,29
86,1479,29
87,1356,29
88,5139,30
89,3435,30
90,3942,30
91,2762,31
92,2224,31
93,4477,31
94,3041,32
95,2594,32
96,2360,32
97,2035,33
98,2145,33
99,3115,33
100,1897,34
101,1865,34
102,1681,34
103,2096,35
104,2098,35
105,1875,35
106,1959,36
107,1669,36
108,2222,36
109,2093,37
110,1886,37
111,1885,37
112,1894,38
113,1969,38
114,1707,38
115,1941,39
116,1688,39
117,1789,39
118,2391,40
119,1977,40
120,2415,40
121,2301,41
122,2107,41
123,2547,41
124,2596,42
125,2356,42
126,2607,42
127,2843,43
128,2400,43
129,2572,43
130,2986,44
131,2352,44
132,2479,44
133,2328,45
134,2311,45
135,2185,45
136,2415,46
137,2097,46
138,2454,46
139,2411,47
140,2231,47
141,2029,47
142,2707,48
143,2684,48
144,2225,48
145,2657,49
146,2414,49
147,2242,49
148,2374,50
149,2447,50
150,2268,50
151,2672,51
152,2360,51
153,2453,51
154,2641,52
155,2648,52
156,2592,52
157,2638,53
158,2510,53
159,2815,53
160,2934,54
161,2547,54
162,2589,54
163,3661,55
164,2870,55
165,2946,55
166,4141,56
167,2951,56
168,2904,56
169,2923,57
170,2988,57
171,2724,57
172,2911,58
173,3092,58
174,2963,58
175,2913,59
176,3190,59
177,3469,59
178,3113,60
179,3021,60
180,3050,60
181,3316,61
182,3343,61
183,3243,61
184,3194,62
185,3262,62
186,3245,62
187,3857,63
188,3317,63
189,3215,63
190,3301,64
191,3210,64
192,3372,64
193,4030,65
194,3253,65
195,3159,65
196,3527,66
197,3401,66
198,3223,66
199,3557,67
200,3438,67
201,3335,67
202,5399,68
203,3516,68
204,3278,68
205,3614,69
206,3565,69
207,3807,69
208,4281,70
209,4466,70
210,4516,70
211,5090,71
212,4891,71
213,4717,71
214,4696,72
215,4284,72
216,3755,72
217,3634,73
218,3543,73
219,3310,73
220,5497,74
221,3458,74
222,4088,74
223,3747,75
224,3679,75
225,3908,75
226,3770,76
227,3713,76
228,3650,76
229,3625,77
230,3929,77
231,3970,77
232,4098,78
233,3869,78
234,3861,78
235,4274,79
236,4035,79
237,3891,79
238,4614,80
239,4084,80
240,4009,80
241,4501,81
242,4355,81
243,4117,81
244,4027,82
245,3963,82
246,3894,82
247,4108,83
248,4221,83
249,3899,82
250,3973,83
251,3797,83
252,4123,83
253,4100,83
254,3738,83
255,3935,83
256,4525,83
257,3849,83
258,4227,83
259,4641,83
260,3953,83
261,4341,83
262,4118,83
263,4054,83
264,3921,83
265,4485,83
266,3792,83
267,4366,83
268,4178,84
269,3991,84
270,4545,83
271,4716,84
272,4778,83
273,4753,83
274,4867,83
275,4823,83
276,4817,83
277,5403,83
278,4253,83
279,3917,83
280,4311,84
281,4341,84
282,3964,84
283,4283,85
284,4383,84
285,4051,84
286,4411,84
287,4052,84
288,5256,83
289,4655,84
290,4367,83
291,3939,83
292,3958,84
293,4110,84
294,3940,84
295,4575,85
296,4176,85
297,4001,85
298,4210,86
299,4394,85
300,4014,84
301,4019,85
302,4736,84
303,4063,84
304,4861,85
305,4400,85
306,5250,85
307,5785,86
308,4785,86
309,5427,85
310,5394,86
311,5067,86
312,4853,86
313,5123,87
314,4538,87
315,4802,87
316,4845,88
317,4419,88
318,4686,88
319,4651,89
320,5071,89
321,5196,88
322,4571,89
323,4687,88
324,4617,88
325,10530,88
326,4360,88
327,4363,87
328,4638,88
329,4322,87
330,3896,86
331,4740,87
332,5246,86
333,4489,86
334,4145,86
335,4384,86
336,4120,85
337,4773,85
338,4021,85
339,4029,84
340,4095,85
341,4182,84
342,3896,84
343,4374,84
344,4097,84
345,4502,83
346,4464,84
347,4225,83
348,4336,83
349,4412,83
350,4070,83
351,4483,83
352,4502,83
353,4094,83
354,4196,83
355,4380,83
356,4593,83
357,5525,83
358,4441,83
359,3911,83
360,3914,83
361,3895,84
362,3863,84
363,3885,83
364,3874,84
365,3814,84
366,3832,84
367,3895,85
368,4135,84
369,3706,84
370,4111,84
371,3774,84
372,4077,84
373,4226,85
374,4508,85
375,4453,85
376,4899,86
377,4308,85
378,4182,85
379,4402,86
380,4277,86
381,4322,86
382,4182,87
383,4193,87
384,4199,87
385,4106,88
386,4110,88
387,4185,88
388,4762,89
389,4205,88
390,4483,88
391,4924,88
392,4731,87
393,4532,87
394,4936,87
395,5158,87
396,4676,86
397,5051,87
398,4421,86
399,4174,85
400,4157,86
1,739,1
2,435,1
3,330,1
4,495,2
5,406,2
6,716,2
7,598,3
8,475,3
9,403,3
10,560,4
11,502,4
12,815,4
13,666,5
14,554,5
15,514,5
16,562,6
17,1177,6
18,508,6
19,621,7
20,658,7
21,525,7
22,718,8
23,556,8
24,656,8
25,729,9
26,702,9
27,581,9
28,685,10
29,564,10
30,592,10
31,700,11
32,963,11
33,626,11
34,740,12
35,655,12
36,658,12
37,801,13
38,655,13
39,613,13
40,798,14
41,767,14
42,701,14
43,856,15
44,866,15
45,731,15
46,1030,16
47,1081,16
48,870,16
49,935,17
50,865,17
51,811,17
52,1444,18
53,1124,18
54,892,18
55,1019,19
56,958,19
57,1593,19
58,1105,20
59,1067,20
60,992,20
61,1346,21
62,1105,21
63,959,21
64,1155,22
65,1091,22
66,1637,22
67,1322,23
68,1087,23
69,1265,23
70,1189,24
71,1154,24
72,1045,24
73,1282,25
74,1316,25
75,1434,25
76,1405,26
77,1460,26
78,1488,26
79,1633,27
80,1783,27
81,1315,27
82,1358,28
83,1852,28
84,1606,28
85,1597,29
86,1543,29
87,1325,29
88,2339,30
89,1485,30
90,1361,30
91,1719,31
92,1446,31
93,1478,31
94,1780,32
95,1368,32
96,1658,32
97,1583,33
98,1393,33
99,2537,33
100,1566,34
101,1707,34
102,1470,34
103,1535,35
104,1780,35
105,1528,35
106,1924,36
107,1798,36
108,1779,36
109,2211,37
110,1659,37
111,2042,37
112,2298,38
113,2682,38
114,2147,38
115,2393,39
116,2357,39
117,1966,39
118,2086,40
119,1775,40
120,1749,40
121,2058,41
122,2305,41
123,2124,41
124,2076,42
125,2415,42
126,2302,42
127,2663,43
128,2273,43
129,2538,43
130,2271,44
131,2298,44
132,2414,44
133,2398,45
134,2404,45
135,2402,45
136,2324,46
137,2223,46
138,2101,46
139,2180,47
140,2026,47
141,2167,47
142,2324,48
143,2058,48
144,2117,48
145,2203,49
146,2269,49
147,2186,49
148,2594,50
149,2369,50
150,2409,50
151,2600,51
152,2540,51
153,2288,51
154,2672,52
155,2436,52
156,2425,52
157,2686,53
158,2736,53
159,2521,53
160,2588,54
161,2529,54
162,2486,54
163,2603,55
164,2542,55
165,2627,55
166,2799,56
167,2806,56
168,2826,56
169,2815,57
170,2913,57
171,2633,57
172,2871,58
173,3034,58
174,2805,58
175,2830,59
176,2769,59
177,2980,59
178,3006,60
179,2796,60
180,3056,60
181,3218,61
182,2951,61
183,2792,61
184,3199,62
185,3192,62
186,3018,62
187,3098,63
188,2934,63
189,2782,63
190,3156,64
191,2975,64
192,2860,64
193,3123,65
194,3083,65
195,2956,65
196,3162,66
197,2952,66
198,3192,66
199,3227,67
200,3299,67
201,3176,67
202,3356,68
203,3242,68
204,3376,68
205,3381,69
206,3380,69
207,3403,69
208,3250,70
209,3178,70
210,3788,70
211,3792,71
212,3507,71
213,3781,71
214,3666,72
215,3496,72
216,3815,72
217,3810,73
218,3566,73
219,3696,73
220,3807,74
221,3502,74
222,3617,74
223,3741,75
224,3871,75
225,3977,75
226,3785,76
227,3694,76
228,3507,76
229,3531,77
230,3745,77
231,3765,77
232,3780,78
233,4140,78
234,3712,78
235,4113,79
236,3783,79
237,3808,79
238,4219,80
239,3870,80
240,3939,80
241,3776,81
242,3714,81
243,3924,81
244,3722,82
245,3808,82
246,3768,82
247,4209,83
248,4221,83
249,4176,83
250,4151,84
251,4166,84
252,4197,84
253,4669,85
254,4136,84
255,4844,84
256,4694,84
257,4387,84
258,4524,84
259,4528,85
260,5371,85
261,4616,84
262,5135,85
263,5649,84
264,5320,84
265,5565,85
266,5263,85
267,5320,85
268,4783,85
269,5510,85
270,4706,84
271,4599,85
272,4538,84
273,4490,84
274,4718,84
275,4012,84
276,3941,83
277,3872,84
278,4239,83
279,4460,83
280,5120,84
281,4165,84
282,3738,84
283,3834,85
284,3761,85
285,4116,84
286,4020,85
287,3742,84
288,4097,83
289,4439,84
290,4327,83
291,4596,83
292,5058,84
293,4959,84
294,4592,83
295,5090,84
296,4763,83
297,4338,83
298,3849,84
299,3805,84
300,4236,84
301,4431,85
302,4693,85
303,4303,85
304,3924,86
305,4015,85
306,4162,85
307,4398,85
308,4147,85
309,4411,84
310,4513,85
311,4200,84
312,3821,83
313,3863,84
314,4246,83
315,3742,83
316,3906,84
317,3817,84
318,4066,84
319,4285,85
320,4081,85
321,3703,85
322,3852,86
323,3925,85
324,3952,84
325,3838,85
326,3781,85
327,3942,85
328,3909,86
329,3982,86
330,3845,85
331,4160,86
332,4065,85
333,3913,85
334,4256,85
335,4096,85
336,3895,84
337,3952,85
338,4062,84
339,3855,84
340,4059,85
341,3808,85
342,3720,85
343,4474,86
344,3975,86
345,4740,85
346,4003,86
347,3928,85
348,3915,85
349,4257,85
350,4237,85
351,3838,84
352,4061,85
353,3888,84
354,4417,84
355,4574,84
356,3933,84
357,3881,84
358,4547,84
359,3923,84
360,4366,83
361,3951,84
362,3969,84
363,3806,84
364,4361,85
365,3806,84
366,3812,84
367,4099,84
368,3765,84
369,3691,84
370,4422,84
371,3810,84
372,4645,83
373,4744,84
374,4485,83
375,4750,83
376,4584,83
377,4429,83
378,4050,83
379,3943,83
380,3886,83
381,3677,83
382,3879,83
383,3917,83
384,4085,83
385,4197,84
386,3929,84
387,4304,83
388,3987,84
389,4222,84
390,4203,83
391,3930,84
392,3804,83
393,3751,83
394,3867,83
395,4052,83
396,4548,83
397,4341,83
398,4106,83
399,4713,83
400,4917,83
1,884,1
2,595,1
3,449,1
4,625,2
5,756,2
6,909,2
7,777,3
8,779,3
9,855,3
10,1287,4
11,917,4
12,636,4
13,1066,5
14,793,5
15,684,5
16,882,6
17,703,6
18,986,6
19,1393,7
20,781,7
21,870,7
22,1002,8
23,823,8
24,800,8
25,876,9
26,743,9
27,712,9
28,824,10
29,725,10
30,671,10
31,802,11
32,750,11
33,632,11
34,779,12
35,701,12
36,745,12
37,862,13
38,654,13
39,649,13
40,770,14
41,727,14
42,1005,14
43,820,15
44,763,15
45,698,15
46,918,16
47,799,16
48,723,16
49,884,17
50,868,17
51,780,17
52,884,18
53,794,18
54,761,18
55,944,19
56,821,19
57,775,19
58,881,20
59,986,20
60,1038,20
61,994,21
62,914,21
63,830,21
64,1023,22
65,1053,22
66,877,22
67,985,23
68,1053,23
69,898,23
70,1057,24
71,990,24
72,1048,24
73,1166,25
74,1098,25
75,997,25
76,1191,26
77,1172,26
78,1116,26
79,1286,27
80,1253,27
81,1177,27
82,1318,28
83,1237,28
84,1293,28
85,1400,29
86,1387,29
87,1250,29
88,1426,30
89,1321,30
90,1361,30
91,1491,31
92,2230,31
93,1615,31
94,1883,32
95,1592,32
96,1577,32
97,2427,33
98,1714,33
99,1648,33
100,1506,34
101,1491,34
102,1469,34
103,1611,35
104,1639,35
105,1464,35
106,1644,36
107,1681,36
108,1571,36
109,1720,37
110,1689,37
111,1682,37
112,1859,38
113,1618,38
114,1463,38
115,1764,39
116,1614,39
117,1669,39
118,1829,40
119,1640,40
120,2150,40
121,1871,41
122,1791,41
123,1807,41
124,1852,42
125,2213,42
126,1866,42
127,2001,43
128,1863,43
129,2092,43
130,2143,44
131,2015,44
132,1837,44
133,2024,45
134,2032,45
135,2000,45
136,2014,46
137,2031,46
138,1936,46
139,2593,47
140,2431,47
141,2237,47
142,2335,48
143,2729,48
144,2623,48
145,2455,49
146,2275,49
147,2242,49
148,2308,50
149,2256,50
150,2348,50
151,2695,51
152,2356,51
153,2485,51
154,2499,52
155,2469,52
156,2466,52
157,2682,53
158,2614,53
159,2590,53
160,2904,54
161,2417,54
162,2485,54
163,2732,55
164,2733,55
165,2588,55
166,2804,56
167,3034,56
168,2754,56
169,3499,57
170,2719,57
171,2970,57
172,3200,58
173,3391,58
174,3785,58
175,3454,59
176,3085,59
177,3505,59
178,3352,60
179,2837,60
180,2966,60
181,3129,61
182,3105,61
183,2974,61
184,3121,62
185,2945,62
186,3175,62
187,3309,63
188,2939,63
189,3226,63
190,2922,64
191,3055,64
192,2946,64
193,3125,65
194,3107,65
195,3062,65
196,3723,66
197,3792,66
198,3680,66
199,3547,67
200,4097,67
201,3931,67
202,4123,68
203,5058,68
204,4660,68
205,4995,69
206,4206,69
207,3939,69
208,3895,70
209,4462,70
210,3929,70
211,3967,71
212,4008,71
213,3862,71
214,4111,72
215,12464,72
216,4282,72
217,3957,73
218,4613,73
219,3985,73
220,4125,74
221,4179,74
222,3795,74
223,4131,75
224,5871,75
225,4141,75
226,3752,76
227,3609,76
228,4509,76
229,3751,77
230,3751,77
231,3518,77
232,3785,78
233,3989,78
234,7323,78
235,4249,79
236,3960,79
237,4052,79
238,4529,80
239,3793,80
240,4146,80
241,3714,81
242,3709,81
243,3680,81
244,3834,82
245,3889,82
246,4018,82
247,4092,83
248,4028,83
249,3911,82
250,3913,83
251,3942,83
252,4152,83
253,3934,83
254,3818,83
255,3821,83
256,4029,84
257,3780,84
258,3673,83
259,4146,84
260,3940,83
261,3904,83
262,4052,84
263,3750,84
264,3645,84
265,4067,85
266,3751,85
267,3833,84
268,4013,85
269,4136,84
270,4030,84
271,4273,84
272,4046,84
273,4546,84
274,4287,84
275,4292,84
276,5102,84
277,4269,84
278,4251,84
279,4177,83
280,3902,84
281,3764,83
282,3813,83
283,4427,83
284,3805,83
285,3774,83
286,4148,83
287,3951,83
288,3867,83
289,3760,84
290,3681,84
291,3739,84
292,3831,85
293,3856,85
294,3714,85
295,3971,86
296,4340,86
297,3835,86
298,4063,86
299,3962,86
300,4137,85
301,4641,86
302,4434,85
303,4807,85
304,4605,85
305,4615,84
306,4400,84
307,4446,84
308,4570,84
309,4126,83
310,4637,84
311,4280,83
312,4062,83
313,4273,84
314,4217,83
315,3772,83
316,4163,84
317,4157,83
318,3842,83
319,3931,83
320,4500,83
321,3977,83
322,3838,83
323,4154,83
324,3878,83
325,4155,84
326,4204,84
327,3947,84
328,4014,85
329,4058,84
330,4071,84
331,3988,84
332,4120,84
333,5011,84
334,4943,85
335,4334,84
336,4195,84
337,5134,84
338,4878,84
339,5838,83
340,5579,84
341,5192,84
342,4641,84
343,4548,85
344,4079,85
345,4520,85
346,5718,86
347,4770,86
348,4487,86
349,4206,86
350,4132,86
351,6199,85
352,8219,85
353,4107,85
354,3913,84
355,4533,85
356,4293,85
357,3955,85
358,3774,85
359,3857,85
360,3580,84
361,4033,85
362,3938,84
363,3911,84
364,4105,84
365,3787,84
366,4164,84
367,4055,85
368,3992,84
369,4089,84
370,4316,84
371,3804,84
372,4304,83
373,4304,84
374,4216,83
375,4454,83
376,4388,83
377,4086,83
378,3939,83
379,4078,83
380,4020,83
381,4119,83
382,3880,83
383,3849,83
384,3826,83
385,4108,83
386,3769,83
387,3939,83
388,3940,83
389,4130,83
390,4479,83
391,4332,83
392,4266,83
393,4169,83
394,4119,84
395,4135,83
396,4399,83
397,4209,83
398,4222,83
399,3972,83
400,4238,83
401,3619,83
402,3881,83
403,3805,83
404,3894,83
405,3791,83
406,4220,83
407,4026,83
408,3753,83
409,3808,83
410,3819,83
411,3578,83
412,4071,84
413,3743,84
414,3814,83
415,3910,84
416,4460,84
417,3794,84
418,3905,85
419,3960,85
420,3843,85
421,4115,86
422,4185,85
423,4039,85
424,3978,86
425,3986,86
426,4207,85
427,4108,86
428,4025,85
429,3903,85
430,3964,85
431,3941,85
432,3847,84
433,3984,84
434,3969,84
435,3818,83
436,4022,84
437,3761,83
438,3909,83
439,3880,84
440,3910,83
441,4054,83
442,4234,84
443,4037,84
444,3840,84
445,3902,85
446,3984,85
447,3841,84
448,4155,85
449,3864,84
450,3970,84
451,3871,84
452,3885,84
453,3925,84
454,3961,85
455,3860,85
456,3981,85
457,4027,86
458,3980,86
459,5145,86
460,4199,87
461,4307,87
462,4148,87
463,4277,88
464,3915,88
465,4515,87
466,4165,88
467,4026,87
468,4025,87
469,3968,87
470,4135,87
471,3832,87
472,4201,88
473,3932,88
474,3902,88
475,4268,88
476,4000,88
477,4257,87
478,4452,88
479,4338,87
480,4246,87
481,4492,87
482,4243,86
483,4880,86
484,6030,86
485,6986,86
486,5274,85
487,5270,86
488,5006,85
489,4539,84
490,4856,85
491,4483,84
492,9988,84
493,7904,84
494,7003,84
495,5770,84
496,5076,85
497,4605,85
498,4398,85
499,4583,85
500,4167,85
501,4502,85
502,4564,86
503,4349,86
504,4512,86
505,4520,87
506,4402,87
507,4574,87
508,4342,88
509,4512,88
510,4118,87
511,4326,88
512,3997,87
513,4045,87
514,4247,87
515,3986,86
516,4004,86
517,4303,86
518,4266,86
519,4364,85
520,4033,86
521,4162,86
522,4443,86
523,5027,86
524,4164,86
525,4235,85
526,4691,86
527,4420,85
528,4051,85
529,4406,85
530,4083,85
531,4238,85
532,4416,86
533,4366,85
534,4325,85
535,4864,85
536,4222,85
537,4526,85
538,4614,86
539,4665,86
540,4428,86
541,4826,87
542,4340,86
543,4468,86
544,4606,86
545,4160,86
546,4192,85
547,4311,85
548,4098,85
549,4306,84
550,4353,85
551,4267,85
552,4324,84
553,4605,85
554,4410,84
555,4291,84
556,4468,84
557,4161,84
558,4205,83
559,4241,84
560,4225,83
561,4187,83
562,4192,84
563,4681,84
564,4053,84
565,4362,85
566,4260,85
567,4278,85
568,4554,86
569,4276,86
570,4277,86
571,4409,87
572,4464,87
573,4511,87
574,4685,88
575,3942,88
576,4248,87
577,4229,87
578,4311,87
579,4343,86
580,4269,87
581,4635,86
582,4164,86
583,4491,86
584,4252,86
585,4121,86
586,4386,87
587,4575,87
588,4525,87
589,4445,88
590,4437,88
591,4528,88
592,4441,89
593,4170,89
594,4373,89
595,4474,90
596,4411,89
597,4223,89
598,4105,89
599,6943,89
600,6867,88
1,675,1
2,410,1
3,361,1
4,626,2
5,417,2
6,328,2
7,524,3
8,380,3
9,669,3
10,594,4
11,559,4
12,509,4
13,492,5
14,710,5
15,790,5
16,637,6
17,500,6
18,552,6
19,572,7
20,616,7
21,525,7
22,588,8
23,647,8
24,521,8
25,636,9
26,651,9
27,559,9
28,682,10
29,764,10
30,565,10
31,719,11
32,604,11
33,614,11
34,700,12
35,756,12
36,607,12
37,886,13
38,653,13
39,682,13
40,918,14
41,772,14
42,706,14
43,787,15
44,700,15
45,879,15
46,884,16
47,764,16
48,712,16
49,901,17
50,813,17
51,726,17
52,969,18
53,892,18
54,913,18
55,1012,19
56,894,19
57,844,19
58,925,20
59,902,20
60,1074,20
61,977,21
62,1114,21
63,928,21
64,1017,22
65,931,22
66,905,22
67,1066,23
68,1119,23
69,963,23
70,1139,24
71,1111,24
72,1009,24
73,1145,25
74,1081,25
75,1232,25
76,1236,26
77,1118,26
78,1148,26
79,1335,27
80,1287,27
81,1207,27
82,1287,28
83,1301,28
84,1224,28
85,1371,29
86,1226,29
87,1322,29
88,1391,30
89,1373,30
90,1303,30
91,1379,31
92,1320,31
93,1327,31
94,1690,32
95,1746,32
96,1462,32
97,1614,33
98,1486,33
99,1370,33
100,1634,34
101,1427,34
102,1527,34
103,1580,35
104,1453,35
105,1545,35
106,1633,36
107,1560,36
108,1630,36
109,1609,37
110,1495,37
111,1502,37
112,1783,38
113,1595,38
114,1597,38
115,1696,39
116,1677,39
117,1711,39
118,2111,40
119,1633,40
120,1613,40
121,1846,41
122,1649,41
123,1817,41
124,1980,42
125,1795,42
126,1861,42
127,1982,43
128,2078,43
129,2146,43
130,2180,44
131,2030,44
132,1910,44
133,2094,45
134,1971,45
135,1953,45
136,2004,46
137,2173,46
138,1958,46
139,2186,47
140,2088,47
141,2231,47
142,2125,48
143,3225,48
144,2314,48
145,2441,49
146,2325,49
147,2775,49
148,2309,50
149,2300,50
150,2325,50
151,2788,51
152,2311,51
153,2314,51
154,2467,52
155,2523,52
156,2461,52
157,2566,53
158,2814,53
159,2410,53
160,2696,54
161,2490,54
162,2498,54
163,2677,55
164,2652,55
165,2553,55
166,2632,56
167,2612,56
168,2709,56
169,2781,57
170,2732,57
171,2707,57
172,2828,58
173,2592,58
174,2878,58
175,2865,59
176,2698,59
177,2835,59
178,2848,60
179,3041,60
180,2967,60
181,3042,61
182,2822,61
183,2769,61
184,2904,62
185,2933,62
186,2931,62
187,2978,63
188,2812,63
189,2949,63
190,3090,64
191,3659,64
192,2767,64
193,3093,65
194,3561,65
195,2882,65
196,3728,66
197,3390,66
198,3582,66
199,3754,67
200,4409,67
201,6186,67
202,5168,68
203,5244,68
204,4435,68
205,4838,69
206,4340,69
207,4209,69
208,5094,70
209,4261,70
210,4177,70
211,3726,71
212,3347,71
213,3697,71
214,3820,72
215,4115,72
216,4131,72
217,4277,73
218,5219,73
219,4879,73
220,4828,74
221,7442,74
222,6713,74
223,4925,75
224,4518,75
225,4163,75
226,4254,76
227,4237,76
228,4893,76
229,4408,77
230,4515,77
231,4043,77
232,4623,78
233,4397,78
234,4165,78
235,4378,79
236,4131,79
237,4395,79
238,4239,80
239,4425,80
240,4280,80
241,4477,81
242,5860,81
243,3652,81
244,10317,82
245,3967,82
246,3812,82
247,3916,83
248,4464,83
249,4085,83
250,4160,84
251,4192,84
252,3958,84
253,4056,85
254,3977,85
255,3905,85
256,4414,85
257,4354,85
258,4160,84
259,4389,85
260,4069,84
261,3876,84
262,4001,84
263,3868,84
264,4212,84
265,4847,84
266,5319,84
267,4448,83
268,4609,84
269,4230,84
270,4199,84
271,4425,85
272,4521,84
273,4945,84
274,4498,84
275,5929,84
276,4142,84
277,4841,85
278,4374,85
279,4491,85
280,5824,85
281,7643,85
282,6119,84
283,7897,85
284,5477,84
285,8047,83
286,5568,84
287,4737,83
288,4331,83
289,4593,84
290,4451,84
291,4369,84
292,5151,85
293,4802,84
294,4246,84
295,4548,85
296,4249,85
297,4253,85
298,4138,86
299,4099,86
300,4314,86
301,4486,87
302,4427,87
303,4487,87
304,4580,88
305,4348,88
306,4584,88
307,4035,88
308,3875,88
309,4006,87
310,4328,88
311,4386,87
312,4186,87
313,3916,87
314,4259,86
315,4633,86
316,4646,86
317,4258,86
318,3935,85
319,4659,86
320,4642,86
321,3977,85
322,4322,86
323,3993,86
324,4010,86
325,4695,86
326,4145,86
327,3946,85
328,4394,86
329,5949,85
330,4079,85
331,3967,85
332,4133,85
333,3898,84
334,4113,84
335,4437,84
336,4115,83
337,5189,84
338,4249,84
339,4091,84
340,4059,84
341,4400,84
342,4087,83
343,4469,84
344,4236,83
345,4183,83
346,4304,84
347,4143,83
348,3923,83
349,3979,84
350,4004,84
351,3937,84
352,3981,85
353,3902,85
354,4165,85
355,4263,86
356,4907,86
357,3949,86
358,4164,87
359,4044,86
360,4205,86
361,4129,86
362,4117,86
363,4644,86
364,4898,87
365,4414,87
366,4388,87
367,4275,88
368,3973,88
369,4108,88
370,4077,89
371,4421,89
372,4078,89
373,4155,90
374,4864,90
375,4393,90
376,5366,91
377,4248,90
378,4127,90
379,4305,90
380,4178,90
381,4160,89
382,4266,90
383,4457,89
384,3955,89
385,4089,89
386,4170,88
387,4407,88
388,4730,88
389,4888,88
390,4639,87
391,4667,87
392,4080,87
393,4192,86
394,4353,87
395,4111,86
396,4148,85
397,4482,86
398,4050,86
399,4478,85
400,4814,86
401,4355,85
402,3964,85
403,3936,86
404,3734,86
405,4088,85
406,4375,86
407,3995,85
408,3925,85
409,3897,85
410,3867,84
411,4046,84
412,4444,85
413,5140,85
414,4338,85
415,4206,85
416,4797,84
417,4478,84
418,4482,85
419,4574,84
420,4098,84
421,4487,84
422,3951,84
423,4322,84
424,4129,85
425,4025,84
426,4124,84
427,4122,84
428,4145,84
429,3900,84
430,3966,85
431,3860,84
432,3980,84
433,3970,85
434,4197,85
435,3799,85
436,4223,85
437,4230,85
438,4522,84
439,4584,85
440,4170,85
441,3980,84
442,4192,84
443,3707,84
444,3774,83
445,4054,84
446,3820,83
447,4169,83
448,3894,84
449,3888,83
450,3722,83
451,3881,84
452,3852,84
453,3679,84
454,3965,85
455,3601,85
456,4525,85
457,4040,85
458,3781,85
459,3648,84
460,3929,85
461,3857,84
462,3875,84
463,3816,84
464,3754,84
465,4378,83
466,4361,84
467,4169,83
468,4344,83
469,5157,83
470,4431,83
471,4079,83
472,4037,83
473,4559,83
474,4290,83
475,3952,84
476,4259,84
477,3863,84
478,4198,85
479,4081,85
480,3987,85
481,3972,86
482,4011,85
483,4187,85
484,3996,85
485,4402,85
486,3954,85
487,4220,86
488,4275,85
489,4954,85
490,5240,85
491,4830,85
492,4793,84
493,5462,85
494,5373,84
495,4742,84
496,4608,84
497,4922,84
498,4966,84
499,5504,84
500,4326,83
501,5004,83
502,4649,84
503,4335,84
504,4348,84
505,5298,85
506,5089,85
507,5589,85
508,4840,86
509,4553,86
510,4075,86
511,4676,87
512,4262,86
513,4888,86
514,4942,87
515,4553,86
516,4442,86
517,4445,87
518,4342,86
519,4055,86
520,4463,87
521,4371,87
522,5681,87
523,4657,88
524,5681,88
525,4734,88
526,4674,89
527,4720,89
528,4098,89
529,4092,90
530,4179,90
531,4207,90
532,4155,90
533,7045,90
534,6584,89
535,5319,90
536,4674,89
537,5215,88
538,4359,89
539,4008,88
540,4162,88
541,4024,88
542,3990,88
543,3752,87
544,4053,87
545,4082,87
546,3820,86
547,4238,87
548,3736,86
549,3816,85
550,4174,86
551,4345,85
552,4404,85
553,4669,85
554,4016,84
555,4166,84
556,4090,84
557,4370,84
558,4426,84
559,4218,85
560,3923,85
561,3828,85
562,4113,85
563,3864,85
564,4155,85
565,4942,86
566,4270,86
567,4039,86
568,4072,87
569,4285,86
570,4190,86
571,4097,86
572,3934,86
573,3795,85
574,4074,86
575,3829,85
576,3947,85
577,4286,85
578,4096,84
579,4791,84
580,4197,85
581,3777,85
582,3891,85
583,3948,86
584,3948,85
585,3779,85
586,5012,85
587,4222,85
588,4632,85
589,4551,85
590,3993,85
591,4018,84
592,4447,85
593,3947,84
594,3975,84
595,4214,85
596,4109,85
597,4744,85
598,4121,85
599,4008,85
600,4217,85
1,658,1
2,367,1
3,365,1
4,448,2
5,346,2
6,332,2
7,465,3
8,342,3
9,354,3
10,483,4
11,655,4
12,380,4
13,518,5
14,413,5
15,419,5
16,565,6
17,559,6
18,493,6
19,566,7
20,505,7
21,515,7
22,621,8
23,559,8
24,504,8
25,620,9
26,584,9
27,546,9
28,662,10
29,591,10
30,561,10
31,658,11
32,609,11
33,597,11
34,740,12
35,688,12
36,625,12
37,796,13
38,669,13
39,681,13
40,758,14
41,719,14
42,689,14
43,799,15
44,716,15
45,677,15
46,875,16
47,727,16
48,755,16
49,894,17
50,777,17
51,770,17
52,908,18
53,857,18
54,854,18
55,918,19
56,852,19
57,853,19
58,960,20
59,863,20
60,871,20
61,1093,21
62,896,21
63,1258,21
64,993,22
65,942,22
66,917,22
67,1019,23
68,1004,23
69,962,23
70,1073,24
71,953,24
72,996,24
73,1200,25
74,1072,25
75,1153,25
76,1167,26
77,1149,26
78,1108,26
79,1261,27
80,1304,27
81,1148,27
82,1306,28
83,1201,28
84,1293,28
85,1301,29
86,1225,29
87,1225,29
88,1404,30
89,1216,30
90,1264,30
91,1396,31
92,1351,31
93,1230,31
94,1530,32
95,1495,32
96,1592,32
97,1773,33
98,1474,33
99,1963,33
100,1863,34
101,1736,34
102,1666,34
103,1904,35
104,2106,35
105,1921,35
106,2460,36
107,2138,36
108,1987,36
109,2110,37
110,1827,37
111,2411,37
112,2154,38
113,1893,38
114,3551,38
115,2509,39
116,3647,39
117,2314,39
118,2109,40
119,2642,40
120,1882,40
121,2064,41
122,1733,41
123,2250,41
124,2132,42
125,1970,42
126,1939,42
127,2119,43
128,1914,43
129,2160,43
130,2336,44
131,2137,44
132,2050,44
133,2702,45
134,2030,45
135,2527,45
136,2130,46
137,2362,46
138,2331,46
139,2734,47
140,2274,47
141,2224,47
142,2390,48
143,2621,48
144,2742,48
145,2652,49
146,2464,49
147,2318,49
148,2498,50
149,2381,50
150,2504,50
151,2720,51
152,2453,51
153,2693,51
154,2877,52
155,2641,52
156,2390,52
157,2538,53
158,2714,53
159,2784,53
160,2762,54
161,2606,54
162,2511,54
163,2615,55
164,2812,55
165,2671,55
166,2810,56
167,2577,56
168,2536,56
169,2899,57
170,2722,57
171,2755,57
172,2726,58
173,2767,58
174,2913,58
175,3061,59
176,3534,59
177,2728,59
178,2966,60
179,2854,60
180,2997,60
181,2902,61
182,2773,61
183,3032,61
184,3187,62
185,3270,62
186,3268,62
187,3455,63
188,3287,63
189,3216,63
190,3413,64
191,3232,64
192,3096,64
193,3362,65
194,3577,65
195,3397,65
196,3523,66
197,3457,66
198,3271,66
199,3372,67
200,3073,67
201,3135,67
202,3523,68
203,3422,68
204,3474,68
205,3360,69
206,3256,69
207,3140,69
208,3448,70
209,3200,70
210,3269,70
211,3434,71
212,3302,71
213,3454,71
214,3597,72
215,3689,72
216,3445,72
217,3472,73
218,3425,73
219,3462,73
220,3974,74
221,3500,74
222,3631,74
223,3658,75
224,3414,75
225,3501,75
226,3895,76
227,3664,76
228,3692,76
229,3840,77
230,3741,77
231,3995,77
232,3798,78
233,3865,78
234,3855,78
235,4227,79
236,4290,79
237,4237,79
238,5330,80
239,4746,80
240,5563,80
241,4704,81
242,4291,81
243,4559,81
244,5543,82
245,5761,82
246,4450,82
247,4505,83
248,4059,83
249,4045,83
250,4564,84
251,4830,84
252,4349,84
253,4225,85
254,4638,85
255,4419,84
256,4993,85
257,4346,84
258,4071,84
259,3970,85
260,3748,85
261,4401,84
262,4151,85
263,4793,84
264,4003,84
265,4521,84
266,4350,84
267,3799,83
268,4091,84
269,3978,84
270,4129,84
271,4225,85
272,4000,84
273,4005,84
274,4973,85
275,4091,85
276,4106,85
277,4138,86
278,3986,86
279,4017,85
280,4014,86
281,4727,85
282,3914,85
283,3942,85
284,4118,85
285,3801,84
286,3972,85
287,3862,85
288,4264,85
289,4836,86
290,4128,85
291,9932,85
292,10624,85
293,5424,85
294,7750,84
295,4495,85
296,4472,84
297,4667,83
298,4617,84
299,4399,83
300,4810,83
301,4581,84
302,4284,83
303,4249,83
304,4073,84
305,3990,83
306,3879,83
307,3993,83
308,4061,83
309,4613,83
310,4922,83
311,4593,83
312,4424,83
313,5093,84
314,4515,84
315,5354,83
316,5538,84
317,6491,83
318,6851,83
319,5784,83
320,5011,83
321,7866,83
322,5781,84
323,5745,84
324,6857,83
325,6117,84
326,6228,84
327,6229,84
328,6186,85
329,5164,85
330,5397,84
331,5970,85
332,4922,84
333,4958,84
334,5726,85
335,5442,84
336,4934,83
337,4931,84
338,4718,83
339,5219,83
340,5779,84
341,5679,83
342,5448,83
343,5772,84
344,6114,84
345,5025,84
346,5621,84
347,5361,84
348,4808,83
349,5124,84
350,4948,84
351,5037,84
352,4794,85
353,4642,84
354,4759,84
355,4615,85
356,5881,84
357,5515,84
358,5633,84
359,5325,84
360,4851,83
361,4908,84
362,4760,84
363,4939,84
364,4578,85
365,4661,84
366,4947,84
367,5616,84
368,5365,84
369,4418,83
370,4046,84
371,4332,84
372,4215,84
373,4315,85
374,3917,84
375,3934,84
376,3968,84
377,3984,84
378,4004,83
379,3746,84
380,3571,83
381,3753,83
382,3879,83
383,3716,83
384,3648,83
385,4082,84
386,3867,84
387,3641,84
388,3881,85
389,3775,85
390,4322,85
391,4450,86
392,4543,85
393,4108,85
394,4718,85
395,4259,85
396,4000,84
397,4052,85
398,3827,84
399,3840,84
400,4019,84
401,3796,84
402,3671,84
403,4227,84
404,4445,84
405,5504,84
406,4727,85
407,4367,85
408,4738,84
409,4186,85
410,4083,84
411,4059,84
412,4567,84
413,4299,84
414,4195,83
415,3923,84
416,3871,83
417,6554,83
418,4158,84
419,4289,83
420,3773,83
421,3770,83
422,3985,83
423,3985,83
424,4401,84
425,3662,84
426,3782,84
427,4827,85
428,3771,85
429,3890,85
430,3731,85
431,3815,85
432,3669,84
433,4430,85
434,4068,84
435,4105,84
436,4075,84
437,4495,84
438,3740,83
439,4044,84
440,4079,83
441,3968,83
442,4024,83
443,3896,83
444,3854,83
445,3958,83
446,3973,83
447,3809,83
448,3988,83
449,3956,83
450,3829,83
451,3915,84
452,3944,84
453,3887,84
454,4154,85
455,3944,85
456,3937,85
457,4738,86
458,4237,86
459,4323,85
460,4522,86
461,4499,86
462,4152,86
463,4607,87
464,4210,87
465,4359,87
466,3949,88
467,3964,88
468,4058,88
469,4031,88
470,3995,88
471,3914,87
472,4029,88
473,4043,87
474,4069,86
475,4037,87
476,3852,86
477,4309,86
478,4307,86
479,5088,86
480,3874,86
481,4531,87
482,3940,87
483,4155,87
484,4116,88
485,4014,88
486,5740,87
487,5325,88
488,4581,87
489,4856,87
490,4261,87
491,4694,87
492,5410,86
493,6033,87
494,4832,87
495,5553,87
496,5547,88
497,4698,88
498,4966,88
499,5035,89
500,4893,89
501,5543,89
502,5192,90
503,4968,90
504,5572,90
505,5043,91
506,4580,91
507,4475,91
508,4754,92
509,4522,92
510,4956,91
511,4316,91
512,4068,91
513,4227,90
514,4109,91
515,4514,90
516,4425,90
517,4345,90
518,4135,89
519,4165,89
520,4020,89
521,3933,89
522,4556,88
523,5048,89
524,4873,88
525,4415,87
526,3985,88
527,4022,87
528,4303,87
529,4390,87
530,4364,86
531,4383,86
532,4403,86
533,4297,86
534,4198,85
535,4316,85
536,4115,85
537,4068,84
538,3904,85
539,3961,84
540,3835,84
541,3816,84
542,3851,84
543,3719,83
544,3955,84
545,3884,84
546,3725,83
547,4017,84
548,4092,83
549,3871,83
550,4077,84
551,4112,84
552,3702,84
553,4236,85
554,4455,85
555,4448,84
556,4283,85
557,3872,84
558,3986,84
559,4239,84
560,4019,84
561,3932,83
562,3838,84
563,3842,83
564,3921,83
565,4351,83
566,3997,83
567,4123,83
568,4264,84
569,4333,83
570,3810,83
571,4334,84
572,3830,84
573,3662,83
574,3904,84
575,3631,83
576,3838,83
577,4000,84
578,3712,84
579,3699,84
580,4337,85
581,4165,84
582,3933,84
583,3763,84
584,3721,83
585,4055,83
586,4018,84
587,4211,83
588,7560,83
589,10195,83
590,4832,83
591,4971,83
592,4692,83
593,4082,83
594,3660,83
595,4212,83
596,4170,83
597,3930,83
598,3844,83
599,4100,83
600,3736,83
1,972,1
2,388,1
3,339,1
4,470,2
5,344,2
6,351,2
7,501,3
8,551,3
9,389,3
10,540,4
11,393,4
12,403,4
13,500,5
14,433,5
15,447,5
16,543,6
17,519,6
18,497,6
19,616,7
20,492,7
21,507,7
22,649,8
23,533,8
24,529,8
25,635,9
26,654,9
27,589,9
28,708,10
29,629,10
30,611,10
31,701,11
32,825,11
33,619,11
34,706,12
35,703,12
36,643,12
37,791,13
38,676,13
39,669,13
40,812,14
41,702,14
42,743,14
43,778,15
44,1176,15
45,762,15
46,836,16
47,794,16
48,738,16
49,925,17
50,842,17
51,795,17
52,1013,18
53,956,18
54,1086,18
55,1003,19
56,896,19
57,855,19
58,1036,20
59,1012,20
60,916,20
61,1052,21
62,967,21
63,1099,21
64,1181,22
65,1008,22
66,946,22
67,1027,23
68,966,23
69,899,23
70,1194,24
71,1091,24
72,1047,24
73,1381,25
74,1162,25
75,1201,25
76,1214,26
77,1177,26
78,1250,26
79,1399,27
80,1164,27
81,1213,27
82,1293,28
83,1277,28
84,1203,28
85,1334,29
86,1306,29
87,1236,29
88,1480,30
89,1395,30
90,1466,30
91,1453,31
92,1532,31
93,1409,31
94,1464,32
95,1706,32
96,1861,32
97,1837,33
98,1644,33
99,1534,33
100,1709,34
101,1742,34
102,1577,34
103,1642,35
104,1604,35
105,1567,35
106,1722,36
107,1724,36
108,1622,36
109,1729,37
110,1601,37
111,1650,37
112,1912,38
113,1816,38
114,1754,38
115,2009,39
116,2426,39
117,1871,39
118,2020,40
119,1897,40
120,2010,40
121,2155,41
122,2087,41
123,2199,41
124,2375,42
125,2354,42
126,2642,42
127,2574,43
128,2798,43
129,2752,43
130,3213,44
131,2894,44
132,2892,44
133,3039,45
134,2889,45
135,2337,45
136,2471,46
137,2922,46
138,2746,46
139,2845,47
140,2704,47
141,2384,47
142,2537,48
143,2254,48
144,2312,48
145,2222,49
146,2387,49
147,2103,49
148,2442,50
149,2391,50
150,2571,50
151,2376,51
152,2556,51
153,2727,51
154,2743,52
155,3320,52
156,2994,52
157,3179,53
158,2750,53
159,2698,53
160,3053,54
161,2515,54
162,2619,54
163,2585,55
164,2678,55
165,2605,55
166,2628,56
167,2721,56
168,3698,56
169,3097,57
170,2643,57
171,2727,57
172,3322,58
173,2839,58
174,2709,58
175,2805,59
176,2686,59
177,2623,59
178,2849,60
179,2751,60
180,2822,60
181,2792,61
182,2764,61
183,3443,61
184,2820,62
185,2921,62
186,2892,62
187,2883,63
188,2784,63
189,2682,63
190,2953,64
191,2914,64
192,2905,64
193,3115,65
194,3019,65
195,3121,65
196,3212,66
197,3115,66
198,2987,66
199,3130,67
200,3448,67
201,3218,67
202,3218,68
203,3395,68
204,3226,68
205,3432,69
206,3198,69
207,3067,69
208,3322,70
209,3142,70
210,3359,70
211,3414,71
212,3584,71
213,4350,71
214,3932,72
215,4070,72
216,3438,72
217,3589,73
218,3482,73
219,3282,73
220,3541,74
221,3709,74
222,3467,74
223,3591,75
224,3591,75
225,3535,75
226,3664,76
227,3547,76
228,3613,76
229,3579,77
230,3945,77
231,4064,77
232,3735,78
233,3738,78
234,3570,78
235,3943,79
236,3634,79
237,3785,79
238,4448,80
239,4583,80
240,4529,80
241,4209,81
242,4436,81
243,5371,81
244,4749,82
245,5963,82
246,4294,82
247,4530,83
248,4940,83
249,4803,82
250,5197,83
251,4475,83
252,4505,83
253,4608,83
254,4097,83
255,4780,83
256,5304,84
257,5295,84
258,4915,84
259,4326,85
260,4423,85
261,4574,85
262,4376,86
263,3761,86
264,3650,86
265,4247,87
266,3959,86
267,3837,86
268,3884,86
269,4338,86
270,4650,85
271,4507,86
272,4396,85
273,4112,84
274,4267,85
275,4865,85
276,4291,85
277,4408,86
278,7504,86
279,4484,86
280,4188,87
281,4166,87
282,4119,87
283,4140,88
284,3897,88
285,5413,87
286,5989,88
287,4901,87
288,4435,87
289,4288,87
290,4185,87
291,4080,86
292,4376,87
293,4136,86
294,3953,86
295,4200,87
296,3857,87
297,3944,87
298,4183,88
299,4035,87
300,3969,87
301,4022,87
302,3932,87
303,3872,86
304,4183,87
305,4037,86
306,3886,86
307,4126,86
308,4091,85
309,4106,85
310,4161,86
311,4155,86
312,3948,86
313,4219,87
314,4112,87
315,3723,87
316,4225,88
317,4795,88
318,5271,88
319,6295,88
320,5209,88
321,4798,87
322,4752,88
323,8493,87
324,5835,87
325,4938,87
326,4634,87
327,4130,87
328,4318,88
329,4096,88
330,3928,88
331,4371,89
332,4453,89
333,4283,89
334,4936,90
335,4650,90
336,4252,89
337,4935,90
338,4328,89
339,4686,89
340,4689,89
341,4336,88
342,4546,88
343,4227,88
344,3963,88
345,3785,87
346,4146,88
347,4010,87
348,4044,86
349,4152,87
350,3895,86
351,4113,86
352,4029,86
353,4364,85
354,4198,85
355,4049,85
356,4663,85
357,4727,84
358,4679,85
359,4305,85
360,4170,85
361,6725,86
362,4125,86
363,4154,86
364,4249,87
365,4115,87
366,3976,87
367,4446,88
368,4128,88
369,4316,87
370,4136,88
371,5359,87
372,4284,87
373,4002,88
374,3984,87
375,3957,87
376,3941,87
377,4162,87
378,4108,87
379,4249,88
380,4201,88
381,5597,88
382,4771,89
383,4392,89
384,4427,89
385,4190,90
386,4163,90
387,4020,90
388,4258,91
389,4155,91
390,3993,91
391,4626,92
392,4515,92
393,4780,92
394,4429,93
395,4292,92
396,4195,92
397,4298,92
398,4177,92
399,4018,91
400,4345,92
401,4130,91
402,4084,90
403,4139,91
404,5068,90
405,4430,90
406,4287,90
407,4465,89
408,4166,89
409,4261,89
410,5139,89
411,4560,88
412,4676,89
413,4390,88
414,4488,87
415,4618,88
416,4293,87
417,4347,87
418,4443,87
419,4244,86
420,4347,86
421,4350,86
422,4298,86
423,4095,85
424,3972,86
425,3968,86
426,3723,86
427,3960,86
428,3735,86
429,3857,85
430,4026,86
431,3805,85
432,4444,84
433,4471,85
434,4330,84
435,4335,84
436,4558,84
437,3974,84
438,4143,83
439,9239,84
440,7604,83
441,5224,83
442,6173,84
443,5295,84
444,5624,83
445,5367,84
446,4351,83
447,4054,83
448,4068,83
449,3885,83
450,4101,83
451,3949,83
452,4495,83
453,4979,83
454,8978,84
455,5717,83
456,4382,83
457,4251,84
458,4096,84
459,3792,83
460,4244,84
461,3929,83
462,3900,83
463,3968,84
464,3858,83
465,3961,83
466,4015,84
467,3837,83
468,3875,83
469,4372,84
470,3828,84
471,3916,84
472,4375,85
473,3868,85
474,3814,85
475,3971,86
476,3951,86
477,4074,85
478,4009,86
479,3767,86
480,3741,86
481,4194,87
482,3857,87
483,3788,87
484,4013,88
485,3836,88
486,4370,88
487,3992,89
488,3861,89
489,4254,89
490,3991,90
491,4196,89
492,4012,89
493,3978,89
494,4281,89
495,3884,88
496,4242,89
497,3988,88
498,4140,87
499,4149,88
500,3988,87
501,4088,87
502,4247,87
503,4283,87
504,4087,86
505,4859,86
506,4118,86
507,7751,85
508,5328,86
509,4687,85
510,4666,84
511,5290,85
512,4951,84
513,4477,84
514,4624,84
515,4163,84
516,4801,83
517,4774,84
518,5399,83
519,4354,83
520,4705,83
521,4370,83
522,5157,83
523,4775,83
524,5034,83
525,5483,83
526,5286,83
527,5519,83
528,4943,83
529,4504,83
530,4270,83
531,3908,83
532,5190,84
533,4167,84
534,4237,84
535,4416,85
536,7327,85
537,4571,85
538,4478,86
539,4088,85
540,4011,85
541,4077,85
542,4029,85
543,3947,85
544,4158,86
545,3971,86
546,4048,86
547,4181,87
548,3852,87
549,4183,87
550,4141,87
551,4144,87
552,4037,86
553,5039,87
554,4723,86
555,4481,85
556,4640,86
557,4320,85
558,4359,85
559,4826,85
560,4331,85
561,4352,84
562,4504,84
563,4330,84
564,4542,83
565,4504,84
566,4368,84
567,4240,83
568,4656,84
569,4444,83
570,4206,83
571,4576,83
572,4391,83
573,4465,83
574,4270,84
575,4303,83
576,4404,83
577,4220,83
578,4433,83
579,4143,83
580,4480,84
581,4176,84
582,4106,84
583,3944,84
584,3959,84
585,4706,84
586,4038,85
587,3771,85
588,3756,85
589,3991,85
590,3896,85
591,3672,84
592,3845,85
593,3901,85
594,3909,84
595,4073,85
596,4034,84
597,3886,84
598,4091,84
599,3884,84
600,3834,83
1,677,1
2,362,1
3,284,1
4,436,2
5,365,2
6,340,2
7,413,3
8,379,3
9,371,3
10,538,4
11,432,4
12,403,4
13,507,5
14,448,5
15,431,5
16,573,6
17,620,6
18,551,6
19,617,7
20,462,7
21,487,7
22,606,8
23,530,8
24,554,8
25,639,9
26,642,9
27,541,9
28,680,10
29,609,10
30,626,10
31,704,11
32,696,11
33,636,11
34,726,12
35,692,12
36,695,12
37,818,13
38,636,13
39,674,13
40,778,14
41,734,14
42,679,14
43,813,15
44,727,15
45,719,15
46,953,16
47,809,16
48,799,16
49,865,17
50,856,17
51,776,17
52,898,18
53,836,18
54,769,18
55,1004,19
56,849,19
57,910,19
58,963,20
59,915,20
60,895,20
61,988,21
62,938,21
63,886,21
64,1012,22
65,953,22
66,915,22
67,1026,23
68,999,23
69,951,23
70,1090,24
71,1047,24
72,1047,24
73,1345,25
74,1099,25
75,1096,25
76,1179,26
77,1090,26
78,1059,26
79,1251,27
80,1133,27
81,1195,27
82,1256,28
83,1246,28
84,1214,28
85,1381,29
86,1239,29
87,1290,29
88,1356,30
89,1446,30
90,1248,30
91,1381,31
92,1329,31
93,1285,31
94,1400,32
95,1343,32
96,1786,32
97,1649,33
98,1500,33
99,1561,33
100,1529,34
101,1468,34
102,1533,34
103,1552,35
104,1475,35
105,1477,35
106,1605,36
107,1584,36
108,1569,36
109,1641,37
110,1577,37
111,1560,37
112,1647,38
113,1689,38
114,1696,38
115,1688,39
116,1636,39
117,1595,39
118,1790,40
119,1612,40
120,1726,40
121,1904,41
122,1727,41
123,1691,41
124,1840,42
125,1893,42
126,1769,42
127,1965,43
128,1824,43
129,1802,43
130,1978,44
131,1915,44
132,1881,44
133,1979,45
134,2021,45
135,1966,45
136,2112,46
137,1994,46
138,2001,46
139,2108,47
140,2108,47
141,2150,47
142,2202,48
143,2179,48
144,2080,48
145,2320,49
146,2311,49
147,2380,49
148,2257,50
149,2357,50
150,2240,50
151,2471,51
152,2202,51
153,2589,51
154,3317,52
155,2417,52
156,2417,52
157,2484,53
158,2445,53
159,2419,53
160,2548,54
161,2487,54
162,2823,54
163,2661,55
164,3001,55
165,2893,55
166,3067,56
167,2870,56
168,2871,56
169,3069,57
170,2918,57
171,2842,57
172,3107,58
173,2924,58
174,2906,58
175,2808,59
176,3066,59
177,2710,59
178,2932,60
179,2864,60
180,3226,60
181,3015,61
182,2913,61
183,3187,61
184,3074,62
185,2923,62
186,2879,62
187,3163,63
188,2871,63
189,2963,63
190,4580,64
191,3167,64
192,3286,64
193,3546,65
194,3369,65
195,3386,65
196,3883,66
197,3579,66
198,3305,66
199,3397,67
200,3707,67
201,3547,67
202,3963,68
203,15001,68
204,13968,68
205,9881,69
206,5255,69
207,5867,69
208,5195,70
209,4611,70
210,4399,70
211,4064,71
212,4067,71
213,4025,71
214,4127,72
215,3545,72
216,3710,72
217,3761,73
218,3391,73
219,3391,73
220,3702,74
221,3556,74
222,3495,74
223,3830,75
224,3577,75
225,3589,75
226,4283,76
227,4382,76
228,4489,76
229,4227,77
230,3801,77
231,3602,77
232,3680,78
233,3704,78
234,3638,78
235,3647,79
236,3770,79
237,3664,79
238,3766,80
239,3937,80
240,3679,80
241,3668,81
242,3656,81
243,3755,81
244,3923,82
245,3752,82
246,3657,82
247,4005,83
248,3859,83
249,3871,82
250,3905,83
251,3788,83
252,3669,83
253,3921,84
254,3876,84
255,3897,84
256,6003,85
257,5082,85
258,4671,85
259,4405,86
260,4567,86
261,5100,85
262,4718,86
263,4527,86
264,4445,85
265,4467,86
266,4338,86
267,4369,86
268,4608,87
269,6494,87
270,5270,87
271,5670,88
272,5111,88
273,5131,88
274,6233,89
275,5373,89
276,7024,88
277,5558,89
278,5367,88
279,5336,87
280,5392,88
281,7751,87
282,4314,87
283,5059,88
284,5176,88
285,4451,88
286,5280,88
287,4815,88
288,4669,87
289,5235,88
290,4561,87
291,4205,86
292,4233,87
293,4386,86
294,5265,86
295,4891,86
296,4054,86
297,3959,85
298,4388,85
299,4398,85
300,4377,84
301,5507,85
302,5314,85
303,5897,85
304,5954,86
305,9695,86
306,6331,86
307,5398,87
308,5412,87
309,5761,87
310,6600,88
311,5774,87
312,5306,87
313,4811,87
314,8790,86
315,4205,86
316,4441,86
317,3833,86
318,3879,85
319,3988,86
320,3899,85
321,3921,84
322,3846,85
323,4186,84
324,3933,84
325,3924,84
326,4148,84
327,3675,83
328,4185,84
329,4464,83
330,3977,83
331,4029,83
332,3979,83
333,3885,83
334,4141,83
335,3888,83
336,4002,83
337,4007,83
338,3827,83
339,4059,83
340,3967,83
341,3934,83
342,3819,83
343,3974,84
344,3912,84
345,3729,84
346,3880,85
347,4755,85
348,4578,85
349,4213,85
350,4017,84
351,3804,84
352,4245,84
353,3829,84
354,3870,84
355,4034,85
356,4495,84
357,4299,84
358,4513,85
359,4678,85
360,4288,84
361,4606,85
362,4361,85
363,4266,85
364,5508,86
365,4609,86
366,4501,86
367,4817,87
368,4061,86
369,3852,86
370,4319,86
371,4124,86
372,3936,85
373,4064,86
374,4193,85
375,3993,85
376,4006,85
377,4103,84
378,4231,84
379,4093,84
380,4473,84
381,4528,84
382,4796,85
383,4466,84
384,4470,84
385,4402,84
386,4258,84
387,4232,83
388,4427,84
389,4419,83
390,4250,83
391,4596,84
392,4328,84
393,4447,84
394,4440,85
395,4435,85
396,4405,85
397,4529,86
398,4767,85
399,4034,85
400,3957,86
401,3636,86
402,4078,86
403,3992,87
404,3909,87
405,3777,87
406,3824,88
407,3939,88
408,3889,88
409,4257,88
410,3883,88
411,4383,87
412,5310,88
413,5004,87
414,4438,87
415,4442,87
416,4066,87
417,4144,86
418,4070,86
419,3905,86
420,3846,86
421,4125,86
422,3820,86
423,3803,85
424,4060,86
425,3931,85
426,3791,85
427,3723,86
428,3862,85
429,3818,85
430,3904,85
431,3842,85
432,4260,84
433,3888,84
434,3853,84
435,4385,83
436,4093,84
437,4172,83
438,3971,83
439,3997,84
440,3932,84
441,4282,83
442,4137,84
443,4326,83
444,3889,83
445,3846,84
446,3791,84
447,4094,84
448,3925,85
449,3852,85
450,4050,85
451,4087,85
452,3832,84
453,4036,84
454,3987,84
455,3813,84
456,3857,84
457,4419,84
458,3813,84
459,3684,83
460,4117,84
461,4009,84
462,3725,84
463,4071,84
464,3910,84
465,3827,83
466,4163,84
467,4154,84
468,4039,83
469,3960,84
470,3785,84
471,3839,84
472,4074,85
473,4123,85
474,3849,85
475,4068,86
476,3884,86
477,3840,85
478,4020,86
479,4160,85
480,4010,85
481,4164,85
482,3927,85
483,3934,84
484,4205,84
485,4075,84
486,3932,83
487,4035,84
488,3872,84
489,3807,84
490,4007,85
491,3888,84
492,4364,84
493,4155,85
494,3965,84
495,3887,83
496,4115,84
497,3880,84
498,4094,83
499,4781,84
500,4684,83
501,4252,83
502,4305,83
503,3804,83
504,3900,83
505,3978,84
506,4093,84
507,4447,84
508,4037,84
509,4104,84
510,3803,84
511,4281,85
512,3887,84
513,3983,84
514,4485,85
515,4498,85
516,4468,85
517,5081,86
518,4403,86
519,4384,85
520,4311,86
521,4402,85
522,4522,84
523,4815,85
524,4748,85
525,5408,85
526,5668,86
527,4730,86
528,4965,85
529,5247,86
530,5587,85
531,4525,85
532,4504,86
533,4638,85
534,4479,85
535,4869,85
536,5210,85
537,4637,85
538,4678,86
539,4526,86
540,3833,86
541,4443,87
542,4390,86
543,4261,86
544,4244,86
545,3792,86
546,5290,85
547,3894,85
548,3816,85
549,3964,84
550,4092,85
551,4135,84
552,4041,84
553,4379,84
554,3999,84
555,4021,83
556,4219,84
557,4063,83
558,3952,83
559,4198,84
560,4021,84
561,3996,84
562,4098,85
563,3895,85
564,4027,85
565,4241,86
566,4827,86
567,4292,86
568,4655,87
569,4514,87
570,4465,87
571,4806,88
572,4588,87
573,3992,87
574,4095,87
575,3886,87
576,3782,86
577,4194,86
578,3859,86
579,3856,85
580,4019,86
581,3856,85
582,3844,85
583,4325,86
584,4121,85
585,4042,85
586,4406,85
587,3948,85
588,3879,84
589,4181,85
590,4307,84
591,3942,83
592,4126,84
593,3893,83
594,3717,83
595,3934,84
596,3932,84
597,3581,84
598,3849,85
599,4458,84
600,3824,84
1,690,1
2,383,1
3,302,1
4,637,2
5,434,2
6,435,2
7,506,3
8,500,3
9,389,3
10,508,4
11,409,4
12,427,4
13,700,5
14,543,5
15,530,5
16,733,6
17,518,6
18,497,6
19,627,7
20,643,7
21,519,7
22,816,8
23,566,8
24,550,8
25,724,9
26,670,9
27,607,9
28,916,10
29,617,10
30,716,10
31,774,11
32,749,11
33,642,11
34,968,12
35,767,12
36,789,12
37,880,13
38,800,13
39,809,13
40,888,14
41,750,14
42,734,14
43,1171,15
44,735,15
45,729,15
46,890,16
47,791,16
48,764,16
49,878,17
50,818,17
51,781,17
52,908,18
53,842,18
54,1189,18
55,945,19
56,836,19
57,853,19
58,924,20
59,932,20
60,868,20
61,966,21
62,931,21
63,923,21
64,1195,22
65,976,22
66,935,22
67,1150,23
68,1021,23
69,1049,23
70,1263,24
71,1093,24
72,1101,24
73,1279,25
74,1221,25
75,1138,25
76,1307,26
77,1353,26
78,1257,26
79,1370,27
80,1250,27
81,1229,27
82,1314,28
83,1237,28
84,1332,28
85,1335,29
86,1396,29
87,1499,29
88,1738,30
89,1558,30
90,1419,30
91,1576,31
92,1528,31
93,1312,31
94,1569,32
95,1441,32
96,1354,32
97,1646,33
98,1439,33
99,1478,33
100,1541,34
101,1522,34
102,1501,34
103,1675,35
104,1443,35
105,1573,35
106,1744,36
107,1640,36
108,1493,36
109,1750,37
110,1503,37
111,1537,37
112,1638,38
113,1804,38
114,1951,38
115,2094,39
116,1961,39
117,1760,39
118,2049,40
119,1747,40
120,1764,40
121,2218,41
122,2068,41
123,1943,41
124,1984,42
125,1826,42
126,1852,42
127,1899,43
128,2216,43
129,1870,43
130,1948,44
131,2211,44
132,2093,44
133,2095,45
134,2010,45
135,1836,45
136,2041,46
137,2044,46
138,2334,46
139,2500,47
140,2261,47
141,2279,47
142,2604,48
143,2160,48
144,2219,48
145,2473,49
146,2472,49
147,2331,49
148,2366,50
149,2630,50
150,2491,50
151,2613,51
152,2411,51
153,2674,51
154,2570,52
155,2625,52
156,2486,52
157,2503,53
158,2542,53
159,2608,53
160,2776,54
161,2897,54
162,2743,54
163,2845,55
164,2610,55
165,2520,55
166,3106,56
167,3151,56
168,2898,56
169,2893,57
170,2752,57
171,2649,57
172,2806,58
173,2631,58
174,3227,58
175,3035,59
176,2694,59
177,3091,59
178,2953,60
179,2788,60
180,3253,60
181,2890,61
182,2727,61
183,2678,61
184,2925,62
185,2719,62
186,2690,62
187,2777,63
188,2921,63
189,2718,63
190,2790,64
191,3051,64
192,2888,64
193,3176,65
194,3066,65
195,3078,65
196,3231,66
197,3106,66
198,3144,66
199,3217,67
200,3133,67
201,3373,67
202,3369,68
203,3506,68
204,4321,68
205,4058,69
206,4453,69
207,4124,69
208,3752,70
209,3307,70
210,3368,70
211,3571,71
212,3671,71
213,3219,71
214,3488,72
215,3828,72
216,3218,72
217,3389,73
218,3384,73
219,3283,73
220,3302,74
221,3706,74
222,3414,74
223,3473,75
224,3488,75
225,3536,75
226,3747,76
227,3727,76
228,3459,76
229,3551,77
230,4021,77
231,3717,77
232,3589,78
233,3577,78
234,3510,78
235,4100,79
236,3573,79
237,3570,79
238,3623,80
239,3529,80
240,3541,80
241,3962,81
242,3519,81
243,3514,81
244,3709,82
245,3451,82
246,3555,82
247,3741,83
248,3574,83
249,3665,82
250,3648,83
251,3528,83
252,3681,82
253,3920,83
254,3928,83
255,3602,83
256,3795,84
257,3856,83
258,3957,83
259,3761,84
260,3815,84
261,3846,83
262,4421,84
263,4620,84
264,4687,83
265,4913,84
266,4631,84
267,4984,83
268,4187,84
269,3918,83
270,3811,83
271,4424,84
272,4009,83
273,3936,83
274,4490,83
275,4108,83
276,4678,83
277,4350,84
278,4770,84
279,4433,84
280,4331,84
281,10452,84
282,5591,83
283,5823,84
284,5458,84
285,5131,84
286,4733,85
287,4984,85
288,5624,85
289,5555,86
290,5488,86
291,4698,86
292,5377,87
293,4482,86
294,6743,86
295,6272,87
296,4817,87
297,5129,87
298,5738,88
299,5578,87
300,8041,87
301,6215,88
302,4791,88
303,10695,88
304,8204,89
305,8422,89
306,9658,89
307,5155,90
308,5534,90
309,5684,90
310,5545,90
311,4447,90
312,4297,89
313,4432,90
314,6251,89
315,4763,89
316,4579,89
317,4438,89
318,4697,88
319,4447,88
320,3963,88
321,4085,87
322,4134,88
323,4218,87
324,4158,86
325,4074,87
326,4143,86
327,3982,86
328,4136,87
329,3994,87
330,4457,87
331,4653,88
332,4722,88
333,4143,88
334,4511,89
335,4286,89
336,4265,89
337,4808,90
338,4360,89
339,4098,88
340,4112,89
341,4071,88
342,3931,88
343,4316,88
344,3960,88
345,3815,87
346,4054,88
347,3831,87
348,4095,86
349,4200,87
350,4021,86
351,3870,86
352,4025,87
353,4105,87
354,3984,87
355,4546,88
356,4084,88
357,4281,88
358,4481,89
359,4228,89
360,4208,89
361,4425,89
362,3882,89
363,4008,88
364,3968,89
365,3950,88
366,3855,88
367,4050,88
368,4026,88
369,3951,87
370,4202,88
371,3905,88
372,4013,88
373,4264,89
374,4212,89
375,4249,89
376,4414,90
377,4349,90
378,4075,90
379,4334,91
380,4134,91
381,4070,91
382,4382,92
383,4191,92
384,4335,92
385,4848,93
386,4623,93
387,4173,92
388,4339,93
389,4282,92
390,4048,91
391,4408,92
392,4040,91
393,4571,91
394,4328,91
395,4192,90
396,4266,90
397,4251,90
398,4309,90
399,4338,89
400,4616,90
401,4062,89
402,4106,88
403,4411,89
404,4539,88
405,4604,88
406,4270,88
407,4294,87
408,4516,87
409,4320,87
410,4386,87
411,4234,86
412,4367,87
413,4254,86
414,4694,86
415,5454,86
416,5030,86
417,4521,85
418,4521,86
419,4496,86
420,4564,86
421,4356,87
422,5105,87
423,4371,87
424,4895,88
425,4733,88
426,4052,88
427,5222,89
428,5231,89
429,5475,89
430,4823,90
431,5089,89
432,4343,89
433,4511,89
434,4667,89
435,4765,88
436,4568,89
437,5290,88
438,4369,88
439,4422,88
440,4099,87
441,4088,87
442,4341,87
443,4024,87
444,4153,86
445,4159,86
446,3956,86
447,3879,85
448,3894,86
449,3818,85
450,3817,85
451,3987,85
452,3798,85
453,3648,85
454,3870,85
455,3809,84
456,3726,84
457,3829,85
458,4117,84
459,3811,84
460,3841,84
461,4250,84
462,4073,83
463,3915,84
464,3856,83
465,3775,83
466,3880,84
467,4343,84
468,3733,83
469,3995,84
470,4028,83
471,3946,83
472,4248,84
473,4057,84
474,4226,84
475,4185,84
476,4214,84
477,4111,83
478,4701,84
479,3959,84
480,4061,84
481,4119,85
482,3930,85
483,4058,85
484,4092,85
485,3973,85
486,3755,84
487,4096,85
488,3767,84
489,3915,83
490,4021,84
491,4017,84
492,4356,84
493,4365,85
494,4191,85
495,4174,85
496,4211,86
497,4386,86
498,4030,86
499,4297,87
500,3917,87
501,4002,87
502,4201,88
503,4216,88
504,3650,87
505,4004,88
506,3897,88
507,4061,87
508,4029,88
509,4114,87
510,3951,87
511,4182,87
512,3860,87
513,3977,87
514,4100,88
515,4105,88
516,4044,88
517,4859,89
518,4109,89
519,4181,89
520,4105,90
521,4106,90
522,4177,90
523,4833,91
524,4611,91
525,4765,91
526,4662,92
527,4697,92
528,4586,92
529,4620,92
530,4117,92
531,4289,91
532,4192,91
533,4027,91
534,4292,90
535,4235,91
536,3967,90
537,4237,90
538,4194,90
539,4011,89
540,4462,89
541,4279,89
542,4507,89
543,4984,88
544,4550,88
545,4958,88
546,4864,87
547,4540,88
548,5097,87
549,4751,87
550,4653,87
551,5322,86
552,5527,86
553,5770,86
554,4690,86
555,4554,85
556,4215,85
557,4075,85
558,4170,84
559,4087,85
560,5081,84
561,4911,84
562,4608,85
563,4514,84
564,4447,84
565,4490,85
566,4481,84
567,4036,84
568,4271,84
569,3959,84
570,4002,83
571,4398,84
572,4053,84
573,4129,84
574,4275,85
575,4092,85
576,4518,85
577,4364,85
578,4202,85
579,4401,85
580,5556,86
581,4331,86
582,3841,85
583,4301,86
584,4179,85
585,4033,85
586,3958,85
587,4011,85
588,3803,84
589,4762,84
590,4232,84
591,4103,83
592,4524,84
593,4253,83
594,3957,83
595,4262,84
596,4595,84
597,5010,84
598,4950,84
599,4805,84
600,4384,84
601,4356,84
602,4029,84
603,3867,83
604,4170,84
605,4010,84
606,3806,84
607,4006,85
608,3934,85
609,4113,85
610,4247,86
611,3863,86
612,3936,86
613,4193,87
614,4337,87
615,4778,86
616,4296,86
617,3977,86
618,3831,85
619,4311,86
620,4467,85
621,4111,85
622,4446,85
623,3875,85
624,3774,84
625,4101,84
626,4056,84
627,4186,83
628,4305,84
629,4481,84
630,4321,83
631,4351,84
632,4115,83
633,3807,83
634,4332,83
635,3704,83
636,3777,83
637,3980,83
638,4518,83
639,4290,83
640,4560,83
641,4860,83
642,4274,83
643,4584,83
644,4314,83
645,4273,83
646,4257,83
647,4318,83
648,4274,83
649,4474,84
650,4382,84
651,4074,84
652,3990,85
653,4440,84
654,3961,84
655,4195,84
656,3901,83
657,3914,83
658,3959,84
659,4081,84
660,3944,84
661,4027,85
662,3897,84
663,3925,84
664,4231,84
665,3907,84
666,3886,84
667,4160,85
668,3924,85
669,3859,84
670,4205,85
671,4013,84
672,4015,84
673,4219,84
674,3855,84
675,4126,84
676,4008,85
677,4069,85
678,4326,85
679,4602,86
680,4091,86
681,3987,86
682,4378,87
683,3784,87
684,3752,87
685,4436,88
686,3822,87
687,6201,87
688,4568,87
689,4764,87
690,4345,86
691,4274,87
692,4157,87
693,4443,86
694,4184,87
695,5435,87
696,4592,87
697,4414,88
698,5045,88
699,4487,88
700,4246,89
701,4362,89
702,4127,89
703,4403,90
704,4053,90
705,4041,90
706,4130,91
707,4010,90
708,4064,90
709,4344,90
710,4014,90
711,3999,89
712,3974,90
713,4033,89
714,4019,88
715,4180,89
716,4251,88
717,4176,88
718,4156,88
719,4917,88
720,4185,87
721,4474,87
722,4252,87
723,4052,86
724,3961,87
725,3990,86
726,4560,85
727,4305,86
728,3942,85
729,4785,85
730,4926,85
731,4884,85
732,4848,84
733,4431,84
734,4480,84
735,4685,83
736,4666,84
737,4297,84
738,4506,83
739,5128,84
740,4675,84
741,4565,83
742,4220,84
743,3929,84
744,3901,84
745,4508,85
746,4067,85
747,4715,85
748,4587,86
749,4221,85
750,4318,85
751,6793,85
752,4523,84
753,4154,84
754,4073,84
755,4253,84
756,4322,84
757,5392,84
758,8978,84
759,5256,83
760,5675,84
761,6241,84
762,5394,84
763,8657,85
764,5752,85
765,6204,84
766,6070,85
767,5271,84
768,6818,84
769,5803,84
770,4281,84
771,4106,83
772,4756,84
773,4368,84
774,4623,84
775,5440,84
776,4277,84
777,4358,84
778,4632,84
779,4354,83
780,4213,83
781,5359,84
782,4566,84
783,4648,84
784,4655,84
785,4955,84
786,5514,84
787,5049,85
788,4641,85
789,4590,85
790,5767,86
791,4904,86
792,5042,86
793,5052,87
794,6467,87
795,5092,87
796,5145,88
797,4900,88
798,4850,88
799,5020,89
800,5268,89
1,859,1
2,468,1
3,480,1
4,858,2
5,423,2
6,331,2
7,479,3
8,390,3
9,395,3
10,529,4
11,499,4
12,504,4
13,592,5
14,548,5
15,518,5
16,619,6
17,508,6
18,497,6
19,659,7
20,582,7
21,514,7
22,732,8
23,553,8
24,536,8
25,708,9
26,884,9
27,665,9
28,692,10
29,613,10
30,663,10
31,828,11
32,694,11
33,675,11
34,726,12
35,666,12
36,919,12
37,993,13
38,766,13
39,1684,13
40,892,14
41,776,14
42,729,14
43,1128,15
44,814,15
45,797,15
46,1267,16
47,807,16
48,756,16
49,957,17
50,867,17
51,921,17
52,921,18
53,901,18
54,856,18
55,1014,19
56,1333,19
57,1021,19
58,1053,20
59,932,20
60,895,20
61,1066,21
62,920,21
63,851,21
64,983,22
65,1112,22
66,925,22
67,1080,23
68,978,23
69,963,23
70,1115,24
71,967,24
72,1004,24
73,1432,25
74,1344,25
75,1214,25
76,1309,26
77,1439,26
78,1234,26
79,1393,27
80,1195,27
81,1279,27
82,1294,28
83,1189,28
84,1282,28
85,1362,29
86,1254,29
87,1498,29
88,1685,30
89,1753,30
90,1478,30
91,1544,31
92,1431,31
93,1350,31
94,1481,32
95,1621,32
96,1751,32
97,1940,33
98,2126,33
99,2139,33
100,2016,34
101,1872,34
102,1894,34
103,2269,35
104,3337,35
105,2075,35
106,1936,36
107,2385,36
108,2060,36
109,2130,37
110,1783,37
111,1909,37
112,2049,38
113,1961,38
114,2050,38
115,3522,39
116,2336,39
117,2941,39
118,2932,40
119,2284,40
120,2500,40
121,2475,41
122,2304,41
123,2312,41
124,3188,42
125,2864,42
126,2590,42
127,2635,43
128,2489,43
129,3065,43
130,3415,44
131,2752,44
132,2499,44
133,2950,45
134,2854,45
135,3320,45
136,3233,46
137,2887,46
138,2790,46
139,2795,47
140,2685,47
141,2548,47
142,3108,48
143,2918,48
144,3324,48
145,2784,49
146,3132,49
147,2948,49
148,3123,50
149,3387,50
150,2948,50
151,3118,51
152,3541,51
153,3190,51
154,3362,52
155,3472,52
156,3767,52
157,3365,53
158,3287,53
159,3324,53
160,4152,54
161,3218,54
162,3388,54
163,3214,55
164,3356,55
165,3144,55
166,3865,56
167,3452,56
168,3419,56
169,3666,57
170,3889,57
171,3579,57
172,3439,58
173,3414,58
174,3340,58
175,3179,59
176,2973,59
177,2695,59
178,2926,60
179,3314,60
180,3604,60
181,4537,61
182,3956,61
183,4106,61
184,3710,62
185,3791,62
186,3518,62
187,4098,63
188,3471,63
189,3328,63
190,3136,64
191,3244,64
192,4138,64
193,3335,65
194,3047,65
195,3191,65
196,3348,66
197,3286,66
198,3276,66
199,3295,67
200,3324,67
201,3189,67
202,3452,68
203,3341,68
204,3211,68
205,3414,69
206,3368,69
207,3420,69
208,3524,70
209,3268,70
210,3642,70
211,3628,71
212,3655,71
213,3974,71
214,3798,72
215,3372,72
216,3526,72
217,3653,73
218,3465,73
219,3662,73
220,3467,74
221,3519,74
222,3795,74
223,3858,75
224,3614,75
225,3664,75
226,3627,76
227,3537,76
228,3526,76
229,3558,77
230,3845,77
231,3645,77
232,3633,78
233,3879,78
234,3531,78
235,3676,79
236,4138,79
237,4011,79
238,4722,80
239,4610,80
240,4207,80
241,4394,81
242,4016,81
243,3747,81
244,3686,82
245,3553,82
246,4249,82
247,3901,83
248,3816,83
249,3766,83
250,3970,84
251,4113,84
252,3703,84
253,3990,85
254,4222,85
255,3972,84
256,4720,85
257,4571,84
258,4402,84
259,4461,84
260,4101,84
261,3908,83
262,4015,84
263,4354,84
264,11866,84
265,4532,84
266,4116,84
267,3958,84
268,3906,85
269,4272,84
270,4073,84
271,4494,84
272,4010,84
273,4218,83
274,6516,84
275,4261,84
276,4711,84
277,4413,85
278,4274,85
279,3834,85
280,4556,86
281,4848,85
282,4484,85
283,4720,85
284,4015,85
285,4255,84
286,4292,85
287,3904,84
288,4022,84
289,4381,84
290,4111,84
291,4505,84
292,4551,85
293,4528,85
294,3886,85
295,4168,85
296,3869,85
297,4207,84
298,4004,85
299,3998,84
300,4070,84
301,4338,84
302,4122,84
303,4171,83
304,4588,84
305,4235,83
306,4773,83
307,4653,84
308,4578,84
309,5411,84
310,5415,84
311,5605,84
312,5332,83
313,4658,84
314,4211,83
315,3991,83
316,4238,83
317,4270,83
318,3913,83
319,4332,84
320,4718,84
321,5387,83
322,4897,84
323,4101,83
324,3829,83
325,3965,83
326,4500,83
327,5165,83
328,5011,83
329,4896,83
330,4931,83
331,5323,83
332,5071,83
333,5225,83
334,5165,83
335,4570,83
336,4611,83
337,4463,83
338,5051,83
339,4717,83
340,4823,84
341,4606,84
342,4730,84
343,5024,85
344,4669,85
345,4716,85
346,5346,86
347,4155,86
348,4344,86
349,4847,87
350,4333,87
351,4441,86
352,4668,87
353,4563,86
354,4132,85
355,4119,86
356,3967,85
357,4072,85
358,4246,85
359,4452,85
360,4498,84
361,4578,85
362,4324,84
363,4166,84
364,4804,85
365,4831,85
366,4982,85
367,4351,86
368,3984,86
369,4090,85
370,4293,86
371,4064,85
372,4058,85
373,4375,86
374,4102,86
375,4679,85
376,4471,86
377,4107,85
378,4273,85
379,4296,85
380,4211,85
381,4251,84
382,4095,85
383,4023,84
384,3887,84
385,4056,84
386,3963,84
387,4303,84
388,4295,85
389,4196,84
390,4224,84
391,4778,84
392,4195,84
393,4252,84
394,4110,85
395,4173,84
396,4567,84
397,4546,84
398,4158,84
399,4105,84
400,4096,85
401,5111,84
402,4255,84
403,4501,84
404,4346,84
405,4575,83
406,4709,84
407,4691,84
408,4780,84
409,4586,85
410,3995,85
411,3847,85
412,4290,86
413,4225,85
414,4023,85
415,4133,86
416,4481,86
417,3995,86
418,4168,87
419,4494,87
420,4124,87
421,4362,88
422,4322,88
423,4344,88
424,4522,89
425,4389,88
426,4288,88
427,4481,88
428,9800,88
429,8278,87
430,5690,88
431,6889,88
432,4638,88
433,4631,89
434,4812,88
435,4508,88
436,4661,88
437,4096,88
438,3882,87
439,4020,88
440,4071,87
441,4203,86
442,4170,87
443,4083,86
444,4048,86
445,4391,86
446,4403,86
447,4387,85
448,4341,85
449,4112,85
450,4268,84
451,4678,85
452,4921,84
453,4752,84
454,4465,85
455,4407,85
456,4097,85
457,4538,85
458,4497,85
459,4545,84
460,4359,85
461,4445,84
462,4176,83
463,4258,84
464,4363,83
465,4392,83
466,4372,84
467,4216,83
468,3812,83
469,3901,84
470,4136,84
471,4100,84
472,4922,84
473,4000,84
474,4848,84
475,4687,85
476,4700,85
477,4234,85
478,4539,85
479,4157,85
480,4410,84
481,4613,85
482,4331,84
483,4159,84
484,4448,84
485,4201,84
486,4145,83
487,4227,84
488,4385,83
489,4063,83
490,4513,84
491,4325,84
492,4726,84
493,4169,85
494,4212,85
495,4088,85
496,4435,85
497,3997,85
498,4536,84
499,4165,85
500,4097,84
501,4444,84
502,4226,84
503,3921,84
504,4111,84
505,4625,85
506,4315,85
507,4695,85
508,4841,85
509,4020,85
510,3992,84
511,4054,85
512,4568,84
513,4436,84
514,4703,85
515,4476,85
516,4709,85
517,4532,86
518,4553,85
519,4485,85
520,4891,85
521,4433,85
522,4320,84
523,4500,85
524,4680,84
525,4051,84
526,4890,85
527,4143,85
528,4543,85
529,4168,86
530,4231,86
531,4001,85
532,4122,86
533,4334,85
534,4373,85
535,4565,85
536,3912,84
537,3910,84
538,4145,84
539,3887,84
540,3934,83
541,4158,84
542,5162,84
543,3993,84
544,4304,85
545,4139,85
546,4194,85
547,4126,86
548,4570,85
549,4472,85
550,5306,86
551,4150,86
552,3955,86
553,4242,87
554,4212,87
555,4206,87
556,4537,88
557,4332,88
558,4404,88
559,5010,88
560,4348,88
561,4266,87
562,4474,87
563,4370,87
564,4393,86
565,4490,87
566,4449,86
567,4305,86
568,4986,86
569,4520,85
570,4626,85
571,4650,85
572,4099,85
573,4474,84
574,4245,85
575,4035,84
576,4347,83
577,4389,84
578,4379,84
579,3979,84
580,4416,85
581,4081,84
582,4710,84
583,4450,84
584,4409,84
585,4649,83
586,4656,84
587,5159,83
588,4630,83
589,5580,84
590,4859,84
591,4253,84
592,4582,85
593,4917,85
594,4759,85
595,5237,86
596,5306,86
597,5251,86
598,5689,87
599,4589,87
600,5154,87
601,5362,88
602,5094,87
603,4697,87
604,4460,87
605,4837,87
606,5142,87
607,4721,87
608,4818,87
609,4375,86
610,4209,87
611,3923,87
612,4100,87
613,4373,88
614,4476,88
615,3925,88
616,4360,89
617,4361,89
618,4086,89
619,4226,90
620,4122,90
621,4406,90
622,4577,91
623,4368,91
624,4801,90
625,4396,91
626,4078,90
627,4135,89
628,4047,90
629,4243,89
630,4210,89
631,4573,89
632,4263,89
633,3931,88
634,3962,88
635,4095,88
636,4331,87
637,4426,88
638,3847,87
639,3959,87
640,4092,87
641,3835,86
642,3835,86
643,4175,86
644,3906,86
645,4463,85
646,4303,85
647,3921,85
648,4099,84
649,3958,85
650,4129,84
651,3694,84
652,3896,84
653,3730,84
654,4014,84
655,4022,84
656,3873,84
657,3841,84
658,4068,84
659,3912,84
660,3851,84
661,3922,84
662,4114,84
663,3798,83
664,4304,84
665,4171,84
666,3888,84
667,4589,85
668,4179,85
669,4005,84
670,4055,85
671,3878,84
672,4093,84
673,4729,84
674,3797,84
675,3858,84
676,4658,85
677,4098,84
678,3982,84
679,3996,84
680,3985,84
681,4038,83
682,4690,84
683,4161,83
684,4180,83
685,3934,83
686,4001,83
687,4220,83
688,4110,84
689,3846,84
690,4184,84
691,5053,85
692,4540,84
693,4528,84
694,4513,85
695,4584,85
696,4346,85
697,4321,86
698,4024,86
699,3782,86
700,3992,87
701,3934,87
702,4018,86
703,4005,87
704,4334,87
705,3975,87
706,4038,87
707,4139,87
708,4166,87
709,4575,88
710,4341,88
711,4181,88
712,4320,89
713,3955,89
714,3942,88
715,4240,89
716,4327,89
717,3908,89
718,4261,90
719,4141,90
720,3956,90
721,4140,91
722,4351,91
723,4004,91
724,4250,91
725,4438,90
726,4275,90
727,5047,90
728,4727,90
729,4272,89
730,4362,90
731,4310,89
732,4188,88
733,4317,89
734,4165,88
735,4174,88
736,4512,88
737,4032,88
738,4001,87
739,4315,87
740,4260,87
741,4592,86
742,5170,87
743,4920,86
744,4527,85
745,4459,86
746,4233,85
747,3886,85
748,4092,85
749,3980,85
750,3973,84
751,4228,85
752,4784,84
753,4376,83
754,4417,84
755,4314,84
756,4350,84
757,4374,84
758,4548,84
759,4188,84
760,5384,85
761,4528,85
762,4216,84
763,4234,85
764,4158,84
765,3826,84
766,4442,84
767,3824,84
768,3866,83
769,4211,84
770,4816,83
771,4219,83
772,5007,83
773,4573,83
774,3979,83
775,4054,84
776,3993,83
777,4245,83
778,4434,83
779,4157,83
780,4236,83
781,4543,83
782,3925,83
783,4227,83
784,4040,84
785,3950,83
786,3942,83
787,4170,83
788,4334,83
789,4755,83
790,4515,84
791,4264,84
792,4032,84
793,4101,85
794,4343,85
795,3915,85
796,4599,85
797,4077,85
798,4330,84
799,4313,85
800,4859,84
1,886,1
2,468,1
3,366,1
4,568,2
5,415,2
6,343,2
7,458,3
8,396,3
9,381,3
10,531,4
11,415,4
12,396,4
13,598,5
14,478,5
15,460,5
16,601,6
17,542,6
18,497,6
19,625,7
20,534,7
21,516,7
22,700,8
23,654,8
24,654,8
25,766,9
26,718,9
27,551,9
28,842,10
29,699,10
30,914,10
31,790,11
32,770,11
33,868,11
34,910,12
35,1111,12
36,763,12
37,1081,13
38,793,13
39,697,13
40,1008,14
41,806,14
42,820,14
43,921,15
44,882,15
45,912,15
46,1322,16
47,999,16
48,891,16
49,1227,17
50,987,17
51,962,17
52,1069,18
53,989,18
54,916,18
55,1227,19
56,952,19
57,1125,19
58,1499,20
59,1176,20
60,1002,20
61,1200,21
62,1127,21
63,997,21
64,1026,22
65,1057,22
66,1090,22
67,1184,23
68,1203,23
69,1294,23
70,1239,24
71,1169,24
72,1074,24
73,1194,25
74,1227,25
75,1224,25
76,1323,26
77,1202,26
78,1059,26
79,1290,27
80,1159,27
81,1241,27
82,1626,28
83,1304,28
84,1288,28
85,1385,29
86,1392,29
87,1350,29
88,1476,30
89,1799,30
90,1433,30
91,1918,31
92,1539,31
93,1503,31
94,1733,32
95,1504,32
96,1575,32
97,1591,33
98,1553,33
99,1544,33
100,1827,34
101,1547,34
102,1613,34
103,1514,35
104,1509,35
105,1499,35
106,1667,36
107,1522,36
108,1593,36
109,1589,37
110,1660,37
111,1602,37
112,1720,38
113,1928,38
114,1728,38
115,1756,39
116,1667,39
117,1586,39
118,1817,40
119,1718,40
120,1803,40
121,1915,41
122,1757,41
123,1993,41
124,2014,42
125,1794,42
126,1798,42
127,1926,43
128,1906,43
129,1869,43
130,2006,44
131,1921,44
132,1787,44
133,1952,45
134,2699,45
135,1924,45
136,2101,46
137,2034,46
138,2026,46
139,2900,47
140,2288,47
141,2140,47
142,2365,48
143,2263,48
144,2121,48
145,2319,49
146,2167,49
147,2180,49
148,2360,50
149,2346,50
150,2268,50
151,2433,51
152,2597,51
153,2494,51
154,2548,52
155,2494,52
156,2720,52
157,3006,53
158,2697,53
159,2863,53
160,3034,54
161,3271,54
162,3618,54
163,3213,55
164,3181,55
165,3510,55
166,3358,56
167,4337,56
168,3686,56
169,4904,57
170,3963,57
171,3641,57
172,3677,58
173,3193,58
174,3135,58
175,3132,59
176,3049,59
177,3710,59
178,3097,60
179,3176,60
180,3398,60
181,3405,61
182,3242,61
183,4448,61
184,3706,62
185,3200,62
186,3173,62
187,3541,63
188,5456,63
189,3634,63
190,3510,64
191,3499,64
192,3242,64
193,3383,65
194,3242,65
195,3453,65
196,3465,66
197,3751,66
198,3495,66
199,3333,67
200,3473,67
201,3255,67
202,3708,68
203,3788,68
204,3473,68
205,3619,69
206,3376,69
207,3267,69
208,3226,70
209,3150,70
210,3259,70
211,3322,71
212,3524,71
213,3510,71
214,3945,72
215,4163,72
216,3762,72
217,3752,73
218,3688,73
219,3792,73
220,3758,74
221,3841,74
222,4285,74
223,4002,75
224,4439,75
225,3911,75
226,3834,76
227,3821,76
228,3690,76
229,4094,77
230,4143,77
231,3875,77
232,3840,78
233,3944,78
234,3820,78
235,3931,79
236,4372,79
237,4177,79
238,3873,80
239,4024,80
240,3944,80
241,4107,81
242,3928,81
243,3945,81
244,3990,82
245,3808,82
246,3704,82
247,4713,83
248,4212,83
249,3880,83
250,3854,84
251,3893,84
252,3943,84
253,4190,85
254,4296,85
255,3902,85
256,4320,86
257,3869,86
258,3751,86
259,4342,87
260,3794,87
261,3999,86
262,4199,87
263,4173,86
264,3879,86
265,4740,87
266,4217,87
267,4117,87
268,5134,87
269,4252,87
270,4106,87
271,4215,88
272,4120,88
273,4106,88
274,4298,89
275,4635,89
276,4507,89
277,4479,90
278,4250,90
279,3994,90
280,4283,91
281,4206,90
282,4977,90
283,4662,90
284,4408,90
285,4340,89
286,4674,90
287,4871,89
288,4350,88
289,4492,89
290,4292,88
291,3959,88
292,3954,88
293,4187,88
294,3902,87
295,4001,87
296,3919,87
297,3980,86
298,4346,87
299,4343,86
300,4298,85
301,4606,86
302,4472,85
303,3926,85
304,4601,85
305,4438,85
306,4359,84
307,4391,85
308,4249,85
309,4577,85
310,4424,86
311,4800,86
312,4282,86
313,4071,87
314,4086,86
315,3986,86
316,4148,87
317,3857,87
318,3924,87
319,4884,87
320,4437,87
321,4342,86
322,4713,87
323,4329,87
324,4218,87
325,4547,88
326,4389,88
327,4241,88
328,4092,89
329,3887,89
330,5169,89
331,5169,90
332,4744,90
333,4349,90
334,5195,90
335,4415,90
336,4774,89
337,5042,90
338,4790,89
339,4645,89
340,4608,89
341,4424,88
342,4417,88
343,4621,88
344,4381,88
345,4166,87
346,4542,88
347,4756,87
348,4179,86
349,4205,87
350,4669,86
351,4609,86
352,4531,86
353,4128,85
354,4074,85
355,4518,85
356,4365,85
357,4346,84
358,4373,85
359,4060,84
360,4203,84
361,4301,84
362,4116,84
363,4006,83
364,4951,84
365,5154,83
366,4319,83
367,4329,83
368,4439,83
369,3971,83
370,4665,83
371,4148,83
372,4014,83
373,4125,83
374,3936,83
375,3862,83
376,4313,84
377,4352,84
378,4823,83
379,4197,84
380,3741,83
381,3926,83
382,4589,84
383,4466,84
384,4759,84
385,4049,85
386,4085,85
387,4113,85
388,4147,86
389,3874,85
390,4034,85
391,4357,85
392,4313,85
393,4093,84
394,4365,84
395,4363,84
396,4074,83
397,4391,84
398,4352,83
399,5102,83
400,4946,84
401,4350,84
402,4401,83
403,4897,84
404,4772,84
405,4686,84
406,5131,85
407,5567,85
408,4823,85
409,5027,86
410,5084,86
411,4947,86
412,4985,86
413,4440,86
414,4267,85
415,4899,86
416,5162,85
417,4474,85
418,5752,85
419,4746,84
420,4560,84
421,4609,84
422,4154,84
423,4261,83
424,4353,84
425,3915,84
426,3746,84
427,4356,85
428,4263,85
429,4827,85
430,4727,86
431,4658,85
432,4625,85
433,5393,85
434,4546,85
435,4158,84
436,4414,85
437,4317,85
438,3901,85
439,4283,85
440,4306,85
441,4979,84
442,4355,85
443,4828,84
444,4236,84
445,4241,85
446,3969,84
447,7337,84
448,4924,85
449,4732,85
450,4063,85
451,4381,86
452,3964,85
453,4231,85
454,4531,85
455,4293,85
456,4229,84
457,4145,84
458,4636,84
459,4842,83
460,4687,84
461,4972,84
462,4429,84
463,9419,85
464,7113,84
465,6044,84
466,5832,84
467,5239,84
468,4591,83
469,4115,84
470,4637,83
471,4223,83
472,4091,83
473,3808,83
474,3871,83
475,4088,83
476,4325,83
477,4480,83
478,4228,84
479,4188,84
480,4166,84
481,4158,84
482,3925,84
483,3832,83
484,4264,84
485,4109,83
486,4055,83
487,4250,83
488,3986,83
489,3987,83
490,4210,84
491,4207,84
492,3848,84
493,4006,85
494,4117,85
495,4219,84
496,4110,85
497,4247,84
498,4024,84
499,3839,84
500,3934,84
501,4062,83
502,5373,84
503,4634,84
504,4331,84
505,4461,85
506,4254,85
507,4248,85
508,4308,86
509,4976,86
510,5338,85
511,5516,86
512,4743,85
513,4674,85
514,4485,85
515,4307,84
516,4264,84
517,4261,84
518,4054,84
519,4033,84
520,4309,85
521,4059,85
522,4119,85
523,4715,86
524,4086,86
525,5187,85
526,4208,86
527,4324,86
528,4118,86
529,4547,87
530,3843,87
531,3977,87
532,4393,88
533,3905,88
534,4135,87
535,3995,88
536,4057,87
537,4161,87
538,4160,87
539,4753,87
540,4976,86
541,4466,86
542,4018,86
543,3941,85
544,4350,86
545,7112,85
546,4040,85
547,3929,85
548,4124,84
549,4002,84
550,3877,84
551,3753,84
552,3616,83
553,3916,84
554,3819,84
555,3992,84
556,4092,85
557,4116,85
558,4118,84
559,4278,85
560,4294,84
561,4043,84
562,4216,84
563,4504,84
564,4341,84
565,4450,84
566,3996,83
567,3861,83
568,4216,84
569,4300,83
570,4362,83
571,4339,83
572,4313,83
573,4798,83
574,4470,84
575,4058,84
576,4140,84
577,4118,85
578,4131,85
579,4247,85
580,4319,85
581,4059,85
582,4030,84
583,4095,85
584,4214,84
585,3968,83
586,4357,84
587,4068,83
588,3991,83
589,4186,84
590,4129,84
591,4543,84
592,4233,84
593,4256,84
594,4190,83
595,4656,84
596,4303,84
597,4163,84
598,3913,85
599,3872,85
600,3790,85
601,4198,85
602,3963,85
603,3900,84
604,3986,85
605,3914,84
606,3816,84
607,3905,84
608,3930,84
609,3838,83
610,4351,84
611,4208,83
612,4119,83
613,4177,83
614,4219,83
615,3669,83
616,4012,84
617,3729,83
618,3779,83
619,3846,83
620,3759,83
621,4087,83
622,3830,83
623,4327,83
624,4737,83
625,4468,83
626,4054,83
627,4004,83
628,4149,83
629,4224,83
630,4500,83
631,4033,83
632,3923,83
633,3846,83
634,3801,83
635,3881,83
636,3799,83
637,4200,83
638,3921,83
639,3974,83
640,3983,83
641,4085,83
642,3937,83
643,4137,83
644,4195,83
645,4349,83
646,4222,83
647,4319,83
648,4043,83
649,4306,83
650,4198,83
651,4192,83
652,4792,84
653,4386,84
654,4358,84
655,4382,85
656,4387,84
657,4397,84
658,4652,84
659,5214,84
660,5106,83
661,5105,84
662,4829,83
663,4727,83
664,5093,83
665,4518,83
666,5009,83
667,4791,84
668,5236,83
669,4929,83
670,5502,83
671,4281,83
672,4645,83
673,4554,83
674,4473,83
675,4675,83
676,5061,84
677,4850,84
678,4511,84
679,4544,84
680,4761,84
681,4604,83
682,4179,84
683,4334,83
684,4386,83
685,4356,83
686,4296,83
687,3853,83
688,4240,83
689,3977,83
690,4092,83
691,4039,83
692,3933,83
693,3910,83
694,4139,83
695,3934,83
696,4470,83
697,4403,84
698,4233,83
699,3819,83
700,4324,84
701,3987,84
702,4152,84
703,4350,85
704,4108,85
705,6131,84
706,4415,85
707,4190,84
708,4091,84
709,4483,85
710,4194,85
711,4132,85
712,4496,85
713,4718,85
714,4229,84
715,4653,85
716,4182,84
717,4183,84
718,4077,85
719,4116,85
720,4069,85
721,4176,86
722,3910,85
723,4419,85
724,4576,85
725,4560,85
726,4452,85
727,4445,86
728,4635,86
729,4384,86
730,4463,87
731,4233,87
732,4672,87
733,4277,87
734,4620,87
735,4169,86
736,4002,87
737,3999,86
738,3844,86
739,3859,87
740,4614,87
741,4067,87
742,4707,88
743,4094,88
744,4510,88
745,4321,89
746,4530,89
747,4376,89
748,4387,90
749,4269,90
750,4550,90
751,4591,91
752,4308,90
753,4427,90
754,4352,90
755,4002,90
756,4021,89
757,4035,90
758,4368,89
759,4357,88
760,4267,89
761,4300,88
762,4170,88
763,4288,88
764,3946,87
765,4053,87
766,4138,87
767,3840,87
768,3785,86
769,4022,86
770,4423,86
771,4193,86
772,3970,87
773,3879,87
774,3904,87
775,4195,88
776,4430,88
777,4170,87
778,4383,87
779,4219,87
780,4118,86
781,4369,87
782,4224,86
783,4878,86
784,4563,86
785,4590,86
786,4324,85
787,4589,86
788,4556,86
789,4232,86
790,4227,87
791,4072,87
792,3916,87
793,3963,87
794,3882,87
795,3764,86
796,4074,86
797,3899,86
798,3855,85
799,4319,86
800,4143,85
1,668,1
2,354,1
3,285,1
4,443,2
5,360,2
6,320,2
7,508,3
8,356,3
9,340,3
10,503,4
11,480,4
12,605,4
13,565,5
14,662,5
15,501,5
16,589,6
17,484,6
18,532,6
19,640,7
20,497,7
21,553,7
22,644,8
23,676,8
24,689,8
25,772,9
26,855,9
27,678,9
28,1144,10
29,1134,10
30,743,10
31,849,11
32,729,11
33,733,11
34,1027,12
35,802,12
36,693,12
37,855,13
38,778,13
39,863,13
40,947,14
41,869,14
42,785,14
43,1094,15
44,1067,15
45,832,15
46,1001,16
47,896,16
48,897,16
49,1009,17
50,890,17
51,888,17
52,1124,18
53,1258,18
54,1617,18
55,1282,19
56,1220,19
57,1062,19
58,1529,20
59,1226,20
60,1182,20
61,1250,21
62,1147,21
63,1019,21
64,1138,22
65,1222,22
66,1300,22
67,1132,23
68,1624,23
69,1056,23
70,1211,24
71,1276,24
72,1585,24
73,1305,25
74,1295,25
75,1339,25
76,1267,26
77,1274,26
78,1284,26
79,1299,27
80,1294,27
81,1236,27
82,1365,28
83,1822,28
84,1454,28
85,1614,29
86,1560,29
87,1381,29
88,1574,30
89,1648,30
90,1338,30
91,1494,31
92,1608,31
93,1345,31
94,1452,32
95,1589,32
96,1462,32
97,1653,33
98,1679,33
99,1606,33
100,2150,34
101,1792,34
102,1868,34
103,1712,35
104,1542,35
105,1612,35
106,1795,36
107,1628,36
108,1648,36
109,1793,37
110,1954,37
111,1857,37
112,1947,38
113,1884,38
114,1639,38
115,2268,39
116,1825,39
117,2033,39
118,2113,40
119,1966,40
120,1806,40
121,1926,41
122,2195,41
123,1889,41
124,2019,42
125,1963,42
126,2134,42
127,2068,43
128,2058,43
129,1936,43
130,1926,44
131,2436,44
132,2164,44
133,2559,45
134,2611,45
135,2192,45
136,2308,46
137,2237,46
138,2208,46
139,2261,47
140,2284,47
141,2368,47
142,2450,48
143,2289,48
144,2463,48
145,2177,49
146,2138,49
147,2134,49
148,2371,50
149,2287,50
150,2539,50
151,2715,51
152,2634,51
153,2478,51
154,2639,52
155,2611,52
156,2532,52
157,2604,53
158,2863,53
159,3255,53
160,3170,54
161,3151,54
162,2857,54
163,3470,55
164,3074,55
165,3020,55
166,3361,56
167,3792,56
168,3191,56
169,3638,57
170,3139,57
171,3121,57
172,3122,58
173,3147,58
174,3226,58
175,3066,59
176,3339,59
177,2923,59
178,2994,60
179,2660,60
180,3015,60
181,2855,61
182,2810,61
183,2984,61
184,3304,62
185,3545,62
186,3987,62
187,3619,63
188,3083,63
189,3854,63
190,3705,64
191,4269,64
192,4351,64
193,4211,65
194,4791,65
195,3932,65
196,3969,66
197,3871,66
198,3871,66
199,7561,67
200,4380,67
201,5618,67
202,5392,68
203,4578,68
204,4453,68
205,4129,69
206,3896,69
207,3828,69
208,4451,70
209,3777,70
210,3975,70
211,3821,71
212,3457,71
213,3856,71
214,3708,72
215,4031,72
216,4100,72
217,4808,73
218,5061,73
219,4329,73
220,4743,74
221,3824,74
222,3831,74
223,4342,75
224,3816,75
225,3531,75
226,4182,76
227,4145,76
228,4054,76
229,4252,77
230,4292,77
231,4327,77
232,4381,78
233,4690,78
234,4253,78
235,4309,79
236,4252,79
237,4285,79
238,4279,80
239,3991,80
240,3761,80
241,4338,81
242,4052,81
243,4148,81
244,4275,82
245,4343,82
246,4422,82
247,4633,83
248,4329,83
249,4006,82
250,4162,83
251,4200,83
252,3911,83
253,4087,83
254,3892,83
255,3803,83
256,3966,84
257,4130,84
258,4065,84
259,4420,85
260,3865,85
261,3787,85
262,4048,86
263,4014,86
264,3949,86
265,4073,86
266,4088,86
267,4528,85
268,4199,85
269,4397,85
270,3916,85
271,4194,86
272,4257,85
273,4666,85
274,4578,85
275,4444,85
276,4835,84
277,4553,85
278,4713,84
279,4481,84
280,4537,84
281,4101,84
282,3960,84
283,4296,85
284,4259,85
285,4250,85
286,4270,86
287,4097,85
288,4847,85
289,5140,86
290,5064,85
291,5586,85
292,5519,85
293,5556,85
294,5598,84
295,5260,85
296,5743,84
297,4656,83
298,4585,84
299,4370,83
300,4213,83
301,5553,84
302,4627,83
303,4246,83
304,4890,83
305,5650,83
306,4943,83
307,4450,84
308,5700,84
309,5061,84
310,4779,85
311,4268,85
312,4398,85
313,4223,86
314,4602,86
315,4134,86
316,4264,86
317,4080,86
318,4023,85
319,4040,85
320,4408,85
321,5062,84
322,4354,85
323,4007,85
324,4073,85
325,4554,86
326,4351,86
327,4712,86
328,4849,87
329,4124,87
330,4370,87
331,4491,88
332,4166,88
333,4334,88
334,3984,88
335,3976,88
336,4012,87
337,4239,88
338,4376,87
339,4096,87
340,4152,88
341,4012,88
342,3999,88
343,4009,89
344,3896,89
345,4484,89
346,4449,90
347,4375,90
348,4871,90
349,5185,91
350,4402,91
351,4229,90
352,4607,91
353,4491,90
354,4316,89
355,4477,90
356,4813,89
357,4573,89
358,4483,89
359,4642,89
360,4454,88
361,5317,88
362,4401,88
363,4070,87
364,4341,88
365,3867,87
366,3840,87
367,3875,87
368,3999,86
369,3916,86
370,4146,86
371,3701,86
372,3912,85
373,4119,86
374,3947,85
375,3703,84
376,4755,85
377,4328,84
378,4287,84
379,4239,84
380,4557,84
381,4144,83
382,4375,84
383,4124,83
384,3989,83
385,3954,84
386,4021,84
387,4999,84
388,4643,85
389,4439,85
390,4657,84
391,4716,85
392,4326,84
393,6621,84
394,9701,85
395,7326,84
396,5961,84
397,5687,84
398,4467,84
399,4867,83
400,4662,84
401,4180,83
402,4021,83
403,4097,84
404,4074,83
405,4725,83
406,4779,83
407,4139,83
408,4009,83
409,4684,83
410,4404,83
411,4378,83
412,4919,84
413,4481,84
414,4001,84
415,4324,84
416,4123,84
417,4602,84
418,4803,85
419,5518,85
420,4773,85
421,4492,85
422,4807,85
423,4402,84
424,4486,85
425,3992,84
426,4181,84
427,4190,84
428,4003,84
429,4065,83
430,4424,84
431,4248,84
432,4583,84
433,4289,84
434,4388,84
435,4224,83
436,4352,84
437,4529,84
438,4892,83
439,4387,84
440,4010,83
441,3764,83
442,3735,84
443,3939,84
444,3744,83
445,3892,84
446,4140,83
447,4053,83
448,4242,83
449,3819,83
450,4180,83
451,4022,83
452,4347,83
453,4672,83
454,4173,83
455,4611,83
456,3985,83
457,5452,83
458,4414,83
459,4241,83
460,4039,84
461,4600,83
462,4247,83
463,4345,84
464,4068,83
465,3750,83
466,3839,84
467,3739,83
468,4545,83
469,4731,84
470,4571,84
471,5021,83
472,5190,84
473,4824,83
474,4940,83
475,4732,84
476,4202,84
477,5500,84
478,6285,85
479,10036,85
480,5929,84
481,5011,85
482,4669,84
483,4358,84
484,4824,85
485,4820,85
486,5488,84
487,4861,85
488,4766,84
489,4550,84
490,4990,84
491,4230,84
492,3930,83
493,3964,84
494,3819,84
495,3927,84
496,4285,85
497,4269,85
498,4505,85
499,4509,86
500,3924,85
501,4373,85
502,4664,85
503,3984,85
504,3912,84
505,4141,84
506,4039,84
507,4110,83
508,4202,84
509,3944,83
510,3894,83
511,4121,84
512,3765,84
513,3957,83
514,3937,84
515,4191,84
516,3778,84
517,4026,85
518,4149,85
519,4111,84
520,4141,85
521,3920,85
522,4342,84
523,3906,85
524,4104,85
525,3772,85
526,3877,86
527,3873,86
528,3857,86
529,4058,86
530,4171,86
531,4189,85
532,4640,86
533,4294,85
534,4308,85
535,4524,85
536,4423,85
537,4161,84
538,4267,84
539,4316,84
540,4780,83
541,4380,84
542,4218,84
543,4118,84
544,4458,85
545,4000,85
546,4011,85
547,4256,85
548,4387,85
549,4112,84
550,4470,85
551,4607,84
552,4590,84
553,4320,85
554,4334,85
555,4118,85
556,4581,86
557,4174,86
558,4166,86
559,4086,87
560,3998,87
561,4608,87
562,4384,88
563,4113,88
564,4138,88
565,4363,89
566,4009,88
567,4591,88
568,4183,88
569,4629,88
570,5271,87
571,4700,87
572,4138,87
573,4112,86
574,4406,87
575,4354,87
576,4215,87
577,4210,88
578,4283,88
579,4223,88
580,4749,89
581,4344,89
582,4518,89
583,4768,89
584,4461,89
585,4646,88
586,4852,89
587,4309,89
588,4227,88
589,4377,89
590,4153,88
591,4133,88
592,4382,89
593,4213,89
594,4182,89
595,4321,90
596,4410,90
597,4335,90
598,4610,91
599,4482,91
600,4562,91
601,4791,92
602,4678,92
603,5295,92
604,4948,92
605,4421,92
606,4288,91
607,4447,91
608,4357,91
609,4645,90
610,4427,91
611,4211,90
612,4493,90
613,4379,90
614,4363,89
615,4570,89
616,4700,89
617,4816,89
618,4653,88
619,4491,88
620,4060,88
621,4044,87
622,4111,88
623,4274,87
624,3961,86
625,4155,87
626,4013,87
627,3834,87
628,3946,88
629,4120,87
630,4012,87
631,4128,87
632,4136,86
633,4506,86
634,4171,86
635,4053,86
636,4336,85
637,4096,86
638,4227,85
639,3871,85
640,4046,85
641,3854,85
642,4049,84
643,4390,85
644,3882,84
645,4188,84
646,4107,84
647,4291,83
648,4617,83
649,4447,84
650,4295,83
651,3943,83
652,4337,84
653,4219,83
654,4146,83
655,4466,83
656,4602,83
657,4554,83
658,4297,83
659,4058,83
660,3864,83
661,3958,83
662,3872,83
663,4613,83
664,5088,84
665,5406,84
666,4841,84
667,4416,85
668,4071,85
669,4416,85
670,4622,86
671,4661,86
672,4559,86
673,4656,87
674,4182,87
675,4043,87
676,4532,88
677,3979,88
678,4092,88
679,4043,88
680,4090,88
681,3948,88
682,4091,88
683,4414,88
684,4720,87
685,4548,88
686,4337,88
687,4068,88
688,4547,89
689,3972,89
690,3869,89
691,4038,90
692,4037,90
693,4106,89
694,4429,90
695,4471,90
696,4409,90
697,4770,91
698,4779,91
699,4635,91
700,4794,92
701,4357,92
702,5723,92
703,4873,93
704,4457,93
705,4661,93
706,4734,94
707,4601,94
708,4533,94
709,4667,94
710,4460,93
711,4297,93
712,4484,93
713,4215,93
714,4357,92
715,4469,92
716,4446,92
717,5122,91
718,4684,92
719,4689,92
720,5008,92
721,4864,93
722,5083,93
723,4925,92
724,5224,93
725,4648,92
726,4114,92
727,4262,92
728,4150,91
729,5002,91
730,5175,91
731,4719,91
732,4777,90
733,5435,90
734,4889,90
735,5712,89
736,4769,90
737,4963,89
738,4588,88
739,5256,89
740,4670,88
741,4393,88
742,5240,88
743,5252,88
744,5044,87
745,5945,87
746,4663,87
747,4326,86
748,4537,87
749,3992,86
750,4274,85
751,4357,86
752,4183,85
753,4219,85
754,4323,85
755,3995,84
756,4203,84
757,4584,84
758,3945,84
759,3910,83
760,4099,84
761,3931,83
762,3973,83
763,4752,84
764,4227,84
765,4604,84
766,4297,85
767,4907,85
768,4338,85
769,4454,86
770,4740,86
771,4524,85
772,4500,85
773,4560,85
774,4472,84
775,4744,85
776,6375,84
777,4774,84
778,5017,84
779,4595,84
780,4204,83
781,4647,84
782,4900,83
783,4215,83
784,4365,83
785,4452,83
786,4936,83
787,4635,83
788,4209,83
789,4001,83
790,4291,84
791,3890,84
792,3788,84
793,3989,85
794,3994,85
795,3917,84
796,4725,85
797,4096,84
798,4137,84
799,4293,84
800,4458,84
1,889,1
2,448,1
3,351,1
4,720,2
5,506,2
6,418,2
7,516,3
8,461,3
9,402,3
10,626,4
11,529,4
12,510,4
13,601,5
14,802,5
15,566,5
16,1096,6
17,598,6
18,586,6
19,1157,7
20,682,7
21,688,7
22,1108,8
23,775,8
24,697,8
25,970,9
26,701,9
27,724,9
28,833,10
29,713,10
30,723,10
31,831,11
32,768,11
33,832,11
34,1080,12
35,855,12
36,880,12
37,1206,13
38,904,13
39,821,13
40,996,14
41,848,14
42,839,14
43,938,15
44,832,15
45,1215,15
46,1180,16
47,1771,16
48,1511,16
49,1233,17
50,1010,17
51,1259,17
52,1323,18
53,1043,18
54,1230,18
55,1164,19
56,929,19
57,990,19
58,1382,20
59,963,20
60,991,20
61,1143,21
62,1033,21
63,964,21
64,1178,22
65,1324,22
66,1042,22
67,1162,23
68,1226,23
69,1316,23
70,1297,24
71,1331,24
72,1223,24
73,1539,25
74,1293,25
75,1810,25
76,1430,26
77,1521,26
78,1272,26
79,1466,27
80,1380,27
81,1266,27
82,1881,28
83,1571,28
84,1493,28
85,1634,29
86,1581,29
87,1531,29
88,1947,30
89,1769,30
90,1615,30
91,1933,31
92,1802,31
93,1885,31
94,2226,32
95,1945,32
96,1966,32
97,2006,33
98,1638,33
99,1658,33
100,1655,34
101,1558,34
102,1641,34
103,4069,35
104,2142,35
105,1608,35
106,1654,36
107,1973,36
108,1848,36
109,1867,37
110,1710,37
111,1612,37
112,2052,38
113,1985,38
114,1662,38
115,1768,39
116,1658,39
117,1557,39
118,1846,40
119,1688,40
120,1617,40
121,1827,41
122,1839,41
123,1831,41
124,2241,42
125,2078,42
126,1975,42
127,2075,43
128,2117,43
129,2134,43
130,2602,44
131,2157,44
132,2109,44
133,2036,45
134,2023,45
135,1977,45
136,2061,46
137,2076,46
138,2089,46
139,2161,47
140,2170,47
141,2182,47
142,2267,48
143,2487,48
144,2213,48
145,2196,49
146,2280,49
147,2212,49
148,2376,50
149,2379,50
150,2307,50
151,2395,51
152,2659,51
153,2315,51
154,2475,52
155,2490,52
156,2451,52
157,2443,53
158,2465,53
159,2544,53
160,2781,54
161,2712,54
162,2678,54
163,3324,55
164,2881,55
165,2688,55
166,3451,56
167,3072,56
168,3152,56
169,3194,57
170,3321,57
171,2994,57
172,3084,58
173,2797,58
174,2834,58
175,3102,59
176,3020,59
177,2888,59
178,2926,60
179,2798,60
180,2989,60
181,3270,61
182,3333,61
183,3161,61
184,3318,62
185,2995,62
186,3121,62
187,3169,63
188,2936,63
189,2753,63
190,2853,64
191,3153,64
192,3106,64
193,3503,65
194,3412,65
195,3490,65
196,3553,66
197,4324,66
198,3848,66
199,3557,67
200,3334,67
201,3227,67
202,3744,68
203,3886,68
204,3786,68
205,3796,69
206,3202,69
207,3418,69
208,3700,70
209,3355,70
210,3620,70
211,4097,71
212,3717,71
213,4301,71
214,3985,72
215,4063,72
216,3896,72
217,3554,73
218,3507,73
219,4019,73
220,3900,74
221,3672,74
222,3561,74
223,3654,75
224,3812,75
225,4151,75
226,3844,76
227,3528,76
228,3615,76
229,3705,77
230,3717,77
231,3631,77
232,3717,78
233,3694,78
234,3753,78
235,4099,79
236,3860,79
237,4033,79
238,3691,80
239,3563,80
240,4154,80
241,4094,81
242,3810,81
243,3612,81
244,3986,82
245,3923,82
246,4212,82
247,4729,83
248,4077,83
249,4689,82
250,4135,83
251,3830,83
252,4078,83
253,4463,84
254,4718,84
255,4243,84
256,4145,85
257,3834,85
258,3767,85
259,4008,86
260,3853,85
261,3862,85
262,3948,85
263,3963,85
264,3701,84
265,4374,84
266,5092,84
267,4609,83
268,4877,84
269,4470,83
270,5078,83
271,5473,83
272,4999,83
273,4888,83
274,5223,83
275,4533,83
276,4617,83
277,4620,84
278,5044,83
279,4861,83
280,4685,83
281,4840,83
282,5344,83
283,5630,84
284,6150,84
285,5648,83
286,5576,84
287,5188,84
288,5018,84
289,11181,85
290,4472,85
291,4382,85
292,5279,86
293,7032,86
294,6096,86
295,5966,87
296,5632,86
297,5453,86
298,6682,87
299,5613,86
300,7219,86
301,9800,86
302,5953,86
303,6234,86
304,5324,87
305,5263,87
306,4875,87
307,4799,88
308,5687,88
309,4844,88
310,4832,89
311,4359,89
312,4221,89
313,4716,90
314,4447,90
315,4952,90
316,4664,91
317,4624,90
318,4560,90
319,4715,90
320,4603,89
321,4568,89
322,4849,89
323,4659,89
324,4975,88
325,4873,88
326,4685,88
327,4379,87
328,5314,88
329,4473,87
330,4582,87
331,4576,87
332,4499,86
333,4339,86
334,4458,86
335,4395,86
336,4934,85
337,4553,85
338,4854,85
339,4475,84
340,4598,85
341,4340,84
342,4877,84
343,4414,84
344,4421,83
345,5073,83
346,4542,84
347,4579,83
348,4519,83
349,5256,83
350,4191,83
351,4565,83
352,4630,84
353,4508,84
354,4854,84
355,5016,85
356,4693,85
357,4384,85
358,4857,86
359,4398,85
360,4429,85
361,4320,85
362,4400,85
363,4183,85
364,4421,85
365,4578,85
366,5196,84
367,4422,84
368,4514,84
369,4252,83
370,4308,84
371,4707,83
372,4857,83
373,4432,84
374,4653,84
375,4552,84
376,5147,84
377,4923,84
378,5715,83
379,5649,84
380,5454,83
381,4985,83
382,5522,83
383,4969,83
384,4383,83
385,4909,84
386,4724,84
387,4459,84
388,4992,84
389,5251,84
390,4580,83
391,4790,84
392,5133,83
393,5031,83
394,5568,84
395,4903,84
396,5575,84
397,6183,85
398,5521,85
399,5481,84
400,5117,85
401,5582,84
402,5437,83
403,4489,84
404,5695,84
405,4679,83
406,5066,84
407,5229,84
408,5368,84
409,6446,85
410,4702,84
411,4821,84
412,4673,85
413,4393,85
414,4959,85
415,5308,86
416,5447,85
417,5631,85
418,5485,86
419,4760,86
420,4517,86
421,5085,87
422,5346,87
423,5227,87
424,5228,88
425,5684,88
426,4599,88
427,5346,88
428,5075,88
429,4704,87
430,5325,88
431,5199,87
432,4677,86
433,5090,87
434,5435,86
435,4661,86
436,4387,86
437,4550,86
438,4200,85
439,4974,85
440,4400,85
441,5021,85
442,5018,86
443,4326,86
444,4992,85
445,4853,86
446,4306,85
447,4639,85
448,4540,86
449,4138,85
450,4066,85
451,4447,86
452,4726,86
453,5037,86
454,5187,87
455,4589,87
456,4378,87
457,4914,88
458,4353,88
459,4354,87
460,4672,88
461,4284,87
462,4256,86
463,4931,87
464,5280,86
465,5262,86
466,4736,86
467,4975,86
468,4274,86
469,4412,86
470,4534,86
471,4971,86
472,4844,86
473,4865,86
474,4429,86
475,4318,87
476,4220,87
477,4290,87
478,4559,88
479,4292,88
480,4796,88
481,4838,89
482,5503,89
483,4646,88
484,4827,89
485,4594,88
486,4595,88
487,4544,88
488,4804,88
489,4886,87
490,4910,87
491,5255,87
492,4838,86
493,4951,87
494,4394,86
495,4973,86
496,5189,86
497,4479,85
498,4500,85
499,4520,85
500,4449,85
501,4561,85
502,4284,86
503,4280,86
504,4657,85
505,4613,86
506,4523,85
507,4789,85
508,4587,85
509,4962,85
510,5243,84
511,5065,85
512,5643,84
513,4372,84
514,4459,84
515,4422,84
516,5174,83
517,4922,84
518,5368,83
519,5415,83
520,5622,83
521,5527,83
522,5336,83
523,6057,84
524,5106,84
525,4980,84
526,5645,84
527,5081,84
528,6220,83
529,5352,84
530,5350,84
531,5921,84
532,5791,85
533,5222,84
534,4930,84
535,5384,84
536,4884,84
537,5324,83
538,5719,84
539,4854,83
540,4817,83
541,5168,83
542,5131,83
543,5114,83
544,5313,83
545,4949,83
546,4842,83
547,5019,83
548,4806,83
549,5088,83
550,5284,83
551,4867,83
552,4378,83
553,5388,84
554,4969,84
555,4932,83
556,5208,84
557,4355,83
558,4955,83
559,4528,84
560,4950,84
561,4927,84
562,5636,84
563,4952,84
564,4405,84
565,5220,85
566,4388,85
567,4248,85
568,4861,86
569,4977,86
570,5805,86
571,6072,87
572,4604,87
573,5312,86
574,5123,87
575,4538,86
576,4330,86
577,4886,86
578,4810,86
579,5426,85
580,4512,85
581,4833,85
582,5467,85
583,4786,86
584,6185,85
585,5121,85
586,5193,86
587,4489,86
588,4791,86
589,5417,87
590,4291,86
591,4518,86
592,5447,86
593,4697,86
594,5415,85
595,4660,85
596,4142,85
597,4193,84
598,4641,85
599,5175,84
600,4517,84
601,4986,84
602,4557,84
603,4363,83
604,4376,84
605,4311,83
606,4336,83
607,4171,83
608,4257,83
609,4109,83
610,4573,83
611,4714,83
612,5294,83
613,4905,84
614,4682,84
615,4828,84
616,4700,85
617,4219,85
618,4041,85
619,4634,86
620,4356,86
621,4231,86
622,5073,87
623,5401,86
624,4693,86
625,5078,86
626,4493,86
627,4109,85
628,5114,86
629,5346,85
630,5060,85
631,5140,86
632,5609,86
633,5735,85
634,4945,86
635,4455,85
636,4241,85
637,4579,86
638,4450,85
639,4229,85
640,4430,85
641,4317,85
642,5191,84
643,4910,85
644,5221,84
645,5528,84
646,5581,85
647,5489,85
648,4858,85
649,4505,86
650,4905,85
651,4149,85
652,4376,86
653,4306,86
654,4257,86
655,4547,87
656,4533,87
657,4336,87
658,4615,88
659,4408,88
660,4590,87
661,4256,88
662,5031,87
663,4862,87
664,4553,87
665,4324,87
666,4373,86
667,4577,87
668,4899,86
669,4394,85
670,4441,86
671,4764,85
672,5042,85
673,4028,85
674,4012,85
675,3935,84
676,4318,84
677,4213,84
678,4419,84
679,4804,85
680,4423,85
681,4385,84
682,4616,85
683,4326,84
684,4600,84
685,4583,84
686,4598,84
687,4434,83
688,4516,84
689,4410,84
690,4650,84
691,4782,85
692,4568,85
693,4175,85
694,4131,86
695,3907,86
696,4182,85
697,4133,86
698,4069,86
699,3894,86
700,4626,87
701,4010,87
702,4222,87
703,3950,88
704,3956,88
705,4256,88
706,4212,88
707,4086,88
708,4005,87
709,4179,87
710,4118,87
711,4693,86
712,4420,87
713,4266,86
714,4464,86
715,4268,86
716,4358,85
717,4221,85
718,4228,85
719,4380,85
720,4012,84
721,4024,85
722,3943,85
723,4421,85
724,4237,86
725,4208,86
726,4910,85
727,4862,86
728,4665,86
729,4453,86
730,4322,87
731,4311,87
732,4764,87
733,4394,88
734,4208,88
735,4196,88
736,4224,89
737,4030,89
738,4384,88
739,4539,89
740,4078,88
741,4492,88
742,4163,88
743,4126,88
744,5023,87
745,4376,88
746,4703,87
747,4197,86
748,4313,87
749,4582,86
750,4115,86
751,4303,86
752,4147,86
753,4320,85
754,4622,85
755,3972,85
756,3813,84
757,3985,85
758,4652,84
759,5056,84
760,4842,84
761,5170,83
762,5297,83
763,5106,84
764,5519,83
765,4513,83
766,5102,84
767,4321,84
768,4229,84
769,4444,84
770,5041,84
771,4744,83
772,4667,84
773,4042,84
774,4542,84
775,4541,84
776,4722,84
777,4761,83
778,4935,84
779,5205,83
780,6271,83
781,4841,83
782,3973,83
783,3869,83
784,4016,83
785,4321,83
786,3934,83
787,4029,84
788,3797,83
789,3876,83
790,3949,83
791,3874,83
792,3757,83
793,3923,84
794,4123,84
795,3875,84
796,3971,84
797,3893,84
798,4107,84
799,3986,85
800,4427,84
1,728,1
2,359,1
3,372,1
4,758,2
5,406,2
6,587,2
7,464,3
8,787,3
9,591,3
10,672,4
11,529,4
12,502,4
13,593,5
14,670,5
15,506,5
16,628,6
17,567,6
18,621,6
19,721,7
20,675,7
21,538,7
22,711,8
23,589,8
24,686,8
25,684,9
26,704,9
27,588,9
28,801,10
29,684,10
30,598,10
31,749,11
32,633,11
33,637,11
34,777,12
35,946,12
36,881,12
37,899,13
38,705,13
39,736,13
40,845,14
41,790,14
42,745,14
43,837,15
44,761,15
45,881,15
46,993,16
47,908,16
48,821,16
49,1096,17
50,991,17
51,949,17
52,1017,18
53,1059,18
54,908,18
55,1080,19
56,922,19
57,1099,19
58,1146,20
59,985,20
60,912,20
61,1022,21
62,1021,21
63,928,21
64,1115,22
65,1115,22
66,1010,22
67,1145,23
68,1017,23
69,1000,23
70,1180,24
71,1133,24
72,1141,24
73,1224,25
74,1129,25
75,1415,25
76,1342,26
77,1165,26
78,1142,26
79,1337,27
80,1262,27
81,1219,27
82,1436,28
83,1286,28
84,1266,28
85,1606,29
86,1315,29
87,1324,29
88,1420,30
89,2484,30
90,1416,30
91,1612,31
92,1849,31
93,1568,31
94,1671,32
95,1502,32
96,1475,32
97,1568,33
98,1470,33
99,1596,33
100,1934,34
101,1581,34
102,1604,34
103,1596,35
104,1631,35
105,1520,35
106,1672,36
107,1611,36
108,1643,36
109,1637,37
110,1573,37
111,1718,37
112,1869,38
113,1817,38
114,1672,38
115,1798,39
116,1563,39
117,1600,39
118,2274,40
119,1787,40
120,1802,40
121,2089,41
122,2149,41
123,1962,41
124,2071,42
125,2019,42
126,1946,42
127,2652,43
128,2420,43
129,2085,43
130,2128,44
131,2399,44
132,2044,44
133,2054,45
134,2191,45
135,2324,45
136,2156,46
137,2185,46
138,2259,46
139,2367,47
140,2290,47
141,2148,47
142,2460,48
143,2258,48
144,2138,48
145,2286,49
146,2284,49
147,2188,49
148,2421,50
149,2384,50
150,2973,50
151,2545,51
152,2947,51
153,2756,51
154,2832,52
155,3139,52
156,2784,52
157,3066,53
158,2713,53
159,2437,53
160,2639,54
161,2434,54
162,2410,54
163,2759,55
164,2519,55
165,2648,55
166,2688,56
167,2595,56
168,3065,56
169,3004,57
170,2795,57
171,2563,57
172,2720,58
173,2795,58
174,2842,58
175,3002,59
176,3001,59
177,3235,59
178,3064,60
179,2698,60
180,2937,60
181,3202,61
182,3059,61
183,4249,61
184,3409,62
185,3239,62
186,3402,62
187,3536,63
188,3381,63
189,3302,63
190,3424,64
191,3323,64
192,3213,64
193,3302,65
194,3319,65
195,3468,65
196,3723,66
197,3531,66
198,3694,66
199,3362,67
200,3230,67
201,3499,67
202,3405,68
203,3392,68
204,3773,68
205,4053,69
206,3442,69
207,3912,69
208,3951,70
209,3802,70
210,3604,70
211,3829,71
212,3863,71
213,3787,71
214,4276,72
215,3862,72
216,3859,72
217,4101,73
218,3849,73
219,4070,73
220,3797,74
221,3791,74
222,3607,74
223,3800,75
224,3833,75
225,4436,75
226,4005,76
227,3885,76
228,4137,76
229,3981,77
230,3695,77
231,3664,77
232,4387,78
233,4003,78
234,3944,78
235,4259,79
236,4230,79
237,4145,79
238,4455,80
239,4475,80
240,4575,80
241,4227,81
242,4345,81
243,4137,81
244,4326,82
245,4447,82
246,4202,82
247,4488,83
248,4059,83
249,4181,82
250,4134,83
251,3888,83
252,3935,83
253,3755,84
254,4531,84
255,4373,83
256,4621,84
257,4484,83
258,4288,83
259,4776,84
260,3825,84
261,3762,84
262,4084,85
263,3655,85
264,3966,84
265,3994,85
266,4178,85
267,4015,85
268,3981,86
269,4172,86
270,4066,86
271,4763,87
272,4211,86
273,4195,86
274,4507,86
275,4836,86
276,4203,85
277,4584,86
278,5093,86
279,5719,85
280,5043,86
281,6734,86
282,4370,86
283,5147,87
284,4468,87
285,4298,87
286,4976,88
287,5988,88
288,5219,88
289,6397,88
290,4789,88
291,4497,87
292,5277,88
293,4687,87
294,4471,87
295,4683,87
296,5141,87
297,6910,86
298,6809,86
299,5098,86
300,4500,85
301,4252,86
302,4154,85
303,4472,85
304,4909,85
305,4575,84
306,5511,84
307,5259,84
308,4950,84
309,5103,83
310,4919,84
311,4442,83
312,4490,83
313,4968,84
314,5274,83
315,4667,83
316,4375,83
317,4323,83
318,4687,83
319,5259,84
320,4615,84
321,4757,84
322,5385,85
323,4427,85
324,4032,85
325,4470,86
326,4242,85
327,4176,85
328,3939,85
329,3920,85
330,3968,84
331,5053,85
332,4829,84
333,4319,84
334,4309,85
335,4186,84
336,4506,84
337,4421,84
338,4229,84
339,4185,84
340,4769,85
341,4879,84
342,4685,84
343,4810,85
344,4418,84
345,4818,84
346,4156,84
347,4399,83
348,4120,83
349,3950,84
350,4569,84
351,3995,84
352,4202,85
353,4150,85
354,4218,85
355,4976,85
356,3953,85
357,4690,84
358,6260,85
359,4782,84
360,4660,84
361,8572,84
362,4382,84
363,4258,83
364,4254,84
365,3924,84
366,3848,84
367,4164,85
368,4289,85
369,4505,84
370,4490,85
371,4379,84
372,4268,84
373,3933,85
374,3840,85
375,4479,85
376,4140,86
377,4279,85
378,4788,85
379,5681,85
380,5507,85
381,5807,84
382,5605,84
383,4517,84
384,4560,84
385,4864,85
386,4620,85
387,4601,85
388,4817,85
389,4716,85
390,4552,84
391,5133,85
392,4670,84
393,7876,84
394,9561,85
395,5841,85
396,5784,85
397,5147,85
398,5220,85
399,5619,84
400,5261,84
401,4964,84
402,4619,83
403,5435,84
404,4802,83
405,4594,83
406,4492,84
407,4350,83
408,4338,83
409,4352,83
410,4375,83
411,4932,83
412,5325,84
413,5504,84
414,4317,84
415,4491,85
416,4046,85
417,4155,85
418,4527,86
419,4823,86
420,4786,85
421,4637,86
422,4491,85
423,4376,85
424,4469,85
425,4107,85
426,4038,84
427,4483,85
428,4398,85
429,4000,84
430,4284,85
431,3697,84
432,3876,84
433,4071,84
434,3803,84
435,3611,84
436,3934,85
437,4286,85
438,3820,85
439,4246,86
440,4207,86
441,4444,85
442,4470,86
443,4311,85
444,4465,85
445,4652,85
446,3675,85
447,3780,84
448,3943,84
449,4120,84
450,3905,83
451,3974,84
452,3801,83
453,3903,83
454,3977,84
455,3913,84
456,4203,83
457,4191,84
458,4074,84
459,4621,83
460,4373,84
461,4135,84
462,4066,84
463,4009,85
464,4147,85
465,4043,85
466,3966,86
467,4542,86
468,3974,86
469,4055,87
470,3997,86
471,4110,85
472,4087,86
473,4075,85
474,3995,85
475,4365,85
476,4902,85
477,4170,84
478,4708,85
479,4410,84
480,4136,84
481,4060,84
482,4150,84
483,4931,83
484,4322,84
485,4331,83
486,4157,83
487,4056,84
488,3975,83
489,4100,83
490,4082,83
491,3995,83
492,3959,83
493,4446,84
494,4007,84
495,3919,84
496,4376,85
497,4335,85
498,4291,85
499,4419,85
500,3962,85
501,4263,85
502,4285,85
503,3815,85
504,3740,84
505,3823,85
506,4112,84
507,4335,84
508,4347,85
509,4329,85
510,4572,84
511,4310,85
512,5281,84
513,4710,84
514,4235,84
515,4330,84
516,4202,83
517,4243,84
518,4051,83
519,4075,83
520,4381,84
521,4753,84
522,4811,83
523,4893,84
524,5374,83
525,4179,83
526,4624,84
527,5073,83
528,4400,83
529,4079,83
530,3811,83
531,4054,83
532,4501,84
533,4087,84
534,4230,84
535,4397,85
536,4275,84
537,3858,84
538,4087,84
539,4007,84
540,4061,83
541,3980,84
542,3985,84
543,3926,83
544,4092,84
545,4124,84
546,4356,83
547,4662,84
548,3995,83
549,4821,83
550,4454,83
551,4287,83
552,4101,83
553,4481,84
554,4508,83
555,5033,83
556,6197,84
557,4817,84
558,5409,84
559,4738,85
560,4925,85
561,4546,85
562,4952,86
563,4767,85
564,4572,85
565,5526,86
566,4772,85
567,4571,85
568,4584,86
569,5580,86
570,5053,86
571,4778,87
572,5295,87
573,5288,87
574,5302,88
575,5208,88
576,5418,87
577,5629,88
578,12689,87
579,5506,87
580,5395,87
581,4340,86
582,4966,86
583,4655,86
584,4367,86
585,4068,86
586,4377,87
587,4252,87
588,3985,87
589,4114,88
590,4208,88
591,4092,87
592,4362,88
593,4268,87
594,4258,87
595,4148,87
596,4235,87
597,4404,86
598,4623,87
599,4338,86
600,4525,85
601,4597,86
602,4595,85
603,4419,85
604,4386,85
605,4483,84
606,3778,84
607,4046,85
608,4000,85
609,4244,85
610,4063,86
611,4147,86
612,3917,85
613,4094,86
614,3973,85
615,4225,85
616,4601,85
617,4729,85
618,4619,85
619,4737,86
620,4526,86
621,4340,86
622,4089,86
623,3811,86
624,4004,85
625,4116,86
626,3975,85
627,3800,85
628,4103,85
629,4266,85
630,3957,84
631,4337,84
632,4889,84
633,7318,84
634,5678,85
635,7094,84
636,5905,84
637,7342,84
638,4429,84
639,4385,83
640,4471,84
641,4145,83
642,4480,83
643,4411,83
644,4202,83
645,5934,83
646,4830,83
647,4414,83
648,4261,83
649,3998,83
650,3982,83
651,4340,83
652,4506,84
653,4295,84
654,4029,84
655,4101,85
656,4237,85
657,3908,85
658,4544,85
659,4454,85
660,4191,84
661,4465,85
662,4251,84
663,4510,84
664,4924,84
665,4709,84
666,4467,83
667,4637,84
668,4565,83
669,4202,83
670,4230,83
671,4184,83
672,4101,83
673,4295,83
674,4307,83
675,4049,83
676,4393,84
677,4052,84
678,4182,83
679,4418,84
680,4538,84
681,4129,84
682,4438,85
683,4263,85
684,4345,85
685,4376,86
686,4219,86
687,4610,86
688,4328,86
689,4297,86
690,4182,85
691,4299,85
692,4128,85
693,4425,84
694,4467,85
695,4409,85
696,4552,85
697,4519,85
698,4075,85
699,4408,85
700,4280,85
701,4116,85
702,4016,84
703,4297,85
704,4274,84
705,4314,84
706,4359,84
707,4066,84
708,4115,83
709,4575,84
710,4439,83
711,4393,83
712,4437,84
713,4028,83
714,4108,83
715,3999,84
716,4745,84
717,4806,83
718,5338,84
719,4672,83
720,4062,83
721,4284,83
722,3955,83
723,3843,83
724,3956,84
725,3778,84
726,3814,84
727,4055,85
728,3988,84
729,4063,84
730,4929,84
731,4391,84
732,4137,83
733,4418,84
734,4299,84
735,3916,83
736,4408,84
737,4238,83
738,3905,83
739,3963,84
740,3813,84
741,4158,84
742,3925,85
743,4184,85
744,4129,85
745,4273,85
746,4436,85
747,4472,84
748,4300,84
749,4033,84
750,4310,84
751,4112,85
752,4293,84
753,4195,84
754,4533,85
755,4260,85
756,4288,85
757,4111,86
758,4267,86
759,4354,85
760,4712,86
761,4597,85
762,4908,84
763,4717,85
764,4936,84
765,4354,84
766,4739,85
767,4069,85
768,4213,85
769,4336,86
770,4067,85
771,3992,85
772,4085,85
773,4110,85
774,3955,84
775,4197,84
776,4083,84
777,4139,83
778,4680,84
779,4382,84
780,4740,84
781,4125,85
782,4113,85
783,3955,85
784,4287,86
785,4427,86
786,4303,85
787,4664,86
788,4291,85
789,4104,85
790,4494,85
791,4113,84
792,3912,84
793,4212,84
794,4673,84
795,4416,84
796,4603,84
797,4028,84
798,4103,83
799,4315,84
800,4425,83
801,4265,83
802,4450,83
803,4393,83
804,3884,83
805,4088,83
806,3929,83
807,4138,83
808,4020,84
809,4188,84
810,4589,84
811,4881,85
812,4648,85
813,4785,84
814,4795,85
815,4275,84
816,4644,84
817,4376,84
818,4485,84
819,4427,83
820,4439,84
821,5105,83
822,7192,83
823,5161,83
824,4374,83
825,4676,83
826,4926,84
827,5351,83
828,4626,83
829,5624,83
830,4919,83
831,4542,83
832,4520,84
833,4736,84
834,4673,83
835,4096,84
836,3851,84
837,4034,84
838,4008,84
839,3906,84
840,3724,84
841,4065,85
842,4955,85
843,4114,84
844,3989,85
845,4432,85
846,3981,85
847,3961,86
848,4447,85
849,4020,85
850,4329,85
851,4151,85
852,4124,85
853,3967,86
854,3982,86
855,3862,86
856,4767,86
857,4149,86
858,4269,85
859,4457,85
860,4242,85
861,4213,85
862,4092,85
863,4124,85
864,3951,84
865,3889,84
866,3880,84
867,3923,83
868,4035,84
869,4145,84
870,3723,84
871,4623,84
872,4016,84
873,3995,84
874,3969,85
875,4080,84
876,4005,84
877,4012,85
878,4195,85
879,4071,85
880,4193,86
881,4145,85
882,4633,85
883,5429,86
884,4639,86
885,4670,86
886,4477,87
887,4185,87
888,4326,87
889,4381,88
890,4367,88
891,4546,88
892,4575,88
893,4067,88
894,4533,87
895,4606,88
896,3871,87
897,4069,87
898,4171,87
899,4133,86
900,4174,86
901,5637,86
902,4029,86
903,4185,85
904,4324,86
905,4142,85
906,4079,84
907,4139,85
908,4048,84
909,4365,84
910,4653,84
911,4315,84
912,4309,83
913,4610,84
914,4590,83
915,4403,83
916,4412,84
917,4400,84
918,4416,84
919,4800,85
920,4521,85
921,4069,85
922,4458,86
923,4284,86
924,4429,86
925,4355,87
926,4711,87
927,4552,86
928,4380,87
929,4149,87
930,4665,87
931,4587,88
932,4477,88
933,4488,88
934,4652,88
935,4230,88
936,4224,87
937,4526,88
938,4442,87
939,4396,86
940,4140,87
941,4582,86
942,4443,86
943,4569,86
944,3878,86
945,4249,85
946,4116,85
947,3939,85
948,3923,85
949,4439,85
950,4249,85
951,4583,85
952,4707,86
953,4271,85
954,4186,84
955,4476,85
956,4281,84
957,4203,84
958,4338,84
959,5208,84
960,5011,83
961,4372,84
962,4258,84
963,3914,84
964,4195,85
965,4337,85
966,4190,85
967,4695,85
968,4704,85
969,4359,84
970,4485,85
971,4356,84
972,4399,84
973,5020,85
974,4116,85
975,4207,85
976,4116,86
977,3885,85
978,4092,84
979,4120,85
980,4311,84
981,4342,84
982,4301,84
983,4018,84
984,3979,83
985,4504,84
986,4233,83
987,4079,83
988,4950,84
989,4259,84
990,5949,83
991,4192,84
992,3691,83
993,4089,83
994,3977,84
995,4310,84
996,3828,83
997,4423,84
998,4169,83
999,4268,83
1000,4081,84
1,798,1
2,404,1
3,368,1
4,669,2
5,473,2
6,381,2
7,568,3
8,414,3
9,405,3
10,546,4
11,499,4
12,457,4
13,592,5
14,516,5
15,485,5
16,608,6
17,498,6
18,468,6
19,602,7
20,596,7
21,546,7
22,651,8
23,556,8
24,545,8
25,613,9
26,591,9
27,578,9
28,649,10
29,617,10
30,629,10
31,704,11
32,595,11
33,625,11
34,703,12
35,619,12
36,628,12
37,739,13
38,720,13
39,708,13
40,795,14
41,757,14
42,790,14
43,906,15
44,769,15
45,780,15
46,907,16
47,838,16
48,794,16
49,1027,17
50,849,17
51,805,17
52,961,18
53,898,18
54,902,18
55,1027,19
56,898,19
57,911,19
58,1024,20
59,897,20
60,840,20
61,975,21
62,960,21
63,1026,21
64,1032,22
65,1074,22
66,1056,22
67,1157,23
68,1049,23
69,959,23
70,1195,24
71,1185,24
72,1110,24
73,1270,25
74,1105,25
75,1118,25
76,1185,26
77,1145,26
78,1129,26
79,1429,27
80,1437,27
81,1420,27
82,1663,28
83,1575,28
84,1986,28
85,1652,29
86,1660,29
87,1709,29
88,2087,30
89,1640,30
90,1557,30
91,1854,31
92,1727,31
93,1696,31
94,2034,32
95,2142,32
96,1780,32
97,2082,33
98,1824,33
99,1761,33
100,2368,34
101,1771,34
102,1838,34
103,2110,35
104,2221,35
105,1987,35
106,2158,36
107,1913,36
108,1767,36
109,1901,37
110,2207,37
111,1911,37
112,1890,38
113,1773,38
114,1735,38
115,2422,39
116,1956,39
117,1710,39
118,2150,40
119,2054,40
120,2349,40
121,2613,41
122,2135,41
123,1982,41
124,2628,42
125,2196,42
126,2168,42
127,2274,43
128,2281,43
129,2343,43
130,2393,44
131,2319,44
132,2721,44
133,2876,45
134,2457,45
135,2229,45
136,2516,46
137,2558,46
138,2480,46
139,2512,47
140,2384,47
141,2400,47
142,2478,48
143,2355,48
144,2483,48
145,2704,49
146,2304,49
147,2279,49
148,2419,50
149,2522,50
150,2529,50
151,2600,51
152,2362,51
153,2388,51
154,2581,52
155,2466,52
156,2427,52
157,2677,53
158,2838,53
159,2697,53
160,2844,54
161,3165,54
162,3153,54
163,3112,55
164,2993,55
165,2413,55
166,3162,56
167,2643,56
168,3046,56
169,3031,57
170,2939,57
171,2658,57
172,3019,58
173,2749,58
174,3117,58
175,3587,59
176,3052,59
177,2929,59
178,2895,60
179,2804,60
180,2762,60
181,3053,61
182,3463,61
183,2843,61
184,3120,62
185,3050,62
186,3418,62
187,3669,63
188,3562,63
189,5341,63
190,3203,64
191,3633,64
192,3763,64
193,4667,65
194,4757,65
195,4526,65
196,4666,66
197,4771,66
198,4573,66
199,4377,67
200,5125,67
201,4247,67
202,5543,68
203,4887,68
204,4160,68
205,4037,69
206,3513,69
207,3509,69
208,3813,70
209,3923,70
210,4085,70
211,4422,71
212,5135,71
213,4054,71
214,4407,72
215,4652,72
216,4008,72
217,3596,73
218,3396,73
219,3659,73
220,3919,74
221,3822,74
222,4354,74
223,4446,75
224,3984,75
225,3601,75
226,3847,76
227,3744,76
228,3560,76
229,3656,77
230,3781,77
231,3750,77
232,4007,78
233,3741,78
234,3817,78
235,3898,79
236,3740,79
237,3784,79
238,4133,80
239,3955,80
240,4220,80
241,4318,81
242,4197,81
243,3890,81
244,3911,82
245,4141,82
246,4172,82
247,4723,83
248,3984,83
249,3991,82
250,3929,83
251,4180,83
252,3693,83
253,3753,83
254,3783,83
255,3765,83
256,3916,84
257,3713,84
258,4024,84
259,4093,85
260,3922,85
261,3875,85
262,3915,85
263,4118,85
264,4150,84
265,4199,85
266,4170,84
267,4087,84
268,4619,85
269,3995,85
270,4351,85
271,4234,85
272,3901,85
273,4243,85
274,4443,86
275,4680,86
276,5391,86
277,5588,87
278,9933,87
279,5414,87
280,5749,88
281,6229,88
282,6449,87
283,5612,88
284,4875,87
285,6407,86
286,5644,87
287,6198,87
288,6522,87
289,4514,88
290,5303,88
291,5635,87
292,5022,88
293,4497,87
294,5085,87
295,4614,87
296,4747,87
297,4904,86
298,5283,87
299,5375,86
300,4973,86
301,5865,87
302,5168,87
303,4647,87
304,4358,88
305,4170,88
306,4853,88
307,4367,89
308,4256,89
309,4225,89
310,4665,90
311,4318,89
312,4346,89
313,4406,89
314,4333,89
315,4512,88
316,4623,89
317,4379,88
318,4490,88
319,4389,88
320,3993,87
321,3972,87
322,4251,87
323,4350,87
324,4571,86
325,4494,87
326,4284,87
327,4540,87
328,4024,88
329,4002,88
330,3809,88
331,3990,89
332,4559,89
333,4307,89
334,4485,90
335,4012,90
336,3927,89
337,4167,90
338,4098,89
339,3981,89
340,4074,89
341,4064,88
342,4053,88
343,4135,88
344,3978,88
345,4083,87
346,4083,87
347,3925,87
348,4110,86
349,4440,87
350,4426,86
351,4113,86
352,4317,86
353,4256,85
354,4149,85
355,4547,85
356,4028,85
357,4063,84
358,4204,85
359,4083,85
360,4043,85
361,4064,86
362,4240,85
363,3891,85
364,4285,85
365,3860,85
366,4634,84
367,4260,85
368,3955,84
369,4086,84
370,4093,84
371,4104,84
372,3887,84
373,4424,85
374,4106,84
375,4146,84
376,4156,85
377,4776,85
378,3981,85
379,4590,86
380,4150,85
381,4214,85
382,4068,85
383,4387,85
384,4411,85
385,4864,86
386,4285,86
387,4807,86
388,4567,87
389,4575,86
390,4386,86
391,4344,87
392,4327,87
393,4339,87
394,4310,88
395,4557,88
396,4295,88
397,4868,89
398,3954,89
399,3965,89
400,4273,90
401,4099,89
402,4250,89
403,4652,89
404,4316,89
405,4301,88
406,4099,88
407,3983,88
408,4024,87
409,4159,88
410,4157,87
411,3852,87
412,4144,87
413,4072,86
414,3825,86
415,4242,86
416,4150,86
417,4515,85
418,4683,85
419,5023,85
420,4892,84
421,5342,85
422,5051,84
423,5347,84
424,5561,84
425,5014,84
426,5071,83
427,5077,84
428,3982,83
429,4355,83
430,9523,84
431,13424,84
432,11007,84
433,6671,85
434,5823,85
435,5968,84
436,5476,85
437,5021,84
438,4338,84
439,4434,85
440,4378,84
441,4496,84
442,4897,84
443,5456,84
444,4404,83
445,4271,84
446,4200,83
447,3867,83
448,4196,84
449,3999,83
450,3938,83
451,4219,84
452,4353,84
453,4067,84
454,3966,84
455,3891,84
456,3842,83
457,4472,84
458,4498,83
459,4041,83
460,4035,84
461,3965,84
462,3957,84
463,4059,85
464,3968,85
465,4058,85
466,4661,85
467,4404,85
468,4436,85
469,4782,86
470,4442,85
471,4437,85
472,4613,86
473,4051,86
474,4359,86
475,4384,87
476,4214,87
477,4423,87
478,4812,88
479,4103,88
480,4030,88
481,4581,89
482,4337,88
483,4227,88
484,4460,88
485,4176,88
486,4530,87
487,4601,88
488,4309,87
489,4262,87
490,4437,87
491,4174,87
492,4222,86
493,4317,87
494,4445,86
495,3953,86
496,4259,86
497,3998,85
498,4405,85
499,4656,85
500,4160,85
501,4462,84
502,4503,85
503,4344,84
504,4313,83
505,3933,84
506,3893,84
507,3873,84
508,4855,85
509,4477,84
510,4137,84
511,4291,84
512,3943,84
513,3844,84
514,3954,84
515,4299,84
516,4224,84
517,4395,85
518,4329,85
519,4101,85
520,4521,86
521,3983,85
522,3935,85
523,3914,85
524,3965,85
525,3784,84
526,4371,85
527,4216,84
528,3885,84
529,4313,84
530,4293,84
531,3976,83
532,4221,84
533,4098,83
534,4211,83
535,4239,84
536,4102,84
537,4548,83
538,4209,84
539,4124,84
540,4191,83
541,4501,84
542,4275,83
543,3923,83
544,4385,84
545,4490,84
546,4533,84
547,4375,85
548,3795,85
549,3963,85
550,4232,85
551,4046,85
552,3949,84
553,4118,85
554,3866,84
555,3779,84
556,4067,84
557,3927,84
558,3919,84
559,4772,85
560,4548,84
561,3892,84
562,3777,84
563,3760,84
564,4047,83
565,4180,84
566,3845,84
567,3798,83
568,3906,84
569,3979,83
570,3948,83
571,4170,84
572,3789,83
573,4364,83
574,3842,83
575,4069,83
576,4047,83
577,5065,84
578,4019,84
579,4103,83
580,4099,84
581,4259,83
582,3923,83
583,3965,84
584,3827,84
585,3943,84
586,3788,84
587,3955,84
588,3802,83
589,4031,84
590,3832,83
591,4243,83
592,4469,83
593,4348,83
594,5002,83
595,4361,84
596,4018,84
597,4297,84
598,3893,84
599,4054,84
600,4831,83
601,4456,84
602,4339,84
603,3974,84
604,4200,85
605,3976,85
606,3985,85
607,4276,85
608,4054,85
609,3813,84
610,4314,85
611,5477,85
612,4119,85
613,4487,86
614,4164,86
615,4192,86
616,3964,87
617,3960,87
618,4013,87
619,4253,88
620,4248,88
621,4152,88
622,4290,88
623,4134,88
624,4002,87
625,4013,88
626,4074,87
627,4027,87
628,3975,87
629,4285,86
630,3811,86
631,4016,86
632,3910,86
633,3931,85
634,4058,85
635,3939,85
636,3893,84
637,4010,85
638,4668,85
639,4453,84
640,4617,85
641,4501,85
642,4565,85
643,4525,85
644,4755,84
645,4570,84
646,4533,84
647,4218,84
648,3911,83
649,4334,84
650,4505,83
651,4199,83
652,4153,84
653,3863,83
654,4006,83
655,4283,84
656,3961,84
657,3976,84
658,4174,85
659,4646,85
660,4277,84
661,4458,85
662,4656,85
663,4978,85
664,4882,85
665,4245,85
666,4016,85
667,4309,86
668,4448,86
669,4198,86
670,4416,87
671,4279,87
672,4588,86
673,4133,86
674,3994,86
675,3955,85
676,4030,86
677,4379,85
678,4749,85
679,4977,85
680,4547,85
681,5101,84
682,5566,85
683,4677,85
684,4784,84
685,4772,85
686,4506,85
687,4558,85
688,4587,86
689,4403,85
690,5202,85
691,5135,85
692,6307,85
693,5900,85
694,5883,86
695,6111,86
696,4840,86
697,5422,87
698,5008,87
699,5037,87
700,4858,88
701,4283,87
702,8511,87
703,4329,87
704,4241,86
705,3986,86
706,4143,86
707,4316,86
708,4752,85
709,4237,86
710,4041,85
711,4147,85
712,4347,86
713,4233,86
714,4191,85
715,4844,86
716,4281,85
717,4201,85
718,4827,85
719,4127,85
720,4224,85
721,4298,86
722,4150,86
723,4222,85
724,4290,86
725,3985,86
726,4065,85
727,4090,85
728,4011,85
729,4106,84
730,4352,85
731,4356,84
732,4185,84
733,4102,85
734,4202,85
735,4284,85
736,4429,86
737,4145,86
738,4166,85
739,4368,86
740,3947,86
741,4535,86
742,4380,87
743,3992,87
744,4045,87
745,4540,88
746,4028,88
747,4172,88
748,4634,88
749,4121,88
750,4554,87
751,4637,88
752,4237,87
753,4460,86
754,4188,87
755,3873,86
756,4303,86
757,4271,86
758,3860,86
759,3932,85
760,4001,85
761,3886,85
762,4030,84
763,3962,85
764,3785,84
765,3784,84
766,3756,85
767,3793,85
768,4434,85
769,4297,86
770,4256,86
771,4247,85
772,4289,86
773,4135,85
774,4955,85
775,4891,86
776,4024,85
777,4018,85
778,4274,85
779,3988,85
780,3940,84
781,3964,85
782,4003,84
783,3821,84
784,4084,84
785,3813,84
786,3892,83
787,3921,84
788,3783,83
789,3990,83
790,4501,84
791,4216,84
792,3729,84
793,4003,85
794,3709,85
795,3649,85
796,4216,86
797,3951,86
798,3992,86
799,3990,86
800,4183,85
801,4238,85
802,4460,85
803,4698,85
804,4253,85
805,5233,86
806,4344,85
807,4512,85
808,5165,85
809,4316,85
810,4144,84
811,4224,85
812,4194,85
813,4091,85
814,3946,86
815,3798,86
816,3812,86
817,4025,87
818,3919,87
819,4043,87
820,4304,88
821,4524,88
822,4012,87
823,4277,87
824,4093,87
825,4707,86
826,4652,87
827,4164,86
828,4005,86
829,4196,86
830,4191,86
831,3975,85
832,4365,85
833,4288,85
834,4002,84
835,6163,85
836,4374,84
837,4079,84
838,4327,84
839,3926,84
840,4175,84
841,3917,84
842,3762,84
843,3633,83
844,3899,84
845,3687,83
846,3788,83
847,4046,83
848,3775,83
849,3788,83
850,5009,83
851,4351,83
852,4394,83
853,4093,83
854,4321,83
855,4635,83
856,4726,83
857,4308,83
858,4063,83
859,4431,83
860,3936,83
861,4480,83
862,3886,83
863,3901,83
864,3983,83
865,4145,84
866,3967,84
867,3846,84
868,4720,85
869,4180,85
870,3980,85
871,4304,86
872,4076,86
873,3984,85
874,4425,86
875,5021,86
876,4292,85
877,4659,86
878,4224,85
879,3950,85
880,4107,85
881,4190,85
882,4211,84
883,4329,85
884,4510,84
885,4310,84
886,4521,85
887,4423,85
888,4073,85
889,4090,86
890,4380,86
891,4606,86
892,5379,87
893,5086,87
894,4936,87
895,4826,88
896,4110,88
897,4152,88
898,4476,89
899,4633,89
900,4858,88
901,4222,89
902,4057,88
903,4344,88
904,4922,88
905,4710,88
906,4502,87
907,4491,88
908,4478,87
909,4102,87
910,4281,88
911,4310,88
912,4337,88
913,5276,89
914,4891,89
915,4595,89
916,4622,90
917,5762,90
918,4576,90
919,4964,91
920,4208,91
921,4143,91
922,4666,92
923,4368,92
924,4270,91
925,4601,92
926,4503,91
927,4259,90
928,4417,91
929,4328,90
930,4206,90
931,4289,90
932,4306,90
933,5435,89
934,4357,89
935,4038,89
936,4436,88
937,4098,89
938,4534,88
939,4539,87
940,4734,88
941,4554,87
942,4730,87
943,4990,87
944,4699,87
945,4864,86
946,4665,86
947,4758,86
948,4511,85
949,4874,86
950,5546,85
951,5119,84
952,6911,85
953,7541,84
954,4601,84
955,4552,84
956,5264,84
957,4415,83
958,4816,84
959,4125,84
960,3942,84
961,4115,85
962,4178,85
963,3945,85
964,4128,86
965,4089,86
966,3989,85
967,4174,86
968,3932,85
969,4302,85
970,5019,85
971,4081,85
972,4000,84
973,4201,85
974,3952,84
975,4034,84
976,3995,85
977,4019,85
978,4227,85
979,4006,86
980,4318,85
981,4149,84
982,4212,85
983,4070,85
984,4031,84
985,4293,85
986,4288,84
987,4061,84
988,4397,84
989,4007,84
990,3795,84
991,3804,84
992,3738,84
993,3729,83
994,3956,84
995,3896,83
996,3940,83
997,4662,83
998,4003,83
999,4434,83
1000,4383,83
1,730,1
2,377,1
3,417,1
4,527,2
5,388,2
6,358,2
7,466,3
8,391,3
9,381,3
10,524,4
11,405,4
12,453,4
13,547,5
14,505,5
15,455,5
16,613,6
17,515,6
18,478,6
19,714,7
20,526,7
21,543,7
22,763,8
23,666,8
24,664,8
25,713,9
26,708,9
27,628,9
28,919,10
29,678,10
30,662,10
31,1410,11
32,781,11
33,755,11
34,935,12
35,892,12
36,770,12
37,1049,13
38,878,13
39,874,13
40,1079,14
41,894,14
42,814,14
43,1121,15
44,1061,15
45,993,15
46,1053,16
47,1018,16
48,1026,16
49,1088,17
50,1060,17
51,1039,17
52,1332,18
53,1278,18
54,1090,18
55,1262,19
56,1542,19
57,1552,19
58,1562,20
59,1148,20
60,1115,20
61,1280,21
62,1282,21
63,1322,21
64,2022,22
65,1135,22
66,1103,22
67,1203,23
68,1073,23
69,1094,23
70,1606,24
71,1065,24
72,1113,24
73,1388,25
74,1171,25
75,1195,25
76,1500,26
77,1241,26
78,1221,26
79,1571,27
80,1429,27
81,1253,27
82,1659,28
83,1490,28
84,1556,28
85,2587,29
86,1387,29
87,1510,29
88,1710,30
89,2030,30
90,1738,30
91,1807,31
92,2145,31
93,1726,31
94,2301,32
95,3077,32
96,1717,32
97,2272,33
98,2133,33
99,2245,33
100,3368,34
101,2021,34
102,1735,34
103,1988,35
104,1978,35
105,1782,35
106,1938,36
107,1741,36
108,1632,36
109,1676,37
110,1586,37
111,1778,37
112,1863,38
113,1776,38
114,1776,38
115,1822,39
116,1673,39
117,1821,39
118,1724,40
119,1714,40
120,1794,40
121,1928,41
122,1943,41
123,1682,41
124,1966,42
125,1782,42
126,1886,42
127,2011,43
128,1869,43
129,1932,43
130,2053,44
131,1986,44
132,1953,44
133,2351,45
134,2041,45
135,2155,45
136,2102,46
137,2417,46
138,2312,46
139,2252,47
140,2104,47
141,2242,47
142,2288,48
143,2127,48
144,2108,48
145,2337,49
146,2330,49
147,2270,49
148,2533,50
149,2332,50
150,2741,50
151,2472,51
152,2291,51
153,2282,51
154,2504,52
155,2430,52
156,2375,52
157,2718,53
158,2556,53
159,2595,53
160,2872,54
161,2902,54
162,2924,54
163,3086,55
164,2799,55
165,2767,55
166,2860,56
167,2697,56
168,2586,56
169,2821,57
170,3112,57
171,2952,57
172,3061,58
173,2931,58
174,2955,58
175,3097,59
176,2930,59
177,2961,59
178,2908,60
179,2923,60
180,3271,60
181,3258,61
182,3329,61
183,3040,61
184,3095,62
185,2936,62
186,2985,62
187,3357,63
188,3193,63
189,3368,63
190,3668,64
191,3104,64
192,3060,64
193,3264,65
194,3318,65
195,3302,65
196,3456,66
197,3027,66
198,3263,66
199,3999,67
200,3566,67
201,3732,67
202,4149,68
203,4007,68
204,3535,68
205,3792,69
206,3519,69
207,3605,69
208,3803,70
209,3742,70
210,3385,70
211,4080,71
212,3471,71
213,3485,71
214,3924,72
215,3634,72
216,4395,72
217,4111,73
218,3951,73
219,3593,73
220,3688,74
221,3798,74
222,3645,74
223,3728,75
224,3447,75
225,3536,75
226,3928,76
227,3880,76
228,3973,76
229,4051,77
230,3678,77
231,3766,77
232,4183,78
233,4066,78
234,3967,78
235,3818,79
236,3706,79
237,3988,79
238,3835,80
239,3783,80
240,3794,80
241,4261,81
242,4362,81
243,4417,81
244,4159,82
245,4055,82
246,3866,82
247,4117,83
248,3848,83
249,4137,83
250,4259,84
251,3993,84
252,3717,84
253,3974,85
254,3886,85
255,4066,85
256,4045,86
257,3979,86
258,3805,86
259,3972,87
260,4194,87
261,4031,87
262,4004,88
263,4120,88
264,3789,87
265,4107,88
266,3976,87
267,3973,87
268,4578,87
269,3993,87
270,4350,86
271,4307,87
272,4057,86
273,3811,85
274,3931,86
275,3896,85
276,3821,85
277,4536,85
278,4676,85
279,4408,85
280,4270,85
281,4156,84
282,4054,84
283,3922,84
284,4009,84
285,4232,83
286,4731,84
287,4577,83
288,4988,83
289,4494,83
290,5034,83
291,4612,83
292,4873,84
293,4551,84
294,5136,84
295,6203,84
296,4919,84
297,4814,83
298,6585,84
299,4994,83
300,6290,83
301,5188,83
302,5195,83
303,4961,83
304,5063,84
305,5221,84
306,4832,84
307,5620,84
308,4515,84
309,4917,83
310,5534,84
311,5344,83
312,6474,83
313,4641,84
314,4054,84
315,3958,84
316,4755,85
317,5099,84
318,4097,84
319,4520,84
320,4151,84
321,4152,83
322,4352,84
323,3819,84
324,3998,84
325,4282,84
326,4488,84
327,4464,84
328,4565,85
329,3884,85
330,3918,85
331,4797,86
332,4238,86
333,5330,86
334,5189,87
335,4966,87
336,4473,87
337,4824,88
338,4410,88
339,4615,88
340,4559,89
341,4792,88
342,4529,88
343,4347,88
344,4043,88
345,4033,87
346,4177,88
347,4204,87
348,3993,86
349,4153,87
350,4372,86
351,4196,86
352,4164,86
353,4245,86
354,4648,85
355,4403,86
356,4044,85
357,4132,85
358,4281,85
359,3967,85
360,3840,84
361,3930,85
362,4366,85
363,5013,85
364,4756,86
365,4914,86
366,4732,86
367,4463,86
368,4315,86
369,4476,85
370,4552,86
371,4772,85
372,4407,84
373,4437,85
374,3932,84
375,3991,84
376,3886,85
377,4150,85
378,3886,85
379,4185,86
380,4392,86
381,4302,86
382,4623,87
383,4293,86
384,4303,86
385,4600,87
386,4247,87
387,4250,87
388,4928,88
389,4382,88
390,4165,88
391,4100,89
392,4072,89
393,3872,89
394,4215,89
395,4175,89
396,4185,88
397,4344,89
398,4184,88
399,4596,88
400,4304,88
401,4903,88
402,4281,87
403,4611,87
404,4113,87
405,3932,86
406,4150,87
407,3815,86
408,3946,86
409,4063,87
410,3968,87
411,4084,87
412,4566,88
413,4719,88
414,4158,87
415,4267,88
416,4416,87
417,4147,87
418,11747,87
419,6308,87
420,9054,87
421,10864,88
422,5373,88
423,4685,88
424,4897,89
425,3946,89
426,4132,89
427,4077,90
428,4044,89
429,4139,89
430,4063,89
431,4069,89
432,3996,88
433,4567,89
434,4811,88
435,4474,87
436,4515,88
437,4440,87
438,4187,87
439,4499,87
440,4375,86
441,4241,86
442,4363,86
443,3964,86
444,3826,85
445,4510,86
446,4177,85
447,4706,84
448,5050,85
449,4448,85
450,4001,85
451,4266,86
452,4374,85
453,4076,85
454,4577,86
455,4180,85
456,4095,85
457,4402,85
458,4198,85
459,4220,85
460,5075,86
461,4424,85
462,4248,85
463,4481,85
464,4329,85
465,4350,84
466,4556,84
467,4174,84
468,4315,83
469,4594,84
470,4188,83
471,4276,83
472,4273,83
473,4056,83
474,4009,83
475,4371,83
476,4004,83
477,4171,83
478,4283,84
479,5271,84
480,4449,84
481,4824,85
482,3920,85
483,4049,85
484,4366,86
485,4585,86
486,4926,85
487,4618,86
488,4658,85
489,4055,85
490,4308,85
491,3961,85
492,4014,84
493,4389,85
494,4497,84
495,3883,84
496,4388,85
497,4139,84
498,4090,84
499,3979,85
500,5039,84
501,4076,84
502,4361,84
503,4189,84
504,3984,83
505,4112,84
506,4015,83
507,4271,83
508,4568,83
509,3933,83
510,3865,83
511,4702,84
512,4217,84
513,5290,84
514,5175,85
515,4461,85
516,5053,84
517,4603,85
518,4754,84
519,3963,84
520,4231,84
521,4104,84
522,3823,84
523,4008,85
524,4130,85
525,3697,85
526,4462,86
527,3725,86
528,3726,85
529,3947,86
530,4091,85
531,4324,85
532,4059,85
533,3913,85
534,4258,84
535,4160,85
536,3956,84
537,3778,84
538,3916,84
539,4035,84
540,4092,83
541,4214,84
542,4050,83
543,3931,83
544,4574,84
545,4705,84
546,4665,84
547,4753,85
548,4436,85
549,4377,85
550,5030,86
551,4677,86
552,4566,86
553,5023,87
554,5530,86
555,4806,86
556,5128,86
557,4286,85
558,4312,85
559,4890,85
560,4639,85
561,4978,84
562,4529,85
563,5051,84
564,5028,84
565,5036,84
566,4744,84
567,4448,83
568,4555,84
569,4107,83
570,4252,83
571,4518,83
572,4138,83
573,4005,83
574,3905,83
575,3895,83
576,4042,83
577,4242,83
578,4241,83
579,4308,83
580,4685,84
581,4094,83
582,3976,83
583,4820,83
584,4034,83
585,3932,83
586,4105,84
587,3853,83
588,4507,83
589,4317,84
590,4844,84
591,4141,83
592,4203,84
593,4354,83
594,4244,83
595,3942,84
596,4160,83
597,3892,83
598,4130,83
599,3944,83
600,3832,83
601,3970,84
602,4019,84
603,3859,84
604,4249,85
605,4383,85
606,3984,84
607,4363,85
608,3998,84
609,4032,84
610,4142,84
611,4111,84
612,4321,83
613,4603,84
614,4771,83
615,4442,83
616,4392,83
617,4082,83
618,4124,83
619,4041,84
620,4186,84
621,4227,84
622,4639,85
623,4256,85
624,4100,85
625,4337,85
626,4507,85
627,4385,84
628,4719,85
629,4563,85
630,4654,85
631,5141,86
632,4489,86
633,4545,86
634,4225,87
635,4229,87
636,4403,87
637,4393,88
638,4515,88
639,4404,88
640,4439,88
641,4155,88
642,3992,88
643,4191,88
644,4295,88
645,4252,88
646,4481,88
647,4107,88
648,3964,87
649,4056,88
650,4893,87
651,4621,87
652,4906,88
653,5020,88
654,4559,88
655,4590,89
656,4409,89
657,4302,89
658,4600,90
659,4424,90
660,4310,90
661,4497,91
662,4279,91
663,4204,91
664,4669,92
665,4706,92
666,4347,92
667,4603,93
668,4440,93
669,4475,93
670,6020,94
671,5381,93
672,4838,93
673,5040,93
674,4750,93
675,5195,92
676,4968,93
677,4219,92
678,4292,91
679,4173,92
680,4234,91
681,4385,91
682,4546,91
683,5166,90
684,4360,90
685,4287,90
686,4571,90
687,4221,89
688,4305,89
689,4354,89
690,4165,88
691,4402,89
692,4349,88
693,4449,88
694,4538,88
695,4455,87
696,4457,87
697,4554,87
698,4340,87
699,4718,86
700,4284,86
701,4030,86
702,4122,85
703,4383,86
704,4043,85
705,4342,85
706,4365,86
707,4273,86
708,4603,86
709,4450,87
710,4431,87
711,4182,87
712,4457,88
713,4203,88
714,4845,88
715,5290,88
716,4630,88
717,4370,87
718,4332,88
719,3923,87
720,4312,87
721,4268,87
722,3952,87
723,3766,86
724,4038,86
725,4011,86
726,4068,85
727,4144,86
728,3836,85
729,4071,85
730,4265,85
731,3911,85
732,4373,84
733,4440,85
734,4374,85
735,4217,85
736,5269,86
737,4327,85
738,4154,85
739,4275,85
740,3900,85
741,3863,84
742,4046,85
743,3902,84
744,3943,84
745,4191,84
746,4195,84
747,4007,84
748,4521,85
749,3963,85
750,3868,85
751,4058,86
752,3995,85
753,3932,84
754,4109,85
755,4014,84
756,3810,84
757,4059,84
758,4117,84
759,3980,83
760,4204,84
761,4378,83
762,3831,83
763,4839,83
764,4984,83
765,5325,83
766,5285,83
767,4988,83
768,4262,83
769,5456,84
770,4288,83
771,3980,83
772,4016,83
773,3935,83
774,3906,83
775,4070,84
776,3826,84
777,4012,84
778,4259,85
779,3886,85
780,3938,85
781,4176,86
782,4005,86
783,4254,86
784,4279,87
785,3987,87
786,4047,86
787,4380,87
788,4264,87
789,3852,87
790,4170,88
791,4070,88
792,4128,87
793,4132,88
794,4212,87
795,3955,87
796,4299,87
797,4250,87
798,4324,86
799,4251,87
800,4155,86
801,3862,85
802,3991,86
803,3996,85
804,3919,85
805,4485,85
806,4184,85
807,4181,84
808,5610,84
809,5035,84
810,4883,83
811,4867,84
812,5720,83
813,6671,83
814,5271,83
815,4630,83
816,5009,83
817,5286,83
818,4670,83
819,4790,83
820,5012,84
821,5230,84
822,4619,83
823,4762,84
824,4908,84
825,5419,84
826,5248,85
827,4853,85
828,4260,85
829,5054,86
830,4568,86
831,4229,86
832,4422,86
833,4042,86
834,4282,85
835,4146,86
836,4321,85
837,4237,84
838,4124,85
839,4457,84
840,4162,84
841,4187,84
842,4169,84
843,4157,83
844,4298,84
845,4627,83
846,4188,83
847,4566,83
848,3876,83
849,4298,83
850,4225,84
851,4054,84
852,3936,84
853,4312,85
854,4405,85
855,4662,85
856,5739,85
857,4593,85
858,4526,84
859,4788,85
860,4556,84
861,4624,84
862,4124,84
863,3965,84
864,3920,84
865,4277,85
866,4102,85
867,4342,85
868,4261,86
869,4752,86
870,4355,86
871,4565,86
872,4358,85
873,4570,85
874,4578,85
875,4533,85
876,4327,84
877,4514,85
878,4194,84
879,3833,84
880,4423,84
881,4682,84
882,4771,83
883,4574,84
884,4274,84
885,4016,83
886,4199,84
887,4226,83
888,4418,83
889,4397,84
890,4339,84
891,4619,84
892,4423,85
893,4288,85
894,4188,84
895,4373,84
896,4224,84
897,4242,84
898,4240,85
899,4102,85
900,4131,85
901,4278,86
902,4254,86
903,4149,85
904,4496,86
905,4353,85
906,4627,85
907,4857,85
908,4172,85
909,4540,84
910,4800,85
911,4714,84
912,5129,84
913,4808,84
914,4535,84
915,4183,84
916,4308,85
917,3864,85
918,4216,85
919,4229,86
920,3980,85
921,3973,85
922,4471,85
923,4460,85
924,4024,84
925,4504,85
926,4586,85
927,4409,84
928,4479,85
929,4320,84
930,4168,84
931,4076,84
932,4258,84
933,4536,84
934,5364,85
935,5083,85
936,4861,85
937,4886,86
938,4895,85
939,4572,85
940,4599,85
941,4477,85
942,4694,84
943,4415,85
944,4978,84
945,4336,84
946,4526,84
947,4693,84
948,4456,83
949,4633,84
950,4453,83
951,5190,83
952,6156,83
953,4544,83
954,4485,83
955,4478,84
956,4124,84
957,4651,84
958,4384,85
959,4328,85
960,4613,85
961,4499,85
962,4246,85
963,4483,84
964,4399,85
965,4535,84
966,4422,84
967,4505,84
968,4317,84
969,5354,84
970,4630,84
971,4233,83
972,4239,83
973,4500,84
974,4415,84
975,4706,84
976,4928,85
977,4543,85
978,4573,85
979,5114,86
980,4868,86
981,4670,86
982,4815,87
983,4744,87
984,4773,86
985,4845,87
986,4710,86
987,7486,86
988,4815,86
989,4327,86
990,4458,86
991,4665,87
992,4656,87
993,5058,87
994,4638,88
995,4488,88
996,4588,87
997,4606,88
998,4912,87
999,4642,87
1000,5310,87
1,720,1
2,404,1
3,337,1
4,505,2
5,581,2
6,493,2
7,467,3
8,430,3
9,394,3
10,529,4
11,635,4
12,893,4
13,706,5
14,587,5
15,496,5
16,812,6
17,895,6
18,513,6
19,596,7
20,609,7
21,1153,7
22,838,8
23,598,8
24,586,8
25,684,9
26,727,9
27,650,9
28,880,10
29,709,10
30,636,10
31,883,11
32,769,11
33,717,11
34,807,12
35,809,12
36,766,12
37,1022,13
38,776,13
39,824,13
40,990,14
41,1156,14
42,892,14
43,1048,15
44,1048,15
45,949,15
46,1170,16
47,1930,16
48,973,16
49,1433,17
50,1116,17
51,1210,17
52,1442,18
53,1287,18
54,1151,18
55,1458,19
56,1333,19
57,1215,19
58,2281,20
59,1399,20
60,1168,20
61,1391,21
62,1203,21
63,1161,21
64,1357,22
65,1392,22
66,1174,22
67,1313,23
68,1298,23
69,1360,23
70,1360,24
71,1253,24
72,1223,24
73,1444,25
74,1298,25
75,2632,25
76,1603,26
77,1539,26
78,1424,26
79,1529,27
80,1691,27
81,2289,27
82,2939,28
83,1820,28
84,4224,28
85,2693,29
86,2087,29
87,2319,29
88,2109,30
89,1998,30
90,4184,30
91,2741,31
92,2632,31
93,2243,31
94,2519,32
95,3749,32
96,2261,32
97,2507,33
98,2275,33
99,2435,33
100,2455,34
101,2405,34
102,3660,34
103,4465,35
104,2585,35
105,5452,35
106,2243,36
107,2399,36
108,2415,36
109,2987,37
110,3171,37
111,2373,37
112,3184,38
113,2415,38
114,2330,38
115,2782,39
116,2552,39
117,3151,39
118,2870,40
119,4492,40
120,2855,40
121,3592,41
122,2659,41
123,2965,41
124,2879,42
125,2360,42
126,3162,42
127,2646,43
128,2558,43
129,2432,43
130,2347,44
131,2195,44
132,2383,44
133,2303,45
134,2283,45
135,2356,45
136,2389,46
137,3140,46
138,2459,46
139,2657,47
140,2348,47
141,2099,47
142,2280,48
143,2266,48
144,2412,48
145,2382,49
146,2415,49
147,2250,49
148,2405,50
149,2258,50
150,2286,50
151,2434,51
152,2402,51
153,2385,51
154,2708,52
155,2662,52
156,2840,52
157,2887,53
158,2716,53
159,2864,53
160,3400,54
161,2892,54
162,2738,54
163,2945,55
164,2728,55
165,2717,55
166,2994,56
167,2673,56
168,2711,56
169,2668,57
170,2752,57
171,2775,57
172,2858,58
173,2855,58
174,2887,58
175,3223,59
176,2954,59
177,3171,59
178,3881,60
179,3456,60
180,3128,60
181,3636,61
182,3284,61
183,3148,61
184,3702,62
185,3493,62
186,3213,62
187,3603,63
188,3413,63
189,3340,63
190,3482,64
191,3466,64
192,2999,64
193,3325,65
194,3103,65
195,2973,65
196,3200,66
197,3128,66
198,3070,66
199,3259,67
200,3147,67
201,3059,67
202,3273,68
203,3477,68
204,3136,68
205,3246,69
206,4461,69
207,3916,69
208,4117,70
209,3628,70
210,3697,70
211,4017,71
212,3701,71
213,3849,71
214,4093,72
215,3916,72
216,4194,72
217,3982,73
218,3538,73
219,3410,73
220,3463,74
221,3498,74
222,3336,74
223,3726,75
224,3497,75
225,3590,75
226,3668,76
227,3544,76
228,3695,76
229,3615,77
230,3677,77
231,4128,77
232,3951,78
233,3832,78
234,3851,78
235,3826,79
236,4239,79
237,4052,79
238,4400,80
239,3923,80
240,3952,80
241,4067,81
242,3993,81
243,4146,81
244,4006,82
245,4071,82
246,3832,82
247,4194,83
248,4549,83
249,3883,83
250,3870,84
251,3736,84
252,4149,84
253,4255,85
254,4339,85
255,4422,85
256,4184,85
257,4172,84
258,4316,84
259,4019,84
260,4163,84
261,4228,83
262,4266,84
263,4279,83
264,4034,83
265,4454,84
266,3885,84
267,4164,84
268,4355,85
269,3919,85
270,3905,85
271,3906,85
272,3703,85
273,3637,84
274,4495,85
275,4069,84
276,4027,84
277,4388,85
278,4386,84
279,4526,84
280,4829,84
281,3995,84
282,3744,84
283,4170,84
284,3795,84
285,3664,83
286,3941,84
287,3605,84
288,4007,84
289,4401,85
290,5126,85
291,4511,85
292,4437,85
293,3892,85
294,3830,84
295,4011,85
296,3854,84
297,3864,84
298,4167,85
299,3682,84
300,4362,83
301,4866,84
302,4933,84
303,4964,84
304,4943,85
305,4504,85
306,5281,85
307,4764,85
308,4933,85
309,4388,85
310,5629,86
311,5828,86
312,5242,85
313,4768,85
314,4255,85
315,4530,84
316,4220,85
317,4826,84
318,4511,84
319,4694,84
320,4136,84
321,4250,84
322,4137,85
323,4160,85
324,4203,85
325,4699,86
326,4593,85
327,4326,85
328,4555,86
329,4611,86
330,4098,86
331,5007,87
332,4977,87
333,5286,87
334,5676,88
335,4945,88
336,4193,88
337,4273,88
338,4422,88
339,4516,87
340,4570,88
341,4575,87
342,4832,87
343,3966,87
344,3951,86
345,4070,86
346,4160,86
347,3985,86
348,4332,85
349,4237,85
350,4423,85
351,4146,84
352,3917,85
353,3946,84
354,3746,84
355,4050,84
356,3825,84
357,4494,83
358,4912,84
359,4237,84
360,4194,84
361,4519,85
362,4191,84
363,4338,84
364,4633,84
365,5695,83
366,4282,83
367,4358,84
368,4319,83
369,4547,83
370,4466,84
371,4299,83
372,4166,83
373,4749,83
374,4575,83
375,3981,83
376,3937,84
377,3929,84
378,3974,84
379,4386,85
380,4182,85
381,4590,85
382,4424,85
383,3960,85
384,3965,84
385,4227,85
386,4342,84
387,3939,83
388,3985,84
389,4653,84
390,4053,83
391,4352,84
392,4178,83
393,4065,83
394,4431,84
395,4168,84
396,4026,84
397,4350,85
398,4304,85
399,4264,85
400,4377,86
401,4242,86
402,4296,86
403,4375,87
404,4779,87
405,4346,86
406,4457,87
407,4507,87
408,8742,87
409,9203,87
410,9323,87
411,6676,87
412,6823,88
413,5047,88
414,4863,88
415,5308,89
416,4986,89
417,5140,89
418,5003,90
419,4796,90
420,5423,90
421,5709,91
422,5484,90
423,5685,90
424,5218,90
425,5625,90
426,5375,89
427,5088,89
428,5215,89
429,4704,88
430,4678,89
431,4580,88
432,4134,88
433,4589,88
434,4810,87
435,5080,87
436,4969,87
437,4389,87
438,4093,86
439,4100,86
440,4182,86
441,4100,85
442,4227,86
443,4254,85
444,4094,85
445,4371,85
446,4210,84
447,4175,84
448,4476,85
449,4375,84
450,4550,84
451,4340,85
452,4016,85
453,4291,85
454,4304,85
455,4089,85
456,4233,84
457,4192,85
458,4423,84
459,4629,84
460,4949,85
461,4306,85
462,4400,85
463,4651,85
464,4261,85
465,3860,84
466,4667,85
467,4138,84
468,3950,83
469,4391,84
470,4049,83
471,4035,83
472,4529,84
473,3972,84
474,4054,84
475,4347,85
476,3952,85
477,4000,85
478,4178,86
479,4137,86
480,4218,86
481,4262,87
482,4385,87
483,4312,87
484,4807,88
485,4750,88
486,4123,88
487,4008,89
488,4122,89
489,3914,89
490,4215,90
491,4427,89
492,4200,89
493,4459,90
494,4363,90
495,12472,89
496,5677,90
497,5521,89
498,4849,88
499,4575,89
500,4281,88
501,4376,88
502,4746,88
503,4386,88
504,4013,87
505,4410,87
506,4143,87
507,3814,87
508,4159,88
509,4460,88
510,3945,88
511,4184,88
512,4446,88
513,4421,87
514,4822,88
515,4421,87
516,4023,87
517,3927,87
518,3900,86
519,3714,86
520,4302,86
521,3895,86
522,3931,85
523,4148,85
524,3783,85
525,3955,84
526,4724,85
527,3939,84
528,4102,84
529,4181,84
530,4348,84
531,4399,83
532,4792,84
533,4427,83
534,4182,83
535,4246,84
536,4164,84
537,4194,84
538,4464,85
539,4103,84
540,4044,84
541,4230,85
542,4323,84
543,4105,84
544,4164,84
545,4692,84
546,4456,83
547,4154,84
548,4127,84
549,4427,84
550,4244,84
551,4276,84
552,4014,84
553,4354,85
554,4160,85
555,4031,84
556,3997,85
557,4181,84
558,3999,84
559,5095,85
560,3779,85
561,3732,85
562,4073,85
563,3702,85
564,3957,84
565,4158,85
566,3749,84
567,3843,84
568,4532,84
569,4273,84
570,4179,83
571,4115,84
572,4156,83
573,4226,83
574,4554,84
575,4301,84
576,4114,84
577,4199,85
578,4060,85
579,4042,85
580,4503,86
581,4266,86
582,4354,86
583,4889,87
584,4529,86
585,4306,86
586,4421,87
587,4254,86
588,4009,86
589,4357,86
590,4245,86
591,4320,86
592,4294,87
593,4582,87
594,4255,87
595,4329,88
596,4305,88
597,3999,88
598,4225,89
599,4104,89
600,4833,89
601,4705,90
602,4075,90
603,3969,90
604,4327,90
605,4136,90
606,4312,89
607,4441,90
608,4199,89
609,4006,89
610,4703,89
611,4450,88
612,4385,88
613,4588,88
614,4213,88
615,4442,87
616,4341,88
617,4281,87
618,4143,86
619,4157,87
620,4326,86
621,4218,86
622,4506,86
623,4200,85
624,3970,85
625,4560,85
626,4402,85
627,4715,85
628,4548,86
629,4276,86
630,3884,86
631,4785,86
632,4465,86
633,4536,85
634,4189,86
635,3951,85
636,3953,85
637,4430,85
638,4487,84
639,4144,84
640,4353,84
641,4715,84
642,4194,83
643,4311,84
644,4153,84
645,4251,84
646,4353,85
647,5345,85
648,4572,85
649,5187,86
650,4416,85
651,4659,85
652,4463,85
653,4488,85
654,4527,84
655,4400,85
656,4659,85
657,4369,85
658,4630,86
659,4448,86
660,4795,85
661,4670,86
662,4491,86
663,5135,86
664,4567,87
665,4534,87
666,4731,87
667,4965,88
668,4470,87
669,5524,87
670,6104,87
671,5508,87
672,5429,87
673,5236,88
674,4995,88
675,5211,88
676,4985,89
677,5601,89
678,5980,89
679,5615,90
680,4534,90
681,4278,90
682,4465,91
683,5457,91
684,4884,90
685,4892,91
686,4876,90
687,5633,89
688,4333,90
689,4409,89
690,3981,89
691,4161,89
692,3979,89
693,3835,88
694,4467,88
695,4168,88
696,3902,87
697,4243,88
698,4426,87
699,4299,86
700,4304,87
701,4427,86
702,4219,86
703,4567,86
704,4296,86
705,3984,85
706,4026,85
707,3951,85
708,4335,84
709,5149,85
710,4130,84
711,4041,84
712,4435,84
713,4207,84
714,4007,83
715,4136,84
716,4153,84
717,4227,83
718,4606,84
719,4392,83
720,4178,83
721,4341,84
722,4403,83
723,4045,83
724,4349,83
725,4533,83
726,4099,83
727,4016,83
728,3925,83
729,3749,83
730,3708,83
731,3807,83
732,3708,83
733,4170,84
734,3844,84
735,3950,84
736,4005,85
737,4078,85
738,4199,85
739,4760,86
740,4370,86
741,4254,86
742,4209,87
743,4458,87
744,4774,87
745,4362,88
746,4419,88
747,4462,87
748,4589,88
749,4401,88
750,4629,88
751,4464,89
752,4666,88
753,4712,88
754,4571,88
755,3973,88
756,3891,87
757,4248,88
758,3869,87
759,4135,87
760,4337,88
761,4004,88
762,3943,88
763,4238,89
764,3986,89
765,4236,89
766,4590,90
767,4262,90
768,4426,90
769,4648,91
770,4119,91
771,4285,91
772,4111,92
773,3915,92
774,4087,92
775,4264,92
776,3980,91
777,3984,91
778,4041,91
779,4221,91
780,4257,90
781,4209,90
782,4008,90
783,4197,89
784,4695,90
785,4406,89
786,4342,89
787,4641,89
788,4153,88
789,4493,88
790,4533,88
791,4497,88
792,4456,87
793,4879,87
794,4352,87
795,4453,86
796,4448,87
797,4301,87
798,3798,87
799,4174,88
800,4238,88
801,4260,87
802,3991,88
803,4115,87
804,3940,86
805,4151,87
806,4208,86
807,3932,86
808,4788,86
809,4515,86
810,4235,85
811,4399,86
812,4130,85
813,4151,84
814,4254,85
815,4245,84
816,4204,84
817,4166,84
818,4018,84
819,3812,83
820,4285,84
821,4145,83
822,5397,83
823,5348,84
824,4557,84
825,4123,84
826,4213,84
827,3988,84
828,4422,84
829,5131,85
830,4514,85
831,4038,85
832,4808,86
833,4186,85
834,4363,85
835,4378,86
836,4379,86
837,3955,86
838,4435,87
839,4191,87
840,4272,86
841,4542,87
842,4558,86
843,4434,86
844,4598,86
845,4724,86
846,4189,85
847,4180,85
848,4200,85
849,4187,84
850,4052,85
851,4103,84
852,4065,84
853,4091,84
854,4606,84
855,5335,83
856,4767,84
857,4313,84
858,4208,83
859,4341,84
860,4043,83
861,4081,83
862,4174,83
863,4044,83
864,3943,83
865,4235,84
866,4012,84
867,3833,84
868,4706,85
869,4648,85
870,4156,84
871,4125,85
872,5003,84
873,4510,83
874,4323,84
875,4643,83
876,4309,83
877,4846,83
878,6074,83
879,4436,83
880,4693,83
881,3964,83
882,4143,83
883,4202,83
884,4220,83
885,4302,83
886,4422,83
887,4926,83
888,4480,83
889,4278,83
890,4040,83
891,4120,83
892,3948,83
893,4019,83
894,4418,83
895,5100,84
896,4324,84
897,4275,83
898,4319,84
899,4408,84
900,4336,84
901,4945,85
902,4393,85
903,4184,85
904,4551,85
905,4394,85
906,3958,84
907,4244,85
908,3927,84
909,3982,84
910,4086,85
911,3961,85
912,3974,85
913,4598,86
914,4711,85
915,4553,85
916,4689,85
917,4594,85
918,4586,84
919,4792,85
920,4227,84
921,4398,84
922,5117,84
923,4678,84
924,4812,83
925,4920,84
926,5704,83
927,4742,83
928,4593,84
929,5214,84
930,5156,83
931,5411,84
932,5448,83
933,5516,83
934,5649,83
935,5389,83
936,5814,83
937,5944,83
938,4543,83
939,4782,83
940,4527,84
941,4526,84
942,4424,83
943,4130,84
944,3967,83
945,4073,83
946,4121,84
947,4027,84
948,4142,84
949,4518,85
950,4232,85
951,4273,85
952,5084,86
953,4201,85
954,4292,85
955,4479,85
956,4184,85
957,4213,84
958,4438,85
959,4275,84
960,4253,83
961,4978,84
962,4247,83
963,4317,83
964,4382,84
965,4352,83
966,4614,83
967,4270,83
968,4023,83
969,4161,83
970,4173,83
971,4038,83
972,3943,83
973,3921,83
974,3844,83
975,3844,83
976,4663,83
977,4307,83
978,4000,83
979,4210,83
980,3964,83
981,4116,83
982,4177,83
983,4485,83
984,4096,83
985,5240,83
986,4659,83
987,4229,83
988,4230,83
989,4049,83
990,4158,83
991,4225,83
992,4106,83
993,3889,83
994,4904,83
995,4084,83
996,4541,83
997,4411,84
998,4389,83
999,4099,83
1000,4490,83
1,763,1
2,380,1
3,309,1
4,448,2
5,367,2
6,371,2
7,448,3
8,433,3
9,384,3
10,496,4
11,394,4
12,390,4
13,569,5
14,653,5
15,462,5
16,554,6
17,438,6
18,461,6
19,586,7
20,476,7
21,521,7
22,656,8
23,510,8
24,651,8
25,867,9
26,567,9
27,592,9
28,746,10
29,615,10
30,568,10
31,695,11
32,623,11
33,650,11
34,735,12
35,653,12
36,630,12
37,762,13
38,747,13
39,677,13
40,797,14
41,763,14
42,698,14
43,824,15
44,686,15
45,789,15
46,988,16
47,872,16
48,814,16
49,1079,17
50,929,17
51,855,17
52,972,18
53,902,18
54,894,18
55,1037,19
56,895,19
57,909,19
58,1110,20
59,994,20
60,935,20
61,1035,21
62,928,21
63,1015,21
64,1070,22
65,978,22
66,987,22
67,1005,23
68,1034,23
69,1004,23
70,1112,24
71,1051,24
72,1030,24
73,1158,25
74,1131,25
75,1154,25
76,1284,26
77,1244,26
78,1420,26
79,1481,27
80,1552,27
81,1586,27
82,1740,28
83,2014,28
84,1669,28
85,2133,29
86,3037,29
87,1772,29
88,2036,30
89,1867,30
90,2206,30
91,2052,31
92,1801,31
93,2855,31
94,1886,32
95,1935,32
96,1929,32
97,2015,33
98,4551,33
99,2389,33
100,2313,34
101,2205,34
102,2442,34
103,2438,35
104,2085,35
105,2251,35
106,1922,36
107,1926,36
108,1699,36
109,2007,37
110,1689,37
111,1796,37
112,1829,38
113,1671,38
114,1823,38
115,1990,39
116,1907,39
117,1684,39
118,2120,40
119,2198,40
120,1987,40
121,2365,41
122,2049,41
123,1960,41
124,2100,42
125,2379,42
126,2343,42
127,2941,43
128,2550,43
129,2245,43
130,2419,44
131,2180,44
132,2410,44
133,2216,45
134,2269,45
135,2128,45
136,2549,46
137,2205,46
138,2226,46
139,2250,47
140,2342,47
141,2205,47
142,2363,48
143,2153,48
144,2406,48
145,2389,49
146,2350,49
147,2270,49
148,2484,50
149,2558,50
150,2418,50
151,2466,51
152,2440,51
153,2556,51
154,2492,52
155,2502,52
156,2467,52
157,2626,53
158,2461,53
159,2452,53
160,2836,54
161,3043,54
162,2652,54
163,2600,55
164,2620,55
165,2538,55
166,2727,56
167,2699,56
168,2992,56
169,3344,57
170,3165,57
171,2620,57
172,3272,58
173,3257,58
174,3106,58
175,3736,59
176,3203,59
177,2943,59
178,3243,60
179,3018,60
180,3128,60
181,3464,61
182,3297,61
183,3208,61
184,3457,62
185,3295,62
186,3388,62
187,3597,63
188,3485,63
189,3788,63
190,3747,64
191,3526,64
192,3082,64
193,3347,65
194,3195,65
195,3346,65
196,3741,66
197,3792,66
198,3644,66
199,4022,67
200,3227,67
201,3246,67
202,3553,68
203,3379,68
204,3066,68
205,3347,69
206,3321,69
207,3418,69
208,4080,70
209,3479,70
210,3657,70
211,4584,71
212,3929,71
213,3476,71
214,3561,72
215,3426,72
216,3674,72
217,3845,73
218,3910,73
219,4040,73
220,3951,74
221,4074,74
222,4444,74
223,4579,75
224,3940,75
225,4003,75
226,4100,76
227,4226,76
228,4003,76
229,4159,77
230,4243,77
231,4136,77
232,4296,78
233,3941,78
234,4241,78
235,4211,79
236,4103,79
237,4136,79
238,4106,80
239,4497,80
240,4112,80
241,4332,81
242,4077,81
243,4173,81
244,4478,82
245,4180,82
246,3894,82
247,3838,83
248,3822,83
249,3611,82
250,3912,83
251,3816,83
252,4174,83
253,3885,84
254,3890,84
255,3720,84
256,3921,85
257,3940,84
258,4067,84
259,3907,84
260,6876,84
261,4458,84
262,4284,85
263,4292,84
264,4351,84
265,4778,85
266,5375,85
267,6325,85
268,5662,86
269,5127,86
270,4821,85
271,7316,86
272,4881,85
273,4794,85
274,4923,85
275,4813,85
276,4686,84
277,5101,84
278,5072,84
279,4836,83
280,5078,84
281,5971,84
282,5060,84
283,5439,84
284,4281,84
285,4143,83
286,4191,84
287,4249,84
288,4108,84
289,4620,85
290,4749,85
291,4821,85
292,5167,86
293,4975,86
294,10517,85
295,5081,86
296,5442,85
297,4474,85
298,4550,85
299,5142,85
300,4770,84
301,4288,85
302,4389,84
303,4447,84
304,5149,85
305,5649,85
306,4762,85
307,5328,86
308,4328,86
309,4799,86
310,4418,87
311,4371,87
312,5023,87
313,5413,88
314,4380,87
315,4667,87
316,4579,87
317,4356,86
318,4443,86
319,4183,87
320,4315,86
321,4137,86
322,4553,87
323,4125,87
324,4408,87
325,4270,88
326,4121,88
327,4019,88
328,4152,89
329,4235,89
330,4322,89
331,4500,90
332,4472,89
333,4650,88
334,5040,89
335,4644,88
336,4106,88
337,4249,88
338,4312,88
339,4398,87
340,4481,88
341,4658,87
342,4462,86
343,4469,87
344,4626,86
345,4362,86
346,4621,87
347,4585,87
348,4259,87
349,4481,87
350,4339,87
351,4290,86
352,4648,87
353,4213,87
354,4109,87
355,4255,87
356,4181,87
357,4331,86
358,4343,86
359,4145,86
360,4660,85
361,4482,86
362,4116,85
363,4018,85
364,4044,85
365,3876,85
366,3711,84
367,4084,84
368,4026,84
369,3702,83
370,4029,84
371,3873,83
372,4017,83
373,5725,83
374,5704,83
375,4087,83
376,5407,84
377,4420,84
378,4393,84
379,4445,84
380,4262,84
381,4369,83
382,4467,84
383,4053,83
384,3908,83
385,4221,83
386,3938,83
387,4590,83
388,4171,84
389,4183,84
390,4153,84
391,4521,85
392,4083,85
393,3993,85
394,4545,86
395,10008,86
396,10358,86
397,6857,87
398,5887,87
399,6488,87
400,4958,88
401,4522,88
402,4227,87
403,4289,88
404,4076,87
405,4087,86
406,4096,87
407,4336,86
408,4097,86
409,5103,86
410,4378,86
411,4228,85
412,4203,85
413,4139,85
414,4080,84
415,5586,85
416,4537,84
417,4344,84
418,4396,84
419,4366,84
420,4054,83
421,4234,84
422,3670,84
423,4051,84
424,3990,84
425,4018,84
426,4530,83
427,4060,84
428,4142,83
429,3955,83
430,4034,83
431,3763,83
432,4958,83
433,4920,84
434,5223,84
435,4651,84
436,4562,85
437,4209,84
438,4058,84
439,4152,84
440,4055,84
441,4165,83
442,4579,84
443,4120,83
444,4278,83
445,4159,83
446,4087,83
447,3954,83
448,4745,84
449,3782,84
450,3849,84
451,5097,84
452,4209,84
453,4133,83
454,4536,84
455,4115,84
456,4050,84
457,3965,85
458,3740,85
459,3901,85
460,4263,86
461,4024,85
462,3930,85
463,4173,85
464,3929,85
465,3948,84
466,4813,85
467,4403,84
468,4440,84
469,4371,84
470,3820,84
471,4109,84
472,4258,85
473,3784,85
474,3692,85
475,3942,86
476,3854,86
477,3885,86
478,4334,87
479,4915,87
480,4193,86
481,4989,87
482,4686,86
483,4662,86
484,4160,86
485,4374,86
486,4728,85
487,4772,86
488,4361,85
489,3975,84
490,4272,85
491,4369,84
492,4221,84
493,4591,84
494,3942,84
495,3926,83
496,4142,84
497,3925,83
498,3962,83
499,3914,84
500,3585,84
501,3882,84
502,3945,85
503,4445,85
504,3680,85
505,4617,86
506,4013,86
507,3870,86
508,4852,87
509,4317,86
510,4689,86
511,5227,87
512,5393,87
513,5252,86
514,4768,87
515,4050,87
516,4029,87
517,4345,88
518,4008,88
519,4198,88
520,9490,89
521,5803,89
522,4956,89
523,4747,90
524,4432,90
525,4569,90
526,4571,91
527,5573,91
528,5722,91
529,6775,91
530,5192,91
531,4957,90
532,5531,91
533,5589,90
534,4613,90
535,5472,90
536,4774,90
537,6469,89
538,5932,89
539,4947,89
540,4559,88
541,5533,89
542,4727,88
543,4328,87
544,4522,88
545,4247,87
546,4328,87
547,4431,87
548,5145,86
549,4317,86
550,4273,86
551,4360,86
552,4204,85
553,4419,86
554,4013,85
555,4170,84
556,4123,85
557,4133,84
558,4225,84
559,4313,84
560,4731,84
561,4354,83
562,4402,84
563,4505,84
564,4091,83
565,4252,84
566,4153,83
567,4265,83
568,3865,83
569,4204,83
570,4925,83
571,4739,84
572,4829,84
573,4960,84
574,5069,85
575,4923,85
576,4183,85
577,4068,85
578,4282,85
579,4314,84
580,4373,85
581,4825,84
582,4537,84
583,4938,85
584,4565,85
585,4844,84
586,4676,85
587,4622,84
588,4433,84
589,5042,84
590,4589,84
591,4268,83
592,4487,84
593,4179,83
594,4688,83
595,4818,84
596,4751,84
597,4631,84
598,4843,85
599,4816,85
600,5203,85
601,4461,86
602,4464,86
603,4590,86
604,5005,87
605,4582,87
606,4752,87
607,5862,88
608,4909,88
609,4551,88
610,4624,89
611,4896,89
612,4866,89
613,4994,89
614,4800,89
615,4473,89
616,4705,90
617,4747,90
618,4711,90
619,4860,91
620,4757,90
621,4553,90
622,5176,90
623,4647,90
624,4948,89
625,5062,90
626,5192,89
627,4694,89
628,4958,89
629,4541,88
630,4439,88
631,4929,88
632,4674,88
633,8814,88
634,4060,89
635,4022,89
636,3946,89
637,4173,90
638,4096,90
639,4889,90
640,4827,91
641,4782,91
642,4614,91
643,5198,92
644,4391,92
645,4447,92
646,4460,93
647,4361,93
648,4347,93
649,4532,94
650,4130,94
651,4187,94
652,4425,94
653,4498,94
654,4465,93
655,4426,93
656,4369,93
657,5382,92
658,4673,93
659,4290,92
660,4258,91
661,4827,92
662,4219,91
663,4477,91
664,4694,91
665,4347,90
666,4283,90
667,4885,90
668,4083,90
669,4154,89
670,4328,89
671,4369,89
672,4148,88
673,4157,89
674,4059,88
675,4063,88
676,4155,88
677,3990,87
678,4048,87
679,4574,87
680,4217,87
681,4267,86
682,4314,86
683,4052,86
684,4791,85
685,4190,86
686,4465,85
687,4426,84
688,4295,85
689,4732,84
690,4057,84
691,4032,84
692,4896,84
693,4896,83
694,4497,84
695,4621,83
696,4295,83
697,3969,83
698,4094,83
699,4256,83
700,4494,83
701,5818,83
702,4962,83
703,4291,84
704,4565,83
705,4430,83
706,4091,83
707,4123,83
708,3954,83
709,3759,83
710,3811,83
711,3900,83
712,4618,84
713,4651,84
714,4534,84
715,5579,85
716,4240,85
717,3897,84
718,4786,85
719,4502,85
720,4317,84
721,4301,85
722,4163,84
723,4267,84
724,4202,84
725,3890,84
726,3883,83
727,4230,84
728,4135,83
729,4031,83
730,3891,83
731,4108,83
732,4269,83
733,4336,84
734,4088,83
735,4642,83
736,4403,83
737,4187,83
738,4252,83
739,4094,83
740,4181,83
741,4143,83
742,4618,83
743,4149,83
744,3684,83
745,4101,84
746,4109,83
747,4923,83
748,4557,83
749,4268,83
750,4361,83
751,4424,84
752,4367,84
753,4608,84
754,4529,85
755,3938,85
756,3629,84
757,4185,85
758,4506,84
759,4489,84
760,4869,84
761,4498,84
762,4382,83
763,4721,84
764,4441,84
765,3915,84
766,4173,84
767,3992,84
768,3835,83
769,4237,84
770,4444,83
771,4236,83
772,4555,84
773,4396,83
774,4174,83
775,4205,83
776,4735,83
777,4423,83
778,4846,83
779,4939,83
780,4819,83
781,5409,83
782,5218,83
783,4868,83
784,5329,83
785,5347,83
786,5101,83
787,4536,83
788,6151,83
789,4830,83
790,4836,83
791,4865,83
792,4814,83
793,5300,83
794,4710,83
795,5495,83
796,5238,83
797,4746,83
798,6742,83
799,5116,83
800,4338,83
801,5011,83
802,4635,83
803,4219,83
804,4119,83
805,4064,83
806,4129,83
807,3963,83
808,4136,83
809,4059,83
810,4587,83
811,4491,83
812,3978,83
813,3825,83
814,4103,83
815,4034,83
816,4257,83
817,4092,83
818,4073,83
819,3730,83
820,4037,83
821,4245,83
822,4211,83
823,4087,84
824,4120,83
825,3962,83
826,3956,84
827,4019,84
828,4403,83
829,4372,84
830,4224,84
831,4249,84
832,4501,84
833,4161,84
834,3867,83
835,4642,84
836,4740,83
837,4688,83
838,5318,84
839,4536,84
840,4409,84
841,4105,85
842,4208,85
843,4934,84
844,4365,85
845,4360,84
846,4292,84
847,4598,85
848,5060,85
849,4944,85
850,4929,86
851,4725,86
852,4444,86
853,5457,87
854,4449,87
855,4381,87
856,4285,87
857,4873,87
858,4927,86
859,4627,87
860,4047,86
861,4180,85
862,4219,86
863,3990,85
864,4449,85
865,5226,85
866,4674,85
867,4916,84
868,4155,84
869,3963,84
870,3966,84
871,3832,85
872,4000,85
873,3727,84
874,4269,85
875,4068,84
876,4406,84
877,4372,84
878,4730,84
879,4724,83
880,4927,84
881,4253,84
882,4511,84
883,4288,85
884,4230,85
885,4193,85
886,4117,85
887,4067,85
888,4093,84
889,4085,85
890,3957,85
891,4144,85
892,4349,86
893,4328,86
894,4674,86
895,4855,87
896,4239,87
897,4436,86
898,4316,87
899,4097,86
900,4072,86
901,4021,86
902,3990,86
903,4391,85
904,4278,86
905,4158,85
906,4397,84
907,4887,85
908,4403,84
909,4102,84
910,4976,84
911,4161,84
912,4497,83
913,4232,84
914,4287,84
915,4630,84
916,4062,85
917,4204,85
918,4256,85
919,4461,86
920,4116,86
921,4057,86
922,4576,87
923,4264,87
924,3967,86
925,3917,87
926,3721,86
927,3855,86
928,3879,86
929,3999,86
930,4546,85
931,4611,86
932,4680,85
933,4582,85
934,4531,85
935,4538,85
936,4255,84
937,4197,85
938,4002,84
939,4330,84
940,4290,84
941,4286,84
942,4001,83
943,4307,84
944,4682,83
945,4017,83
946,3935,84
947,4159,84
948,4431,84
949,4447,85
950,4676,85
951,4844,85
952,5704,86
953,4537,86
954,4381,85
955,4306,86
956,5544,86
957,4253,86
958,4118,87
959,4008,87
960,4261,87
961,4288,88
962,4001,88
963,4133,88
964,4079,89
965,4791,89
966,4510,89
967,5516,89
968,4738,89
969,4524,88
970,4430,89
971,4062,88
972,4106,88
973,4220,88
974,4212,87
975,4430,87
976,4715,87
977,4590,87
978,4277,86
979,4143,87
980,4367,86
981,4600,85
982,4921,86
983,4332,85
984,4291,85
985,4391,86
986,4169,85
987,4136,85
988,4536,85
989,4388,85
990,4828,84
991,4303,85
992,4135,84
993,3841,83
994,4078,84
995,4287,84
996,4108,83
997,4569,84
998,4478,84
999,4197,84
1000,4399,85
1,764,1
2,429,1
3,424,1
4,501,2
5,320,2
6,373,2
7,560,3
8,615,3
9,595,3
10,552,4
11,548,4
12,794,4
13,695,5
14,540,5
15,423,5
16,586,6
17,501,6
18,506,6
19,606,7
20,498,7
21,581,7
22,648,8
23,564,8
24,569,8
25,678,9
26,654,9
27,584,9
28,724,10
29,625,10
30,569,10
31,698,11
32,627,11
33,603,11
34,905,12
35,653,12
36,668,12
37,772,13
38,672,13
39,617,13
40,784,14
41,724,14
42,672,14
43,807,15
44,698,15
45,776,15
46,906,16
47,843,16
48,712,16
49,810,17
50,783,17
51,828,17
52,945,18
53,911,18
54,822,18
55,980,19
56,926,19
57,913,19
58,1033,20
59,941,20
60,988,20
61,1076,21
62,926,21
63,931,21
64,1005,22
65,1118,22
66,965,22
67,1124,23
68,1069,23
69,1008,23
70,1245,24
71,1042,24
72,974,24
73,1930,25
74,1513,25
75,1101,25
76,1380,26
77,1220,26
78,1177,26
79,1363,27
80,1487,27
81,1307,27
82,1430,28
83,1311,28
84,1353,28
85,1590,29
86,1347,29
87,1506,29
88,1752,30
89,1534,30
90,1388,30
91,1678,31
92,1565,31
93,1733,31
94,1524,32
95,1617,32
96,1576,32
97,1630,33
98,1468,33
99,1583,33
100,1773,34
101,1483,34
102,1636,34
103,1803,35
104,1556,35
105,1614,35
106,1784,36
107,1552,36
108,1671,36
109,1856,37
110,1650,37
111,3108,37
112,1931,38
113,1738,38
114,1873,38
115,1884,39
116,1727,39
117,1782,39
118,2164,40
119,1802,40
120,1818,40
121,2032,41
122,1937,41
123,1905,41
124,2129,42
125,1874,42
126,2040,42
127,2052,43
128,2026,43
129,2129,43
130,2306,44
131,2163,44
132,2090,44
133,2279,45
134,2290,45
135,2499,45
136,2557,46
137,2468,46
138,2329,46
139,2275,47
140,2040,47
141,1995,47
142,2257,48
143,2006,48
144,2211,48
145,2256,49
146,2172,49
147,2151,49
148,2824,50
149,2415,50
150,2121,50
151,2435,51
152,2473,51
153,2332,51
154,2566,52
155,2509,52
156,2895,52
157,2721,53
158,2604,53
159,2651,53
160,2787,54
161,2799,54
162,2669,54
163,2759,55
164,2637,55
165,2485,55
166,2795,56
167,2653,56
168,2524,56
169,2667,57
170,2709,57
171,2761,57
172,2833,58
173,3253,58
174,2830,58
175,2862,59
176,3478,59
177,3005,59
178,2906,60
179,2835,60
180,2945,60
181,3197,61
182,3281,61
183,3149,61
184,3194,62
185,3202,62
186,3382,62
187,3243,63
188,3166,63
189,3041,63
190,2994,64
191,3479,64
192,3109,64
193,3189,65
194,3229,65
195,3253,65
196,3487,66
197,3584,66
198,3524,66
199,3608,67
200,3476,67
201,5769,67
202,4046,68
203,3876,68
204,3973,68
205,4058,69
206,4091,69
207,4594,69
208,4246,70
209,3992,70
210,3699,70
211,3743,71
212,3823,71
213,3567,71
214,3553,72
215,3971,72
216,3646,72
217,3680,73
218,3729,73
219,3752,73
220,4055,74
221,4354,74
222,4253,74
223,4102,75
224,3945,75
225,4284,75
226,3989,76
227,3912,76
228,3952,76
229,4050,77
230,3977,77
231,3998,77
232,4346,78
233,4075,78
234,3934,78
235,3733,79
236,3856,79
237,4061,79
238,4189,80
239,4358,80
240,4037,80
241,4132,81
242,3993,81
243,4054,81
244,4032,82
245,3694,82
246,3851,82
247,3824,83
248,4380,83
249,4625,83
250,4659,84
251,4652,84
252,4379,84
253,4659,85
254,4560,85
255,5302,85
256,4576,86
257,5180,86
258,3978,86
259,4259,87
260,4731,87
261,5046,87
262,6631,88
263,4822,87
264,4514,87
265,4339,87
266,4504,87
267,4824,86
268,5218,87
269,4315,86
270,4903,86
271,4688,86
272,4340,85
273,4123,85
274,4483,85
275,4094,85
276,4380,84
277,4764,85
278,4962,84
279,4358,84
280,5701,84
281,5812,84
282,7484,84
283,5985,85
284,5057,85
285,5881,84
286,4952,85
287,4894,84
288,4596,84
289,4526,85
290,5009,85
291,4377,84
292,4613,85
293,4653,85
294,4645,85
295,4877,85
296,4940,85
297,4618,84
298,5503,85
299,4750,84
300,4326,84
301,4157,84
302,4083,84
303,4479,84
304,4262,85
305,4169,85
306,7073,85
307,4614,86
308,4533,86
309,4764,86
310,5106,87
311,5309,87
312,6718,87
313,6864,88
314,6659,88
315,5475,87
316,5025,88
317,4582,87
318,4418,86
319,4551,87
320,4136,86
321,4276,86
322,5083,86
323,5078,86
324,5368,85
325,4744,86
326,4254,85
327,4508,84
328,5078,85
329,4312,84
330,4141,84
331,4471,84
332,4160,84
333,4711,83
334,4330,84
335,5067,83
336,7144,83
337,4544,84
338,5137,84
339,4355,83
340,4544,84
341,4481,83
342,4020,83
343,4775,84
344,4169,83
345,4105,83
346,4746,84
347,4222,84
348,4483,84
349,4234,85
350,4118,85
351,3999,84
352,4214,85
353,4087,84
354,3897,84
355,4571,84
356,4006,84
357,4554,84
358,4313,85
359,4627,85
360,4814,85
361,5078,86
362,4373,86
363,3977,86
364,4146,87
365,4161,86
366,4226,86
367,3960,87
368,3914,87
369,3784,87
370,4311,88
371,4105,88
372,4093,88
373,4209,89
374,4177,88
375,4171,88
376,4561,88
377,4232,88
378,4477,87
379,4426,87
380,4080,87
381,4202,86
382,3961,87
383,4117,86
384,5133,86
385,5251,86
386,4804,86
387,4636,86
388,4863,87
389,4761,87
390,5345,86
391,5108,87
392,4374,86
393,6200,86
394,5227,86
395,5111,86
396,5461,85
397,5720,86
398,4968,85
399,5869,85
400,5210,85
401,4768,84
402,4799,84
403,5071,85
404,4430,85
405,5314,84
406,4666,85
407,4327,84
408,4234,84
409,4203,85
410,3643,84
411,4108,84
412,4799,85
413,5289,84
414,4338,84
415,4542,84
416,4858,84
417,4400,83
418,4357,84
419,4142,84
420,4197,83
421,4248,84
422,4500,83
423,4262,83
424,4293,84
425,4389,84
426,4558,84
427,3952,84
428,3987,84
429,3991,83
430,4679,84
431,5568,83
432,4482,83
433,4322,84
434,4352,83
435,4180,83
436,4272,84
437,3991,84
438,4584,84
439,4462,85
440,4375,84
441,4263,84
442,4819,84
443,4729,84
444,4343,83
445,4169,84
446,4113,84
447,3751,84
448,4120,85
449,4412,84
450,4672,84
451,4648,85
452,4239,85
453,3969,85
454,4447,86
455,4306,85
456,4448,85
457,5110,86
458,4175,86
459,4978,86
460,4702,87
461,4032,87
462,4507,87
463,4473,88
464,4602,88
465,4338,88
466,4283,89
467,4371,89
468,4825,88
469,4848,89
470,4730,88
471,4343,88
472,4407,88
473,4640,87
474,4367,87
475,4451,87
476,4131,87
477,4238,86
478,4051,87
479,4038,86
480,3981,86
481,4601,87
482,5524,86
483,5263,86
484,4720,86
485,4343,86
486,4258,85
487,4455,86
488,4654,85
489,4675,85
490,4259,85
491,4556,84
492,5052,84
493,4881,84
494,4171,84
495,4348,84
496,4658,84
497,4540,84
498,5239,83
499,4273,84
500,4291,83
501,4193,83
502,4223,83
503,4656,83
504,4595,83
505,4794,84
506,4093,84
507,4365,84
508,4793,85
509,4313,85
510,4108,85
511,4180,86
512,4614,86
513,10317,85
514,9707,86
515,6671,85
516,5158,85
517,7122,85
518,4480,84
519,4440,84
520,4661,85
521,4414,85
522,4038,85
523,4039,86
524,4236,86
525,4622,86
526,4323,87
527,4230,86
528,4143,85
529,4171,86
530,4360,86
531,4116,85
532,4345,86
533,4317,85
534,4501,84
535,4677,85
536,4093,84
537,4446,84
538,4574,85
539,4559,85
540,4540,85
541,4430,86
542,4157,86
543,4236,86
544,4255,87
545,4521,87
546,4095,87
547,4373,87
548,4320,87
549,4490,86
550,4307,87
551,9108,86
552,4906,85
553,4750,86
554,4916,86
555,4427,85
556,4070,86
557,3998,85
558,4146,85
559,4184,85
560,4236,84
561,4176,84
562,4322,84
563,4254,84
564,4564,84
565,4395,85
566,4183,85
567,4383,84
568,4462,85
569,3869,84
570,4591,84
571,5162,84
572,4330,84
573,4517,83
574,4484,84
575,4299,84
576,4378,84
577,4534,85
578,3867,85
579,3869,85
580,3907,85
581,4084,85
582,3788,84
583,4283,85
584,4118,85
585,3984,85
586,3945,86
587,4088,86
588,9327,85
589,11493,86
590,8238,85
591,5275,85
592,4863,85
593,4277,84
594,4122,84
595,4105,85
596,4084,85
597,3928,84
598,4001,85
599,4225,85
600,4019,85
601,4723,86
602,4797,86
603,4664,85
604,4397,86
605,4545,85
606,4388,85
607,4054,85
608,4360,85
609,3939,84
610,4605,84
611,4155,84
612,4070,83
613,4305,84
614,3901,84
615,3872,84
616,4101,84
617,4018,84
618,4384,83
619,4572,84
620,4072,83
621,4287,83
622,3979,83
623,3944,83
624,3996,83
625,4157,83
626,4158,83
627,3825,83
628,3980,84
629,4120,84
630,3775,84
631,4151,85
632,4029,85
633,4430,85
634,4749,86
635,5277,86
636,5188,86
637,5274,86
638,4746,86
639,5004,86
640,5197,87
641,4727,87
642,4753,87
643,5370,88
644,4654,88
645,5192,88
646,4633,88
647,4919,88
648,4564,87
649,4370,88
650,4761,87
651,5388,87
652,4721,87
653,4601,87
654,4605,86
655,4454,86
656,4613,86
657,4030,85
658,4249,86
659,4439,85
660,4247,84
661,4680,85
662,4226,84
663,4328,84
664,4546,84
665,3919,84
666,4391,83
667,4398,84
668,4159,83
669,4150,83
670,4245,83
671,4119,83
672,4097,83
673,4391,84
674,3957,84
675,3971,84
676,4313,85
677,4386,84
678,4586,84
679,4927,84
680,4972,83
681,4874,83
682,4940,84
683,4329,84
684,4415,83
685,4166,84
686,4502,83
687,4186,83
688,4345,83
689,4066,83
690,4242,83
691,4563,84
692,4299,83
693,4060,83
694,4016,84
695,3887,84
696,3856,84
697,4043,85
698,4265,84
699,4120,84
700,4257,85
701,4204,85
702,3999,85
703,3816,85
704,3743,85
705,3752,84
706,3968,85
707,4120,84
708,3923,84
709,4159,84
710,4025,84
711,4102,83
712,4152,84
713,3879,83
714,4145,83
715,4182,83
716,4836,83
717,4418,83
718,4646,83
719,4411,83
720,3852,83
721,3838,83
722,3843,83
723,4030,83
724,3933,83
725,3953,83
726,3661,83
727,3964,83
728,3787,83
729,4151,83
730,4395,83
731,4449,83
732,4828,83
733,4250,84
734,3953,83
735,3959,83
736,4179,83
737,3892,83
738,4077,83
739,4008,83
740,3903,83
741,4012,83
742,3974,84
743,4171,84
744,4049,84
745,4148,85
746,4449,85
747,4014,84
748,4239,85
749,4372,85
750,4382,84
751,4193,85
752,4210,85
753,4629,85
754,3968,86
755,3810,86
756,3824,85
757,4212,86
758,4138,86
759,4413,86
760,4833,87
761,4371,87
762,4388,87
763,4059,88
764,4005,88
765,3840,88
766,5923,89
767,4456,89
768,4521,89
769,4510,89
770,4412,89
771,4323,88
772,4360,89
773,4622,88
774,4264,88
775,4369,88
776,4434,87
777,4597,87
778,4399,87
779,4265,87
780,4242,86
781,3969,87
782,3979,86
783,4269,85
784,4017,86
785,4039,85
786,4030,85
787,3933,86
788,3949,86
789,4020,86
790,3992,86
791,3973,86
792,3969,85
793,4111,86
794,4001,85
795,3964,85
796,4028,85
797,3981,85
798,4297,84
799,4998,84
800,3893,84
801,3905,83
802,4101,84
803,3976,84
804,3896,84
805,4165,85
806,4001,85
807,4177,84
808,3954,85
809,4060,84
810,3959,84
811,3998,84
812,4035,84
813,3877,83
814,4384,84
815,4279,83
816,4119,83
817,4211,84
818,3935,84
819,4156,84
820,4254,85
821,3893,85
822,3787,85
823,4292,86
824,3934,85
825,3978,85
826,4034,85
827,4004,85
828,3918,84
829,4228,85
830,4569,85
831,4320,85
832,4327,86
833,4715,85
834,4607,85
835,4464,86
836,4360,86
837,4209,86
838,4399,87
839,4618,87
840,4237,87
841,4471,88
842,3988,88
843,3942,87
844,4194,88
845,4303,87
846,3949,87
847,4293,87
848,4234,87
849,3946,86
850,4567,86
851,4231,86
852,4449,85
853,4692,86
854,4239,85
855,3959,85
856,4040,85
857,3990,84
858,4104,84
859,4026,84
860,4099,84
861,3972,84
862,4323,85
863,4000,85
864,4121,85
865,4293,86
866,4049,86
867,4450,86
868,4686,87
869,4087,86
870,3962,86
871,4209,86
872,3966,86
873,3993,85
874,4035,86
875,4161,85
876,4308,85
877,4740,85
878,4200,85
879,4455,84
880,4435,85
881,3986,85
882,3921,85
883,4416,86
884,4268,86
885,3962,85
886,4299,86
887,3878,85
888,4044,84
889,4156,85
890,4160,84
891,3784,84
892,4456,84
893,4596,84
894,4152,83
895,4278,84
896,5007,83
897,5492,83
898,5255,84
899,4747,83
900,4337,83
901,5015,83
902,4787,83
903,5082,83
904,5405,83
905,5241,83
906,4624,83
907,4651,84
908,4999,84
909,4760,84
910,4738,85
911,4539,84
912,5354,84
913,4889,84
914,4809,84
915,4699,83
916,5249,84
917,4684,83
918,4696,83
919,4316,84
920,4628,83
921,3817,83
922,5358,84
923,4418,84
924,4371,84
925,4169,85
926,4381,85
927,3941,85
928,10510,85
929,10672,85
930,5934,84
931,5163,85
932,4377,84
933,4308,84
934,4550,84
935,4511,84
936,3884,84
937,4289,85
938,4238,84
939,4192,84
940,4490,84
941,4451,84
942,4342,84
943,4171,85
944,4237,85
945,4014,85
946,4092,85
947,4332,85
948,4022,84
949,3914,85
950,3845,84
951,3966,84
952,4272,84
953,3999,84
954,4016,83
955,4321,84
956,4515,84
957,4098,84
958,4483,85
959,4072,84
960,4326,84
961,4407,84
962,4524,84
963,4328,84
964,4437,84
965,4405,84
966,4372,83
967,4468,84
968,4620,83
969,4376,83
970,3931,83
971,3833,83
972,3849,83
973,3979,83
974,4292,83
975,4121,83
976,4310,83
977,3780,83
978,3654,83
979,3851,84
980,4008,84
981,3978,84
982,4257,85
983,4191,84
984,4035,84
985,4374,84
986,4040,84
987,4374,83
988,4186,84
989,4078,83
990,3951,83
991,4029,84
992,4095,84
993,4127,84
994,4835,85
995,4210,84
996,4368,84
997,4311,85
998,4165,85
999,4023,84
1000,4420,85
1001,3736,84
1002,3939,84
1003,3985,84
1004,3796,83
1005,3987,83
1006,4117,82
1007,3853,82
1008,3993,81
1009,4209,81
1010,4120,80
1011,3789,80
1012,3839,80
1013,3855,80
1014,3538,80
1015,3638,79
1016,3832,79
1017,3641,79
1018,3785,79
1019,3510,79
1020,3686,79
1021,4140,79
1022,3533,78
1023,3660,78
1024,3525,77
1025,3616,77
1026,3569,77
1027,3601,76
1028,3605,76
1029,3513,75
1030,3980,75
1031,3894,75
1032,3683,75
1033,3787,75
1034,3637,75
1035,3727,75
1036,3486,74
1037,3451,74
1038,3824,73
1039,3643,73
1040,3390,72
1041,3689,72
1042,3468,71
1043,3437,71
1044,3434,70
1045,3379,69
1046,3301,69
1047,3573,68
1048,3420,68
1049,3426,67
1050,3455,67
1051,3479,67
1052,3380,67
1053,3412,67
1054,3368,67
1055,3253,67
1056,3195,67
1057,3344,67
1058,3278,67
1059,3195,67
1060,3374,66
1061,3615,66
1062,3554,65
1063,3405,65
1064,3310,65
1065,3429,65
1066,3268,65
1067,3715,65
1068,3222,64
1069,3534,64
1070,3336,63
1071,3380,63
1072,3149,62
1073,3324,61
1074,3131,61
1075,3094,60
1076,3208,60
1077,3248,60
1078,3058,59
1079,3268,58
1080,3091,58
1081,3067,57
1082,3127,57
1083,2896,56
1084,3084,56
1085,3175,55
1086,2934,55
1087,3262,54
1088,3332,54
1089,4149,54
1090,3427,53
1091,3106,53
1092,2891,53
1093,2828,52
1094,2893,52
1095,3961,52
1096,3811,51
1097,3900,51
1098,3812,51
1099,3643,50
1100,3603,50
1101,3605,50
1102,3639,50
1103,3515,50
1104,3545,50
1105,3406,50
1106,3690,50
1107,3405,50
1108,3247,49
1109,3282,49
1110,3378,48
1111,3395,48
1112,3342,47
1113,3158,47
1114,3185,46
1115,3230,46
1116,3439,46
1117,3299,46
1118,3546,45
1119,3456,45
1120,6049,44
1121,3138,43
1122,4967,43
1123,2956,42
1124,2697,42
1125,2541,42
1126,2511,41
1127,2515,41
1128,2484,41
1129,2613,40
1130,2442,40
1131,2194,40
1132,2133,40
1133,2211,40
1134,2371,40
1135,2094,39
1136,2280,39
1137,2246,38
1138,2284,38
1139,2215,37
1140,2182,37
1141,1867,36
1142,2165,36
1143,2545,36
1144,2202,35
1145,2152,35
1146,1850,35
1147,1965,35
1148,1936,34
1149,2032,34
1150,1878,33
1151,2481,33
1152,2041,33
1153,1987,32
1154,1937,32
1155,2105,32
1156,2246,32
1157,1851,32
1158,1806,32
1159,2360,32
1160,1674,32
1161,1586,32
1162,1605,32
1163,1626,32
1164,1669,32
1165,1577,32
1166,1755,32
1167,1615,32
1168,1568,31
1169,1557,31
1170,1588,30
1171,1545,29
1172,1692,29
1173,1388,28
1174,1439,28
1175,1399,27
1176,1777,27
1177,1395,26
1178,1461,26
1179,1382,26
1180,1376,25
1181,1486,25
1182,1337,24
1183,1506,24
1184,1286,24
1185,1261,24
1186,1351,24
1187,1214,24
1188,1234,24
1189,1204,24
1190,1250,24
1191,1205,24
1192,1145,24
1193,1160,24
1194,1165,24
1195,1172,24
1196,1156,23
1197,1361,23
1198,1181,22
1199,1351,22
1200,1232,21
1,942,1
2,362,1
3,338,1
4,538,2
5,403,2
6,350,2
7,535,3
8,394,3
9,409,3
10,572,4
11,456,4
12,417,4
13,538,5
14,475,5
15,409,5
16,536,6
17,478,6
18,500,6
19,613,7
20,511,7
21,500,7
22,664,8
23,552,8
24,546,8
25,690,9
26,676,9
27,653,9
28,721,10
29,591,10
30,613,10
31,645,11
32,655,11
33,667,11
34,756,12
35,688,12
36,720,12
37,862,13
38,742,13
39,663,13
40,764,14
41,726,14
42,709,14
43,826,15
44,730,15
45,789,15
46,939,16
47,887,16
48,895,16
49,1237,17
50,943,17
51,808,17
52,947,18
53,974,18
54,866,18
55,980,19
56,1058,19
57,893,19
58,1209,20
59,949,20
60,950,20
61,1042,21
62,991,21
63,953,21
64,1087,22
65,1021,22
66,1017,22
67,1136,23
68,1076,23
69,1072,23
70,1192,24
71,1261,24
72,1128,24
73,1366,25
74,1291,25
75,1327,25
76,1439,26
77,1283,26
78,1267,26
79,1330,27
80,1195,27
81,1268,27
82,1626,28
83,1317,28
84,1620,28
85,1477,29
86,1450,29
87,1299,29
88,2026,30
89,1631,30
90,1646,30
91,1724,31
92,1597,31
93,1545,31
94,1882,32
95,1650,32
96,1573,32
97,1723,33
98,1534,33
99,1468,33
100,1727,34
101,1460,34
102,1346,34
103,1553,35
104,1531,35
105,1521,35
106,1962,36
107,1524,36
108,1566,36
109,1868,37
110,1660,37
111,1718,37
112,1842,38
113,1894,38
114,1747,38
115,1973,39
116,1829,39
117,2074,39
118,2159,40
119,1900,40
120,1925,40
121,2176,41
122,2021,41
123,2105,41
124,2026,42
125,1845,42
126,2036,42
127,2430,43
128,2140,43
129,2172,43
130,2352,44
131,2242,44
132,2158,44
133,2278,45
134,2163,45
135,2211,45
136,2940,46
137,2556,46
138,2403,46
139,2687,47
140,2379,47
141,2275,47
142,2588,48
143,2354,48
144,2549,48
145,2682,49
146,2514,49
147,2646,49
148,2762,50
149,2851,50
150,2756,50
151,2985,51
152,4987,51
153,2901,51
154,3449,52
155,3219,52
156,3094,52
157,3730,53
158,3228,53
159,2987,53
160,4575,54
161,3212,54
162,3449,54
163,4117,55
164,3266,55
165,3508,55
166,4994,56
167,3536,56
168,3688,56
169,3137,57
170,3217,57
171,3346,57
172,3417,58
173,3298,58
174,3229,58
175,3134,59
176,3420,59
177,3494,59
178,3688,60
179,3525,60
180,3895,60
181,3342,61
182,3157,61
183,3361,61
184,3415,62
185,3335,62
186,3696,62
187,3283,63
188,3002,63
189,2858,63
190,2990,64
191,2916,64
192,2943,64
193,3357,65
194,6749,65
195,4550,65
196,5157,66
197,6133,66
198,5003,66
199,5332,67
200,4533,67
201,4040,67
202,3656,68
203,3671,68
204,3605,68
205,3463,69
206,3412,69
207,3191,69
208,3581,70
209,3439,70
210,4348,70
211,3797,71
212,3448,71
213,3624,71
214,3754,72
215,4048,72
216,4007,72
217,4293,73
218,4412,73
219,4347,73
220,5070,74
221,4532,74
222,4214,74
223,4112,75
224,3787,75
225,3833,75
226,3848,76
227,3775,76
228,4756,76
229,3890,77
230,3709,77
231,3766,77
232,3750,78
233,4110,78
234,4019,78
235,3637,79
236,3804,79
237,3675,79
238,3843,80
239,4164,80
240,4060,80
241,4276,81
242,3716,81
243,3756,81
244,4153,82
245,3901,82
246,3981,82
247,4446,83
248,4009,83
249,4257,82
250,3967,83
251,3909,83
252,3951,83
253,4006,83
254,3966,83
255,4092,83
256,4164,84
257,4453,83
258,4059,83
259,4529,84
260,4253,84
261,4758,84
262,4365,85
263,4237,85
264,4491,85
265,4526,86
266,4239,85
267,4113,85
268,4040,86
269,4309,86
270,4156,85
271,4367,86
272,4777,85
273,4424,85
274,4558,85
275,4130,85
276,3909,84
277,4172,85
278,5039,85
279,4745,85
280,5887,86
281,4894,86
282,4374,86
283,4569,86
284,4698,86
285,4899,85
286,4497,86
287,4169,86
288,3887,86
289,4222,87
290,4316,87
291,4169,87
292,5953,88
293,5034,88
294,4753,88
295,4549,89
296,4481,89
297,4279,88
298,4312,89
299,4596,88
300,4215,88
301,4029,88
302,4052,88
303,3990,88
304,4478,89
305,4249,89
306,4153,88
307,4375,89
308,4262,88
309,4202,88
310,4256,88
311,4216,88
312,4175,88
313,4245,89
314,4992,89
315,4725,89
316,4689,90
317,4246,90
318,4685,90
319,3937,91
320,3979,91
321,3975,91
322,4067,92
323,4380,92
324,3910,92
325,4116,92
326,4420,92
327,4690,91
328,4569,92
329,5280,91
330,4974,91
331,5361,91
332,4827,90
333,5175,90
334,4798,90
335,4436,90
336,4773,89
337,5327,89
338,4795,89
339,4098,88
340,4578,89
341,4663,88
342,4468,88
343,4165,88
344,4293,87
345,4463,87
346,4321,87
347,4085,87
348,4029,86
349,3942,86
350,3851,86
351,3692,85
352,3921,86
353,3698,85
354,3860,84
355,4008,85
356,3830,84
357,4006,84
358,3987,84
359,3810,84
360,4457,83
361,4482,84
362,4346,83
363,4289,83
364,4827,84
365,4344,84
366,3906,84
367,3904,85
368,4063,85
369,4909,85
370,4389,86
371,4314,86
372,4192,85
373,4520,86
374,4376,85
375,4495,85
376,3984,85
377,4406,84
378,3986,84
379,3858,84
380,4113,84
381,4211,84
382,4375,85
383,4059,84
384,3898,84
385,4284,84
386,4123,84
387,4042,84
388,4408,85
389,5254,84
390,5541,84
391,5747,85
392,5745,85
393,5411,84
394,5944,85
395,4870,85
396,6457,85
397,7031,86
398,5568,86
399,5427,86
400,4782,87
401,4772,86
402,4727,86
403,4595,86
404,5408,86
405,5356,85
406,5670,85
407,5011,85
408,4542,84
409,4864,85
410,4022,84
411,4025,84
412,5248,84
413,4653,84
414,4123,83
415,4345,84
416,4096,84
417,4424,84
418,4323,85
419,3952,85
420,4280,85
421,4679,85
422,4557,85
423,4327,84
424,4538,85
425,4793,84
426,4485,83
427,4524,84
428,4360,83
429,4345,83
430,4634,83
431,4110,83
432,3952,83
433,4315,84
434,4167,84
435,3844,84
436,4156,85
437,4314,85
438,4012,85
439,4337,86
440,4477,86
441,4657,86
442,4613,87
443,4089,87
444,4092,86
445,4287,87
446,4195,87
447,4000,87
448,4501,87
449,4859,87
450,4894,86
451,4924,87
452,4571,86
453,4398,85
454,4645,86
455,4164,86
456,4885,86
457,4316,87
458,5129,87
459,4454,87
460,4164,88
461,4393,87
462,4355,87
463,4234,87
464,4587,87
465,4573,87
466,4595,88
467,4163,88
468,4084,88
469,4228,89
470,4204,89
471,4179,89
472,3949,90
473,3930,90
474,3827,90
475,4088,91
476,4478,90
477,3925,90
478,4164,90
479,3978,90
480,3959,89
481,4061,89
482,4056,89
483,4542,88
484,4355,89
485,3982,88
486,4106,88
487,4148,88
488,3890,87
489,4309,87
490,4452,87
491,4311,87
492,4292,86
493,4498,86
494,4302,86
495,4246,85
496,3944,86
497,3726,85
498,4010,84
499,4117,85
500,3826,84
501,4041,84
502,4001,84
503,3978,84
504,3882,83
505,4081,84
506,3883,84
507,4002,83
508,4187,84
509,3829,83
510,4640,83
511,3930,84
512,4048,84
513,3893,84
514,3859,85
515,5179,85
516,4122,85
517,4211,86
518,3982,86
519,3627,86
520,3966,86
521,3836,86
522,3918,85
523,4520,86
524,4313,85
525,4376,85
526,4424,85
527,4281,85
528,4756,84
529,4438,84
530,4343,84
531,4413,84
532,4735,84
533,4395,84
534,4360,83
535,4295,84
536,4358,83
537,4293,83
538,4113,84
539,4368,84
540,3995,84
541,3953,85
542,3919,85
543,3969,85
544,4722,86
545,4174,86
546,4253,85
547,4231,86
548,4403,85
549,3986,85
550,4051,85
551,4039,85
552,4100,84
553,4196,85
554,4349,84
555,4410,84
556,4153,84
557,3936,83
558,3949,83
559,4029,84
560,4152,84
561,4270,84
562,4303,85
563,4241,85
564,4789,85
565,4815,86
566,4543,86
567,4522,85
568,4444,86
569,4646,85
570,3945,84
571,4223,85
572,4096,85
573,4468,84
574,4800,84
575,4724,84
576,4078,84
577,4028,84
578,4107,84
579,4182,83
580,4218,84
581,4166,84
582,3941,84
583,4172,84
584,4686,84
585,4649,83
586,4750,84
587,4035,83
588,4653,83
589,4683,84
590,4547,83
591,4186,83
592,5077,83
593,4242,83
594,4717,83
595,4654,83
596,4535,83
597,4167,83
598,4025,83
599,4449,83
600,4501,83
601,4481,84
602,4197,84
603,4183,83
604,4561,84
605,4150,83
606,4302,83
607,4334,83
608,3958,83
609,4222,83
610,4471,84
611,4164,84
612,3958,84
613,3925,85
614,3917,85
615,4167,85
616,4298,85
617,4265,85
618,4557,84
619,4818,85
620,4166,84
621,4253,84
622,4310,85
623,4295,85
624,4082,85
625,4398,86
626,3874,86
627,3721,85
628,3979,86
629,3890,85
630,3772,85
631,4102,85
632,3864,85
633,4536,85
634,3999,86
635,4280,85
636,4249,84
637,4236,85
638,3876,84
639,3916,84
640,4779,84
641,4529,84
642,4325,83
643,4575,84
644,4269,83
645,4335,83
646,4372,83
647,3800,83
648,3986,83
649,3911,83
650,4082,83
651,4101,83
652,4259,84
653,4314,84
654,5122,84
655,5685,85
656,5314,85
657,5232,85
658,5808,86
659,4929,85
660,4866,85
661,4914,85
662,4499,85
663,4813,84
664,5283,85
665,4323,84
666,4701,84
667,4909,84
668,4779,84
669,4683,84
670,5580,85
671,4424,85
672,4998,85
673,4825,86
674,4235,85
675,4520,85
676,4775,85
677,4249,85
678,3804,84
679,4263,85
680,4182,84
681,4450,84
682,5067,84
683,3994,84
684,4028,83
685,4275,84
686,4004,83
687,3715,83
688,4829,84
689,3988,84
690,3910,83
691,4209,84
692,3829,83
693,3750,83
694,3839,83
695,3955,83
696,3930,83
697,3923,83
698,4893,83
699,4174,83
700,4634,83
701,4077,83
702,4124,83
703,3921,83
704,4068,83
705,4292,83
706,4533,83
707,4142,83
708,4353,83
709,4619,84
710,4290,83
711,4851,83
712,5004,84
713,6864,83
714,4266,83
715,4511,83
716,4271,83
717,3892,83
718,4217,83
719,4140,83
720,4104,83
721,4767,84
722,4506,84
723,4351,83
724,4391,84
725,4229,84
726,4231,84
727,4388,84
728,4296,84
729,4357,83
730,4640,84
731,4299,84
732,4476,84
733,4918,85
734,4506,85
735,4312,85
736,4481,86
737,4391,86
738,4347,85
739,4590,86
740,4330,85
741,4315,85
742,4923,85
743,3953,85
744,3950,84
745,4289,85
746,3983,84
747,3950,84
748,4025,85
749,4050,84
750,4456,84
751,4763,84
752,4370,84
753,4193,83
754,4436,84
755,4223,83
756,4308,83
757,4163,84
758,4050,83
759,4208,83
760,4415,83
761,4207,83
762,4221,83
763,4217,84
764,4083,84
765,4298,84
766,4491,85
767,5844,84
768,9873,84
769,6853,85
770,5766,85
771,5380,85
772,5338,86
773,4755,86
774,4341,85
775,4406,86
776,4748,85
777,4099,85
778,4244,86
779,3854,85
780,4086,85
781,4267,85
782,4672,85
783,4727,84
784,4616,84
785,4293,84
786,4466,84
787,4415,85
788,4351,84
789,4403,84
790,4492,84
791,4031,84
792,3904,83
793,4241,84
794,4139,84
795,4590,84
796,4499,85
797,4566,85
798,4578,85
799,4691,85
800,3968,85
801,4034,85
802,4115,86
803,4000,85
804,4275,85
805,4305,85
806,4207,84
807,4116,84
808,4114,85
809,4422,85
810,4249,85
811,5177,86
812,4712,86
813,4602,86
814,4866,87
815,4413,87
816,4276,87
817,4380,88
818,3990,87
819,4121,87
820,4007,87
821,4054,87
822,3791,86
823,4077,87
824,3978,86
825,3973,86
826,4096,86
827,4011,85
828,4247,85
829,4208,85
830,3950,85
831,3839,84
832,4204,85
833,4135,84
834,4086,84
835,4107,85
836,4429,84
837,4407,84
838,4106,85
839,4207,85
840,4099,85
841,4323,86
842,4644,86
843,4232,86
844,4286,87
845,3994,87
846,4014,86
847,4047,87
848,3969,86
849,4135,85
850,4263,86
851,4529,85
852,4374,85
853,4539,86
854,4382,86
855,4183,86
856,3998,87
857,3770,87
858,3908,87
859,4125,88
860,4022,88
861,3970,88
862,4155,88
863,3803,88
864,3814,87
865,4061,88
866,3720,87
867,4084,86
868,4771,87
869,4211,86
870,4096,86
871,4207,86
872,4076,86
873,4564,85
874,4420,85
875,4007,85
876,4459,84
877,7869,85
878,5044,84
879,4468,84
880,4470,84
881,4163,84
882,3918,84
883,4327,85
884,5011,85
885,4291,85
886,4520,86
887,4003,86
888,4192,86
889,4001,86
890,3928,85
891,3964,85
892,4125,85
893,4149,85
894,3923,84
895,4517,85
896,3999,85
897,3759,85
898,3995,86
899,3775,85
900,4057,85
901,4474,85
902,4186,84
903,4234,84
904,4252,84
905,4175,84
906,4097,83
907,4273,84
908,4031,83
909,4160,83
910,4246,84
911,3897,83
912,4249,83
913,4187,83
914,3958,83
915,4048,83
916,4191,83
917,4159,83
918,4331,83
919,4463,84
920,4689,84
921,4468,84
922,5344,85
923,4745,84
924,5469,84
925,6431,84
926,4446,84
927,4209,84
928,4964,85
929,5813,85
930,5195,85
931,5270,85
932,5356,85
933,9338,85
934,12437,86
935,4675,85
936,4972,85
937,4772,85
938,4489,85
939,4188,84
940,4420,85
941,4444,85
942,4405,85
943,4186,86
944,4189,86
945,4260,86
946,4676,87
947,4239,86
948,4453,86
949,4748,86
950,4327,86
951,4318,85
952,4443,86
953,4374,86
954,4441,86
955,4567,86
956,4296,86
957,4254,85
958,4615,85
959,4316,85
960,4431,84
961,4343,85
962,4269,84
963,4687,84
964,4718,84
965,4220,84
966,4285,84
967,4443,85
968,4395,85
969,4565,85
970,4694,86
971,5233,86
972,4333,85
973,4530,86
974,4168,85
975,4395,84
976,4567,85
977,4491,84
978,4450,84
979,4774,84
980,4307,84
981,4165,83
982,4341,84
983,4067,84
984,3840,84
985,4240,85
986,4017,85
987,3951,84
988,4652,85
989,4093,85
990,4184,85
991,4330,86
992,4057,86
993,4271,85
994,4570,86
995,5001,85
996,4708,85
997,4877,85
998,4437,85
999,4498,84
1000,4586,85
1001,4386,84
1002,4277,83
1003,4256,83
1004,4494,82
1005,4278,82
1006,4252,81
1007,4113,81
1008,3886,81
1009,4527,81
1010,4304,80
1011,4437,80
1012,4158,80
1013,4069,80
1014,4278,80
1015,4289,80
1016,3901,80
1017,3641,80
1018,3775,80
1019,3566,80
1020,3621,80
1021,3959,80
1022,3895,80
1023,3635,80
1024,3998,80
1025,4067,79
1026,4315,79
1027,3850,78
1028,3825,77
1029,3899,77
1030,3951,76
1031,3816,76
1032,3628,75
1033,3762,75
1034,3960,74
1035,3883,73
1036,3704,73
1037,3676,72
1038,3613,72
1039,3497,72
1040,3619,71
1041,3657,71
1042,3751,70
1043,3785,70
1044,3571,70
1045,3257,69
1046,3329,69
1047,3390,68
1048,3338,68
1049,3370,68
1050,3167,68
1051,3305,68
1052,3141,68
1053,3094,67
1054,3259,67
1055,3302,66
1056,3261,66
1057,3468,65
1058,3961,65
1059,3847,65
1060,3465,65
1061,3684,65
1062,3760,64
1063,3582,64
1064,3339,64
1065,3426,64
1066,3272,63
1067,3556,62
1068,3410,62
1069,3380,61
1070,3185,61
1071,3140,61
1072,3451,60
1073,3488,60
1074,3519,59
1075,3440,59
1076,3354,59
1077,3215,59
1078,3209,59
1079,3187,59
1080,3186,59
1081,3031,59
1082,3199,58
1083,2934,58
1084,2901,57
1085,2831,57
1086,2742,56
1087,3233,56
1088,2904,55
1089,3023,55
1090,2894,54
1091,2872,54
1092,2860,53
1093,2932,53
1094,2808,52
1095,2758,52
1096,2832,52
1097,3407,52
1098,4052,52
1099,2760,52
1100,3649,52
1101,2696,52
1102,2625,52
1103,2759,52
1104,2687,52
1105,2650,52
1106,2464,52
1107,2482,52
1108,2898,52
1109,3063,51
1110,3035,51
1111,3087,50
1112,2842,49
1113,2752,49
1114,2554,48
1115,2617,48
1116,2672,47
1117,3076,47
1118,2880,46
1119,2675,45
1120,2408,45
1121,2315,44
1122,2704,44
1123,2538,43
1124,2926,43
1125,2641,42
1126,2835,42
1127,2609,41
1128,2747,41
1129,2440,40
1130,2447,40
1131,2476,40
1132,2295,39
1133,2308,39
1134,2335,39
1135,2179,39
1136,2100,39
1137,1983,39
1138,1988,39
1139,1976,39
1140,2061,38
1141,2100,37
1142,2049,37
1143,2114,37
1144,1894,37
1145,2343,37
1146,2216,37
1147,2123,36
1148,2294,36
1149,2050,35
1150,2032,35
1151,2259,34
1152,2261,34
1153,1891,34
1154,2127,34
1155,1856,34
1156,1798,34
1157,1654,34
1158,1745,33
1159,1872,33
1160,1897,33
1161,1710,33
1162,1759,33
1163,1676,33
1164,1832,33
1165,1678,33
1166,1671,33
1167,1603,33
1168,1614,33
1169,1579,33
1170,1723,33
1171,1608,33
1172,1547,32
1173,1638,32
1174,1760,31
1175,1639,30
1176,1910,30
1177,1585,29
1178,1584,29
1179,1467,28
1180,1808,28
1181,1453,27
1182,1498,26
1183,1477,26
1184,1345,25
1185,1414,25
1186,1728,24
1187,2956,24
1188,2442,23
1189,2208,22
1190,2924,22
1191,3163,21
1192,1885,21
1193,1684,20
1194,1566,20
1195,1363,19
1196,1318,19
1197,1138,19
1198,1104,19
1199,1034,19
1200,1015,19
1,739,1
2,399,1
3,345,1
4,501,2
5,423,2
6,387,2
7,449,3
8,350,3
9,335,3
10,468,4
11,425,4
12,437,4
13,626,5
14,533,5
15,490,5
16,620,6
17,595,6
18,522,6
19,893,7
20,644,7
21,706,7
22,829,8
23,630,8
24,662,8
25,798,9
26,722,9
27,592,9
28,764,10
29,635,10
30,677,10
31,1067,11
32,705,11
33,673,11
34,767,12
35,752,12
36,712,12
37,889,13
38,763,13
39,697,13
40,805,14
41,802,14
42,851,14
43,900,15
44,739,15
45,721,15
46,1457,16
47,860,16
48,922,16
49,939,17
50,960,17
51,894,17
52,1055,18
53,944,18
54,967,18
55,1107,19
56,1040,19
57,1184,19
58,1285,20
59,1162,20
60,1096,20
61,1371,21
62,1258,21
63,1121,21
64,1241,22
65,1239,22
66,1144,22
67,1221,23
68,1339,23
69,1315,23
70,1417,24
71,1350,24
72,1365,24
73,1532,25
74,1414,25
75,1280,25
76,1457,26
77,1352,26
78,1237,26
79,1449,27
80,1403,27
81,1509,27
82,1898,28
83,1676,28
84,2658,28
85,1726,29
86,2078,29
87,1909,29
88,2840,30
89,2475,30
90,3828,30
91,1976,31
92,2708,31
93,1966,31
94,2223,32
95,2042,32
96,2034,32
97,2166,33
98,2192,33
99,2308,33
100,2324,34
101,2238,34
102,2182,34
103,3505,35
104,1997,35
105,2113,35
106,6507,36
107,2503,36
108,2034,36
109,2327,37
110,2162,37
111,2029,37
112,2247,38
113,1954,38
114,2350,38
115,2477,39
116,2428,39
117,2053,39
118,2223,40
119,2093,40
120,1870,40
121,2114,41
122,2679,41
123,3324,41
124,2852,42
125,2274,42
126,3338,42
127,3701,43
128,2439,43
129,2646,43
130,2344,44
131,2214,44
132,2284,44
133,2332,45
134,2348,45
135,2103,45
136,2233,46
137,2249,46
138,2387,46
139,2436,47
140,2334,47
141,2264,47
142,2673,48
143,2322,48
144,2199,48
145,2644,49
146,2582,49
147,2544,49
148,2516,50
149,2457,50
150,2443,50
151,2545,51
152,2498,51
153,2476,51
154,2722,52
155,2780,52
156,2572,52
157,2568,53
158,2532,53
159,3194,53
160,2973,54
161,2740,54
162,2831,54
163,2734,55
164,2768,55
165,2805,55
166,3052,56
167,2862,56
168,2910,56
169,3299,57
170,3064,57
171,3144,57
172,3268,58
173,3085,58
174,2832,58
175,2877,59
176,3057,59
177,3123,59
178,3168,60
179,2988,60
180,3232,60
181,3382,61
182,3233,61
183,3260,61
184,3510,62
185,3492,62
186,3283,62
187,3470,63
188,3229,63
189,3076,63
190,3370,64
191,3630,64
192,3167,64
193,3407,65
194,3329,65
195,3319,65
196,3620,66
197,3506,66
198,3523,66
199,4124,67
200,3593,67
201,3352,67
202,3564,68
203,3620,68
204,3688,68
205,4131,69
206,4024,69
207,4029,69
208,4126,70
209,4120,70
210,3979,70
211,4086,71
212,4024,71
213,3896,71
214,4231,72
215,4175,72
216,3975,72
217,4745,73
218,4325,73
219,4341,73
220,4273,74
221,4718,74
222,4246,74
223,4232,75
224,6413,75
225,4506,75
226,4621,76
227,4358,76
228,4506,76
229,4315,77
230,3730,77
231,3754,77
232,3690,78
233,3646,78
234,3810,78
235,3577,79
236,3508,79
237,3644,79
238,4006,80
239,4088,80
240,4129,80
241,4043,81
242,3883,81
243,4301,81
244,4159,82
245,4549,82
246,4062,82
247,4592,83
248,4053,83
249,4121,83
250,4282,84
251,3867,84
252,3837,84
253,3876,85
254,3753,85
255,5181,85
256,4296,86
257,4155,86
258,3999,86
259,4089,87
260,3947,87
261,4054,87
262,5056,88
263,4029,87
264,4407,87
265,4230,87
266,3976,87
267,4041,86
268,4030,87
269,3946,87
270,4001,87
271,4066,88
272,4016,88
273,4211,88
274,4437,89
275,4005,89
276,3829,89
277,4151,90
278,3782,90
279,3858,90
280,4078,90
281,4013,90
282,3770,89
283,4301,90
284,5009,89
285,4389,89
286,4406,89
287,4222,88
288,4212,88
289,4364,88
290,4359,88
291,4691,87
292,5281,88
293,6117,87
294,4761,86
295,6989,87
296,6660,86
297,5275,86
298,4988,86
299,5394,86
300,5330,85
301,4873,85
302,4249,85
303,4250,84
304,5583,85
305,4794,84
306,4858,84
307,5280,84
308,4666,84
309,4138,84
310,4290,85
311,4166,84
312,4555,84
313,4460,84
314,4029,84
315,3981,83
316,4183,84
317,4147,84
318,4093,84
319,4243,85
320,4293,85
321,4079,85
322,4175,86
323,4019,86
324,3958,86
325,4356,87
326,4105,86
327,4186,86
328,5003,86
329,4625,86
330,4699,85
331,4918,85
332,4342,85
333,4022,84
334,4345,85
335,4577,85
336,4409,85
337,4512,86
338,3971,85
339,3908,85
340,4128,86
341,3966,86
342,3980,86
343,4073,86
344,4202,86
345,3958,85
346,4310,85
347,4086,85
348,4707,84
349,4770,85
350,4342,84
351,4800,84
352,4115,84
353,4137,84
354,4107,83
355,4184,84
356,4075,83
357,3968,83
358,4189,83
359,3998,83
360,4011,83
361,4042,83
362,3997,83
363,3647,83
364,3812,83
365,4130,83
366,4062,83
367,3908,84
368,3882,84
369,4053,84
370,4061,85
371,3874,85
372,3720,85
373,4024,86
374,3991,86
375,3716,85
376,4142,86
377,3801,85
378,3932,85
379,3999,85
380,3978,85
381,3970,85
382,4038,86
383,4025,86
384,4159,85
385,4872,86
386,4920,86
387,4670,86
388,4719,87
389,4055,87
390,4035,87
391,4017,88
392,3907,88
393,3888,88
394,4019,89
395,4176,89
396,3893,88
397,5956,89
398,4664,88
399,4255,88
400,4314,88
401,4200,88
402,4306,87
403,4390,88
404,4441,87
405,4582,86
406,4429,87
407,4476,86
408,4285,86
409,4760,86
410,4215,86
411,4833,85
412,4687,85
413,4112,85
414,3859,85
415,4385,86
416,4042,86
417,3872,86
418,4205,87
419,4055,87
420,4054,87
421,5062,88
422,4934,87
423,9272,87
424,11399,87
425,6325,87
426,6185,86
427,5923,87
428,5909,87
429,5052,87
430,4852,88
431,4473,88
432,4571,88
433,5289,89
434,4896,89
435,6176,89
436,5441,90
437,5809,90
438,4923,90
439,5317,91
440,5976,90
441,4849,90
442,6963,90
443,4875,90
444,4667,89
445,4624,90
446,5079,89
447,4653,88
448,4573,89
449,4860,88
450,4897,88
451,5062,88
452,4691,88
453,4129,88
454,4529,89
455,4407,89
456,4996,89
457,4511,89
458,4856,89
459,4732,88
460,4671,88
461,4740,88
462,4181,87
463,4097,88
464,4269,87
465,5116,87
466,4771,87
467,4511,86
468,4484,86
469,4757,86
470,4311,86
471,3976,85
472,4307,86
473,4163,86
474,4031,85
475,4456,86
476,4324,85
477,4280,85
478,4503,85
479,4119,85
480,4838,84
481,4266,85
482,4272,85
483,3999,85
484,4241,86
485,3918,85
486,3885,85
487,4062,85
488,3981,85
489,4071,84
490,4436,85
491,3875,84
492,3964,84
493,3910,84
494,4012,84
495,3937,83
496,3978,84
497,4170,84
498,3962,84
499,6227,85
500,4500,85
501,4135,85
502,4190,86
503,4078,86
504,3968,86
505,4031,86
506,4070,86
507,3883,85
508,4233,85
509,4042,85
510,3832,84
511,4212,85
512,4070,85
513,4230,85
514,4814,86
515,4422,86
516,4356,86
517,4518,86
518,4233,86
519,3883,85
520,4117,86
521,4372,85
522,3964,84
523,4178,85
524,4043,84
525,3792,84
526,3934,85
527,4582,84
528,4491,84
529,4318,84
530,4558,84
531,3956,83
532,4219,84
533,4070,83
534,3905,83
535,4063,84
536,3845,84
537,3687,84
538,4072,85
539,3959,84
540,4123,84
541,3948,84
542,4368,84
543,4214,83
544,4352,84
545,4127,83
546,4211,83
547,3873,83
548,4176,83
549,4253,83
550,4418,84
551,4743,84
552,4395,84
553,4303,85
554,3963,85
555,3895,85
556,4048,86
557,3713,85
558,4049,85
559,4090,85
560,4102,85
561,3879,84
562,4134,85
563,4003,84
564,3988,84
565,4341,84
566,4193,84
567,4379,83
568,4973,84
569,4504,84
570,5021,83
571,4627,84
572,4426,83
573,4489,83
574,4321,84
575,4367,84
576,4057,84
577,3993,85
578,4168,85
579,4708,85
580,4270,86
581,4523,86
582,4412,86
583,4643,86
584,4184,86
585,4456,85
586,4514,86
587,4341,85
588,4078,84
589,3981,85
590,4194,84
591,4248,84
592,4529,84
593,4200,84
594,4178,83
595,4524,84
596,4230,84
597,4385,84
598,4600,85
599,4129,85
600,4222,85
601,4051,85
602,4503,85
603,4409,84
604,4384,85
605,4526,84
606,4453,84
607,4497,85
608,4179,84
609,4312,83
610,4467,84
611,4231,83
612,4288,83
613,4519,84
614,4433,84
615,4153,83
616,4313,84
617,3923,84
618,4041,84
619,4811,85
620,4575,85
621,4331,85
622,4324,86
623,4909,86
624,4265,85
625,4436,86
626,4721,86
627,4976,86
628,4583,87
629,4555,87
630,4319,87
631,5488,88
632,4568,88
633,4746,88
634,4818,89
635,4781,89
636,5130,89
637,4433,89
638,4810,89
639,4973,88
640,4817,89
641,4852,88
642,4749,88
643,4855,88
644,4413,87
645,4802,87
646,4455,87
647,4603,87
648,4355,86
649,4464,87
650,4291,86
651,4332,85
652,4873,86
653,4705,85
654,4251,85
655,4538,85
656,4184,84
657,4194,84
658,4376,84
659,4192,84
660,4088,83
661,4812,84
662,3859,83
663,3932,83
664,3860,84
665,4324,83
666,4074,83
667,4302,84
668,4259,84
669,4128,84
670,4097,85
671,3802,84
672,5150,84
673,6058,84
674,5764,84
675,4859,84
676,4520,85
677,3918,85
678,3963,85
679,4631,86
680,4277,85
681,4268,85
682,4318,85
683,4299,85
684,4359,84
685,4532,85
686,4376,85
687,4254,85
688,4492,85
689,5838,85
690,4984,85
691,6609,85
692,5402,85
693,5151,85
694,5443,85
695,5370,84
696,4885,84
697,5882,84
698,5873,84
699,5295,84
700,5928,85
701,4836,85
702,4946,85
703,4529,86
704,4223,86
705,4385,86
706,4350,87
707,4338,87
708,4124,87
709,5076,88
710,4349,88
711,4157,88
712,4428,89
713,4222,89
714,4134,89
715,4227,90
716,4015,90
717,3999,89
718,4578,90
719,4210,89
720,4157,89
721,4494,90
722,4262,89
723,4153,88
724,4643,89
725,4310,89
726,4157,88
727,4585,89
728,4108,88
729,4168,88
730,4357,88
731,4144,88
732,4275,87
733,4212,88
734,4240,87
735,4168,87
736,4311,88
737,4219,88
738,4179,88
739,4737,89
740,4295,89
741,4347,89
742,4753,90
743,4109,90
744,4218,90
745,4841,91
746,4923,91
747,4472,91
748,4702,92
749,4261,92
750,4660,92
751,4815,93
752,4928,92
753,4482,91
754,4580,92
755,4535,91
756,4274,91
757,4412,91
758,4610,90
759,4401,90
760,5041,90
761,4826,90
762,4310,89
763,4232,90
764,4125,89
765,4328,88
766,4570,89
767,4561,88
768,4295,88
769,4317,88
770,4077,87
771,3903,87
772,4813,88
773,4441,88
774,4319,88
775,4900,89
776,4398,89
777,4619,88
778,4656,89
779,4514,88
780,4499,88
781,5355,88
782,4680,88
783,4461,87
784,4724,88
785,4478,87
786,4116,86
787,4103,87
788,4123,86
789,4164,86
790,4441,86
791,4314,85
792,4225,85
793,6615,86
794,4108,85
795,10570,85
796,8564,85
797,6238,84
798,5380,84
799,4614,85
800,4392,84
801,3944,84
802,4248,85
803,4494,84
804,4672,84
805,4497,85
806,4636,85
807,4494,85
808,4557,86
809,3986,85
810,4177,85
811,4578,85
812,3981,85
813,3968,84
814,4115,85
815,4083,84
816,4230,84
817,4361,84
818,4244,84
819,4599,84
820,4684,85
821,4558,84
822,4229,84
823,4697,84
824,4200,84
825,4576,84
826,4536,84
827,4538,84
828,4410,83
829,4528,84
830,4275,84
831,3904,84
832,4189,85
833,4179,85
834,4378,85
835,4482,86
836,4185,85
837,3938,85
838,4090,85
839,3889,85
840,3977,84
841,4009,84
842,3843,84
843,4502,84
844,4697,84
845,4230,84
846,4286,84
847,4631,84
848,4260,84
849,4219,83
850,4421,84
851,4474,84
852,3882,84
853,3912,84
854,3919,84
855,3981,83
856,3987,84
857,3901,84
858,3902,84
859,4100,85
860,4278,84
861,4212,84
862,3992,85
863,3735,85
864,3910,85
865,3986,85
866,4418,85
867,4084,84
868,4279,85
869,4044,85
870,3958,85
871,4208,86
872,3860,86
873,3878,85
874,4754,85
875,4657,85
876,4372,84
877,4844,85
878,4627,84
879,4419,84
880,4736,85
881,4449,85
882,4433,85
883,4434,86
884,4001,86
885,4176,86
886,4893,87
887,4523,87
888,4383,87
889,4479,88
890,4141,87
891,3704,87
892,4271,87
893,4017,87
894,3930,86
895,4370,87
896,3871,86
897,4098,86
898,4155,86
899,3970,86
900,3954,85
901,4179,86
902,4392,86
903,3976,86
904,4041,86
905,3976,86
906,4377,85
907,4085,86
908,3992,85
909,4202,85
910,4345,85
911,4204,85
912,3916,84
913,4520,84
914,4166,84
915,3992,83
916,4164,84
917,4069,84
918,4184,84
919,4235,85
920,4258,85
921,4171,84
922,4312,85
923,4193,84
924,4249,84
925,4213,84
926,4362,84
927,4238,83
928,4462,84
929,4199,83
930,4109,83
931,4204,84
932,4252,84
933,4175,84
934,4003,85
935,4070,85
936,3697,84
937,4017,85
938,3983,84
939,4165,84
940,4656,85
941,4539,84
942,5412,84
943,5135,84
944,5471,84
945,4989,84
946,5127,85
947,5297,85
948,5110,85
949,5547,86
950,4535,85
951,4481,85
952,4786,86
953,4742,86
954,4422,86
955,5186,87
956,6523,87
957,5549,87
958,5456,88
959,4927,88
960,5994,88
961,5890,88
962,4849,88
963,4674,87
964,4648,88
965,4707,87
966,4693,87
967,4698,87
968,4902,86
969,5365,86
970,5454,86
971,4715,86
972,4870,85
973,4641,86
974,4447,85
975,4443,84
976,4250,85
977,4223,84
978,3939,84
979,4186,84
980,4001,84
981,3990,83
982,4038,84
983,4015,84
984,3895,84
985,4403,85
986,4021,85
987,3961,84
988,4583,85
989,4206,85
990,3797,84
991,4100,85
992,4188,84
993,4341,84
994,4315,85
995,4644,85
996,4224,85
997,4678,86
998,4632,86
999,4305,85
1000,4011,86
1001,4067,85
1002,4783,85
1003,4302,84
1004,3898,84
1005,4192,83
1006,4517,83
1007,4220,82
1008,4355,82
1009,4091,81
1010,4186,81
1011,4200,80
1012,3831,80
1013,3688,79
1014,3972,79
1015,3808,79
1016,4027,79
1017,4051,79
1018,4259,79
1019,4641,79
1020,4653,79
1021,4452,79
1022,4139,79
1023,3993,79
1024,4358,79
1025,4475,78
1026,3692,78
1027,3673,77
1028,3661,77
1029,3790,76
1030,3824,75
1031,3755,75
1032,3558,74
1033,3643,74
1034,4156,73
1035,3768,73
1036,3924,72
1037,3891,72
1038,3866,71
1039,3744,71
1040,3585,70
1041,4089,70
1042,3879,70
1043,4174,70
1044,4021,70
1045,3604,69
1046,3738,69
1047,3461,68
1048,3653,68
1049,3331,67
1050,3604,67
1051,3956,67
1052,3754,67
1053,3483,66
1054,3651,66
1055,3596,66
1056,3392,66
1057,3292,66
1058,3165,66
1059,3224,66
1060,3194,66
1061,3190,66
1062,3162,66
1063,3317,65
1064,3737,65
1065,3715,64
1066,3773,64
1067,3661,63
1068,3367,63
1069,3323,62
1070,3486,62
1071,3390,62
1072,3668,62
1073,3171,61
1074,3687,61
1075,3516,60
1076,3576,60
1077,3673,59
1078,3718,58
1079,3368,58
1080,3158,57
1081,3382,57
1082,3870,56
1083,3764,56
1084,3716,56
1085,3891,55
1086,4173,55
1087,3384,54
1088,3323,54
1089,3527,54
1090,3223,53
1091,3806,53
1092,3889,53
1093,3261,52
1094,3057,52
1095,3841,52
1096,3742,52
1097,3660,52
1098,3467,52
1099,3478,52
1100,3023,52
1101,3793,51
1102,3196,51
1103,2925,51
1104,2747,50
1105,3420,50
1106,3220,49
1107,3224,49
1108,3502,48
1109,2969,48
1110,3217,47
1111,3684,47
1112,3445,46
1113,3031,46
1114,2836,46
1115,2521,46
1116,2451,46
1117,2748,46
1118,2569,46
1119,2855,46
1120,3071,46
1121,3016,46
1122,3105,45
1123,3132,45
1124,3317,44
1125,2921,43
1126,2618,43
1127,2502,42
1128,2568,42
1129,2572,42
1130,2366,42
1131,2721,41
1132,3323,40
1133,2570,40
1134,2909,39
1135,2428,39
1136,2211,39
1137,2495,39
1138,2226,38
1139,2345,38
1140,2430,37
1141,2199,37
1142,2014,37
1143,2045,37
1144,2316,36
1145,4085,36
1146,2242,36
1147,2274,35
1148,2192,35
1149,2299,35
1150,2002,35
1151,2187,35
1152,2048,35
1153,1905,35
1154,2316,34
1155,2068,34
1156,2052,33
1157,2102,33
1158,2025,33
1159,2210,33
1160,2040,32
1161,2256,32
1162,1874,31
1163,1798,31
1164,1765,30
1165,2031,30
1166,1940,29
1167,2301,29
1168,1942,28
1169,1671,28
1170,1758,27
1171,2042,27
1172,1686,26
1173,1905,26
1174,1473,26
1175,1518,26
1176,1584,26
1177,1746,26
1178,1438,25
1179,1590,25
1180,1365,24
1181,1591,23
1182,1481,23
1183,1394,23
1184,1464,22
1185,1690,22
1186,1375,22
1187,1455,21
1188,1415,21
1189,1608,20
1190,1474,20
1191,1292,20
1192,1422,19
1193,1252,19
1194,1323,19
1195,1121,18
1196,1188,18
1197,1050,18
1198,1106,17
1199,1092,17
1200,999,17
1,710,1
2,349,1
3,314,1
4,473,2
5,410,2
6,341,2
7,477,3
8,391,3
9,347,3
10,528,4
11,390,4
12,383,4
13,473,5
14,408,5
15,499,5
16,553,6
17,481,6
18,429,6
19,593,7
20,459,7
21,491,7
22,609,8
23,667,8
24,539,8
25,641,9
26,558,9
27,579,9
28,677,10
29,599,10
30,596,10
31,703,11
32,588,11
33,567,11
34,664,12
35,676,12
36,637,12
37,1623,13
38,794,13
39,739,13
40,911,14
41,727,14
42,668,14
43,805,15
44,677,15
45,706,15
46,889,16
47,766,16
48,792,16
49,902,17
50,919,17
51,782,17
52,971,18
53,848,18
54,751,18
55,934,19
56,812,19
57,852,19
58,928,20
59,1048,20
60,913,20
61,1012,21
62,947,21
63,905,21
64,1035,22
65,986,22
66,900,22
67,1034,23
68,1176,23
69,1051,23
70,1137,24
71,1029,24
72,1121,24
73,1163,25
74,1186,25
75,1207,25
76,1223,26
77,1238,26
78,1219,26
79,1430,27
80,1219,27
81,1229,27
82,1347,28
83,1367,28
84,1337,28
85,1350,29
86,1352,29
87,1392,29
88,1459,30
89,1455,30
90,1428,30
91,1709,31
92,1643,31
93,1439,31
94,1875,32
95,1623,32
96,1616,32
97,1833,33
98,1814,33
99,1858,33
100,1969,34
101,1737,34
102,2123,34
103,1844,35
104,2053,35
105,1965,35
106,2078,36
107,2468,36
108,1964,36
109,2254,37
110,2227,37
111,2172,37
112,2255,38
113,2361,38
114,2175,38
115,2871,39
116,2456,39
117,2707,39
118,3414,40
119,2488,40
120,2207,40
121,2346,41
122,2467,41
123,2119,41
124,2949,42
125,2268,42
126,2783,42
127,2542,43
128,2530,43
129,2620,43
130,3408,44
131,3184,44
132,3392,44
133,3162,45
134,2677,45
135,3382,45
136,2836,46
137,2916,46
138,3049,46
139,2994,47
140,2727,47
141,2487,47
142,2941,48
143,3067,48
144,3363,48
145,3059,49
146,3376,49
147,3298,49
148,3264,50
149,3529,50
150,4011,50
151,4361,51
152,3693,51
153,3458,51
154,3461,52
155,4522,52
156,4292,52
157,4090,53
158,3922,53
159,3676,53
160,4098,54
161,5707,54
162,3959,54
163,3668,55
164,3264,55
165,3036,55
166,3807,56
167,2945,56
168,3061,56
169,3225,57
170,3260,57
171,3388,57
172,3606,58
173,4502,58
174,3573,58
175,3589,59
176,3784,59
177,3414,59
178,4315,60
179,3881,60
180,3461,60
181,3523,61
182,3659,61
183,3537,61
184,3399,62
185,3110,62
186,3104,62
187,3018,63
188,2975,63
189,3778,63
190,3546,64
191,3636,64
192,3713,64
193,3756,65
194,3532,65
195,3490,65
196,4063,66
197,3430,66
198,3437,66
199,3494,67
200,3269,67
201,3479,67
202,4096,68
203,3600,68
204,3581,68
205,3890,69
206,3377,69
207,3338,69
208,3991,70
209,3499,70
210,3771,70
211,4183,71
212,3547,71
213,3620,71
214,4320,72
215,4062,72
216,4678,72
217,4131,73
218,4405,73
219,3948,73
220,3861,74
221,3758,74
222,3847,74
223,4453,75
224,4163,75
225,4375,75
226,4460,76
227,4012,76
228,3782,76
229,3720,77
230,4320,77
231,4279,77
232,4323,78
233,4450,78
234,4167,78
235,4795,79
236,4910,79
237,4321,79
238,4928,80
239,4477,80
240,3855,80
241,4764,81
242,4443,81
243,4799,81
244,4491,82
245,4757,82
246,4985,82
247,5037,83
248,4939,83
249,4828,83
250,4201,84
251,3922,83
252,4151,83
253,4150,83
254,4100,83
255,4309,83
256,4110,83
257,5150,83
258,5343,83
259,4733,83
260,4222,83
261,4578,83
262,4840,84
263,4172,84
264,4754,83
265,4363,84
266,3933,84
267,3965,83
268,4537,84
269,4315,84
270,4871,84
271,5488,84
272,5621,84
273,4958,84
274,4541,84
275,3895,84
276,3789,84
277,3996,85
278,4041,84
279,3758,84
280,4629,84
281,4074,84
282,3852,83
283,4533,84
284,4175,83
285,4042,83
286,3821,83
287,3872,83
288,3722,83
289,4199,83
290,4740,83
291,6083,83
292,5228,83
293,4609,83
294,4721,83
295,4451,83
296,4509,83
297,4389,83
298,4611,83
299,4096,83
300,4315,83
301,4451,83
302,4353,83
303,4002,83
304,4341,84
305,4277,84
306,4584,84
307,4521,85
308,4632,84
309,4488,84
310,4671,84
311,4060,83
312,4274,83
313,4409,84
314,3929,83
315,6986,83
316,5191,84
317,4157,84
318,4487,83
319,4857,84
320,5005,83
321,5591,83
322,5854,83
323,4743,83
324,4696,83
325,5094,83
326,4697,83
327,6119,83
328,4917,83
329,4403,83
330,4439,83
331,4541,83
332,4394,83
333,4634,83
334,5373,84
335,4545,84
336,5756,84
337,5954,85
338,5089,84
339,4324,84
340,4146,85
341,4210,84
342,4425,84
343,4387,84
344,4543,84
345,4840,83
346,4615,84
347,3995,83
348,5249,83
349,4543,83
350,4215,83
351,5115,83
352,5234,84
353,4514,83
354,4803,83
355,5369,84
356,5118,84
357,4663,83
358,5582,84
359,5391,83
360,8938,83
361,8916,84
362,8737,84
363,6354,84
364,6606,85
365,5441,85
366,5846,85
367,5089,86
368,5290,86
369,5543,86
370,5658,86
371,5266,86
372,5383,86
373,6530,87
374,5508,87
375,4765,87
376,5638,88
377,5657,88
378,5951,88
379,5701,88
380,4964,88
381,5301,87
382,5184,88
383,5545,87
384,4754,86
385,5179,87
386,5131,86
387,5073,86
388,5250,86
389,5158,86
390,5819,85
391,5452,86
392,4759,85
393,5164,85
394,5159,85
395,4570,85
396,4709,84
397,4970,85
398,4660,84
399,3769,83
400,4100,84
401,3945,84
402,3851,84
403,4004,85
404,4208,85
405,4035,84
406,4471,84
407,4252,84
408,4173,83
409,4838,84
410,4371,83
411,3987,83
412,4380,84
413,4017,83
414,4273,83
415,4104,83
416,4520,83
417,4292,83
418,4434,83
419,4746,83
420,4843,83
421,4853,83
422,5397,83
423,5170,83
424,5237,84
425,5395,83
426,5720,83
427,4885,83
428,5072,83
429,5185,83
430,6758,83
431,9555,83
432,6857,83
433,6293,83
434,6779,83
435,6421,83
436,10957,83
437,5802,83
438,5303,83
439,5620,83
440,4559,83
441,5274,83
442,5211,83
443,5510,83
444,5055,83
445,6216,83
446,5487,83
447,5293,83
448,6191,83
449,9491,83
450,6021,83
451,5351,83
452,4810,83
453,4531,83
454,4812,84
455,4262,84
456,4556,84
457,4340,85
458,4271,85
459,3912,85
460,3955,86
461,4352,86
462,4135,86
463,4228,87
464,4056,87
465,4385,87
466,4364,88
467,4690,88
468,4612,87
469,4365,88
470,4685,87
471,4264,86
472,4939,87
473,4517,86
474,4559,86
475,4699,86
476,5738,86
477,4276,85
478,4576,86
479,4311,85
480,4518,84
481,4480,85
482,4753,84
483,4873,84
484,4488,84
485,4406,84
486,4390,83
487,4522,84
488,4157,83
489,4475,83
490,4525,84
491,4052,84
492,4102,84
493,4685,85
494,4287,85
495,4450,84
496,4312,85
497,4022,85
498,4475,84
499,5256,85
500,4861,84
501,4259,84
502,3890,84
503,4723,84
504,5116,83
505,4519,84
506,4521,83
507,4240,83
508,4343,84
509,4419,84
510,4305,83
511,5371,84
512,4497,83
513,4251,83
514,3950,84
515,4675,84
516,4308,84
517,5048,85
518,4310,85
519,4071,85
520,4149,86
521,3943,85
522,4100,85
523,4229,86
524,4040,86
525,3981,86
526,4167,87
527,3942,87
528,4041,87
529,4204,88
530,3733,88
531,3901,88
532,3938,88
533,4183,88
534,3930,87
535,4299,88
536,4113,87
537,3860,86
538,4187,87
539,4466,86
540,4594,86
541,4212,86
542,3956,86
543,3989,85
544,4261,85
545,3874,85
546,3751,84
547,4067,85
548,3941,84
549,4228,84
550,4063,84
551,4629,83
552,4047,83
553,4152,84
554,4341,84
555,3873,83
556,4467,84
557,4515,83
558,4163,83
559,3988,83
560,4069,83
561,3988,83
562,4340,83
563,4175,83
564,4049,83
565,4129,83
566,3942,83
567,3758,83
568,4904,84
569,4630,84
570,4289,84
571,4280,84
572,4199,84
573,4019,83
574,4288,84
575,4236,83
576,4439,83
577,4932,83
578,4371,83
579,4491,83
580,4784,83
581,4299,83
582,4434,83
583,4537,84
584,4413,84
585,4630,83
586,4528,84
587,4471,84
588,4521,84
589,4613,85
590,4065,85
591,4190,85
592,4705,85
593,4535,84
594,4327,84
595,4531,84
596,4585,84
597,4280,83
598,4459,84
599,4273,84
600,4575,83
601,4413,84
602,4783,84
603,4691,84
604,4471,84
605,4484,84
606,5615,83
607,4877,84
608,4430,84
609,4628,83
610,4508,84
611,4739,83
612,4566,83
613,4619,84
614,4314,84
615,4122,84
616,4598,85
617,4326,84
618,4857,84
619,5135,85
620,4507,84
621,4328,84
622,4468,84
623,4302,84
624,4217,83
625,4592,84
626,4345,83
627,4059,83
628,4507,84
629,4328,83
630,4313,83
631,4338,83
632,4245,83
633,4384,83
634,5012,83
635,4606,83
636,4419,83
637,4723,84
638,4519,84
639,4690,83
640,4371,84
641,4307,83
642,4422,83
643,4359,84
644,4318,83
645,4239,83
646,4655,84
647,4256,84
648,4388,84
649,4359,85
650,4078,85
651,4107,85
652,4110,85
653,3888,85
654,3787,84
655,3946,85
656,3861,84
657,3812,84
658,4124,84
659,3863,84
660,3859,83
661,4029,84
662,3867,84
663,3756,84
664,3930,85
665,3780,85
666,3770,85
667,4420,86
668,4172,86
669,4141,85
670,4422,85
671,4106,85
672,4204,85
673,4528,86
674,4205,85
675,3772,85
676,4666,85
677,4189,85
678,4264,84
679,4403,85
680,4166,84
681,4869,84
682,5186,84
683,4570,84
684,4668,83
685,4553,84
686,4779,83
687,4465,83
688,5103,84
689,4340,84
690,4609,83
691,4730,84
692,4408,84
693,3978,83
694,4310,84
695,4287,84
696,4221,83
697,4552,84
698,4974,84
699,5120,84
700,5375,85
701,4509,85
702,4411,85
703,4737,85
704,4224,85
705,3947,84
706,4118,85
707,3960,84
708,3972,84
709,4534,84
710,4061,84
711,3815,83
712,3934,84
713,3681,83
714,3756,83
715,4475,83
716,4038,83
717,3953,83
718,3817,83
719,4193,83
720,3943,83
721,4000,84
722,3620,84
723,4058,83
724,4017,84
725,4136,83
726,3953,83
727,3910,83
728,3862,83
729,3839,83
730,3749,83
731,3871,83
732,3802,83
733,4344,84
734,4183,84
735,4095,84
736,4059,85
737,4203,84
738,4251,84
739,4328,85
740,4227,85
741,4306,85
742,4398,86
743,4312,86
744,4421,86
745,5022,86
746,3867,86
747,4262,85
748,4272,86
749,3868,85
750,4559,84
751,4302,85
752,3939,84
753,4024,84
754,4412,84
755,4196,84
756,4275,83
757,4646,84
758,4165,83
759,4166,83
760,4356,84
761,3991,83
762,4669,83
763,4313,84
764,4306,84
765,4419,84
766,5023,85
767,4768,85
768,4676,85
769,4281,86
770,4147,86
771,4306,85
772,4600,85
773,4042,85
774,3868,84
775,4363,85
776,4141,84
777,4213,84
778,4229,84
779,4154,84
780,3986,83
781,4242,84
782,4369,83
783,4362,83
784,4687,84
785,3825,84
786,4291,84
787,4300,84
788,4071,84
789,4027,83
790,4285,84
791,4074,83
792,4007,83
793,4165,84
794,4035,84
795,4324,84
796,4860,85
797,4584,84
798,4007,84
799,4683,84
800,4181,84
801,4185,84
802,4577,85
803,4000,84
804,4113,84
805,4532,84
806,4586,84
807,4406,83
808,4498,84
809,4028,84
810,4035,83
811,4255,84
812,4113,83
813,4306,83
814,4457,84
815,4782,83
816,4678,83
817,4288,83
818,4177,83
819,4678,83
820,5278,83
821,4370,83
822,4575,83
823,4541,83
824,4329,83
825,4277,83
826,4195,83
827,3904,83
828,3890,83
829,3858,83
830,4022,83
831,4069,83
832,5008,84
833,4630,84
834,4464,84
835,4362,84
836,4103,84
837,3925,84
838,4226,85
839,3985,85
840,4132,84
841,4183,85
842,4078,85
843,3954,85
844,4480,86
845,4124,86
846,4462,85
847,4406,86
848,4203,85
849,4044,85
850,4111,86
851,4885,86
852,4380,85
853,4276,86
854,3996,85
855,4188,85
856,4231,85
857,3968,85
858,3998,85
859,4149,86
860,4268,86
861,4026,86
862,4075,87
863,3823,87
864,3777,87
865,4634,87
866,4364,87
867,3866,86
868,4429,87
869,4125,86
870,3961,85
871,4062,86
872,3814,85
873,4267,85
874,4411,85
875,4185,85
876,4356,84
877,4386,85
878,4405,84
879,4371,83
880,4332,84
881,4349,84
882,4200,83
883,4491,84
884,4390,83
885,4199,83
886,4385,83
887,4065,83
888,4204,83
889,4360,84
890,4221,84
891,4083,84
892,4064,85
893,3874,85
894,3782,85
895,4478,86
896,3937,85
897,3893,85
898,3965,85
899,3763,85
900,3826,84
901,4144,85
902,4348,84
903,3874,84
904,4604,84
905,4679,83
906,4555,83
907,4685,84
908,4519,83
909,4452,83
910,5221,84
911,4546,84
912,4345,84
913,3995,85
914,3987,85
915,3991,85
916,4425,86
917,4192,86
918,4252,86
919,4468,87
920,4035,87
921,3789,86
922,4019,87
923,3878,86
924,3790,86
925,4148,86
926,3849,85
927,3872,85
928,3976,85
929,3846,85
930,3908,85
931,3905,86
932,3959,85
933,4086,84
934,4202,85
935,4134,84
936,3928,84
937,4275,84
938,3841,84
939,4437,84
940,4733,85
941,7371,85
942,4340,85
943,4780,86
944,4709,86
945,5923,86
946,5346,87
947,5518,87
948,5262,87
949,5255,88
950,4826,87
951,4969,87
952,5516,87
953,5442,86
954,5086,86
955,4652,86
956,4516,86
957,4440,85
958,5369,86
959,5005,85
960,4788,84
961,5249,85
962,4612,84
963,4547,84
964,5240,84
965,4508,84
966,4232,84
967,4300,85
968,4171,85
969,4373,85
970,4688,86
971,4409,86
972,4239,85
973,4379,86
974,5352,85
975,4521,85
976,4662,86
977,4553,86
978,4656,86
979,4978,87
980,4678,86
981,4344,85
982,4627,86
983,4297,85
984,4235,85
985,4448,85
986,4217,85
987,4297,84
988,4480,85
989,4214,84
990,4204,84
991,4550,84
992,4129,84
993,3790,83
994,4609,84
995,4136,84
996,4386,83
997,4487,84
998,4227,83
999,4263,83
1000,4654,84
1001,4232,84
1002,4817,84
1003,4111,84
1004,4491,84
1005,4307,83
1006,5054,83
1007,4572,82
1008,4223,81
1009,4270,81
1010,3956,80
1011,5555,80
1012,5094,80
1013,5075,79
1014,4579,79
1015,4377,78
1016,4098,78
1017,4191,78
1018,4047,77
1019,4298,77
1020,4159,77
1021,4131,76
1022,3886,76
1023,4217,76
1024,4394,76
1025,4512,76
1026,4209,76
1027,5020,76
1028,4364,76
1029,4134,76
1030,4232,76
1031,3982,76
1032,3711,76
1033,3744,76
1034,3832,76
1035,3628,76
1036,3594,75
1037,3698,74
1038,3679,74
1039,3591,73
1040,3773,73
1041,3593,72
1042,3495,72
1043,3488,71
1044,3498,71
1045,3394,70
1046,3807,69
1047,3507,69
1048,3660,68
1049,8694,68
1050,7999,67
1051,5103,67
1052,5072,66
1053,4193,66
1054,3913,66
1055,3635,66
1056,3187,65
1057,3413,65
1058,3141,64
1059,3460,64
1060,3421,64
1061,3505,64
1062,3368,64
1063,3378,64
1064,3317,64
1065,3269,64
1066,3348,64
1067,3696,64
1068,3351,64
1069,3268,63
1070,3336,63
1071,3229,63
1072,3061,63
1073,3032,63
1074,3135,63
1075,3081,63
1076,3126,63
1077,3103,62
1078,3235,62
1079,4845,61
1080,3515,61
1081,3590,60
1082,3526,60
1083,3431,59
1084,3405,58
1085,3416,58
1086,3139,57
1087,3904,57
1088,3083,56
1089,2955,55
1090,2962,55
1091,3393,54
1092,3155,54
1093,2939,54
1094,2847,54
1095,2887,54
1096,3138,54
1097,2949,53
1098,2886,53
1099,2854,53
1100,2701,53
1101,2887,53
1102,2804,53
1103,2912,53
1104,2690,53
1105,2857,53
1106,2574,52
1107,2825,52
1108,2801,51
1109,2671,51
1110,2876,50
1111,2822,50
1112,3240,49
1113,2646,49
1114,2472,48
1115,2630,47
1116,2551,47
1117,2477,47
1118,2396,47
1119,2458,46
1120,2698,46
1121,2309,45
1122,2514,45
1123,2362,44
1124,2353,43
1125,2756,43
1126,2764,43
1127,2584,42
1128,2574,42
1129,2539,41
1130,2577,41
1131,2457,40
1132,2768,40
1133,2279,40
1134,2389,39
1135,2531,39
1136,2211,39
1137,2187,39
1138,2184,39
1139,2748,39
1140,2375,39
1141,2290,39
1142,2108,39
1143,2254,39
1144,2381,39
1145,2167,39
1146,2158,39
1147,2037,39
1148,2284,38
1149,2220,38
1150,2015,37
1151,2077,37
1152,1927,36
1153,2167,36
1154,2005,35
1155,2299,35
1156,2176,34
1157,1922,34
1158,1830,33
1159,1703,32
1160,1695,32
1161,1569,31
1162,1726,31
1163,1530,30
1164,1960,30
1165,1871,29
1166,1740,29
1167,1545,28
1168,1711,28
1169,1609,28
1170,1488,28
1171,1463,28
1172,1509,28
1173,1457,28
1174,1404,27
1175,1531,27
1176,1502,26
1177,1539,26
1178,1385,25
1179,1421,25
1180,1372,25
1181,1507,25
1182,1309,24
1183,1390,24
1184,1295,23
1185,1547,23
1186,1303,22
1187,1519,22
1188,1272,22
1189,1354,22
1190,1244,22
1191,1160,21
1192,1212,21
1193,1118,20
1194,1227,20
1195,1136,19
1196,1254,19
1197,1190,18
1198,1572,18
1199,1175,17
1200,1286,17
1,738,1
2,325,1
3,295,1
4,417,2
5,328,2
6,307,2
7,424,3
8,352,3
9,354,3
10,486,4
11,405,4
12,427,4
13,559,5
14,511,5
15,444,5
16,617,6
17,523,6
18,479,6
19,618,7
20,589,7
21,528,7
22,711,8
23,558,8
24,561,8
25,714,9
26,613,9
27,582,9
28,752,10
29,585,10
30,618,10
31,732,11
32,699,11
33,697,11
34,776,12
35,673,12
36,656,12
37,934,13
38,724,13
39,669,13
40,804,14
41,685,14
42,672,14
43,947,15
44,743,15
45,735,15
46,879,16
47,814,16
48,792,16
49,887,17
50,866,17
51,815,17
52,949,18
53,1055,18
54,869,18
55,987,19
56,953,19
57,960,19
58,990,20
59,940,20
60,1018,20
61,1012,21
62,969,21
63,994,21
64,1074,22
65,1069,22
66,946,22
67,1094,23
68,1148,23
69,1022,23
70,1215,24
71,1166,24
72,1130,24
73,1226,25
74,1253,25
75,1217,25
76,1345,26
77,1256,26
78,1256,26
79,1422,27
80,1298,27
81,1300,27
82,1450,28
83,1354,28
84,1338,28
85,1491,29
86,1429,29
87,1438,29
88,1541,30
89,1519,30
90,1489,30
91,1563,31
92,1598,31
93,1614,31
94,1788,32
95,2097,32
96,2154,32
97,2007,33
98,1872,33
99,2051,33
100,2116,34
101,1889,34
102,2096,34
103,2096,35
104,1924,35
105,1891,35
106,2460,36
107,2272,36
108,1997,36
109,2003,37
110,1914,37
111,1933,37
112,2228,38
113,2379,38
114,2083,38
115,2643,39
116,2254,39
117,6776,39
118,2463,40
119,2117,40
120,2025,40
121,2352,41
122,2375,41
123,2273,41
124,2569,42
125,2292,42
126,2266,42
127,3053,43
128,2722,43
129,2535,43
130,2465,44
131,2629,44
132,2551,44
133,2377,45
134,2331,45
135,2278,45
136,2454,46
137,2922,46
138,3360,46
139,2953,47
140,3360,47
141,2738,47
142,3142,48
143,2874,48
144,3063,48
145,3118,49
146,2816,49
147,2706,49
148,2634,50
149,2848,50
150,2696,50
151,2686,51
152,2383,51
153,3058,51
154,3292,52
155,2768,52
156,2704,52
157,2586,53
158,2470,53
159,2539,53
160,2597,54
161,2455,54
162,2468,54
163,2540,55
164,2768,55
165,2810,55
166,3141,56
167,2683,56
168,2898,56
169,2891,57
170,2608,57
171,2663,57
172,2855,58
173,2620,58
174,2680,58
175,2784,59
176,2806,59
177,2774,59
178,2813,60
179,2650,60
180,2949,60
181,3500,61
182,3130,61
183,3368,61
184,3250,62
185,3071,62
186,3568,62
187,3409,63
188,3545,63
189,3427,63
190,4229,64
191,4601,64
192,4112,64
193,4192,65
194,7227,65
195,6035,65
196,6009,66
197,4625,66
198,5082,66
199,4215,67
200,3982,67
201,3770,67
202,3547,68
203,3440,68
204,3849,68
205,3842,69
206,3586,69
207,4002,69
208,4327,70
209,3872,70
210,3679,70
211,4056,71
212,3487,71
213,3515,71
214,3644,72
215,3543,72
216,3735,72
217,3930,73
218,3686,73
219,3657,73
220,3992,74
221,4049,74
222,3835,74
223,4305,75
224,4466,75
225,4045,75
226,4078,76
227,3851,76
228,4087,76
229,4105,77
230,4552,77
231,4557,77
232,4376,78
233,4166,78
234,3909,78
235,4342,79
236,4210,79
237,4110,79
238,5027,80
239,3912,80
240,4118,80
241,4340,81
242,4237,81
243,4270,81
244,4519,82
245,4653,82
246,4510,82
247,4730,83
248,4330,83
249,5147,83
250,4233,83
251,4289,83
252,3909,83
253,4516,83
254,4300,83
255,4390,83
256,4184,83
257,4498,83
258,4487,83
259,4145,83
260,3826,83
261,4360,83
262,4413,83
263,4269,83
264,4355,83
265,4341,84
266,4217,83
267,4293,83
268,4490,84
269,4176,83
270,4127,83
271,4053,83
272,3950,83
273,3904,83
274,4044,83
275,3770,83
276,4114,83
277,3908,83
278,3945,83
279,3788,83
280,3859,83
281,3810,83
282,3703,83
283,3909,83
284,3893,83
285,3814,83
286,3877,83
287,4288,83
288,4534,83
289,5204,84
290,4625,84
291,4346,84
292,4317,85
293,4443,85
294,4569,85
295,4707,86
296,4520,85
297,5230,85
298,4824,85
299,4112,85
300,4007,84
301,4125,85
302,3872,84
303,3837,84
304,3870,84
305,4101,84
306,4033,84
307,4438,85
308,4240,84
309,3800,84
310,3929,84
311,4577,84
312,4126,83
313,4143,84
314,4221,83
315,4486,83
316,4840,83
317,4476,83
318,4509,83
319,4553,84
320,4759,84
321,4727,84
322,4580,85
323,4259,85
324,3737,84
325,3883,85
326,3849,84
327,3694,84
328,3974,84
329,4206,84
330,4610,84
331,4193,85
332,4288,85
333,4600,85
334,4790,85
335,4837,85
336,4800,84
337,3984,85
338,4503,84
339,4501,84
340,5834,84
341,5571,84
342,6176,83
343,5964,84
344,5739,83
345,5173,83
346,5067,83
347,11076,83
348,11655,83
349,6359,84
350,5809,84
351,4619,84
352,5154,85
353,5154,84
354,4851,84
355,4898,84
356,4271,84
357,4077,83
358,4233,84
359,4841,83
360,4878,83
361,4544,84
362,4823,84
363,4790,84
364,4321,85
365,4257,84
366,4095,84
367,4239,85
368,4485,85
369,4257,85
370,4225,86
371,4367,86
372,4173,86
373,4328,87
374,3813,87
375,3886,87
376,3970,88
377,3958,87
378,4036,87
379,4353,87
380,4573,87
381,4219,86
382,4476,87
383,4288,86
384,4403,86
385,4485,86
386,4458,85
387,4444,85
388,4504,85
389,4486,85
390,4344,85
391,4722,85
392,4333,85
393,4368,85
394,4333,85
395,4801,85
396,4492,84
397,4298,84
398,3876,84
399,3863,83
400,4057,84
401,3839,83
402,4121,83
403,4007,84
404,3772,84
405,3637,84
406,4050,84
407,3869,84
408,4073,83
409,4018,84
410,4012,83
411,3838,83
412,4341,83
413,3954,83
414,3811,83
415,3931,84
416,3878,84
417,3682,84
418,3888,84
419,3942,84
420,3798,83
421,3967,84
422,3905,84
423,3731,84
424,3861,85
425,4825,85
426,4199,84
427,4467,85
428,4352,85
429,4363,85
430,4153,86
431,4454,86
432,4140,86
433,4505,87
434,4144,87
435,4780,87
436,5866,88
437,5408,87
438,5171,87
439,5246,87
440,4634,86
441,4646,86
442,4939,86
443,4606,86
444,5399,85
445,4875,86
446,4295,85
447,4816,85
448,5227,85
449,4547,84
450,4530,84
451,5152,85
452,4547,84
453,4705,84
454,4579,84
455,4114,84
456,3920,83
457,3886,84
458,3802,84
459,3834,83
460,4269,84
461,4471,83
462,4143,83
463,4489,83
464,3951,83
465,4095,83
466,4256,83
467,4361,83
468,4487,83
469,4517,83
470,4484,83
471,4513,83
472,4582,84
473,4655,84
474,4485,84
475,4367,85
476,3983,85
477,3875,85
478,4161,86
479,4227,86
480,4564,86
481,4468,87
482,4561,86
483,4044,86
484,4226,86
485,4254,86
486,4439,86
487,4598,87
488,4755,87
489,4735,87
490,4458,88
491,4362,88
492,4136,88
493,4323,89
494,4570,89
495,4528,89
496,4344,90
497,6109,90
498,4086,90
499,4619,91
500,4764,90
501,4224,90
502,4109,90
503,4428,90
504,4645,89
505,4611,89
506,4318,89
507,4374,88
508,4531,89
509,4318,88
510,4569,88
511,4219,88
512,4280,87
513,4551,87
514,4577,87
515,3840,87
516,3933,86
517,4436,86
518,4463,86
519,4534,85
520,4573,86
521,4338,85
522,4435,85
523,4346,85
524,4461,85
525,4949,85
526,4322,85
527,4099,85
528,4310,84
529,4521,84
530,4123,84
531,4261,83
532,4322,84
533,4182,84
534,4198,83
535,4601,84
536,3939,84
537,3768,83
538,4010,84
539,3964,84
540,3736,84
541,3822,84
542,4090,84
543,4074,83
544,4334,84
545,4114,83
546,4435,83
547,3958,84
548,3836,83
549,4377,83
550,4539,83
551,4335,83
552,4068,83
553,4253,84
554,4369,83
555,4119,83
556,4470,83
557,4069,83
558,4948,83
559,5164,83
560,4223,83
561,4431,83
562,4530,84
563,4410,84
564,4136,84
565,4004,85
566,3874,85
567,3650,85
568,3974,86
569,3935,86
570,3707,86
571,3989,87
572,3842,87
573,4292,87
574,4506,88
575,4209,88
576,4234,88
577,4417,89
578,4352,88
579,4230,88
580,4423,88
581,3897,87
582,4243,87
583,4148,87
584,3935,87
585,3971,86
586,3980,87
587,4066,86
588,4120,85
589,4150,86
590,3933,85
591,4035,85
592,4196,85
593,4003,85
594,3739,84
595,5538,85
596,4489,84
597,4602,84
598,4236,84
599,3954,84
600,3942,83
601,4134,84
602,4199,83
603,4035,83
604,4343,83
605,4090,83
606,3957,83
607,4100,84
608,4073,84
609,4055,84
610,3926,85
611,3906,84
612,3797,84
613,3915,85
614,3799,85
615,3952,85
616,4247,86
617,4451,86
618,3868,85
619,4272,86
620,4248,86
621,4335,86
622,3926,86
623,3990,86
624,3852,85
625,3987,86
626,3902,85
627,3880,85
628,3941,85
629,3821,85
630,3825,84
631,4171,84
632,4541,84
633,4417,83
634,4214,84
635,4005,83
636,4163,83
637,3937,84
638,3917,84
639,3858,84
640,4267,85
641,3900,85
642,3910,84
643,4151,85
644,3873,85
645,3762,85
646,3844,86
647,3947,86
648,3967,86
649,3992,87
650,4173,87
651,3785,87
652,3989,88
653,4648,87
654,4003,86
655,4033,87
656,3851,86
657,3854,86
658,4324,86
659,4256,86
660,4203,85
661,4411,86
662,4482,85
663,4685,84
664,4491,85
665,4919,84
666,4226,84
667,4206,84
668,4465,84
669,4501,84
670,4704,85
671,3825,84
672,4419,84
673,4236,84
674,4308,84
675,4218,84
676,4431,85
677,3931,84
678,4217,84
679,4075,84
680,4225,84
681,4726,83
682,4665,84
683,4264,83
684,4290,83
685,4853,83
686,4225,83
687,3908,83
688,3922,83
689,4178,83
690,4223,83
691,4076,83
692,4639,83
693,4229,83
694,4495,83
695,4322,83
696,4382,83
697,4043,83
698,4813,83
699,4595,83
700,4520,83
701,4521,83
702,5657,83
703,5349,84
704,4943,84
705,4780,84
706,5106,84
707,4853,83
708,4640,83
709,5157,84
710,4863,84
711,5904,84
712,5250,85
713,5296,84
714,5618,84
715,5109,84
716,4928,84
717,5258,84
718,5274,85
719,5385,85
720,9365,85
721,6673,86
722,4880,86
723,4300,86
724,4989,86
725,4822,86
726,4030,85
727,4014,86
728,4072,85
729,4304,85
730,4441,86
731,4038,86
732,4127,85
733,4529,86
734,4710,85
735,4413,85
736,4575,85
737,4564,85
738,4313,84
739,4366,85
740,4045,84
741,4380,83
742,6488,84
743,6368,84
744,7194,84
745,6573,85
746,7995,85
747,5721,85
748,7059,86
749,5969,86
750,6142,85
751,5946,86
752,6650,85
753,6243,85
754,5373,85
755,5253,85
756,8937,84
757,4967,85
758,4566,85
759,4450,85
760,4446,86
761,4419,86
762,4097,86
763,4384,87
764,3992,87
765,4230,87
766,4211,88
767,4056,87
768,4042,87
769,4142,87
770,3976,87
771,4005,86
772,4121,87
773,4984,86
774,4447,86
775,4531,86
776,4365,85
777,4427,85
778,4665,85
779,3845,85
780,4385,85
781,3948,86
782,3919,86
783,3933,86
784,4021,87
785,4186,87
786,3953,87
787,4204,87
788,3995,87
789,3786,87
790,3953,88
791,4154,88
792,3813,88
793,3851,88
794,4108,88
795,3818,87
796,4307,88
797,4141,87
798,3973,86
799,4445,87
800,4222,86
801,4060,86
802,4313,86
803,4154,86
804,4009,85
805,4281,85
806,4030,85
807,4108,84
808,4281,85
809,4101,84
810,5003,84
811,4485,84
812,4215,83
813,4102,83
814,4313,84
815,4286,83
816,4136,83
817,4396,84
818,4329,84
819,4437,83
820,4296,84
821,4235,84
822,4176,83
823,4368,84
824,4293,83
825,4217,83
826,4550,84
827,3856,84
828,3758,84
829,4315,85
830,4174,85
831,4222,85
832,3915,86
833,3915,85
834,3891,84
835,3925,85
836,3743,84
837,3793,84
838,3861,84
839,3847,84
840,4240,84
841,4257,85
842,4100,85
843,4070,84
844,4191,85
845,4201,85
846,4149,85
847,3812,85
848,4098,85
849,4325,84
850,3880,85
851,4359,85
852,3631,85
853,3915,85
854,3852,85
855,4735,84
856,4326,85
857,4315,84
858,4151,84
859,4169,84
860,3812,84
861,3714,83
862,3938,84
863,4049,83
864,3820,83
865,4270,83
866,4189,83
867,3958,83
868,3899,83
869,3917,83
870,3898,83
871,4036,83
872,3952,83
873,4048,83
874,4125,83
875,3886,83
876,3897,83
877,4127,83
878,3928,83
879,4225,83
880,4191,83
881,4214,83
882,4122,83
883,4732,84
884,4390,84
885,4705,84
886,4542,85
887,4322,85
888,4190,84
889,4675,85
890,4343,84
891,3990,84
892,4104,85
893,4617,85
894,3936,85
895,4454,86
896,4246,86
897,4537,86
898,4423,87
899,4274,87
900,5129,87
901,4908,88
902,4634,88
903,5546,88
904,5335,89
905,4516,89
906,4591,89
907,4750,90
908,4697,90
909,4587,90
910,4601,91
911,4780,91
912,4452,91
913,4982,92
914,4644,92
915,4775,91
916,5191,92
917,4338,91
918,4503,91
919,4697,91
920,4565,91
921,5560,90
922,5523,91
923,4518,90
924,4460,90
925,4572,90
926,4619,89
927,4494,89
928,4785,89
929,4633,89
930,4595,89
931,5095,90
932,4299,90
933,4652,90
934,4377,91
935,4038,91
936,4491,91
937,4231,92
938,4421,92
939,4482,92
940,4447,93
941,4536,93
942,4465,93
943,4536,94
944,4611,94
945,4237,94
946,5287,95
947,4672,95
948,4748,94
949,4756,95
950,4603,94
951,5161,94
952,4829,94
953,4566,93
954,4632,93
955,5101,93
956,4733,93
957,4366,92
958,4659,92
959,4438,92
960,4005,91
961,5337,92
962,4632,91
963,5193,90
964,4986,91
965,5427,90
966,5253,90
967,5532,90
968,5290,90
969,6493,89
970,4956,89
971,5026,89
972,4892,88
973,4833,89
974,4859,88
975,4824,87
976,4981,88
977,5022,87
978,4708,87
979,4356,87
980,6920,86
981,4376,86
982,4520,86
983,4144,86
984,4129,85
985,4365,86
986,4160,85
987,4586,84
988,4139,85
989,4888,84
990,4612,84
991,4434,84
992,4386,84
993,3873,83
994,4411,84
995,4979,84
996,4607,84
997,4827,85
998,4926,85
999,4319,84
1000,4580,85
1001,4149,84
1002,4614,84
1003,4322,84
1004,4342,84
1005,4338,83
1006,4280,83
1007,4215,83
1008,4325,83
1009,4238,83
1010,4193,83
1011,3748,82
1012,3769,82
1013,3789,81
1014,3856,81
1015,3889,80
1016,3691,80
1017,3593,79
1018,3791,79
1019,3432,78
1020,3549,78
1021,3507,78
1022,3450,78
1023,4033,78
1024,3503,77
1025,3822,77
1026,3450,76
1027,3792,76
1028,3621,75
1029,4663,75
1030,4017,74
1031,3802,74
1032,3574,74
1033,3633,73
1034,3658,73
1035,4287,73
1036,3519,73
1037,3448,73
1038,3749,73
1039,4606,73
1040,5572,73
1041,4323,72
1042,3904,72
1043,4502,71
1044,3902,71
1045,3775,70
1046,3595,70
1047,3624,69
1048,3583,69
1049,3745,68
1050,3526,68
1051,3606,67
1052,3578,67
1053,3745,66
1054,3274,66
1055,3388,65
1056,3166,65
1057,3104,65
1058,3083,65
1059,3262,65
1060,3274,65
1061,3193,65
1062,3252,65
1063,3353,65
1064,3701,64
1065,3391,64
1066,3401,63
1067,3338,63
1068,3128,63
1069,3339,63
1070,3251,63
1071,3490,63
1072,3216,62
1073,3369,62
1074,3312,61
1075,3245,61
1076,3099,60
1077,3233,59
1078,3439,59
1079,3139,58
1080,3092,58
1081,3063,58
1082,2874,58
1083,2899,58
1084,3139,58
1085,2999,57
1086,3095,57
1087,2983,57
1088,2981,57
1089,2897,57
1090,3246,57
1091,6006,56
1092,6236,56
1093,7097,56
1094,3876,56
1095,3711,56
1096,4061,56
1097,3626,56
1098,3264,56
1099,3629,56
1100,3280,56
1101,3185,56
1102,2806,56
1103,2815,56
1104,2728,56
1105,2743,56
1106,2937,56
1107,2622,56
1108,2689,56
1109,2829,55
1110,2710,55
1111,2681,54
1112,3116,53
1113,3089,53
1114,2874,52
1115,2903,52
1116,2752,51
1117,2774,51
1118,2748,50
1119,2847,49
1120,2840,49
1121,2615,48
1122,2974,48
1123,2515,47
1124,2720,46
1125,2499,46
1126,2279,45
1127,2384,45
1128,2292,44
1129,2349,44
1130,2291,43
1131,2308,42
1132,2366,42
1133,2154,41
1134,2222,41
1135,2147,40
1136,2258,39
1137,2394,39
1138,2244,38
1139,2317,38
1140,2270,37
1141,2231,37
1142,2012,36
1143,2219,36
1144,2106,35
1145,2171,35
1146,2227,35
1147,2319,35
1148,2143,35
1149,2210,35
1150,2189,35
1151,2444,35
1152,2082,35
1153,1925,35
1154,1819,35
1155,1739,35
1156,1901,35
1157,1783,35
1158,1723,35
1159,1811,35
1160,1705,35
1161,1696,35
1162,1612,35
1163,1637,34
1164,1652,34
1165,1518,33
1166,1795,32
1167,1795,32
1168,1611,32
1169,1728,31
1170,1714,31
1171,1518,30
1172,1617,29
1173,1645,29
1174,1491,28
1175,1597,28
1176,1325,27
1177,1454,27
1178,1442,26
1179,1560,26
1180,1415,25
1181,2216,25
1182,1715,24
1183,1548,23
1184,1387,23
1185,1183,23
1186,1251,23
1187,1218,23
1188,1187,23
1189,1199,22
1190,1251,21
1191,1346,21
1192,1246,20
1193,1307,20
1194,1131,20
1195,1111,20
1196,1102,20
1197,1100,20
1198,1014,19
1199,1355,19
1200,1063,18
1,803,1
2,437,1
3,330,1
4,471,2
5,375,2
6,463,2
7,491,3
8,397,3
9,376,3
10,493,4
11,457,4
12,427,4
13,566,5
14,467,5
15,465,5
16,664,6
17,517,6
18,474,6
19,826,7
20,607,7
21,555,7
22,708,8
23,566,8
24,562,8
25,690,9
26,666,9
27,578,9
28,824,10
29,620,10
30,811,10
31,822,11
32,685,11
33,620,11
34,780,12
35,691,12
36,732,12
37,813,13
38,706,13
39,661,13
40,838,14
41,676,14
42,896,14
43,787,15
44,736,15
45,706,15
46,869,16
47,741,16
48,762,16
49,992,17
50,894,17
51,953,17
52,980,18
53,1145,18
54,1016,18
55,1087,19
56,1196,19
57,978,19
58,1083,20
59,1130,20
60,1247,20
61,1921,21
62,1304,21
63,1118,21
64,1337,22
65,1265,22
66,1173,22
67,1335,23
68,1290,23
69,1333,23
70,1320,24
71,1346,24
72,1493,24
73,1703,25
74,1821,25
75,1736,25
76,1799,26
77,1713,26
78,1709,26
79,1914,27
80,1646,27
81,1641,27
82,1662,28
83,1893,28
84,1525,28
85,1686,29
86,1595,29
87,1643,29
88,1722,30
89,1657,30
90,1853,30
91,1638,31
92,1727,31
93,1513,31
94,1911,32
95,1587,32
96,1499,32
97,2122,33
98,1623,33
99,1725,33
100,2114,34
101,1836,34
102,2176,34
103,1916,35
104,1780,35
105,2076,35
106,2152,36
107,2663,36
108,2138,36
109,2343,37
110,1979,37
111,1978,37
112,2350,38
113,2320,38
114,2059,38
115,2468,39
116,2422,39
117,2294,39
118,2389,40
119,2538,40
120,2073,40
121,2256,41
122,2034,41
123,1804,41
124,1953,42
125,1886,42
126,1706,42
127,1975,43
128,1812,43
129,1863,43
130,2009,44
131,2156,44
132,2619,44
133,2091,45
134,2094,45
135,2094,45
136,2173,46
137,1980,46
138,2001,46
139,2048,47
140,2405,47
141,2140,47
142,2158,48
143,2157,48
144,2147,48
145,2297,49
146,2233,49
147,2094,49
148,2260,50
149,2362,50
150,2477,50
151,2712,51
152,2563,51
153,2565,51
154,3012,52
155,2699,52
156,2884,52
157,3192,53
158,2972,53
159,2798,53
160,3108,54
161,3144,54
162,2989,54
163,3420,55
164,3651,55
165,3644,55
166,5850,56
167,4165,56
168,3980,56
169,4072,57
170,3497,57
171,3680,57
172,5017,58
173,3766,58
174,3956,58
175,4996,59
176,3472,59
177,4130,59
178,3328,60
179,3359,60
180,3001,60
181,3421,61
182,3518,61
183,3790,61
184,4301,62
185,3869,62
186,4330,62
187,3841,63
188,4359,63
189,3908,63
190,3862,64
191,7787,64
192,3359,64
193,3828,65
194,4002,65
195,3635,65
196,4096,66
197,4097,66
198,4150,66
199,4462,67
200,4753,67
201,4099,67
202,4445,68
203,4052,68
204,3481,68
205,3503,69
206,3454,69
207,3886,69
208,3733,70
209,3601,70
210,3669,70
211,4000,71
212,4390,71
213,3907,71
214,4519,72
215,10062,72
216,5009,72
217,4860,73
218,5322,73
219,5129,73
220,5598,74
221,4266,74
222,4757,74
223,5447,75
224,4468,75
225,5713,75
226,4730,76
227,4409,76
228,4790,76
229,4359,77
230,4695,77
231,4916,77
232,5876,78
233,5303,78
234,5147,78
235,5085,79
236,3959,79
237,3746,79
238,3903,80
239,4041,80
240,4182,80
241,4307,81
242,4114,81
243,4040,81
244,3807,82
245,3684,82
246,3802,82
247,3910,83
248,3769,83
249,4843,83
250,4486,84
251,4623,84
252,4421,84
253,4538,85
254,4214,85
255,3691,85
256,4540,85
257,3949,85
258,3801,84
259,4719,85
260,4184,84
261,3900,84
262,3776,85
263,3921,85
264,3688,85
265,3878,86
266,3976,85
267,4109,85
268,3984,85
269,3948,85
270,4172,84
271,4277,84
272,3829,84
273,4122,83
274,4539,84
275,4503,83
276,3869,83
277,4294,83
278,4133,83
279,3894,83
280,4206,83
281,4074,83
282,4425,83
283,4484,83
284,3923,83
285,3858,83
286,4022,83
287,4518,83
288,4803,82
289,4714,83
290,4334,83
291,4836,83
292,4738,83
293,4445,83
294,4278,83
295,4108,83
296,4392,83
297,4003,83
298,3909,84
299,4067,84
300,3815,84
301,4249,85
302,4590,85
303,5052,85
304,5837,86
305,4951,85
306,5445,85
307,5879,85
308,5139,85
309,5101,85
310,6294,86
311,5905,86
312,5046,85
313,4579,86
314,4171,85
315,4925,85
316,4743,85
317,4808,85
318,4557,84
319,4611,84
320,4471,84
321,4692,83
322,5262,84
323,5309,83
324,4764,83
325,4855,83
326,4252,83
327,4070,83
328,4185,83
329,4368,83
330,4100,83
331,5054,84
332,5540,84
333,5395,84
334,5983,84
335,5110,84
336,4452,83
337,4489,84
338,4331,84
339,4845,84
340,4567,84
341,4187,84
342,4019,83
343,4194,84
344,4079,84
345,4086,84
346,4428,85
347,4178,85
348,4025,85
349,4007,86
350,3719,86
351,3864,85
352,3954,85
353,3732,85
354,4030,84
355,3998,85
356,3957,84
357,4363,84
358,4280,85
359,4131,85
360,4373,85
361,4342,86
362,4321,85
363,3970,85
364,4786,85
365,4721,85
366,4132,84
367,4484,85
368,4104,84
369,4230,83
370,4249,84
371,3958,83
372,4425,83
373,4700,84
374,4709,83
375,4728,83
376,4023,83
377,3982,83
378,4215,83
379,4443,84
380,4413,84
381,4073,84
382,4506,84
383,4206,84
384,4308,83
385,4617,84
386,5251,84
387,3938,83
388,4468,84
389,4328,84
390,4250,83
391,4208,84
392,4075,84
393,4920,84
394,4717,85
395,4411,85
396,4693,85
397,5262,85
398,5289,85
399,5791,84
400,4881,85
401,5139,84
402,4826,84
403,5321,85
404,10416,85
405,7122,85
406,7693,86
407,7089,86
408,6423,86
409,5880,86
410,4806,86
411,4950,86
412,5250,87
413,4928,87
414,4855,87
415,4223,88
416,4232,88
417,4325,88
418,4340,88
419,4394,88
420,4841,87
421,4463,88
422,4388,87
423,4288,87
424,4278,87
425,4132,86
426,4409,86
427,4259,86
428,4169,86
429,3935,85
430,4223,85
431,4121,85
432,4012,84
433,4489,85
434,4367,84
435,4114,84
436,3914,84
437,4406,84
438,4804,83
439,5244,84
440,4541,84
441,4803,84
442,5747,85
443,6548,85
444,5138,85
445,5747,86
446,5738,86
447,5095,85
448,6771,86
449,6800,85
450,5005,84
451,4528,85
452,4425,84
453,4469,84
454,4424,84
455,4467,84
456,4025,83
457,4390,84
458,4356,83
459,5604,83
460,6760,83
461,5322,83
462,4929,83
463,5339,84
464,4509,84
465,4109,84
466,4248,84
467,3932,84
468,3937,83
469,4361,84
470,4632,83
471,3787,83
472,4592,84
473,3892,84
474,3900,84
475,4079,85
476,4438,85
477,4486,85
478,4659,86
479,4345,85
480,4241,85
481,4217,85
482,4153,85
483,4669,84
484,4142,85
485,4164,85
486,4081,85
487,3910,85
488,4415,85
489,3932,84
490,4019,85
491,3900,84
492,3868,84
493,3950,84
494,4785,84
495,4673,83
496,4637,84
497,4562,83
498,4150,83
499,4171,84
500,3870,84
501,3866,84
502,3805,85
503,4072,85
504,3745,85
505,4018,86
506,3930,86
507,3888,86
508,4097,86
509,3856,86
510,4065,85
511,4124,86
512,4439,86
513,4559,86
514,4677,87
515,4050,87
516,3960,87
517,4571,88
518,4008,88
519,4086,88
520,4343,89
521,3911,89
522,3984,89
523,4128,90
524,4548,89
525,4320,89
526,4699,89
527,5046,89
528,4740,88
529,4775,89
530,4552,88
531,4129,87
532,4094,88
533,4694,87
534,4320,87
535,4447,87
536,4426,87
537,4248,86
538,4410,86
539,4366,86
540,4145,85
541,4399,86
542,4387,85
543,4461,84
544,4708,85
545,4955,85
546,4688,84
547,4272,85
548,3925,85
549,4174,85
550,4161,86
551,4115,86
552,3989,86
553,4392,86
554,4468,86
555,4390,85
556,4408,86
557,4441,86
558,4062,86
559,4307,86
560,4736,86
561,4728,86
562,4717,86
563,4314,86
564,4936,86
565,4693,87
566,4395,87
567,4449,87
568,4366,88
569,4198,88
570,4321,88
571,4713,89
572,4175,89
573,4454,89
574,4600,89
575,4172,89
576,4013,88
577,4447,89
578,4265,88
579,4121,88
580,4500,88
581,4149,87
582,4274,87
583,4554,87
584,4302,87
585,4280,86
586,4374,86
587,4162,86
588,4123,85
589,4177,86
590,3992,85
591,4133,84
592,4466,85
593,4071,84
594,4358,84
595,4928,84
596,4493,84
597,4172,83
598,4264,84
599,4774,84
600,4282,83
601,5273,84
602,4783,84
603,4632,83
604,4739,84
605,4084,83
606,3724,83
607,4795,84
608,4348,84
609,4223,83
610,4506,84
611,4192,83
612,4494,83
613,4340,84
614,4117,83
615,3948,83
616,4165,84
617,4019,83
618,3897,83
619,4100,84
620,4093,84
621,4003,83
622,4363,84
623,5130,84
624,5054,84
625,4665,85
626,4283,85
627,4257,84
628,4467,85
629,4484,85
630,4295,84
631,4385,84
632,3977,84
633,3751,83
634,4228,84
635,3944,83
636,3683,83
637,3846,84
638,3771,84
639,3760,84
640,3995,85
641,4185,85
642,4423,84
643,4349,85
644,4564,84
645,3890,84
646,4384,85
647,4204,85
648,4003,85
649,4157,86
650,3830,86
651,3970,86
652,4139,87
653,4112,87
654,3985,87
655,4107,88
656,4046,88
657,4015,87
658,4092,88
659,4091,87
660,4119,87
661,4342,87
662,3972,87
663,4219,86
664,4392,86
665,4217,86
666,4253,85
667,4543,86
668,4248,85
669,4311,85
670,4319,85
671,3995,84
672,4477,84
673,4694,84
674,4401,84
675,4187,83
676,4275,84
677,4195,83
678,3960,83
679,3868,83
680,3769,83
681,3816,83
682,4317,83
683,3996,83
684,3949,83
685,4084,83
686,3942,83
687,3808,83
688,4170,84
689,3877,84
690,4729,84
691,4238,85
692,4267,84
693,4213,84
694,4419,84
695,3985,83
696,4257,83
697,5409,84
698,5716,83
699,5007,83
700,5070,84
701,5311,83
702,4843,83
703,6252,83
704,5418,83
705,4828,83
706,5002,83
707,4367,83
708,4344,83
709,5336,84
710,5073,83
711,4894,83
712,5007,83
713,4864,83
714,4672,83
715,4671,84
716,4568,84
717,4457,84
718,4548,84
719,4268,84
720,4126,84
721,4820,85
722,4460,85
723,4576,85
724,4257,86
725,4315,86
726,4531,86
727,4977,87
728,4733,87
729,4430,86
730,4632,86
731,4371,86
732,4653,85
733,4760,86
734,5114,85
735,4826,85
736,4626,85
737,4571,85
738,4903,84
739,4530,85
740,4687,85
741,4444,85
742,4746,86
743,4648,86
744,4726,85
745,4873,86
746,4619,85
747,4474,85
748,4818,86
749,4645,86
750,4794,86
751,5104,87
752,4910,87
753,5062,87
754,4800,88
755,4671,87
756,4940,87
757,4628,87
758,4603,86
759,4253,86
760,4531,86
761,4385,86
762,4678,85
763,4601,86
764,4396,85
765,4508,84
766,4197,85
767,4844,84
768,5221,84
769,4487,84
770,4255,84
771,3986,84
772,4353,85
773,4079,84
774,4151,84
775,4117,84
776,3784,84
777,3834,83
778,3921,84
779,3912,83
780,3889,83
781,4271,84
782,4138,83
783,4686,83
784,5263,84
785,4553,83
786,4322,83
787,4389,84
788,4688,84
789,4111,84
790,4348,84
791,3724,84
792,3674,83
793,3934,84
794,3738,84
795,3609,84
796,4191,85
797,3889,85
798,3993,85
799,4326,86
800,4556,86
801,4174,85
802,4130,86
803,3892,85
804,4079,84
805,4148,85
806,3938,85
807,3806,85
808,4238,86
809,4014,86
810,4273,85
811,4301,86
812,4077,86
813,4007,85
814,4131,86
815,4415,86
816,4266,86
817,4654,87
818,4628,87
819,4664,87
820,4403,88
821,4309,88
822,4488,88
823,4750,89
824,4796,89
825,4256,89
826,4447,89
827,4014,89
828,4319,88
829,4096,89
830,4453,88
831,4266,88
832,4598,88
833,4421,88
834,6549,88
835,4127,89
836,4502,89
837,4304,89
838,4461,90
839,5344,90
840,4879,90
841,4899,90
842,5142,90
843,4702,89
844,4686,90
845,4576,89
846,4828,88
847,4561,89
848,3741,88
849,3659,88
850,3927,88
851,3713,87
852,3753,87
853,4381,87
854,4784,87
855,4861,86
856,4556,87
857,5133,86
858,4225,85
859,4370,86
860,4124,85
861,4253,85
862,4278,85
863,4385,85
864,4433,85
865,4493,86
866,4288,85
867,4625,85
868,4427,86
869,4796,85
870,4161,85
871,4242,85
872,4239,84
873,4137,84
874,4347,84
875,4380,84
876,4406,84
877,4396,85
878,4272,85
879,4221,85
880,4667,86
881,4122,85
882,4245,85
883,4556,85
884,4500,85
885,4935,84
886,5116,84
887,4338,84
888,4457,84
889,4325,85
890,4672,85
891,4164,85
892,4480,86
893,4554,86
894,4226,86
895,4130,87
896,4507,87
897,4150,87
898,4079,88
899,3782,88
900,3835,88
901,4196,89
902,3983,89
903,4032,89
904,4405,89
905,4511,89
906,4664,89
907,4560,90
908,4084,90
909,4179,90
910,4258,90
911,5270,90
912,5543,89
913,4862,90
914,4576,89
915,4694,89
916,4646,89
917,4565,89
918,4534,88
919,4251,89
920,4416,89
921,4123,89
922,4110,90
923,4261,90
924,4473,90
925,5320,91
926,4818,91
927,8258,90
928,4537,91
929,4194,91
930,5299,91
931,4958,92
932,5387,92
933,5012,92
934,4866,93
935,4930,93
936,4777,93
937,4608,94
938,4583,94
939,4245,94
940,4366,95
941,4496,95
942,4805,94
943,4513,94
944,4339,94
945,6245,93
946,4584,94
947,4781,93
948,5191,92
949,5204,93
950,5419,92
951,5826,92
952,5545,92
953,6270,92
954,6072,91
955,5143,91
956,5733,91
957,4628,90
958,5403,91
959,4640,90
960,4612,89
961,5756,90
962,5172,89
963,5738,89
964,5321,89
965,4635,88
966,4934,88
967,4505,88
968,4248,88
969,4352,88
970,4536,89
971,4480,89
972,4492,89
973,4691,90
974,4750,90
975,4533,90
976,4656,91
977,4553,91
978,5176,91
979,5036,91
980,4378,91
981,4482,90
982,4467,91
983,4662,90
984,4188,89
985,4333,90
986,4481,89
987,4272,89
988,4413,89
989,4106,89
990,4257,88
991,4300,88
992,4429,88
993,4619,87
994,4537,88
995,4394,87
996,4379,87
997,4461,87
998,4281,87
999,4217,86
1000,4421,87
1001,4311,86
1002,4323,85
1003,5166,85
1004,4411,85
1005,4362,85
1006,3989,85
1007,4036,85
1008,4295,85
1009,4419,85
1010,4281,85
1011,3658,85
1012,3913,85
1013,3859,84
1014,4231,84
1015,3984,83
1016,3922,83
1017,3964,82
1018,4043,82
1019,4276,81
1020,4128,80
1021,4116,80
1022,4001,79
1023,3740,79
1024,3669,78
1025,3833,78
1026,3625,77
1027,4365,76
1028,3601,76
1029,3785,75
1030,4108,75
1031,3846,74
1032,3816,74
1033,3826,74
1034,3930,74
1035,3927,74
1036,4490,73
1037,3985,73
1038,4054,73
1039,4111,73
1040,3583,73
1041,3762,72
1042,3577,72
1043,3755,71
1044,3440,71
1045,5045,70
1046,4075,69
1047,4027,69
1048,4433,69
1049,3973,69
1050,3845,69
1051,3723,69
1052,3875,69
1053,3796,68
1054,3626,68
1055,3554,67
1056,3667,67
1057,3980,66
1058,3427,66
1059,4001,65
1060,4182,64
1061,4278,64
1062,4143,64
1063,3537,64
1064,3365,64
1065,3445,64
1066,3540,63
1067,3356,63
1068,3434,63
1069,3402,63
1070,3288,63
1071,3490,63
1072,3694,63
1073,3457,63
1074,3633,63
1075,3571,63
1076,3509,63
1077,3548,62
1078,3468,62
1079,3301,61
1080,3344,61
1081,3401,60
1082,3383,60
1083,6434,59
1084,7383,58
1085,4414,58
1086,3940,57
1087,3563,57
1088,3501,56
1089,3160,56
1090,3363,55
1091,3237,55
1092,3234,54
1093,2978,54
1094,3088,53
1095,2904,53
1096,2992,52
1097,2910,52
1098,2927,51
1099,3135,51
1100,3150,50
1101,2925,50
1102,2907,50
1103,2861,50
1104,4938,50
1105,2810,50
1106,2674,50
1107,2658,49
1108,2737,49
1109,2742,48
1110,2860,48
1111,2668,47
1112,2674,47
1113,2824,47
1114,2749,47
1115,2607,47
1116,2646,47
1117,2785,47
1118,2702,46
1119,2732,45
1120,2566,45
1121,2687,44
1122,2851,44
1123,2684,43
1124,2539,43
1125,2560,43
1126,2563,43
1127,2402,43
1128,2821,43
1129,2603,43
1130,2493,43
1131,2856,43
1132,2574,43
1133,2450,42
1134,2996,42
1135,2434,41
1136,2511,41
1137,2304,40
1138,2322,40
1139,2311,39
1140,2258,39
1141,2158,38
1142,2172,38
1143,2146,37
1144,2358,37
1145,2076,36
1146,2247,35
1147,2277,35
1148,2162,34
1149,2174,34
1150,1936,33
1151,1919,33
1152,1736,33
1153,1799,33
1154,1911,33
1155,1778,33
1156,1886,33
1157,1741,33
1158,1873,33
1159,1818,33
1160,1769,33
1161,1772,32
1162,1937,32
1163,1821,31
1164,1870,31
1165,1664,31
1166,1581,31
1167,1534,30
1168,1753,30
1169,1478,30
1170,1535,30
1171,1856,30
1172,1624,30
1173,1446,30
1174,1531,30
1175,1546,30
1176,1578,29
1177,1642,29
1178,1489,28
1179,1544,28
1180,1468,27
1181,1596,26
1182,2000,26
1183,1494,25
1184,1936,25
1185,1485,24
1186,1379,24
1187,1168,23
1188,1320,23
1189,1193,22
1190,1338,22
1191,1165,21
1192,1359,21
1193,1212,21
1194,1138,20
1195,1351,20
1196,1065,19
1197,1149,19
1198,1075,18
1199,1115,18
1200,1019,17
1201,1129,17
1202,920,16
1203,1045,16
1204,985,16
1205,887,16
1206,916,16
1207,1025,16
1208,1007,15
1209,947,15
1210,840,14
1211,892,13
1212,869,13
1213,786,13
1214,677,12
1215,740,12
1216,678,12
1217,769,12
1218,759,12
1219,732,11
1220,774,11
1221,718,10
1222,954,10
1223,684,9
1224,691,9
1225,606,8
1226,665,8
1227,539,8
1228,512,7
1229,558,7
1230,529,7
1231,588,6
1232,662,6
1233,546,6
1234,467,5
1235,589,5
1236,525,5
1237,467,4
1238,560,4
1239,437,4
1240,397,3
1241,445,3
1242,386,3
1243,397,3
1244,385,3
1245,364,2
1246,406,2
1247,364,1
1248,387,1
1249,349,1
1250,326,1
1251,297,1
1252,281,0
1,725,1
2,377,1
3,257,1
4,400,2
5,339,2
6,351,2
7,469,3
8,484,3
9,395,3
10,471,4
11,411,4
12,511,4
13,485,5
14,406,5
15,460,5
16,539,6
17,461,6
18,461,6
19,604,7
20,486,7
21,467,7
22,565,8
23,531,8
24,525,8
25,635,9
26,576,9
27,510,9
28,670,10
29,530,10
30,588,10
31,700,11
32,592,11
33,601,11
34,683,12
35,618,12
36,647,12
37,732,13
38,683,13
39,645,13
40,728,14
41,737,14
42,660,14
43,797,15
44,775,15
45,711,15
46,857,16
47,736,16
48,766,16
49,952,17
50,947,17
51,861,17
52,1011,18
53,1131,18
54,920,18
55,1105,19
56,1050,19
57,1017,19
58,1230,20
59,2535,20
60,1163,20
61,1494,21
62,1434,21
63,1417,21
64,1463,22
65,1266,22
66,1165,22
67,1495,23
68,1380,23
69,1212,23
70,1436,24
71,1873,24
72,1426,24
73,1558,25
74,1592,25
75,2057,25
76,1879,26
77,1649,26
78,1803,26
79,3029,27
80,1927,27
81,2084,27
82,2115,28
83,2031,28
84,1999,28
85,1873,29
86,3644,29
87,2067,29
88,2284,30
89,2101,30
90,1889,30
91,2004,31
92,1801,31
93,2112,31
94,2001,32
95,2273,32
96,2507,32
97,1874,33
98,1939,33
99,2106,33
100,2155,34
101,1891,34
102,2165,34
103,1982,35
104,2533,35
105,1819,35
106,2192,36
107,2922,36
108,2491,36
109,2532,37
110,2124,37
111,2566,37
112,2594,38
113,2228,38
114,2023,38
115,2790,39
116,2665,39
117,2006,39
118,2217,40
119,1831,40
120,2086,40
121,2156,41
122,1969,41
123,1983,41
124,2302,42
125,2233,42
126,2280,42
127,2281,43
128,2232,43
129,2519,43
130,2594,44
131,2057,44
132,2500,44
133,2284,45
134,2106,45
135,2121,45
136,2305,46
137,2378,46
138,2187,46
139,2263,47
140,2336,47
141,2272,47
142,2536,48
143,2445,48
144,2389,48
145,2257,49
146,2523,49
147,2497,49
148,2606,50
149,2426,50
150,2885,50
151,2613,51
152,2296,51
153,2617,51
154,2684,52
155,2635,52
156,2753,52
157,2865,53
158,2995,53
159,2749,53
160,3017,54
161,2866,54
162,2978,54
163,3118,55
164,2770,55
165,2571,55
166,2736,56
167,2649,56
168,2635,56
169,3120,57
170,2757,57
171,3046,57
172,3309,58
173,2890,58
174,2938,58
175,3078,59
176,3097,59
177,3027,59
178,3017,60
179,2861,60
180,2978,60
181,3145,61
182,3217,61
183,3095,61
184,3750,62
185,3052,62
186,2930,62
187,3067,63
188,3253,63
189,3167,63
190,3377,64
191,3679,64
192,3212,64
193,3621,65
194,3526,65
195,3211,65
196,3377,66
197,3163,66
198,3265,66
199,3374,67
200,3403,67
201,3381,67
202,3689,68
203,3620,68
204,3323,68
205,3595,69
206,3975,69
207,3527,69
208,3812,70
209,3664,70
210,3567,70
211,3454,71
212,3593,71
213,3512,71
214,3656,72
215,4291,72
216,3701,72
217,3880,73
218,4076,73
219,4012,73
220,4044,74
221,4329,74
222,3831,74
223,3976,75
224,3788,75
225,4412,75
226,4069,76
227,3947,76
228,3963,76
229,3949,77
230,3834,77
231,4176,77
232,4045,78
233,4328,78
234,4068,78
235,4165,79
236,3852,79
237,3742,79
238,4072,80
239,3717,80
240,3943,80
241,4791,81
242,4604,81
243,4616,81
244,4753,82
245,4047,82
246,4135,82
247,4783,83
248,4150,83
249,4123,83
250,4527,84
251,4170,84
252,4424,84
253,4437,85
254,4233,85
255,4296,85
256,4473,85
257,3939,85
258,3832,84
259,4212,85
260,3888,84
261,4111,84
262,4201,84
263,3867,84
264,4061,83
265,4106,84
266,3855,84
267,4094,84
268,4474,84
269,4024,84
270,4366,83
271,4954,84
272,4863,84
273,4521,83
274,4384,84
275,3864,84
276,4590,84
277,4411,84
278,4864,84
279,4514,84
280,4102,85
281,4072,85
282,3915,85
283,4007,86
284,3964,86
285,4274,86
286,4283,87
287,4304,87
288,4139,87
289,4403,87
290,3959,87
291,3926,86
292,4169,87
293,4420,86
294,5331,86
295,5083,87
296,4980,87
297,5218,87
298,6007,88
299,5514,88
300,6550,87
301,5474,88
302,4921,87
303,4514,87
304,4818,88
305,4757,87
306,5103,87
307,4975,87
308,5459,87
309,6264,87
310,5239,88
311,4526,88
312,4469,88
313,4438,89
314,4240,89
315,4416,89
316,5073,90
317,4769,90
318,4699,90
319,4271,91
320,4897,91
321,4206,91
322,4586,92
323,4227,91
324,4898,91
325,5210,91
326,4798,91
327,4585,90
328,4801,90
329,4735,90
330,4927,89
331,4457,90
332,4583,89
333,4147,89
334,4511,89
335,4142,88
336,4181,88
337,5496,88
338,3960,88
339,3993,87
340,4138,88
341,3932,88
342,3884,88
343,4057,89
344,4193,88
345,4195,88
346,4193,88
347,5402,87
348,4440,87
349,4685,87
350,4453,87
351,4540,86
352,4789,87
353,4400,86
354,4222,85
355,4323,86
356,4445,85
357,4197,85
358,4221,85
359,4169,85
360,4031,84
361,10488,84
362,5838,84
363,6195,84
364,6560,85
365,4987,85
366,4418,85
367,4930,86
368,4110,86
369,4288,86
370,3845,86
371,4062,86
372,3882,85
373,3946,86
374,3837,85
375,4105,85
376,4081,86
377,4361,86
378,4058,86
379,4093,86
380,4667,86
381,4838,85
382,4640,86
383,4544,85
384,4669,85
385,4722,85
386,4447,84
387,4403,84
388,4526,84
389,4319,84
390,4639,84
391,4940,85
392,4518,85
393,4241,85
394,4054,86
395,4052,86
396,3864,85
397,4865,86
398,3982,85
399,4342,85
400,4145,85
401,4055,85
402,4750,84
403,4768,84
404,4586,84
405,4444,83
406,4639,84
407,4361,83
408,4448,83
409,4439,83
410,6311,83
411,5130,83
412,4802,84
413,5833,84
414,5016,83
415,5804,84
416,5555,84
417,5633,84
418,5884,85
419,6011,85
420,5093,85
421,6460,86
422,6111,86
423,5224,86
424,5900,86
425,9956,86
426,4505,85
427,4710,86
428,5870,86
429,4842,86
430,5207,87
431,4664,87
432,4720,87
433,4904,88
434,6466,88
435,4391,88
436,4440,88
437,4927,87
438,4529,87
439,4443,87
440,4551,87
441,3965,86
442,4453,87
443,4244,86
444,4140,86
445,4241,87
446,4003,86
447,4488,86
448,4677,86
449,5226,86
450,4776,86
451,4455,87
452,4501,87
453,4194,87
454,4347,88
455,4405,88
456,4499,88
457,4134,89
458,4081,89
459,4107,89
460,4076,90
461,4379,90
462,4476,90
463,4214,90
464,4432,90
465,4121,89
466,4329,90
467,3966,89
468,4021,89
469,4207,89
470,4076,88
471,4028,88
472,5746,88
473,4607,88
474,4362,87
475,4802,88
476,4807,87
477,4622,86
478,4644,87
479,4641,86
480,4783,86
481,5075,86
482,4072,85
483,8664,85
484,4437,85
485,4782,85
486,4688,84
487,4332,85
488,4010,84
489,4385,84
490,4321,85
491,4477,85
492,4229,85
493,4488,86
494,3927,86
495,3877,86
496,4089,86
497,3955,86
498,3887,86
499,3809,87
500,4035,86
501,3895,86
502,3891,87
503,4513,87
504,5438,87
505,5357,88
506,4731,88
507,4351,88
508,5239,89
509,5205,89
510,5015,89
511,4584,90
512,3915,89
513,4042,88
514,4239,89
515,3825,88
516,3929,88
517,4034,88
518,3866,88
519,4155,87
520,4468,88
521,4130,87
522,4141,86
523,4184,87
524,4288,86
525,3980,86
526,4254,86
527,4202,86
528,4127,85
529,4833,85
530,4652,85
531,4424,84
532,4533,85
533,4828,85
534,4548,85
535,4775,86
536,4775,86
537,4285,86
538,4227,87
539,4108,86
540,4073,86
541,4272,86
542,4375,86
543,4132,85
544,5029,86
545,4910,85
546,4902,84
547,4819,85
548,4246,84
549,4174,84
550,5215,84
551,4448,84
552,3974,84
553,4544,85
554,4468,85
555,4073,85
556,4135,86
557,3989,86
558,4322,86
559,4359,87
560,4086,86
561,3998,86
562,4030,86
563,4519,86
564,4372,85
565,4220,85
566,4255,85
567,4751,84
568,4782,85
569,4572,85
570,4793,85
571,4410,86
572,4198,86
573,4045,86
574,4498,87
575,4467,87
576,4878,87
577,4489,88
578,4260,87
579,4216,86
580,4320,87
581,4372,86
582,4296,86
583,4109,86
584,5239,86
585,4665,85
586,4523,86
587,4952,85
588,4780,84
589,4365,85
590,4897,84
591,4982,84
592,4299,84
593,4300,84
594,4292,83
595,4416,84
596,4563,84
597,4445,84
598,4593,85
599,4647,85
600,4357,84
601,4811,85
602,4699,85
603,5088,85
604,4776,85
605,4749,85
606,4563,84
607,4148,85
608,4158,84
609,3979,84
610,4161,84
611,4467,84
612,4235,83
613,4453,84
614,4447,84
615,4678,84
616,4766,85
617,4651,85
618,4296,85
619,4928,86
620,4362,86
621,4719,86
622,4848,86
623,4599,86
624,4417,85
625,4501,86
626,4526,85
627,4432,85
628,5089,85
629,5005,85
630,4621,84
631,4695,85
632,4990,85
633,4464,85
634,4345,86
635,4256,86
636,3988,85
637,4060,86
638,3991,85
639,3990,85
640,4095,85
641,4158,85
642,3967,84
643,3930,85
644,3863,84
645,4647,84
646,4492,84
647,4510,84
648,4423,83
649,4411,84
650,4550,84
651,4319,83
652,4404,84
653,4437,83
654,3826,83
655,3953,84
656,3773,84
657,4011,84
658,4203,85
659,3818,85
660,3687,85
661,4036,86
662,3969,85
663,4397,85
664,4694,85
665,4871,85
666,5022,84
667,4917,85
668,5534,84
669,4599,83
670,5381,84
671,5262,83
672,5168,83
673,4962,83
674,5853,83
675,5424,83
676,5748,84
677,6057,84
678,5350,84
679,6633,85
680,5235,84
681,4847,84
682,4736,84
683,4291,84
684,3989,83
685,4668,84
686,4120,83
687,4047,83
688,3933,83
689,4422,83
690,4492,83
691,4442,84
692,4479,84
693,4761,83
694,3835,84
695,3829,83
696,4662,83
697,4469,84
698,5413,83
699,4333,83
700,4348,83
701,4331,83
702,4476,83
703,4343,83
704,3963,83
705,4048,83
706,3935,83
707,3774,83
708,4081,83
709,4222,83
710,4457,83
711,4874,83
712,4680,83
713,4537,83
714,4048,83
715,4424,83
716,4263,83
717,4139,83
718,4443,84
719,3973,84
720,4152,84
721,3997,85
722,4049,85
723,4017,85
724,4036,85
725,4498,85
726,4924,84
727,4929,85
728,4174,84
729,4287,83
730,4036,84
731,4762,84
732,4114,84
733,4441,85
734,4253,85
735,4290,85
736,4108,86
737,3980,86
738,3914,85
739,4604,86
740,3882,85
741,4142,85
742,4433,85
743,3851,84
744,4237,84
745,5021,84
746,3976,84
747,4639,84
748,5314,84
749,4592,84
750,4832,84
751,4655,85
752,4747,85
753,4977,84
754,5029,85
755,7029,84
756,4621,84
757,4615,84
758,4267,84
759,4594,84
760,5305,85
761,4750,85
762,4839,85
763,4986,86
764,4643,86
765,5076,86
766,5650,86
767,5105,86
768,4822,85
769,4959,86
770,4738,85
771,4465,85
772,4517,85
773,4942,85
774,5801,84
775,4776,85
776,4802,84
777,4218,83
778,4618,84
779,4722,83
780,4518,83
781,4669,83
782,4318,83
783,3921,83
784,4181,83
785,4213,83
786,4249,83
787,4244,83
788,4182,83
789,4696,83
790,4658,83
791,4250,83
792,3956,83
793,4713,83
794,4218,83
795,4247,83
796,4294,83
797,4807,83
798,4553,83
799,4592,83
800,4141,83
801,4135,83
802,4676,83
803,4539,83
804,4570,83
805,4466,83
806,4853,83
807,4803,83
808,4816,84
809,4644,84
810,4550,84
811,4949,85
812,4539,84
813,4095,84
814,4127,84
815,4152,84
816,3792,83
817,4601,84
818,4595,83
819,3908,83
820,3996,83
821,3741,83
822,4077,83
823,4096,84
824,4796,84
825,3840,84
826,4055,84
827,3921,84
828,4153,83
829,4410,84
830,4076,84
831,3846,83
832,4120,84
833,4132,83
834,4082,83
835,4134,83
836,4118,83
837,4064,83
838,4079,83
839,4184,83
840,4073,83
841,4227,83
842,4067,83
843,4008,83
844,3856,84
845,3867,84
846,3990,84
847,4420,85
848,4006,85
849,3853,84
850,4195,85
851,3907,85
852,3930,84
853,3917,85
854,4008,84
855,3831,84
856,4193,84
857,3739,84
858,4664,83
859,4673,84
860,4511,83
861,4375,83
862,4597,84
863,4410,84
864,4439,83
865,4540,84
866,4438,83
867,3788,83
868,3946,83
869,3787,83
870,3630,83
871,3850,83
872,3817,83
873,3792,83
874,4296,83
875,4352,83
876,4101,83
877,4292,84
878,3919,84
879,4232,84
880,3959,85
881,3982,85
882,3932,84
883,4057,85
884,3974,85
885,3882,85
886,4062,85
887,4021,85
888,4164,84
889,4045,85
890,3998,84
891,4021,84
892,5045,84
893,4149,84
894,3984,83
895,4278,84
896,4291,84
897,3991,84
898,3887,85
899,3854,85
900,3899,85
901,3935,86
902,3877,85
903,4193,84
904,4323,85
905,4154,84
906,3997,84
907,4127,84
908,4190,84
909,4012,83
910,4241,84
911,4218,84
912,3880,84
913,3783,85
914,3712,85
915,3820,84
916,3992,85
917,3785,84
918,3841,84
919,3934,84
920,4648,84
921,4480,84
922,4936,85
923,4809,85
924,4608,85
925,5353,86
926,5217,86
927,4885,86
928,4835,87
929,4742,87
930,4590,87
931,4969,88
932,4872,88
933,4879,88
934,5025,89
935,5348,88
936,5126,88
937,5030,88
938,4859,87
939,5134,87
940,5382,87
941,5589,87
942,4749,86
943,4794,87
944,4332,86
945,4443,86
946,4286,86
947,4321,85
948,4285,85
949,4417,85
950,4219,85
951,4187,84
952,4907,85
953,4592,84
954,4872,84
955,4565,85
956,4217,85
957,4296,85
958,4263,85
959,4377,85
960,4698,84
961,4731,85
962,4607,84
963,5662,84
964,4653,85
965,4258,85
966,4335,85
967,4479,86
968,4499,86
969,4061,86
970,4293,87
971,4458,87
972,4563,86
973,4487,87
974,4369,86
975,3996,86
976,4372,87
977,4159,87
978,4495,87
979,4258,88
980,4128,88
981,4404,88
982,4379,89
983,4415,89
984,4242,89
985,4633,89
986,4926,89
987,4515,88
988,4461,89
989,4083,88
990,4484,87
991,4510,88
992,4655,87
993,4545,87
994,4826,87
995,5139,87
996,4402,86
997,4669,86
998,4739,86
999,4604,85
1000,4697,86
1001,4615,85
1002,4648,85
1003,4842,84
1004,5128,84
1005,4624,83
1006,4527,83
1007,4447,82
1008,4151,82
1009,4378,82
1010,4439,81
1011,4061,81
1012,4274,80
1013,4418,80
1014,4737,79
1015,4485,79
1016,4270,78
1017,4164,78
1018,4435,78
1019,7832,78
1020,4783,78
1021,4038,78
1022,3839,77
1023,3898,77
1024,3852,76
1025,4128,76
1026,4137,76
1027,4139,76
1028,4136,75
1029,3692,75
1030,3556,74
1031,3781,74
1032,3542,73
1033,3542,73
1034,3717,73
1035,3745,73
1036,3616,73
1037,3382,73
1038,3383,73
1039,3804,72
1040,3817,72
1041,3960,71
1042,3673,71
1043,3519,71
1044,3663,71
1045,3927,70
1046,3643,70
1047,4087,70
1048,3715,69
1049,3379,69
1050,3302,68
1051,3818,67
1052,4281,67
1053,3876,67
1054,3899,67
1055,3875,67
1056,4050,67
1057,4051,66
1058,3930,66
1059,3763,65
1060,3479,65
1061,3503,64
1062,3750,64
1063,3686,63
1064,3566,63
1065,3468,63
1066,4268,63
1067,7869,63
1068,7937,63
1069,9088,63
1070,6651,63
1071,5180,63
1072,5360,63
1073,5058,62
1074,3789,62
1075,3744,61
1076,3570,60
1077,3082,60
1078,3069,60
1079,3181,59
1080,3084,59
1081,3113,58
1082,3212,58
1083,3321,58
1084,2826,58
1085,3054,58
1086,3157,58
1087,3135,58
1088,2988,58
1089,2837,58
1090,3082,58
1091,3096,58
1092,2993,58
1093,3313,58
1094,2761,58
1095,2741,58
1096,2727,57
1097,2771,57
1098,3127,57
1099,3001,57
1100,2795,57
1101,2811,57
1102,3163,57
1103,3394,57
1104,3058,57
1105,2829,56
1106,2706,56
1107,2821,55
1108,2834,55
1109,2673,54
1110,2799,54
1111,2576,53
1112,2941,53
1113,2851,53
1114,2804,53
1115,2889,53
1116,2660,53
1117,2699,53
1118,2599,53
1119,2743,52
1120,2696,52
1121,2849,51
1122,2662,51
1123,2499,50
1124,2634,49
1125,2882,49
1126,2854,48
1127,2838,48
1128,2608,47
1129,2662,46
1130,2656,46
1131,2530,45
1132,2450,45
1133,2510,45
1134,2424,44
1135,2542,44
1136,2437,43
1137,2483,43
1138,2328,42
1139,2558,41
1140,2396,41
1141,2387,40
1142,2832,40
1143,2205,39
1144,2367,39
1145,2116,38
1146,2442,37
1147,2332,37
1148,2636,36
1149,2150,36
1150,2133,36
1151,2109,35
1152,2004,35
1153,1831,35
1154,2079,35
1155,1765,35
1156,1754,35
1157,1813,35
1158,1593,35
1159,1638,35
1160,1907,35
1161,1536,35
1162,1545,35
1163,1516,34
1164,1707,34
1165,1569,33
1166,1651,32
1167,1655,32
1168,1526,31
1169,1616,31
1170,1856,30
1171,1528,30
1172,1387,29
1173,1550,28
1174,1497,28
1175,1378,28
1176,1413,27
1177,1649,27
1178,1333,26
1179,1586,26
1180,1381,25
1181,1454,24
1182,1607,24
1183,1339,24
1184,1320,24
1185,1256,23
1186,1415,23
1187,1301,23
1188,1314,22
1189,1391,22
1190,1195,21
1191,1348,21
1192,1255,20
1193,1336,20
1194,1206,19
1195,1366,19
1196,1147,19
1197,1113,18
1198,1202,18
1199,1081,17
1200,1143,17
1201,995,16
1202,1081,16
1203,1137,16
1204,937,15
1205,1005,15
1206,890,15
1207,873,15
1208,855,15
1209,815,15
1210,827,15
1211,797,15
1212,780,14
1213,952,13
1214,1002,13
1215,890,12
1216,884,12
1217,998,12
1218,789,12
1219,808,12
1220,776,12
1221,790,12
1222,758,12
1223,691,11
1224,785,11
1225,688,10
1226,780,10
1227,753,9
1228,671,9
1229,578,9
1230,564,8
1231,652,8
1232,596,8
1233,534,8
1234,544,7
1235,649,7
1236,558,6
1237,610,6
1238,533,5
1239,703,5
1240,478,4
1241,530,4
1242,469,3
1243,503,3
1244,429,3
1245,441,2
1246,447,2
1247,378,1
1248,418,1
1249,396,1
1250,343,1
1251,336,1
1252,346,1
1253,366,1
1254,279,0
1,789,1
2,537,1
3,377,1
4,536,2
5,378,2
6,349,2
7,492,3
8,423,3
9,452,3
10,562,4
11,471,4
12,439,4
13,629,5
14,575,5
15,558,5
16,633,6
17,562,6
18,487,6
19,597,7
20,652,7
21,559,7
22,720,8
23,671,8
24,616,8
25,946,9
26,713,9
27,636,9
28,902,10
29,667,10
30,647,10
31,859,11
32,741,11
33,716,11
34,846,12
35,850,12
36,739,12
37,2294,13
38,947,13
39,1113,13
40,1273,14
41,868,14
42,940,14
43,1098,15
44,1131,15
45,1049,15
46,1775,16
47,1076,16
48,958,16
49,1289,17
50,1074,17
51,1086,17
52,1101,18
53,1259,18
54,1275,18
55,1307,19
56,1246,19
57,1048,19
58,1285,20
59,1649,20
60,1250,20
61,1339,21
62,1185,21
63,1050,21
64,1305,22
65,1353,22
66,1147,22
67,1358,23
68,1385,23
69,1242,23
70,1626,24
71,1688,24
72,1358,24
73,1434,25
74,1574,25
75,1626,25
76,1395,26
77,1442,26
78,1267,26
79,1394,27
80,1899,27
81,1463,27
82,1689,28
83,2029,28
84,1364,28
85,2136,29
86,1370,29
87,1396,29
88,1739,30
89,1409,30
90,1556,30
91,1771,31
92,1514,31
93,1741,31
94,1589,32
95,1533,32
96,1569,32
97,1743,33
98,1646,33
99,1623,33
100,1788,34
101,1872,34
102,1570,34
103,1876,35
104,1989,35
105,2175,35
106,2047,36
107,2083,36
108,1954,36
109,1903,37
110,1789,37
111,1690,37
112,2049,38
113,1939,38
114,1774,38
115,1889,39
116,1792,39
117,1706,39
118,2022,40
119,1746,40
120,1803,40
121,1929,41
122,1908,41
123,1905,41
124,1985,42
125,1991,42
126,1872,42
127,2007,43
128,1999,43
129,2276,43
130,2244,44
131,2086,44
132,1997,44
133,2194,45
134,2117,45
135,2228,45
136,2464,46
137,2225,46
138,2224,46
139,2387,47
140,2407,47
141,2229,47
142,2260,48
143,2185,48
144,2231,48
145,2339,49
146,2235,49
147,2236,49
148,2239,50
149,2285,50
150,2198,50
151,2732,51
152,2386,51
153,2477,51
154,2849,52
155,2864,52
156,2752,52
157,2921,53
158,2793,53
159,2991,53
160,2785,54
161,2655,54
162,2530,54
163,2706,55
164,2720,55
165,2783,55
166,3124,56
167,3064,56
168,3069,56
169,3251,57
170,3066,57
171,3127,57
172,3257,58
173,2974,58
174,2724,58
175,2984,59
176,2754,59
177,2984,59
178,2861,60
179,2927,60
180,3294,60
181,3332,61
182,3068,61
183,2934,61
184,3314,62
185,3317,62
186,3272,62
187,3567,63
188,3269,63
189,3396,63
190,3934,64
191,3339,64
192,3441,64
193,3669,65
194,3624,65
195,3525,65
196,4519,66
197,3988,66
198,3690,66
199,4224,67
200,3733,67
201,3654,67
202,3951,68
203,3698,68
204,3890,68
205,3945,69
206,3853,69
207,3997,69
208,4030,70
209,3896,70
210,4042,70
211,4212,71
212,4141,71
213,3977,71
214,4062,72
215,4147,72
216,4105,72
217,4418,73
218,4253,73
219,4175,73
220,4693,74
221,4433,74
222,4331,74
223,4347,75
224,4532,75
225,4205,75
226,4306,76
227,4302,76
228,4305,76
229,4623,77
230,4327,77
231,3996,77
232,4257,78
233,4300,78
234,4510,78
235,4650,79
236,4551,79
237,4237,79
238,3836,80
239,3711,80
240,3567,80
241,4150,81
242,5274,81
243,4793,81
244,4440,82
245,4329,82
246,3972,82
247,4134,83
248,3677,83
249,3743,83
250,3797,84
251,3938,84
252,3929,83
253,4734,84
254,4098,83
255,4125,83
256,3988,83
257,3999,83
258,3864,83
259,4276,84
260,4118,84
261,4106,84
262,5253,85
263,4308,85
264,4191,85
265,4313,85
266,4185,85
267,3852,84
268,4115,85
269,4130,84
270,4013,84
271,3914,84
272,4152,84
273,3908,83
274,4005,84
275,3941,84
276,3843,84
277,4440,85
278,4593,85
279,4002,85
280,5590,85
281,4418,85
282,4010,85
283,4135,86
284,4050,86
285,4017,86
286,4340,86
287,3892,85
288,3881,85
289,3945,85
290,4091,85
291,4067,85
292,4196,86
293,4677,86
294,4801,86
295,4644,87
296,5171,87
297,7525,87
298,5280,88
299,5180,88
300,5011,87
301,5481,87
302,4745,87
303,4716,86
304,5587,87
305,4970,86
306,4814,86
307,6013,86
308,5491,86
309,5292,85
310,4661,85
311,4820,85
312,5388,84
313,4610,85
314,4130,84
315,4110,84
316,4724,85
317,4401,85
318,4321,85
319,5071,86
320,4033,85
321,4173,84
322,4217,85
323,4154,84
324,3905,84
325,3829,84
326,4039,84
327,3853,83
328,5035,84
329,4785,84
330,4605,84
331,4380,84
332,4383,84
333,4894,84
334,4492,85
335,4242,85
336,4281,84
337,4413,85
338,3943,84
339,4300,83
340,4218,84
341,4482,84
342,4379,84
343,4882,84
344,4368,84
345,11250,83
346,8162,84
347,9277,84
348,5413,84
349,5270,85
350,4450,85
351,3938,85
352,4509,86
353,4056,86
354,4065,86
355,3963,87
356,3859,87
357,4017,87
358,4165,87
359,4139,87
360,4026,86
361,4329,87
362,4269,86
363,4033,86
364,4241,86
365,3909,85
366,3922,85
367,4049,85
368,3911,85
369,3887,84
370,3862,85
371,3873,84
372,3794,84
373,3835,85
374,3819,85
375,4230,85
376,3971,86
377,3809,86
378,4350,85
379,5031,85
380,4254,85
381,4215,84
382,4524,85
383,4180,85
384,4142,85
385,4004,86
386,3781,86
387,4015,86
388,4116,87
389,3891,87
390,4034,86
391,4139,87
392,4083,86
393,4151,86
394,4233,86
395,4792,86
396,5108,86
397,4684,86
398,5171,85
399,5914,85
400,6552,85
401,6217,85
402,5504,84
403,5283,85
404,4559,84
405,4565,84
406,6126,84
407,4906,84
408,4725,84
409,5449,85
410,5450,85
411,6142,84
412,5241,85
413,4672,84
414,4630,84
415,4576,84
416,4269,83
417,4180,83
418,4574,83
419,4414,83
420,4342,83
421,5082,84
422,4591,84
423,4687,84
424,5203,85
425,4554,85
426,4277,85
427,4581,86
428,4226,85
429,4369,85
430,4533,85
431,4585,85
432,4398,84
433,4820,85
434,4039,84
435,4000,84
436,4486,85
437,4072,85
438,3929,85
439,4599,85
440,4493,85
441,4006,85
442,4501,86
443,4413,85
444,3919,84
445,4177,85
446,4460,84
447,4086,84
448,4406,84
449,3951,84
450,3967,84
451,4066,84
452,4319,84
453,4233,83
454,4064,84
455,4809,83
456,4345,83
457,4340,83
458,4242,83
459,4008,83
460,4368,83
461,4267,83
462,4201,83
463,4588,83
464,4264,83
465,4236,83
466,4395,83
467,5872,83
468,4901,83
469,4658,84
470,3875,83
471,4269,83
472,4421,84
473,4252,84
474,3942,83
475,3941,84
476,3882,83
477,3831,83
478,4629,83
479,4420,83
480,4184,83
481,4413,84
482,3742,84
483,4015,84
484,4141,85
485,3884,85
486,3980,85
487,4198,86
488,4221,86
489,4057,86
490,4566,87
491,4176,87
492,4485,87
493,4601,88
494,4095,87
495,4157,87
496,4683,87
497,4163,87
498,4081,86
499,4527,87
500,4117,86
501,4543,86
502,4489,87
503,4148,87
504,4035,86
505,4394,87
506,4242,87
507,4064,87
508,4537,88
509,4395,88
510,4874,88
511,5160,89
512,4642,89
513,4352,89
514,4214,89
515,4164,89
516,4086,88
517,4548,89
518,4126,88
519,4322,88
520,4319,88
521,4072,88
522,3994,87
523,4510,87
524,4423,87
525,4488,86
526,4565,87
527,4519,86
528,4342,85
529,4475,86
530,3821,85
531,3995,85
532,4197,85
533,4023,85
534,4443,84
535,4127,85
536,4129,84
537,4025,84
538,4437,85
539,4249,85
540,4107,85
541,4249,86
542,4497,85
543,4252,84
544,4297,85
545,4281,84
546,3914,84
547,4040,84
548,3916,84
549,4098,84
550,4357,85
551,4062,85
552,4119,85
553,4534,86
554,4852,86
555,4555,86
556,4915,87
557,4727,87
558,4362,87
559,4659,88
560,4316,88
561,4522,88
562,5083,88
563,4645,88
564,4495,87
565,4517,88
566,4619,87
567,4678,87
568,4799,88
569,4562,88
570,4335,88
571,4518,89
572,4393,89
573,4945,89
574,4899,90
575,4506,90
576,4107,90
577,4814,91
578,4339,90
579,4286,90
580,4487,90
581,4706,90
582,4138,89
583,4574,90
584,4196,89
585,4433,88
586,4503,89
587,4646,88
588,4706,88
589,5151,88
590,4806,87
591,4589,87
592,4600,87
593,4446,87
594,4598,86
595,4506,87
596,5121,86
597,4610,85
598,4563,86
599,5038,85
600,4668,85
601,4946,85
602,4539,85
603,4491,84
604,4746,85
605,4631,84
606,4389,84
607,4481,85
608,4433,85
609,5462,85
610,4730,86
611,4620,86
612,4615,85
613,4562,86
614,4599,85
615,4491,85
616,5412,85
617,4087,85
618,4102,84
619,4499,85
620,4686,84
621,4533,84
622,4698,85
623,4899,85
624,4830,85
625,5313,86
626,4220,86
627,4589,85
628,4671,86
629,4333,86
630,4296,86
631,4843,87
632,4905,87
633,4953,87
634,4780,88
635,4618,88
636,4668,88
637,9272,89
638,4678,89
639,5820,89
640,4779,90
641,5010,89
642,4269,88
643,4622,89
644,4205,88
645,4897,88
646,5360,88
647,4946,88
648,5628,88
649,5195,88
650,5270,88
651,5071,87
652,4654,88
653,5065,87
654,4642,86
655,4717,87
656,5827,86
657,4962,86
658,4682,86
659,4610,86
660,5273,85
661,4743,86
662,4877,86
663,4519,86
664,4644,87
665,4538,87
666,4683,87
667,4360,87
668,4638,87
669,4344,87
670,4320,87
671,4068,87
672,4039,87
673,4780,88
674,4274,88
675,4136,88
676,5326,89
677,4842,89
678,4744,89
679,5003,90
680,4048,90
681,4076,89
682,4441,89
683,4400,89
684,4578,88
685,4044,89
686,4392,88
687,4226,88
688,4434,88
689,4459,87
690,3969,87
691,4951,87
692,4698,87
693,4485,86
694,4459,87
695,4480,86
696,4359,85
697,4650,86
698,4454,85
699,5188,85
700,5763,85
701,4837,85
702,4178,84
703,4529,85
704,4150,84
705,4455,83
706,4497,84
707,4131,83
708,4696,83
709,3932,84
710,3957,84
711,3990,83
712,4470,84
713,4054,83
714,4389,83
715,4456,83
716,4021,83
717,4070,83
718,4200,84
719,4321,84
720,4299,84
721,4097,85
722,3792,84
723,4020,84
724,4795,84
725,4690,84
726,4489,83
727,4379,84
728,5578,84
729,4837,83
730,4691,84
731,4396,84
732,4291,84
733,4392,85
734,4251,85
735,4179,85
736,4079,86
737,3865,86
738,4002,86
739,4592,86
740,4485,86
741,4546,85
742,4501,86
743,4084,85
744,4369,84
745,4577,85
746,4327,84
747,4415,84
748,4195,84
749,3945,84
750,4189,83
751,4344,84
752,4079,84
753,4570,84
754,4372,85
755,4163,85
756,4058,84
757,5224,85
758,5042,85
759,5221,85
760,5548,86
761,5635,85
762,4810,85
763,4798,85
764,4997,85
765,4230,85
766,4435,86
767,4274,86
768,4834,85
769,4930,86
770,4472,86
771,4163,86
772,4564,86
773,5222,86
774,4801,86
775,4997,86
776,4232,86
777,4334,86
778,4517,87
779,4381,87
780,4671,87
781,4964,88
782,4715,88
783,5320,88
784,4591,89
785,5380,89
786,5003,89
787,4781,90
788,4416,90
789,4772,90
790,4881,90
791,5168,90
792,5121,89
793,4760,89
794,4513,89
795,4585,88
796,4871,89
797,4744,88
798,4310,88
799,4455,88
800,4644,87
801,4701,87
802,4802,87
803,4952,87
804,5167,86
805,4828,87
806,5274,86
807,5385,85
808,5857,86
809,4809,86
810,4390,85
811,4321,86
812,3979,86
813,4014,86
814,5145,87
815,4474,87
816,4231,87
817,4541,88
818,4989,88
819,5195,88
820,5489,89
821,4824,88
822,4624,88
823,4602,88
824,4424,88
825,4144,87
826,4180,88
827,5144,87
828,4756,87
829,4594,87
830,4259,87
831,4024,87
832,4113,88
833,4046,88
834,3955,87
835,4931,88
836,4536,87
837,4612,87
838,4451,87
839,4144,87
840,4167,86
841,4267,87
842,4318,86
843,4227,85
844,4466,86
845,4145,85
846,4239,85
847,4306,85
848,4135,85
849,4345,84
850,4380,84
851,4004,84
852,4437,83
853,4550,84
854,4598,83
855,4804,83
856,5087,84
857,4632,84
858,5055,84
859,5788,85
860,4859,85
861,5785,85
862,5125,86
863,4607,86
864,4286,86
865,4853,87
866,4895,87
867,4602,86
868,4446,87
869,4321,87
870,4272,87
871,4145,88
872,4338,88
873,4491,88
874,4302,88
875,4424,88
876,4210,87
877,4440,88
878,4560,87
879,4229,87
880,4690,87
881,4569,87
882,4380,86
883,4305,86
884,4159,86
885,4224,85
886,4689,86
887,4373,85
888,4436,84
889,4606,85
890,4284,84
891,4365,84
892,4437,85
893,4476,85
894,3967,85
895,5524,86
896,5729,86
897,5669,86
898,5485,87
899,5304,87
900,4859,87
901,5438,88
902,4943,88
903,5183,87
904,5094,88
905,4949,87
906,5005,87
907,5595,87
908,4750,87
909,4867,86
910,5120,87
911,4620,86
912,4897,85
913,5019,86
914,4680,85
915,4541,85
916,4778,85
917,5220,84
918,4774,84
919,4946,85
920,4291,85
921,4592,85
922,4359,86
923,4070,86
924,4055,86
925,4493,87
926,4453,87
927,5418,86
928,4842,87
929,4190,87
930,4312,87
931,4410,88
932,4207,88
933,4408,88
934,4156,89
935,4386,89
936,4147,88
937,4114,89
938,4744,88
939,4702,88
940,4892,88
941,4747,87
942,4239,87
943,4761,87
944,4732,87
945,4228,86
946,4320,87
947,4648,86
948,4721,85
949,4709,86
950,4203,85
951,4256,85
952,4334,85
953,4248,84
954,4240,84
955,4029,85
956,4223,85
957,4119,85
958,4128,86
959,4277,86
960,4230,86
961,4600,87
962,4728,86
963,4340,86
964,4435,86
965,4491,86
966,4700,85
967,4600,85
968,4347,85
969,4517,84
970,4216,85
971,3960,84
972,4225,84
973,4316,85
974,4379,85
975,4445,85
976,4722,85
977,4394,85
978,4234,84
979,4505,85
980,4330,84
981,4708,84
982,4495,84
983,4659,84
984,4489,83
985,7978,84
986,6364,84
987,5540,84
988,8840,85
989,7919,85
990,5526,85
991,5333,86
992,5066,86
993,4360,85
994,4755,85
995,5369,85
996,4501,84
997,4701,85
998,4465,84
999,4478,84
1000,4734,84
1001,4443,84
1002,4468,83
1003,4930,83
1004,4877,83
1005,4346,83
1006,4290,83
1007,4402,83
1008,4584,83
1009,4219,83
1010,4481,83
1011,4548,83
1012,4566,82
1013,4437,82
1014,4775,81
1015,4186,80
1016,4069,80
1017,4174,79
1018,4055,79
1019,4472,78
1020,4141,78
1021,5147,77
1022,4754,77
1023,4288,76
1024,4041,76
1025,4173,75
1026,3864,75
1027,4034,75
1028,4191,74
1029,4431,74
1030,4001,74
1031,3945,74
1032,4260,74
1033,4081,74
1034,4224,74
1035,4117,74
1036,4521,74
1037,4394,73
1038,4354,73
1039,4069,72
1040,4219,72
1041,3944,71
1042,4035,71
1043,3942,70
1044,3970,69
1045,3863,69
1046,4015,68
1047,3773,68
1048,3751,67
1049,3889,67
1050,3724,67
1051,3873,66
1052,3677,66
1053,3658,66
1054,3805,65
1055,3650,65
1056,3965,65
1057,4088,65
1058,3886,65
1059,3489,65
1060,3182,65
1061,3116,65
1062,3154,65
1063,3186,64
1064,3919,64
1065,3598,63
1066,3703,62
1067,3237,62
1068,4047,61
1069,4031,61
1070,3625,61
1071,3419,61
1072,3341,61
1073,3460,61
1074,3242,61
1075,3271,61
1076,3026,61
1077,3109,61
1078,2937,61
1079,3399,61
1080,3386,61
1081,3458,61
1082,3468,61
1083,3471,61
1084,2999,60
1085,3033,60
1086,2906,59
1087,3060,59
1088,3059,58
1089,3212,58
1090,3206,57
1091,3672,56
1092,3268,56
1093,3772,55
1094,3159,55
1095,3198,54
1096,3145,54
1097,3047,53
1098,2880,52
1099,3029,52
1100,3100,52
1101,3010,51
1102,3093,50
1103,2847,50
1104,2805,50
1105,2478,49
1106,2610,49
1107,2516,49
1108,2550,49
1109,2530,49
1110,2702,49
1111,2744,49
1112,2642,49
1113,2627,49
1114,2627,48
1115,2940,48
1116,2687,47
1117,2594,46
1118,2707,46
1119,2642,46
1120,2750,46
1121,2554,46
1122,2631,46
1123,2571,46
1124,2745,46
1125,2667,46
1126,2767,46
1127,2627,45
1128,2737,45
1129,2590,44
1130,2552,44
1131,2314,43
1132,2597,43
1133,2510,42
1134,2442,41
1135,2416,41
1136,2433,41
1137,2217,41
1138,2376,41
1139,2658,41
1140,2158,41
1141,2187,40
1142,2448,40
1143,2296,39
1144,2381,39
1145,1999,38
1146,2396,37
1147,2628,37
1148,2393,36
1149,2450,36
1150,2199,35
1151,2214,35
1152,1790,34
1153,2050,34
1154,1909,33
1155,2032,32
1156,1902,32
1157,1756,31
1158,2066,31
1159,1848,31
1160,1595,31
1161,1501,31
1162,1507,30
1163,1686,30
1164,1546,29
1165,1650,29
1166,1497,28
1167,1682,28
1168,1614,28
1169,1648,28
1170,1467,28
1171,1638,28
1172,1525,27
1173,1585,27
1174,1490,26
1175,1535,26
1176,1584,25
1177,1490,25
1178,1282,24
1179,1444,24
1180,1268,24
1181,1279,24
1182,1206,24
1183,1235,24
1184,1243,24
1185,1468,23
1186,1384,23
1187,1193,22
1188,1377,22
1189,1330,22
1190,1477,21
1191,1616,21
1192,1430,20
1193,1391,19
1194,1457,19
1195,1156,19
1196,1192,18
1197,1353,18
1198,1138,17
1199,1270,17
1200,1107,17
1201,1032,16
1202,1118,16
1203,992,16
1204,893,15
1205,1003,15
1206,880,15
1207,891,15
1208,894,15
1209,870,15
1210,830,15
1211,869,15
1212,794,15
1213,737,15
1214,754,15
1215,708,15
1216,690,14
1217,768,14
1218,659,14
1219,675,14
1220,673,14
1221,645,14
1222,651,14
1223,667,14
1224,672,14
1225,646,13
1226,769,13
1227,683,12
1228,712,12
1229,724,11
1230,708,11
1231,627,10
1232,670,10
1233,630,9
1234,661,8
1235,719,8
1236,677,7
1237,657,7
1238,849,6
1239,560,6
1240,506,5
1241,580,5
1242,541,4
1243,550,4
1244,741,3
1245,531,3
1246,441,2
1247,490,2
1248,484,2
1249,463,2
1250,431,1
1251,459,1
1252,338,0
1,845,1
2,380,1
3,314,1
4,449,2
5,371,2
6,398,2
7,502,3
8,404,3
9,447,3
10,531,4
11,522,4
12,447,4
13,617,5
14,518,5
15,476,5
16,642,6
17,515,6
18,448,6
19,570,7
20,575,7
21,522,7
22,640,8
23,502,8
24,527,8
25,627,9
26,709,9
27,606,9
28,715,10
29,662,10
30,590,10
31,722,11
32,674,11
33,676,11
34,813,12
35,676,12
36,683,12
37,919,13
38,758,13
39,788,13
40,974,14
41,739,14
42,754,14
43,892,15
44,828,15
45,741,15
46,862,16
47,750,16
48,796,16
49,891,17
50,795,17
51,802,17
52,875,18
53,933,18
54,862,18
55,904,19
56,827,19
57,940,19
58,942,20
59,910,20
60,923,20
61,1036,21
62,968,21
63,874,21
64,1037,22
65,955,22
66,1085,22
67,1062,23
68,1070,23
69,1002,23
70,1167,24
71,1070,24
72,1031,24
73,1237,25
74,1134,25
75,1210,25
76,1289,26
77,1259,26
78,1327,26
79,1346,27
80,1291,27
81,1353,27
82,1296,28
83,1241,28
84,1391,28
85,1710,29
86,1382,29
87,1319,29
88,1560,30
89,1309,30
90,1311,30
91,1407,31
92,1520,31
93,1476,31
94,1471,32
95,1547,32
96,1419,32
97,1484,33
98,1487,33
99,1485,33
100,1513,34
101,1536,34
102,1440,34
103,1558,35
104,1520,35
105,1453,35
106,1586,36
107,1836,36
108,1888,36
109,1786,37
110,1965,37
111,1797,37
112,2053,38
113,1852,38
114,1659,38
115,1977,39
116,1708,39
117,1593,39
118,1725,40
119,1707,40
120,1961,40
121,1888,41
122,1849,41
123,1836,41
124,1964,42
125,1758,42
126,1999,42
127,2374,43
128,2051,43
129,2029,43
130,2074,44
131,2444,44
132,2082,44
133,2254,45
134,2149,45
135,2014,45
136,2259,46
137,2122,46
138,1948,46
139,2249,47
140,2117,47
141,2395,47
142,2544,48
143,2437,48
144,2317,48
145,2350,49
146,2304,49
147,2255,49
148,2620,50
149,2445,50
150,2326,50
151,2510,51
152,2485,51
153,2438,51
154,2650,52
155,2709,52
156,2511,52
157,2823,53
158,2819,53
159,2747,53
160,2933,54
161,2903,54
162,2748,54
163,2865,55
164,2865,55
165,3042,55
166,2999,56
167,2822,56
168,2731,56
169,3123,57
170,2889,57
171,2897,57
172,3289,58
173,2907,58
174,2973,58
175,3414,59
176,3280,59
177,2987,59
178,2916,60
179,2749,60
180,2926,60
181,2979,61
182,2829,61
183,2882,61
184,2896,62
185,2764,62
186,2895,62
187,3104,63
188,3449,63
189,3923,63
190,4620,64
191,4423,64
192,4006,64
193,3891,65
194,3546,65
195,4087,65
196,3962,66
197,4412,66
198,4702,66
199,4522,67
200,4027,67
201,3716,67
202,4472,68
203,3964,68
204,4510,68
205,4345,69
206,3810,69
207,4032,69
208,5281,70
209,4111,70
210,3719,70
211,3864,71
212,4007,71
213,3801,71
214,5090,72
215,4432,72
216,4707,72
217,4225,73
218,4102,73
219,4718,73
220,4074,74
221,3629,74
222,3462,74
223,3618,75
224,3551,75
225,3853,75
226,3827,76
227,4083,76
228,3503,76
229,3653,77
230,3839,77
231,3851,77
232,3865,78
233,4185,78
234,3883,78
235,4061,79
236,3812,79
237,3636,79
238,3848,80
239,3903,80
240,3888,80
241,4269,81
242,3890,81
243,4145,81
244,4311,82
245,3925,82
246,4088,82
247,4367,83
248,4693,83
249,4943,83
250,5088,84
251,4182,84
252,3747,84
253,4352,85
254,4068,85
255,4467,84
256,4331,85
257,4333,84
258,4232,84
259,4141,84
260,4281,84
261,4094,84
262,4185,84
263,4095,84
264,3957,83
265,4086,84
266,4224,83
267,3941,83
268,4647,84
269,4482,84
270,4426,83
271,4734,84
272,4832,83
273,4650,83
274,4543,84
275,3724,83
276,4092,83
277,5059,84
278,5638,84
279,8035,84
280,10806,85
281,9927,85
282,8539,85
283,6499,86
284,6579,86
285,5361,86
286,6298,87
287,6032,86
288,5659,86
289,5348,86
290,4735,86
291,4755,85
292,5017,86
293,5882,86
294,4727,86
295,4646,87
296,4675,87
297,4499,87
298,4888,88
299,7560,87
300,4673,87
301,5061,87
302,5224,86
303,4616,86
304,5768,86
305,4933,86
306,5137,85
307,5776,86
308,5165,85
309,4254,84
310,4298,85
311,3739,84
312,4392,84
313,4395,85
314,4324,85
315,4323,85
316,4734,86
317,4316,86
318,4300,86
319,4338,86
320,4451,86
321,4771,85
322,4457,86
323,4475,85
324,4176,84
325,4190,85
326,3934,84
327,3903,84
328,4003,85
329,4073,85
330,4055,85
331,4194,85
332,3873,85
333,4169,84
334,4019,85
335,3862,84
336,3855,84
337,4155,84
338,4170,84
339,4605,83
340,4410,84
341,4288,83
342,4319,83
343,4288,84
344,3853,84
345,3881,84
346,3946,85
347,4040,85
348,3830,85
349,3978,86
350,3922,86
351,3815,86
352,3942,87
353,3756,86
354,4159,86
355,3932,86
356,4032,86
357,4319,86
358,4336,87
359,4334,87
360,4741,87
361,5339,88
362,4896,88
363,4406,88
364,4751,89
365,4337,89
366,4704,89
367,4719,90
368,4623,90
369,4207,90
370,4280,91
371,4772,90
372,5028,89
373,5240,90
374,4306,89
375,4494,89
376,4446,89
377,4196,89
378,3714,88
379,4156,89
380,3997,88
381,4000,87
382,3985,88
383,3828,87
384,3974,87
385,4020,87
386,4715,86
387,4809,86
388,4866,86
389,4953,86
390,5399,85
391,5311,85
392,4586,85
393,4572,84
394,4811,85
395,4315,84
396,4565,84
397,4399,84
398,4657,84
399,5009,83
400,4443,84
401,4598,83
402,4617,83
403,4665,84
404,4253,84
405,4940,84
406,5143,84
407,4424,84
408,4821,83
409,4248,84
410,4168,83
411,4281,83
412,4217,84
413,4032,84
414,4116,84
415,4106,85
416,4055,84
417,4277,84
418,4111,84
419,3896,84
420,3898,83
421,4178,84
422,3855,84
423,4510,84
424,4380,85
425,4656,84
426,4300,84
427,4484,84
428,3970,84
429,4055,83
430,4021,84
431,3833,83
432,4081,83
433,4180,83
434,4080,83
435,5455,83
436,4175,84
437,4133,84
438,4031,84
439,3805,84
440,4272,84
441,4051,83
442,4114,84
443,3825,83
444,3859,83
445,4063,83
446,3884,83
447,4236,83
448,4189,83
449,4463,83
450,4726,83
451,4471,83
452,4587,83
453,4506,83
454,4539,84
455,4270,84
456,4507,84
457,4798,85
458,4709,85
459,4489,84
460,4989,85
461,4466,84
462,4390,84
463,4638,84
464,4444,84
465,4344,83
466,4006,84
467,3964,83
468,4369,83
469,4236,84
470,4176,84
471,3933,84
472,4076,85
473,3969,85
474,4135,85
475,4854,86
476,4142,85
477,3837,85
478,3957,85
479,3839,85
480,4131,84
481,3942,85
482,4159,85
483,3791,84
484,5131,85
485,4406,84
486,4380,84
487,5182,84
488,4592,84
489,4391,83
490,4788,84
491,4575,83
492,3763,83
493,3818,84
494,4009,83
495,3818,83
496,3832,83
497,3811,83
498,3767,83
499,3889,83
500,3827,83
501,3674,83
502,3884,83
503,4181,83
504,3711,83
505,4014,84
506,4251,84
507,4344,84
508,4309,85
509,4666,85
510,4610,84
511,4481,84
512,4264,84
513,4274,83
514,4355,84
515,4510,83
516,4294,83
517,4535,83
518,4336,83
519,4250,83
520,4329,84
521,4137,84
522,4163,84
523,4427,85
524,4269,85
525,4054,84
526,4429,85
527,4553,84
528,4114,84
529,4370,84
530,4099,84
531,3872,83
532,3976,84
533,3852,84
534,3919,84
535,4007,84
536,4183,84
537,4228,84
538,4740,85
539,4532,85
540,4217,84
541,4034,85
542,4449,84
543,4724,84
544,4147,85
545,4048,84
546,4043,84
547,4186,84
548,3927,84
549,4078,84
550,4046,85
551,3983,85
552,3969,84
553,4361,85
554,4042,85
555,4097,85
556,4131,86
557,4095,85
558,4031,85
559,4159,86
560,4369,86
561,4506,86
562,4419,87
563,3942,87
564,3914,87
565,4172,88
566,3972,88
567,4077,88
568,4143,89
569,4242,88
570,4107,88
571,4125,88
572,4185,87
573,4048,87
574,4176,87
575,4112,87
576,4155,86
577,4611,87
578,4315,86
579,4342,86
580,4510,87
581,4233,87
582,4108,87
583,4455,88
584,4287,88
585,3990,87
586,4200,88
587,4012,87
588,4361,87
589,4488,87
590,4517,87
591,4075,86
592,4116,87
593,3872,87
594,4521,87
595,4860,88
596,4008,87
597,3837,87
598,4199,87
599,5046,87
600,3850,86
601,3939,87
602,3978,86
603,3780,86
604,4042,86
605,3940,85
606,3644,85
607,4015,85
608,3791,85
609,3768,84
610,4225,85
611,4139,84
612,4294,84
613,4131,84
614,3895,84
615,3892,83
616,3930,84
617,3860,83
618,4072,83
619,4057,83
620,3741,83
621,4145,83
622,4014,84
623,3884,84
624,4197,84
625,4167,85
626,4589,85
627,4368,85
628,5286,86
629,4240,85
630,4255,85
631,4350,85
632,3907,85
633,3864,85
634,3831,85
635,3935,85
636,3826,84
637,3960,85
638,3863,84
639,3772,84
640,3922,85
641,3894,84
642,3720,84
643,4347,84
644,3892,84
645,3753,84
646,3812,85
647,4064,85
648,3928,85
649,3907,86
650,3854,86
651,4451,85
652,4247,86
653,4982,86
654,4755,86
655,5091,87
656,5100,87
657,4895,87
658,5238,88
659,5383,88
660,5486,88
661,5682,88
662,5223,88
663,5010,87
664,5417,87
665,5229,87
666,4353,86
667,4848,87
668,4623,86
669,4487,86
670,4429,86
671,4237,86
672,4059,85
673,4983,85
674,4625,85
675,4620,84
676,4401,85
677,4644,84
678,4506,84
679,4300,84
680,4159,84
681,4044,83
682,3890,84
683,3833,83
684,4199,83
685,4233,83
686,3998,83
687,3953,83
688,4034,84
689,3822,84
690,5011,84
691,4424,85
692,4197,84
693,4432,84
694,4241,84
695,4190,84
696,4062,83
697,4277,84
698,4146,84
699,4160,84
700,4247,85
701,4354,85
702,3853,85
703,3930,85
704,3922,85
705,3982,84
706,4084,85
707,4557,84
708,4734,84
709,4983,85
710,4859,85
711,4717,85
712,5346,86
713,4346,86
714,4401,86
715,4421,87
716,4309,87
717,4164,87
718,4171,88
719,4144,88
720,4031,88
721,4223,89
722,4154,88
723,4175,88
724,4247,88
725,4698,88
726,4611,87
727,4357,87
728,4136,87
729,4061,86
730,4474,87
731,4414,86
732,4098,86
733,4311,86
734,4175,85
735,4087,85
736,4313,85
737,4051,85
738,3965,84
739,4646,85
740,4308,84
741,4143,84
742,4186,85
743,4155,84
744,4520,84
745,4364,85
746,4039,85
747,4208,85
748,4296,86
749,4485,86
750,3986,85
751,4298,86
752,4191,86
753,4241,86
754,3959,87
755,4043,87
756,4044,87
757,4736,88
758,4977,88
759,4994,88
760,5258,89
761,4546,89
762,4641,88
763,4824,89
764,4670,88
765,4185,87
766,4422,88
767,4120,88
768,4027,88
769,4733,88
770,4512,87
771,4482,87
772,4533,87
773,5025,87
774,4643,86
775,4856,87
776,4452,86
777,4506,86
778,4965,86
779,4539,85
780,4367,85
781,4395,85
782,4292,85
783,4229,84
784,4441,85
785,4238,84
786,4320,83
787,4704,84
788,4093,83
789,4172,83
790,4269,84
791,4021,84
792,4088,83
793,4234,84
794,4160,83
795,4008,83
796,4174,83
797,4042,83
798,4137,83
799,4065,84
800,3756,84
801,3768,83
802,4305,84
803,4247,83
804,3797,83
805,3842,84
806,3962,84
807,3866,83
808,4259,84
809,3863,83
810,3822,83
811,3970,84
812,4054,84
813,4089,84
814,4832,84
815,4059,84
816,4262,84
817,4342,85
818,4596,84
819,5392,84
820,5637,84
821,4325,84
822,4325,83
823,4184,84
824,4150,83
825,4018,83
826,4269,83
827,4252,83
828,4043,83
829,3973,84
830,4633,84
831,3863,84
832,4295,84
833,4003,84
834,4007,83
835,4259,84
836,4258,84
837,4179,83
838,4108,84
839,4202,83
840,3945,83
841,4496,83
842,4075,83
843,3922,83
844,4037,84
845,4052,84
846,3905,83
847,4176,84
848,3809,84
849,4041,84
850,4077,85
851,4123,85
852,3981,85
853,4250,86
854,4317,86
855,4494,86
856,4269,86
857,4204,86
858,4011,86
859,4083,87
860,4234,87
861,4149,87
862,4497,88
863,4694,88
864,4364,88
865,4346,89
866,4208,89
867,4179,89
868,4303,90
869,4137,90
870,4181,90
871,4278,90
872,4622,90
873,5418,89
874,4815,90
875,4128,89
876,4047,88
877,4170,89
878,4063,88
879,4006,88
880,3995,88
881,4032,88
882,4228,87
883,4060,87
884,4204,87
885,4136,86
886,4346,87
887,4705,86
888,4349,85
889,4634,86
890,4400,85
891,4326,85
892,4562,86
893,4440,86
894,4225,85
895,4256,85
896,4162,85
897,4064,84
898,4186,85
899,4464,84
900,4071,84
901,4207,84
902,4150,84
903,3899,83
904,4653,84
905,4053,83
906,4090,83
907,4235,83
908,4480,83
909,4840,83
910,4546,83
911,5099,83
912,5440,83
913,5629,83
914,4714,83
915,5171,83
916,5532,83
917,4650,83
918,5361,83
919,5392,83
920,4705,83
921,4460,83
922,4727,84
923,5423,84
924,4595,83
925,4817,84
926,4697,84
927,4790,84
928,4630,85
929,4786,84
930,4324,84
931,4839,84
932,4886,84
933,4515,84
934,4823,85
935,4626,85
936,4983,85
937,4637,86
938,4583,86
939,4493,86
940,4728,86
941,4579,86
942,4799,85
943,4777,86
944,4564,85
945,4608,85
946,5066,85
947,4781,85
948,4363,84
949,4758,85
950,4043,84
951,4092,84
952,4089,84
953,3977,84
954,4744,84
955,4717,85
956,4463,85
957,3947,85
958,4159,86
959,4093,86
960,3922,86
961,4078,87
962,4191,87
963,4822,87
964,5080,88
965,4892,88
966,4542,87
967,4486,87
968,4269,87
969,5551,86
970,4797,87
971,4084,86
972,4494,86
973,4381,86
974,4259,86
975,4175,86
976,4361,87
977,4086,87
978,4354,87
979,4146,88
980,4480,88
981,4547,88
982,4702,89
983,4118,89
984,4222,89
985,4401,90
986,4305,89
987,4130,89
988,4951,89
989,4560,89
990,4455,88
991,6576,89
992,4593,89
993,4551,88
994,4394,89
995,4507,88
996,4383,88
997,5459,88
998,4448,88
999,4262,87
1000,4563,87
1001,4375,87
1002,4274,86
1003,4233,86
1004,4351,85
1005,4072,84
1006,3933,84
1007,3876,83
1008,3829,83
1009,4053,82
1010,3950,82
1011,4250,81
1012,4467,81
1013,4430,80
1014,4411,79
1015,4393,79
1016,4278,79
1017,4235,78
1018,4127,78
1019,4105,77
1020,4120,77
1021,4011,77
1022,3990,77
1023,3994,77
1024,4256,77
1025,3829,76
1026,4035,76
1027,4509,76
1028,4680,76
1029,4328,76
1030,3608,75
1031,3476,75
1032,3448,74
1033,3520,73
1034,3394,73
1035,3543,72
1036,3480,72
1037,3982,71
1038,3869,71
1039,3952,71
1040,3617,70
1041,4053,70
1042,3605,70
1043,3214,69
1044,3341,69
1045,3216,68
1046,3538,68
1047,3604,68
1048,3223,68
1049,3244,68
1050,3150,68
1051,3026,68
1052,3261,67
1053,3236,67
1054,3276,66
1055,3219,66
1056,3082,66
1057,3109,65
1058,3118,65
1059,3076,65
1060,3174,65
1061,3518,65
1062,3289,65
1063,4022,65
1064,3523,65
1065,3219,65
1066,3280,65
1067,3251,65
1068,3179,65
1069,3312,65
1070,3591,64
1071,3475,64
1072,3398,63
1073,3385,63
1074,3292,62
1075,3253,62
1076,3261,61
1077,3270,60
1078,3263,60
1079,3221,59
1080,3180,59
1081,3138,58
1082,2878,58
1083,2931,58
1084,2948,58
1085,2826,58
1086,3066,57
1087,3335,56
1088,3297,56
1089,4082,56
1090,3221,55
1091,3108,55
1092,2991,54
1093,3284,54
1094,2874,53
1095,3338,52
1096,3036,52
1097,3224,51
1098,2951,51
1099,2897,50
1100,2894,50
1101,2883,50
1102,2882,50
1103,2586,50
1104,2727,50
1105,2691,50
1106,3024,50
1107,2779,50
1108,2644,50
1109,2743,50
1110,2676,50
1111,2729,50
1112,2671,50
1113,2616,49
1114,2839,49
1115,2697,48
1116,2821,48
1117,2570,47
1118,2524,46
1119,2511,46
1120,2535,46
1121,2428,45
1122,2623,45
1123,2523,44
1124,2686,44
1125,2324,43
1126,2433,43
1127,2374,42
1128,2481,41
1129,2599,41
1130,2272,41
1131,2300,40
1132,2459,40
1133,2278,40
1134,2307,40
1135,2386,40
1136,2161,39
1137,2246,39
1138,2480,38
1139,2246,38
1140,2095,37
1141,2081,37
1142,2204,36
1143,1983,36
1144,2002,36
1145,1926,36
1146,2100,36
1147,1952,36
1148,1891,36
1149,1927,35
1150,2072,35
1151,1821,34
1152,1888,34
1153,1843,34
1154,1772,34
1155,1719,34
1156,1722,33
1157,1768,33
1158,1602,32
1159,1720,32
1160,1646,32
1161,1533,31
1162,1639,31
1163,1584,30
1164,1594,30
1165,1523,30
1166,1518,30
1167,1482,30
1168,1426,30
1169,1453,30
1170,1428,30
1171,1849,30
1172,5384,30
1173,3856,30
1174,2925,30
1175,3983,30
1176,4183,29
1177,3299,29
1178,2367,28
1179,2352,28
1180,3303,27
1181,1979,27
1182,1962,27
1183,1649,27
1184,1553,27
1185,1664,27
1186,1678,27
1187,1494,27
1188,1424,27
1189,1386,27
1190,1356,27
1191,1364,27
1192,1260,27
1193,1257,27
1194,1325,27
1195,1351,26
1196,1388,26
1197,1144,25
1198,1334,24
1199,1347,24
1200,1157,23
1201,1270,23
1202,1331,22
1203,1200,22
1204,1089,21
1205,1170,20
1206,1082,20
1207,998,19
1208,1093,19
1209,1014,18
1210,1076,17
1211,1044,17
1212,921,16
1213,891,16
1214,774,15
1215,866,14
1216,844,14
1217,671,13
1218,778,13
1219,710,12
1220,698,12
1221,620,11
1222,635,11
1223,559,11
1224,647,11
1225,693,11
1226,628,11
1227,611,11
1228,616,11
1229,630,11
1230,606,11
1231,617,11
1232,569,10
1233,642,10
1234,595,9
1235,607,9
1236,536,8
1237,538,8
1238,471,8
1239,523,8
1240,492,8
1241,457,8
1242,470,8
1243,514,8
1244,495,7
1245,577,7
1246,537,6
1247,606,5
1248,561,5
1249,646,4
1250,573,4
1251,439,3
1252,501,3
1253,396,2
1254,661,1
1255,604,1
1256,451,0
1,843,1
2,421,1
3,338,1
4,545,2
5,408,2
6,398,2
7,483,3
8,462,3
9,416,3
10,569,4
11,446,4
12,437,4
13,589,5
14,484,5
15,455,5
16,578,6
17,537,6
18,470,6
19,590,7
20,530,7
21,574,7
22,637,8
23,597,8
24,561,8
25,687,9
26,649,9
27,604,9
28,694,10
29,687,10
30,595,10
31,781,11
32,641,11
33,619,11
34,827,12
35,674,12
36,694,12
37,826,13
38,744,13
39,696,13
40,875,14
41,792,14
42,714,14
43,859,15
44,757,15
45,763,15
46,960,16
47,856,16
48,845,16
49,919,17
50,827,17
51,787,17
52,1030,18
53,952,18
54,847,18
55,923,19
56,821,19
57,903,19
58,940,20
59,931,20
60,880,20
61,958,21
62,1059,21
63,871,21
64,1034,22
65,949,22
66,1009,22
67,1036,23
68,971,23
69,932,23
70,1114,24
71,1269,24
72,1048,24
73,1508,25
74,1392,25
75,1216,25
76,1595,26
77,1528,26
78,1421,26
79,1864,27
80,1434,27
81,1348,27
82,1698,28
83,1618,28
84,1567,28
85,1549,29
86,1760,29
87,1641,29
88,1996,30
89,2061,30
90,1967,30
91,2169,31
92,2128,31
93,2210,31
94,2309,32
95,2433,32
96,2445,32
97,2631,33
98,2460,33
99,2416,33
100,3418,34
101,2461,34
102,2223,34
103,2343,35
104,2012,35
105,1919,35
106,1987,36
107,1632,36
108,1803,36
109,1816,37
110,2021,37
111,1790,37
112,1980,38
113,1721,38
114,1600,38
115,2209,39
116,2508,39
117,1965,39
118,2123,40
119,2002,40
120,1795,40
121,2036,41
122,2023,41
123,1971,41
124,2217,42
125,2169,42
126,2227,42
127,2239,43
128,2273,43
129,2313,43
130,2544,44
131,2600,44
132,2172,44
133,2137,45
134,2150,45
135,2063,45
136,2140,46
137,2079,46
138,2204,46
139,2693,47
140,2649,47
141,2494,47
142,2418,48
143,2180,48
144,2322,48
145,2458,49
146,2305,49
147,2748,49
148,2516,50
149,3017,50
150,2601,50
151,2637,51
152,2409,51
153,2489,51
154,2558,52
155,2517,52
156,2487,52
157,2720,53
158,2587,53
159,2693,53
160,2685,54
161,2635,54
162,2496,54
163,2651,55
164,2725,55
165,2614,55
166,2769,56
167,2691,56
168,2714,56
169,2794,57
170,2930,57
171,2960,57
172,3015,58
173,3050,58
174,3210,58
175,2927,59
176,2850,59
177,2816,59
178,3004,60
179,2717,60
180,2864,60
181,3625,61
182,3045,61
183,2802,61
184,3076,62
185,3063,62
186,3041,62
187,3123,63
188,3306,63
189,3121,63
190,3219,64
191,3328,64
192,2973,64
193,3180,65
194,3176,65
195,3271,65
196,3420,66
197,3408,66
198,3531,66
199,3362,67
200,3263,67
201,3356,67
202,3634,68
203,3502,68
204,3702,68
205,3782,69
206,3601,69
207,3499,69
208,3528,70
209,3639,70
210,3418,70
211,3757,71
212,3724,71
213,3602,71
214,3881,72
215,4486,72
216,3835,72
217,3775,73
218,3643,73
219,3636,73
220,3969,74
221,3871,74
222,3779,74
223,4189,75
224,4186,75
225,3899,75
226,4197,76
227,3882,76
228,4600,76
229,4459,77
230,3939,77
231,3725,77
232,4157,78
233,4028,78
234,4275,78
235,4145,79
236,3883,79
237,3942,79
238,4020,80
239,3967,80
240,4034,80
241,4228,81
242,4290,81
243,4376,81
244,4428,82
245,4990,82
246,5246,82
247,4586,83
248,4186,83
249,4375,82
250,4602,83
251,4047,83
252,4244,83
253,4473,83
254,4110,83
255,3927,83
256,4137,84
257,4127,84
258,4005,83
259,3955,84
260,3857,84
261,4302,84
262,4391,85
263,4664,85
264,4186,84
265,4242,85
266,4095,84
267,4396,84
268,5006,85
269,4624,85
270,4701,84
271,4890,85
272,4713,84
273,4898,84
274,4725,84
275,4638,84
276,4655,83
277,4831,84
278,4681,83
279,4563,83
280,4756,84
281,4558,83
282,4830,83
283,5500,84
284,4142,84
285,4003,84
286,4203,85
287,4088,85
288,4254,85
289,4192,86
290,4103,86
291,4183,86
292,4011,87
293,3976,87
294,3769,86
295,4642,87
296,4189,86
297,4452,86
298,4998,87
299,4875,87
300,5455,87
301,6113,88
302,5270,88
303,5223,88
304,6567,89
305,7049,89
306,5166,89
307,4907,90
308,4575,90
309,4517,90
310,4628,90
311,4349,90
312,4267,89
313,4401,90
314,6016,89
315,4704,89
316,4625,89
317,4528,88
318,4931,88
319,4458,88
320,4362,88
321,3993,87
322,4166,87
323,4631,87
324,4291,86
325,4484,87
326,4112,86
327,4261,86
328,4224,86
329,4060,85
330,4196,85
331,4238,85
332,4220,85
333,4420,84
334,4216,85
335,4162,85
336,4052,85
337,4022,85
338,4140,85
339,4421,84
340,4405,85
341,4653,84
342,4316,84
343,4411,85
344,4374,84
345,3818,84
346,4681,84
347,4300,84
348,4514,84
349,4748,84
350,4359,84
351,4476,83
352,4440,84
353,4165,83
354,4483,83
355,4429,83
356,4316,83
357,4773,83
358,4430,83
359,4530,83
360,4193,83
361,4372,83
362,4216,83
363,4901,83
364,4406,83
365,3843,83
366,3872,83
367,4375,83
368,3937,83
369,4025,83
370,4143,83
371,3941,83
372,3936,83
373,4131,83
374,3906,83
375,3708,83
376,3940,84
377,4021,84
378,3901,83
379,4006,84
380,3754,84
381,4614,84
382,4221,85
383,4214,85
384,4614,84
385,5311,85
386,4808,85
387,5178,85
388,5828,85
389,4999,85
390,5031,85
391,4643,86
392,5095,86
393,4904,85
394,4731,86
395,4685,85
396,4963,85
397,4959,86
398,4631,85
399,4405,85
400,4585,86
401,4842,86
402,4741,86
403,5303,87
404,5024,87
405,4745,87
406,4702,88
407,5125,88
408,4345,87
409,4458,88
410,4181,87
411,4262,87
412,4296,87
413,4165,86
414,3933,86
415,3906,86
416,3772,86
417,4441,85
418,4569,86
419,4348,85
420,4268,84
421,4468,85
422,4403,84
423,4238,84
424,4400,84
425,4351,84
426,4223,83
427,8305,84
428,8978,83
429,8003,83
430,5715,84
431,5088,83
432,4614,83
433,4291,84
434,4340,83
435,4412,83
436,4314,83
437,4139,83
438,3933,83
439,4228,84
440,3878,83
441,4291,83
442,4859,84
443,4230,84
444,3871,83
445,4100,84
446,4006,83
447,3967,83
448,4482,83
449,4306,83
450,4451,83
451,4380,83
452,4154,83
453,4374,83
454,5124,84
455,4315,84
456,4823,84
457,4684,85
458,5365,84
459,5055,84
460,4891,85
461,4424,84
462,4556,83
463,4443,84
464,4286,83
465,4311,83
466,4515,83
467,4406,83
468,3705,83
469,3960,83
470,3947,83
471,3562,83
472,3780,84
473,4001,84
474,3742,84
475,3845,84
476,4000,84
477,3920,83
478,4043,84
479,3953,84
480,3894,84
481,4290,85
482,4012,85
483,4276,85
484,4615,85
485,4099,85
486,3992,84
487,4279,85
488,4321,84
489,4457,84
490,4490,85
491,4515,85
492,3938,84
493,4596,85
494,4426,84
495,4234,84
496,4324,85
497,4177,84
498,4020,84
499,4039,84
500,3966,84
501,4012,83
502,4001,84
503,4046,83
504,3920,83
505,4146,83
506,4098,83
507,3837,83
508,4112,83
509,4249,83
510,4270,83
511,4282,84
512,4264,83
513,4075,83
514,4364,83
515,3993,83
516,4056,83
517,4086,84
518,4145,84
519,3695,84
520,3886,85
521,3856,85
522,4082,85
523,4064,86
524,4372,86
525,3814,86
526,4238,87
527,4678,87
528,4390,86
529,3986,87
530,4249,87
531,4312,87
532,4491,87
533,3950,87
534,4033,86
535,4392,87
536,4213,87
537,4495,87
538,4497,87
539,4125,87
540,3963,87
541,4141,88
542,3991,88
543,4043,88
544,4395,89
545,4336,89
546,4218,89
547,4253,90
548,4220,90
549,4038,90
550,4223,91
551,3913,90
552,4137,90
553,4056,90
554,4444,90
555,4029,89
556,4168,90
557,4062,89
558,3974,88
559,4021,89
560,3932,88
561,4389,88
562,4343,88
563,4063,88
564,4025,87
565,4095,87
566,4188,87
567,4120,86
568,4031,87
569,4041,86
570,3850,85
571,3846,86
572,4039,85
573,3785,85
574,4079,85
575,3902,85
576,4165,85
577,4263,85
578,4068,84
579,4005,84
580,4286,84
581,4074,84
582,4343,83
583,4395,84
584,4306,84
585,4023,83
586,4369,84
587,4474,84
588,5518,84
589,4353,85
590,4429,85
591,4048,85
592,4458,85
593,4309,85
594,4305,84
595,4891,85
596,4332,84
597,4257,84
598,4487,84
599,4215,84
600,4316,83
601,4063,84
602,3988,84
603,3782,84
604,4279,85
605,3926,85
606,3949,85
607,3977,86
608,4045,86
609,4461,86
610,4989,86
611,4468,86
612,4706,85
613,4574,85
614,4365,85
615,4478,84
616,4576,85
617,4479,85
618,4724,85
619,4636,86
620,4648,86
621,4440,86
622,4591,87
623,4660,87
624,5065,87
625,4710,88
626,4757,88
627,4691,88
628,4685,89
629,4119,89
630,4250,89
631,4228,90
632,4452,90
633,4167,90
634,4464,91
635,4291,91
636,4312,91
637,4424,91
638,4324,91
639,4026,90
640,4198,90
641,4228,90
642,4029,89
643,4959,90
644,5427,90
645,5475,90
646,4971,91
647,5994,91
648,5671,90
649,6134,90
650,6289,90
651,5703,89
652,5167,90
653,5700,89
654,6185,89
655,5640,89
656,6123,88
657,4613,88
658,4832,88
659,5124,88
660,4793,87
661,5599,88
662,4986,87
663,4535,86
664,5636,87
665,6096,86
666,5707,86
667,4829,86
668,4774,85
669,4535,85
670,4419,85
671,4341,85
672,4232,84
673,4313,85
674,4294,84
675,4125,83
676,4161,84
677,4079,84
678,3946,84
679,4150,85
680,3881,84
681,4134,84
682,4307,85
683,4084,85
684,3966,85
685,4353,86
686,4473,86
687,5258,86
688,4514,87
689,4391,87
690,4283,86
691,4566,87
692,4001,86
693,4046,86
694,4645,86
695,4252,86
696,4552,85
697,4331,86
698,4374,85
699,4398,84
700,4550,85
701,4304,84
702,4867,84
703,4151,84
704,4194,84
705,4079,84
706,4441,85
707,4070,84
708,4009,84
709,4280,84
710,4095,84
711,4046,84
712,4026,85
713,3876,85
714,3914,84
715,4366,85
716,4324,84
717,3834,84
718,4078,85
719,4256,85
720,4124,85
721,4140,86
722,4058,85
723,4161,85
724,4105,85
725,3920,85
726,3934,84
727,3971,84
728,3847,84
729,3777,84
730,4025,84
731,3799,84
732,4168,83
733,4157,84
734,3997,84
735,4159,84
736,4173,85
737,3858,84
738,3916,84
739,3957,85
740,4044,84
741,4015,84
742,4144,85
743,4259,85
744,4146,85
745,4283,86
746,3969,86
747,3995,86
748,4413,87
749,4209,87
750,4273,86
751,4143,87
752,4193,86
753,4341,86
754,4537,86
755,4560,86
756,4193,85
757,4148,86
758,4206,85
759,4323,85
760,4457,85
761,4257,85
762,4405,84
763,4587,85
764,4228,84
765,4356,83
766,4700,84
767,4251,83
768,4235,83
769,4379,84
770,4286,84
771,3977,84
772,4010,85
773,4052,84
774,3965,84
775,3982,84
776,4043,84
777,3987,83
778,4134,84
779,4221,84
780,4393,84
781,5364,85
782,5114,85
783,4573,85
784,4495,86
785,4542,86
786,4294,86
787,4379,87
788,4540,86
789,4302,86
790,4485,87
791,4341,87
792,3956,86
793,4225,87
794,4043,87
795,4005,87
796,4167,88
797,4025,88
798,4001,88
799,4239,89
800,4111,89
801,4417,89
802,4978,90
803,5160,90
804,4855,90
805,4948,91
806,4197,91
807,3985,90
808,4466,91
809,5222,90
810,4911,89
811,4539,90
812,5579,89
813,4715,89
814,4585,89
815,5050,89
816,4860,88
817,4451,88
818,4292,88
819,4107,87
820,4682,88
821,4172,88
822,4211,88
823,4515,89
824,4624,88
825,4642,88
826,4631,88
827,4661,87
828,4519,87
829,4712,87
830,4668,87
831,4744,86
832,4782,87
833,4415,86
834,4400,85
835,4533,86
836,4455,86
837,4782,85
838,4693,86
839,4422,85
840,4924,85
841,4465,85
842,4496,85
843,4376,84
844,4448,85
845,4513,84
846,5096,84
847,4500,84
848,4425,84
849,4023,84
850,4094,85
851,4047,85
852,3876,85
853,4081,86
854,4023,86
855,3999,85
856,4240,86
857,4040,85
858,4288,85
859,4413,85
860,4309,85
861,4067,84
862,4340,85
863,5207,84
864,5162,84
865,4903,85
866,4452,84
867,4425,84
868,4429,84
869,4642,84
870,4358,83
871,4666,84
872,4369,83
873,4409,83
874,4446,83
875,4516,83
876,4378,83
877,4508,84
878,4374,84
879,5067,84
880,4795,84
881,4354,84
882,4542,83
883,4412,84
884,4427,84
885,4355,84
886,4473,85
887,4355,85
888,4215,84
889,3887,85
890,3678,85
891,3853,85
892,3981,86
893,3807,85
894,3834,85
895,3869,85
896,3878,85
897,4194,85
898,4252,85
899,4820,85
900,4847,84
901,4819,85
902,4696,85
903,4690,84
904,5157,84
905,5139,84
906,5984,83
907,5585,84
908,4895,83
909,4772,83
910,4802,83
911,4797,83
912,4666,83
913,4638,84
914,5076,84
915,4702,84
916,4563,85
917,4655,85
918,4729,85
919,5334,86
920,4827,86
921,4304,86
922,4834,87
923,4538,87
924,4717,86
925,4374,87
926,4636,87
927,4695,87
928,4622,88
929,4532,88
930,4345,87
931,4562,88
932,4949,87
933,4402,87
934,4364,87
935,4041,87
936,3771,86
937,4102,87
938,3938,86
939,4105,85
940,4134,86
941,3849,85
942,3891,85
943,3918,85
944,4576,85
945,4335,84
946,4137,85
947,4488,85
948,4493,85
949,4746,85
950,4448,85
951,4250,84
952,4149,85
953,4725,84
954,4345,84
955,8459,84
956,4256,84
957,4063,83
958,4300,84
959,4139,83
960,4284,83
961,4589,83
962,3793,83
963,3943,83
964,4091,83
965,4065,83
966,3908,83
967,3900,83
968,3901,83
969,4046,83
970,3869,83
971,4152,83
972,3904,83
973,4213,84
974,3874,84
975,4097,84
976,4339,85
977,4090,84
978,4452,84
979,4512,84
980,4107,84
981,3962,83
982,4072,84
983,3945,84
984,3766,83
985,4296,84
986,3753,84
987,3811,83
988,3942,84
989,3960,84
990,3881,84
991,4186,85
992,3890,85
993,3915,85
994,4303,86
995,3905,86
996,3936,85
997,4490,86
998,4139,86
999,3923,86
1000,4204,87
1001,4160,87
1002,4065,87
1003,4310,87
1004,4011,87
1005,4291,87
1006,4229,87
1007,3997,87
1008,4238,87
1009,4069,87
1010,4134,87
1011,4085,86
1012,4066,86
1013,3986,85
1014,4086,84
1015,4246,84
1016,4212,83
1017,4124,83
1018,4075,82
1019,4208,82
1020,4023,81
1021,3977,80
1022,3968,80
1023,3882,79
1024,3892,79
1025,3823,78
1026,3927,78
1027,3644,77
1028,3736,76
1029,4974,76
1030,3913,75
1031,3943,75
1032,3882,74
1033,3865,74
1034,4158,74
1035,3690,74
1036,4901,74
1037,3856,73
1038,4351,73
1039,3726,72
1040,3626,72
1041,3795,71
1042,3817,71
1043,3598,71
1044,3587,71
1045,3314,71
1046,3349,70
1047,3610,70
1048,3259,69
1049,3528,69
1050,3403,68
1051,3420,68
1052,3272,67
1053,3395,67
1054,3362,66
1055,3855,66
1056,3650,65
1057,3708,65
1058,3469,64
1059,3665,64
1060,3669,63
1061,3536,63
1062,3361,63
1063,3261,62
1064,3477,62
1065,3208,62
1066,3080,61
1067,3209,61
1068,3053,61
1069,3952,61
1070,3427,60
1071,4006,60
1072,3332,60
1073,3241,59
1074,3168,59
1075,3235,59
1076,3244,59
1077,3570,58
1078,3701,58
1079,3168,57
1080,3350,57
1081,3240,56
1082,3396,56
1083,3737,56
1084,3199,56
1085,3223,56
1086,3117,56
1087,3240,56
1088,3165,56
1089,3094,56
1090,3273,56
1091,3047,56
1092,3118,56
1093,3475,55
1094,3157,55
1095,3553,55
1096,3159,55
1097,2888,55
1098,3027,55
1099,3052,55
1100,2945,55
1101,3384,55
1102,3079,54
1103,3274,54
1104,3027,53
1105,3104,53
1106,2754,52
1107,2855,52
1108,2506,51
1109,2642,50
1110,2735,50
1111,2684,49
1112,3013,49
1113,2813,48
1114,2887,48
1115,2817,48
1116,2770,48
1117,2644,47
1118,2715,47
1119,2528,46
1120,2590,45
1121,2680,45
1122,2515,44
1123,2666,44
1124,2740,43
1125,2684,43
1126,2572,42
1127,2551,42
1128,2449,41
1129,2662,41
1130,2516,40
1131,2538,40
1132,2411,40
1133,2406,39
1134,2373,39
1135,2455,38
1136,2400,38
1137,2269,38
1138,2451,37
1139,2379,37
1140,2410,37
1141,2416,36
1142,1990,36
1143,1897,36
1144,1969,35
1145,1991,35
1146,1842,35
1147,1813,35
1148,2578,35
1149,2029,35
1150,1942,34
1151,2112,34
1152,2026,33
1153,2085,33
1154,1988,32
1155,1937,32
1156,1737,32
1157,1712,31
1158,1834,31
1159,1633,30
1160,1779,30
1161,1630,30
1162,1782,30
1163,1580,30
1164,1552,30
1165,1496,30
1166,1389,30
1167,1463,29
1168,1496,29
1169,1476,28
1170,1468,28
1171,1344,27
1172,1514,27
1173,1353,26
1174,1436,26
1175,1426,26
1176,1330,25
1177,1710,25
1178,1363,25
1179,1336,25
1180,1309,24
1181,1368,24
1182,1407,23
1183,1428,23
1184,1295,23
1185,1239,22
1186,1367,22
1187,1222,21
1188,1399,21
1189,1488,20
1190,1408,20
1191,1165,20
1192,1234,20
1193,1107,19
1194,1228,19
1195,1081,19
1196,1044,18
1197,1191,18
1198,1265,18
1199,1341,17
1200,1182,17
1201,1035,16
1202,1092,16
1203,953,16
1204,940,16
1205,951,16
1206,1034,15
1207,1024,15
1208,968,15
1209,805,14
1210,943,14
1211,830,14
1212,1387,14
1213,810,14
1214,786,13
1215,855,13
1216,711,12
1217,808,12
1218,754,11
1219,759,11
1220,659,10
1221,730,10
1222,644,10
1223,619,9
1224,708,9
1225,641,8
1226,663,8
1227,547,8
1228,580,7
1229,580,7
1230,536,7
1231,660,7
1232,525,7
1233,500,6
1234,584,6
1235,464,5
1236,571,5
1237,430,4
1238,507,4
1239,437,4
1240,427,3
1241,482,3
1242,413,3
1243,389,2
1244,641,2
1245,611,2
1246,640,1
1247,723,1
1248,627,1
1249,611,0
