Time,VehicleID,OMNeT_X,OMNeT_Y,OMNeT_Z,Speed,Acceleration,Length,Width,Height,Signals,Type
1,flow0.0,646845,5.49E+06,0,13.986,0.341189,2.5,1.8,1.5,0,vtype0
2,flow0.0,646835,5.49E+06,0,13.9191,-0.181593,2.5,1.8,1.5,2,vtype0
3,flow0.0,646825,5.49E+06,0,13.9161,-0.636662,2.5,1.8,1.5,2,vtype0
4,flow0.0,646816,5.49E+06,0,13.9043,0.0854931,2.5,1.8,1.5,2,vtype0
4,flow0.1,646845,5.49E+06,0,13.9199,-0.337196,2.5,1.8,1.5,0,vtype0
5,flow0.0,646806,5.49E+06,0,13.9127,-0.540404,2.5,1.8,1.5,2,vtype0
5,flow0.1,646835,5.49E+06,0,13.9038,0.0620736,2.5,1.8,1.5,2,vtype0
6,flow0.0,646796,5.49E+06,0,13.8714,-0.758254,2.5,1.8,1.5,2,vtype0
6,flow0.1,646825,5.49E+06,0,13.9525,0.448393,2.5,1.8,1.5,2,vtype0
7,flow0.0,646786,5.49E+06,0,13.957,-0.10644,2.5,1.8,1.5,2,vtype0
7,flow0.1,646816,5.49E+06,0,13.9272,-0.48226,2.5,1.8,1.5,2,vtype0
7,flow0.2,646845,5.49E+06,0,13.8903,-0.583057,2.5,1.8,1.5,0,vtype0
8,flow0.0,646777,5.49E+06,0,13.9924,0.526595,2.5,1.8,1.5,2,vtype0
8,flow0.1,646806,5.49E+06,0,13.947,0.383913,2.5,1.8,1.5,2,vtype0
8,flow0.2,646835,5.49E+06,0,13.975,0.250665,2.5,1.8,1.5,2,vtype0
9,flow0.0,646774,5.49E+06,0,13.9901,-0.0372135,2.5,1.8,1.5,0,vtype0
9,flow0.1,646796,5.49E+06,0,13.8902,-0.239743,2.5,1.8,1.5,2,vtype0
9,flow0.2,646825,5.49E+06,0,13.9156,-0.432766,2.5,1.8,1.5,2,vtype0
10,flow0.0,646782,5.49E+06,0,13.8841,0.081746,2.5,1.8,1.5,0,vtype0
10,flow0.1,646786,5.49E+06,0,13.9641,-0.327391,2.5,1.8,1.5,2,vtype0
10,flow0.2,646816,5.49E+06,0,13.8964,0.0407572,2.5,1.8,1.5,2,vtype0
10,flow0.3,646845,5.49E+06,0,13.9837,0.749234,2.5,1.8,1.5,0,vtype0
11,flow0.0,646793,5.49E+06,0,13.9326,0.200661,2.5,1.8,1.5,0,vtype0
11,flow0.1,646777,5.49E+06,0,13.9944,1.12679,2.5,1.8,1.5,2,vtype0
11,flow0.2,646806,5.49E+06,0,13.9631,0.277479,2.5,1.8,1.5,2,vtype0
11,flow0.3,646835,5.49E+06,0,13.8938,-0.182222,2.5,1.8,1.5,2,vtype0
12,flow0.0,646804,5.49E+06,0,13.8982,-0.0620572,2.5,1.8,1.5,0,vtype0
12,flow0.1,646774,5.49E+06,0,13.9585,-0.325023,2.5,1.8,1.5,0,vtype0
12,flow0.2,646796,5.49E+06,0,13.9608,-0.0323426,2.5,1.8,1.5,2,vtype0
12,flow0.3,646825,5.49E+06,0,13.9636,0.865763,2.5,1.8,1.5,2,vtype0
13,flow0.0,646818,5.49E+06,0,13.9669,-0.0202641,2.5,1.8,1.5,0,vtype0
13,flow0.1,646782,5.49E+06,0,13.9646,0.263215,2.5,1.8,1.5,0,vtype0
13,flow0.2,646786,5.49E+06,0,13.8728,-0.71499,2.5,1.8,1.5,2,vtype0
13,flow0.3,646816,5.49E+06,0,13.9541,-0.167405,2.5,1.8,1.5,2,vtype0
13,flow0.4,646846,5.49E+06,0,12.1899,0.0560921,2.5,1.8,1.5,0,vtype0
14,flow0.0,646832,5.49E+06,0,13.901,-0.430016,2.5,1.8,1.5,1,vtype0
14,flow0.1,646793,5.49E+06,0,13.9411,0.41185,2.5,1.8,1.5,0,vtype0
14,flow0.2,646777,5.49E+06,0,13.9654,0.799532,2.5,1.8,1.5,2,vtype0
14,flow0.3,646806,5.49E+06,0,13.8929,-0.738319,2.5,1.8,1.5,2,vtype0
14,flow0.4,646838,5.49E+06,0,12.2478,0.066743,2.5,1.8,1.5,0,vtype0
15,flow0.0,646845,5.49E+06,0,13.9126,-0.821293,2.5,1.8,1.5,1,vtype0
15,flow0.1,646804,5.49E+06,0,13.9585,0.232024,2.5,1.8,1.5,0,vtype0
15,flow0.2,646774,5.49E+06,0,13.9059,0.0626981,2.5,1.8,1.5,0,vtype0
15,flow0.3,646796,5.49E+06,0,13.9287,-0.362254,2.5,1.8,1.5,2,vtype0
15,flow0.4,646829,5.49E+06,0,12.1756,-0.609319,2.5,1.8,1.5,0,vtype0
16,flow0.0,646857,5.49E+06,0,9.5465,-4.5,2.5,1.8,1.5,9,vtype0
16,flow0.1,646818,5.49E+06,0,13.9884,0.457936,2.5,1.8,1.5,0,vtype0
16,flow0.2,646782,5.49E+06,0,13.9336,-0.235865,2.5,1.8,1.5,0,vtype0
16,flow0.3,646786,5.49E+06,0,13.9843,0.427605,2.5,1.8,1.5,2,vtype0
16,flow0.4,646820,5.49E+06,0,12.2474,0.356349,2.5,1.8,1.5,2,vtype0
16,flow0.5,646845,5.49E+06,0,13.9731,0.0194724,2.5,1.8,1.5,0,vtype0
17,flow0.0,646864,5.49E+06,0,7.1765,2.6,2.5,1.8,1.5,1,vtype0
17,flow0.1,646832,5.49E+06,0,13.5982,-0.207247,2.5,1.8,1.5,1,vtype0
17,flow0.2,646793,5.49E+06,0,13.9586,-0.350399,2.5,1.8,1.5,0,vtype0
17,flow0.3,646777,5.49E+06,0,13.9766,0.500651,2.5,1.8,1.5,2,vtype0
17,flow0.4,646812,5.49E+06,0,12.2519,0.697705,2.5,1.8,1.5,2,vtype0
17,flow0.5,646835,5.49E+06,0,13.9056,0.0870689,2.5,1.8,1.5,2,vtype0
18,flow0.0,646871,5.49E+06,0,9.335,2.38725,2.5,1.8,1.5,0,vtype0
18,flow0.1,646845,5.49E+06,0,13.2189,0.0925216,2.5,1.8,1.5,1,vtype0
18,flow0.2,646804,5.49E+06,0,13.9222,-0.393638,2.5,1.8,1.5,0,vtype0
18,flow0.3,646774,5.49E+06,0,13.96,0.498837,2.5,1.8,1.5,0,vtype0
18,flow0.4,646803,5.49E+06,0,12.2118,0.515955,2.5,1.8,1.5,2,vtype0
18,flow0.5,646825,5.49E+06,0,13.9829,0.11324,2.5,1.8,1.5,2,vtype0
19,flow0.0,646872,5.49E+06,0,11.5789,2.40214,2.5,1.8,1.5,0,vtype0
19,flow0.1,646856,5.49E+06,0,9.76531,-4.5,2.5,1.8,1.5,9,vtype0
19,flow0.2,646818,5.49E+06,0,13.8978,0.0232689,2.5,1.8,1.5,0,vtype0
19,flow0.3,646783,5.49E+06,0,13.9745,0.998095,2.5,1.8,1.5,0,vtype0
19,flow0.4,646795,5.49E+06,0,12.1462,-0.489305,2.5,1.8,1.5,2,vtype0
19,flow0.5,646816,5.49E+06,0,13.9234,0.340459,2.5,1.8,1.5,2,vtype0
19,flow0.6,646846,5.49E+06,0,13.0455,0.341443,2.5,1.8,1.5,0,vtype0
20,flow0.0,646874,5.49E+06,0,13.3969,2.0289,2.5,1.8,1.5,0,vtype0
20,flow0.1,646864,5.49E+06,0,6.72207,2.6,2.5,1.8,1.5,1,vtype0
20,flow0.2,646831,5.49E+06,0,13.3394,-0.808873,2.5,1.8,1.5,1,vtype0
20,flow0.3,646793,5.49E+06,0,13.8791,-0.540984,2.5,1.8,1.5,0,vtype0
20,flow0.4,646786,5.49E+06,0,12.1917,-0.44115,2.5,1.8,1.5,2,vtype0
20,flow0.5,646806,5.49E+06,0,13.9721,0.953798,2.5,1.8,1.5,2,vtype0
20,flow0.6,646836,5.49E+06,0,13.1311,0.727333,2.5,1.8,1.5,0,vtype0
21,flow0.0,646876,5.49E+06,0,13.9618,0.799809,2.5,1.8,1.5,0,vtype0
21,flow0.1,646871,5.49E+06,0,8.67706,1.31072,2.5,1.8,1.5,0,vtype0
21,flow0.2,646844,5.49E+06,0,12.8465,-0.397123,2.5,1.8,1.5,1,vtype0
21,flow0.3,646804,5.49E+06,0,13.9564,0.575215,2.5,1.8,1.5,0,vtype0
21,flow0.4,646778,5.49E+06,0,12.2159,0.15252,2.5,1.8,1.5,2,vtype0
21,flow0.5,646796,5.49E+06,0,13.891,-0.316532,2.5,1.8,1.5,2,vtype0
21,flow0.6,646827,5.49E+06,0,13.0491,0.134058,2.5,1.8,1.5,2,vtype0
22,flow0.0,646878,5.49E+06,0,13.9795,0.84077,2.5,1.8,1.5,0,vtype0
22,flow0.1,646872,5.49E+06,0,10.5449,2.45254,2.5,1.8,1.5,0,vtype0
22,flow0.2,646856,5.49E+06,0,9.94154,-4.5,2.5,1.8,1.5,9,vtype0
22,flow0.3,646818,5.49E+06,0,13.948,-0.410769,2.5,1.8,1.5,0,vtype0
22,flow0.4,646774,5.49E+06,0,12.2354,0.987332,2.5,1.8,1.5,2,vtype0
22,flow0.5,646786,5.49E+06,0,13.8713,-1.27315,2.5,1.8,1.5,2,vtype0
22,flow0.6,646818,5.49E+06,0,13.0886,-0.362066,2.5,1.8,1.5,2,vtype0
22,flow0.7,646847,5.49E+06,0,10.5064,-0.3893,2.5,1.8,1.5,0,vtype0
23,flow0.0,646879,5.49E+06,0,13.9667,0.890382,2.5,1.8,1.5,0,vtype0
23,flow0.1,646874,5.49E+06,0,12.652,1.4754,2.5,1.8,1.5,0,vtype0
23,flow0.2,646864,5.49E+06,0,6.89741,2.6,2.5,1.8,1.5,1,vtype0
23,flow0.3,646831,5.49E+06,0,13.2653,-0.787548,2.5,1.8,1.5,1,vtype0
23,flow0.4,646779,5.49E+06,0,12.2194,0.351936,2.5,1.8,1.5,0,vtype0
23,flow0.5,646777,5.49E+06,0,13.6663,-1.12807,2.5,1.8,1.5,2,vtype0
23,flow0.6,646809,5.49E+06,0,13.0062,-0.0610671,2.5,1.8,1.5,2,vtype0
23,flow0.7,646840,5.49E+06,0,10.562,-0.489256,2.5,1.8,1.5,0,vtype0
24,flow0.0,646880,5.49E+06,0,13.9514,-0.158225,2.5,1.8,1.5,0,vtype0
24,flow0.1,646876,5.49E+06,0,13.9738,0.690953,2.5,1.8,1.5,0,vtype0
24,flow0.2,646871,5.49E+06,0,9.18698,2.02771,2.5,1.8,1.5,0,vtype0
24,flow0.3,646845,5.49E+06,0,13.0616,0.791488,2.5,1.8,1.5,1,vtype0
24,flow0.4,646788,5.49E+06,0,12.1406,-0.342113,2.5,1.8,1.5,0,vtype0
24,flow0.5,646774,5.49E+06,0,13.3739,-0.655257,2.5,1.8,1.5,0,vtype0
24,flow0.6,646800,5.49E+06,0,13.0244,-0.24783,2.5,1.8,1.5,2,vtype0
24,flow0.7,646832,5.49E+06,0,10.595,0.944706,2.5,1.8,1.5,0,vtype0
25,flow0.0,646881,5.49E+06,0,13.9861,0.797401,2.5,1.8,1.5,0,vtype0
25,flow0.1,646878,5.49E+06,0,13.9312,0.515382,2.5,1.8,1.5,0,vtype0
25,flow0.2,646872,5.49E+06,0,10.9836,1.31122,2.5,1.8,1.5,0,vtype0
25,flow0.3,646856,5.49E+06,0,9.87874,-4.5,2.5,1.8,1.5,9,vtype0
25,flow0.4,646797,5.49E+06,0,12.2274,0.515097,2.5,1.8,1.5,0,vtype0
25,flow0.5,646781,5.49E+06,0,13.0831,-0.605308,2.5,1.8,1.5,0,vtype0
25,flow0.6,646791,5.49E+06,0,13.0094,-0.401549,2.5,1.8,1.5,2,vtype0
25,flow0.7,646825,5.49E+06,0,10.5747,0.869926,2.5,1.8,1.5,0,vtype0
25,flow0.8,646845,5.49E+06,0,13.9816,0.914387,2.5,1.8,1.5,0,vtype0
26,flow0.0,646882,5.49E+06,0,13.8858,-0.938118,2.5,1.8,1.5,0,vtype0
26,flow0.1,646879,5.49E+06,0,13.8812,-0.665124,2.5,1.8,1.5,0,vtype0
26,flow0.2,646874,5.49E+06,0,12.7659,2.00797,2.5,1.8,1.5,0,vtype0
26,flow0.3,646864,5.49E+06,0,6.81694,2.6,2.5,1.8,1.5,1,vtype0
26,flow0.4,646808,5.49E+06,0,12.2616,1.04436,2.5,1.8,1.5,0,vtype0
26,flow0.5,646791,5.49E+06,0,12.8008,-1.27959,2.5,1.8,1.5,0,vtype0
26,flow0.6,646782,5.49E+06,0,13.0323,-0.983483,2.5,1.8,1.5,2,vtype0
26,flow0.7,646818,5.49E+06,0,10.5278,-0.723678,2.5,1.8,1.5,2,vtype0
26,flow0.8,646835,5.49E+06,0,13.363,-0.0130928,2.5,1.8,1.5,2,vtype0
27,flow0.0,646883,5.49E+06,0,13.9031,-0.263062,2.5,1.8,1.5,0,vtype0
27,flow0.1,646880,5.49E+06,0,13.9127,-0.615913,2.5,1.8,1.5,0,vtype0
27,flow0.2,646876,5.49E+06,0,13.9649,0.450385,2.5,1.8,1.5,0,vtype0
27,flow0.3,646871,5.49E+06,0,8.97342,1.60309,2.5,1.8,1.5,0,vtype0
27,flow0.4,646820,5.49E+06,0,12.178,-0.0339572,2.5,1.8,1.5,0,vtype0
27,flow0.5,646801,5.49E+06,0,12.7008,-0.310786,2.5,1.8,1.5,0,vtype0
27,flow0.6,646775,5.49E+06,0,13.1206,0.617596,2.5,1.8,1.5,2,vtype0
27,flow0.7,646810,5.49E+06,0,10.4985,-0.039125,2.5,1.8,1.5,2,vtype0
27,flow0.8,646826,5.49E+06,0,12.6064,-1.35837,2.5,1.8,1.5,2,vtype0
28,flow0.0,646884,5.49E+06,0,13.9618,-0.0168949,2.5,1.8,1.5,0,vtype0
28,flow0.1,646881,5.49E+06,0,13.9439,0.105976,2.5,1.8,1.5,0,vtype0
28,flow0.2,646878,5.49E+06,0,13.9825,0.366435,2.5,1.8,1.5,0,vtype0
28,flow0.3,646872,5.49E+06,0,11.187,2.53692,2.5,1.8,1.5,0,vtype0
28,flow0.4,646832,5.49E+06,0,12.2313,0.409395,2.5,1.8,1.5,1,vtype0
28,flow0.5,646813,5.49E+06,0,12.6214,0.319919,2.5,1.8,1.5,0,vtype0
28,flow0.6,646776,5.49E+06,0,13.0112,-0.582461,2.5,1.8,1.5,0,vtype0
28,flow0.7,646803,5.49E+06,0,10.5325,0.407205,2.5,1.8,1.5,2,vtype0
28,flow0.8,646818,5.49E+06,0,12.1761,-0.99423,2.5,1.8,1.5,2,vtype0
28,flow0.9,646845,5.49E+06,0,13.9534,-0.359694,2.5,1.8,1.5,0,vtype0
29,flow0.0,646885,5.49E+06,0,13.95,0.203658,2.5,1.8,1.5,0,vtype0
29,flow0.1,646882,5.49E+06,0,13.8847,-0.86768,2.5,1.8,1.5,0,vtype0
29,flow0.2,646879,5.49E+06,0,13.891,-0.237148,2.5,1.8,1.5,0,vtype0
29,flow0.3,646874,5.49E+06,0,13.1753,1.73794,2.5,1.8,1.5,0,vtype0
29,flow0.4,646844,5.49E+06,0,12.1814,0.0857408,2.5,1.8,1.5,1,vtype0
29,flow0.5,646826,5.49E+06,0,12.5326,0.578373,2.5,1.8,1.5,0,vtype0
29,flow0.6,646786,5.49E+06,0,13.0986,-0.224699,2.5,1.8,1.5,0,vtype0
29,flow0.7,646795,5.49E+06,0,10.6097,0.362331,2.5,1.8,1.5,2,vtype0
29,flow0.8,646809,5.49E+06,0,11.7558,-0.157616,2.5,1.8,1.5,2,vtype0
29,flow0.9,646835,5.49E+06,0,13.9929,0.00619471,2.5,1.8,1.5,2,vtype0
30,flow0.0,646886,5.49E+06,0,13.943,0.184971,2.5,1.8,1.5,0,vtype0
30,flow0.1,646883,5.49E+06,0,13.9579,0.814518,2.5,1.8,1.5,0,vtype0
30,flow0.2,646880,5.49E+06,0,13.96,0.668562,2.5,1.8,1.5,0,vtype0
30,flow0.3,646876,5.49E+06,0,13.991,0.797683,2.5,1.8,1.5,0,vtype0
30,flow0.4,646856,5.49E+06,0,10.1319,-4.5,2.5,1.8,1.5,9,vtype0
30,flow0.5,646838,5.49E+06,0,11.313,-2.53523,2.5,1.8,1.5,9,vtype0
30,flow0.6,646796,5.49E+06,0,13.1206,0.932593,2.5,1.8,1.5,0,vtype0
30,flow0.7,646788,5.49E+06,0,10.4896,-1.20034,2.5,1.8,1.5,10,vtype0
30,flow0.8,646801,5.49E+06,0,11.5212,0.328286,2.5,1.8,1.5,2,vtype0
30,flow0.9,646825,5.49E+06,0,13.9909,0.0535756,2.5,1.8,1.5,2,vtype0
31,flow0.0,646887,5.49E+06,0,13.876,-0.398387,2.5,1.8,1.5,0,vtype0
31,flow0.1,646884,5.49E+06,0,13.9298,0.212597,2.5,1.8,1.5,0,vtype0
31,flow0.10,646845,5.49E+06,0,13.9968,0.516251,2.5,1.8,1.5,0,vtype0
31,flow0.2,646881,5.49E+06,0,13.9478,-0.208265,2.5,1.8,1.5,0,vtype0
31,flow0.3,646878,5.49E+06,0,13.9,-0.247565,2.5,1.8,1.5,0,vtype0
31,flow0.4,646863,5.49E+06,0,6.37813,2.6,2.5,1.8,1.5,1,vtype0
31,flow0.5,646847,5.49E+06,0,8.18786,-1.90219,2.5,1.8,1.5,9,vtype0
31,flow0.6,646807,5.49E+06,0,13.0716,-0.198863,2.5,1.8,1.5,0,vtype0
31,flow0.7,646781,5.49E+06,0,10.5953,-0.0222246,2.5,1.8,1.5,2,vtype0
31,flow0.8,646793,5.49E+06,0,11.3253,0.734166,2.5,1.8,1.5,2,vtype0
31,flow0.9,646816,5.49E+06,0,13.893,-0.649204,2.5,1.8,1.5,2,vtype0
32,flow0.0,646888,5.49E+06,0,13.9649,0.22211,2.5,1.8,1.5,0,vtype0
32,flow0.1,646885,5.49E+06,0,13.9697,0.541098,2.5,1.8,1.5,0,vtype0
32,flow0.10,646835,5.49E+06,0,13.9449,-0.172389,2.5,1.8,1.5,2,vtype0
32,flow0.2,646882,5.49E+06,0,13.9957,0.35657,2.5,1.8,1.5,0,vtype0
32,flow0.3,646879,5.49E+06,0,13.9361,-0.193546,2.5,1.8,1.5,0,vtype0
32,flow0.4,646870,5.49E+06,0,8.59295,2.3455,2.5,1.8,1.5,0,vtype0
32,flow0.5,646856,5.49E+06,0,8.93044,1.21483,2.5,1.8,1.5,1,vtype0
32,flow0.6,646820,5.49E+06,0,13.0745,-0.215352,2.5,1.8,1.5,0,vtype0
32,flow0.7,646775,5.49E+06,0,10.5296,-0.598947,2.5,1.8,1.5,2,vtype0
32,flow0.8,646785,5.49E+06,0,11.0339,-0.761068,2.5,1.8,1.5,2,vtype0
32,flow0.9,646806,5.49E+06,0,13.998,0.0094838,2.5,1.8,1.5,2,vtype0
33,flow0.0,646889,5.49E+06,0,13.9813,0.371136,2.5,1.8,1.5,0,vtype0
33,flow0.1,646886,5.49E+06,0,13.8721,-1.05262,2.5,1.8,1.5,0,vtype0
33,flow0.10,646825,5.49E+06,0,13.959,0.395785,2.5,1.8,1.5,2,vtype0
33,flow0.2,646883,5.49E+06,0,13.9287,-0.614346,2.5,1.8,1.5,0,vtype0
33,flow0.3,646880,5.49E+06,0,13.9312,0.0495968,2.5,1.8,1.5,0,vtype0
33,flow0.4,646872,5.49E+06,0,10.3856,1.50915,2.5,1.8,1.5,0,vtype0
33,flow0.5,646863,5.49E+06,0,6.36153,2.6,2.5,1.8,1.5,1,vtype0
33,flow0.6,646833,5.49E+06,0,12.7191,-3.14838,2.5,1.8,1.5,9,vtype0
33,flow0.7,646774,5.49E+06,0,10.5299,-0.790912,2.5,1.8,1.5,0,vtype0
33,flow0.8,646778,5.49E+06,0,10.9334,0.311035,2.5,1.8,1.5,2,vtype0
33,flow0.9,646796,5.49E+06,0,13.798,-0.512435,2.5,1.8,1.5,2,vtype0
34,flow0.0,646890,5.49E+06,0,13.9171,-0.388455,2.5,1.8,1.5,0,vtype0
34,flow0.1,646887,5.49E+06,0,13.9577,0.633758,2.5,1.8,1.5,0,vtype0
34,flow0.10,646816,5.49E+06,0,13.9563,-0.316168,2.5,1.8,1.5,2,vtype0
34,flow0.11,646846,5.49E+06,0,13.0538,0.122598,2.5,1.8,1.5,0,vtype0
34,flow0.2,646884,5.49E+06,0,13.9774,0.619989,2.5,1.8,1.5,0,vtype0
34,flow0.3,646881,5.49E+06,0,13.8897,-0.0162162,2.5,1.8,1.5,0,vtype0
34,flow0.4,646874,5.49E+06,0,12.5202,1.87774,2.5,1.8,1.5,0,vtype0
34,flow0.5,646870,5.49E+06,0,8.61574,1.47536,2.5,1.8,1.5,0,vtype0
34,flow0.6,646845,5.49E+06,0,12.457,0.996131,2.5,1.8,1.5,1,vtype0
34,flow0.7,646781,5.49E+06,0,10.5273,-0.172265,2.5,1.8,1.5,0,vtype0
34,flow0.8,646774,5.49E+06,0,10.8072,-0.246242,2.5,1.8,1.5,2,vtype0
34,flow0.9,646787,5.49E+06,0,13.058,-0.483768,2.5,1.8,1.5,2,vtype0
35,flow0.0,646890,5.49E+06,0,13.9035,0.106085,2.5,1.8,1.5,0,vtype0
35,flow0.1,646888,5.49E+06,0,13.9271,-0.210365,2.5,1.8,1.5,0,vtype0
35,flow0.10,646806,5.49E+06,0,13.9654,0.567218,2.5,1.8,1.5,2,vtype0
35,flow0.11,646836,5.49E+06,0,13.1075,0.228219,2.5,1.8,1.5,0,vtype0
35,flow0.2,646885,5.49E+06,0,13.9505,-0.249911,2.5,1.8,1.5,0,vtype0
35,flow0.3,646882,5.49E+06,0,13.9397,-0.303711,2.5,1.8,1.5,0,vtype0
35,flow0.4,646876,5.49E+06,0,13.9612,0.409677,2.5,1.8,1.5,0,vtype0
35,flow0.5,646872,5.49E+06,0,10.332,2.1175,2.5,1.8,1.5,0,vtype0
35,flow0.6,646856,5.49E+06,0,9.82618,-4.5,2.5,1.8,1.5,9,vtype0
35,flow0.7,646789,5.49E+06,0,10.5143,-0.648931,2.5,1.8,1.5,0,vtype0
35,flow0.8,646777,5.49E+06,0,10.7448,0.398523,2.5,1.8,1.5,0,vtype0
35,flow0.9,646778,5.49E+06,0,12.4146,-1.78326,2.5,1.8,1.5,10,vtype0
36,flow0.0,646889,5.49E+06,0,13.9445,0.719043,2.5,1.8,1.5,0,vtype0
36,flow0.1,646889,5.49E+06,0,13.9174,-0.0401598,2.5,1.8,1.5,0,vtype0
36,flow0.10,646796,5.49E+06,0,13.9993,0.272472,2.5,1.8,1.5,2,vtype0
36,flow0.11,646827,5.49E+06,0,13.0659,-0.290825,2.5,1.8,1.5,2,vtype0
36,flow0.2,646886,5.49E+06,0,13.8877,-0.896194,2.5,1.8,1.5,0,vtype0
36,flow0.3,646883,5.49E+06,0,13.9222,-0.432617,2.5,1.8,1.5,0,vtype0
36,flow0.4,646878,5.49E+06,0,13.9469,0.0708149,2.5,1.8,1.5,0,vtype0
36,flow0.5,646874,5.49E+06,0,12.1926,1.6252,2.5,1.8,1.5,0,vtype0
36,flow0.6,646864,5.49E+06,0,6.74618,2.6,2.5,1.8,1.5,1,vtype0
36,flow0.7,646797,5.49E+06,0,10.5049,-0.168353,2.5,1.8,1.5,0,vtype0
36,flow0.8,646785,5.49E+06,0,10.6741,0.428446,2.5,1.8,1.5,0,vtype0
36,flow0.9,646774,5.49E+06,0,12.0418,0.278816,2.5,1.8,1.5,2,vtype0
37,flow0.0,646888,5.49E+06,0,13.8787,-0.834612,2.5,1.8,1.5,0,vtype0
37,flow0.1,646890,5.49E+06,0,13.9815,0.6464,2.5,1.8,1.5,0,vtype0
37,flow0.10,646786,5.49E+06,0,13.8702,-0.575965,2.5,1.8,1.5,2,vtype0
37,flow0.11,646818,5.49E+06,0,13.0769,0.684121,2.5,1.8,1.5,2,vtype0
37,flow0.12,646846,5.49E+06,0,12.9219,-0.149307,2.5,1.8,1.5,0,vtype0
37,flow0.2,646887,5.49E+06,0,13.9705,-0.284596,2.5,1.8,1.5,0,vtype0
37,flow0.3,646884,5.49E+06,0,13.9325,-0.0406904,2.5,1.8,1.5,0,vtype0
37,flow0.4,646879,5.49E+06,0,13.8864,-0.564684,2.5,1.8,1.5,0,vtype0
37,flow0.5,646876,5.49E+06,0,13.933,-0.397727,2.5,1.8,1.5,0,vtype0
37,flow0.6,646871,5.49E+06,0,9.00817,2.17938,2.5,1.8,1.5,0,vtype0
37,flow0.7,646806,5.49E+06,0,10.5218,-0.0783505,2.5,1.8,1.5,0,vtype0
37,flow0.8,646793,5.49E+06,0,10.6569,-0.447378,2.5,1.8,1.5,0,vtype0
37,flow0.9,646778,5.49E+06,0,11.6407,-1.40502,2.5,1.8,1.5,8,vtype0
38,flow0.0,646887,5.49E+06,0,13.9704,0.618659,2.5,1.8,1.5,0,vtype0
38,flow0.1,646890,5.49E+06,0,13.997,0.834748,2.5,1.8,1.5,0,vtype0
38,flow0.10,646777,5.49E+06,0,13.872,-0.733746,2.5,1.8,1.5,2,vtype0
38,flow0.11,646809,5.49E+06,0,13.009,-1.18173,2.5,1.8,1.5,2,vtype0
38,flow0.12,646837,5.49E+06,0,12.9226,0.609916,2.5,1.8,1.5,0,vtype0
38,flow0.2,646888,5.49E+06,0,13.977,0.375219,2.5,1.8,1.5,0,vtype0
38,flow0.3,646885,5.49E+06,0,13.9649,-0.221639,2.5,1.8,1.5,0,vtype0
38,flow0.4,646880,5.49E+06,0,13.8914,-0.912223,2.5,1.8,1.5,0,vtype0
38,flow0.5,646878,5.49E+06,0,13.9201,-0.180223,2.5,1.8,1.5,0,vtype0
38,flow0.6,646872,5.49E+06,0,10.8411,1.52341,2.5,1.8,1.5,0,vtype0
38,flow0.7,646816,5.49E+06,0,10.5158,0.190891,2.5,1.8,1.5,0,vtype0
38,flow0.8,646801,5.49E+06,0,10.6615,0.787566,2.5,1.8,1.5,0,vtype0
38,flow0.9,646787,5.49E+06,0,11.392,-0.738284,2.5,1.8,1.5,0,vtype0
39,flow0.0,646886,5.49E+06,0,13.9467,0.264362,2.5,1.8,1.5,0,vtype0
39,flow0.1,646889,5.49E+06,0,13.8869,-0.505901,2.5,1.8,1.5,0,vtype0
39,flow0.10,646774,5.49E+06,0,13.9024,0.117995,2.5,1.8,1.5,0,vtype0
39,flow0.11,646800,5.49E+06,0,13.1025,0.513611,2.5,1.8,1.5,2,vtype0
39,flow0.12,646828,5.49E+06,0,12.9121,-0.126708,2.5,1.8,1.5,2,vtype0
39,flow0.2,646889,5.49E+06,0,13.8945,-0.406085,2.5,1.8,1.5,0,vtype0
39,flow0.3,646886,5.49E+06,0,13.8787,-0.736683,2.5,1.8,1.5,0,vtype0
39,flow0.4,646881,5.49E+06,0,13.9335,-0.143587,2.5,1.8,1.5,0,vtype0
39,flow0.5,646879,5.49E+06,0,13.9418,0.634387,2.5,1.8,1.5,0,vtype0
39,flow0.6,646874,5.49E+06,0,12.8043,1.45969,2.5,1.8,1.5,0,vtype0
39,flow0.7,646827,5.49E+06,0,10.6092,1.2098,2.5,1.8,1.5,1,vtype0
39,flow0.8,646811,5.49E+06,0,10.5688,0.447448,2.5,1.8,1.5,0,vtype0
39,flow0.9,646795,5.49E+06,0,11.0928,-1.05916,2.5,1.8,1.5,0,vtype0
40,flow0.0,646885,5.49E+06,0,13.9311,0.0405617,2.5,1.8,1.5,0,vtype0
40,flow0.1,646888,5.49E+06,0,13.9124,0.0567454,2.5,1.8,1.5,0,vtype0
40,flow0.10,646782,5.49E+06,0,13.8969,0.147385,2.5,1.8,1.5,0,vtype0
40,flow0.11,646791,5.49E+06,0,13.0657,-0.116166,2.5,1.8,1.5,2,vtype0
40,flow0.12,646819,5.49E+06,0,12.922,0.639162,2.5,1.8,1.5,2,vtype0
40,flow0.13,646845,5.49E+06,0,13.6903,0.951941,2.5,1.8,1.5,0,vtype0
40,flow0.2,646890,5.49E+06,0,13.8769,-1.22981,2.5,1.8,1.5,0,vtype0
40,flow0.3,646887,5.49E+06,0,13.9139,-0.158868,2.5,1.8,1.5,0,vtype0
40,flow0.4,646882,5.49E+06,0,13.8978,-0.883946,2.5,1.8,1.5,0,vtype0
40,flow0.5,646880,5.49E+06,0,13.9868,1.16359,2.5,1.8,1.5,0,vtype0
40,flow0.6,646876,5.49E+06,0,13.9644,0.792684,2.5,1.8,1.5,0,vtype0
40,flow0.7,646837,5.49E+06,0,10.5013,-0.755584,2.5,1.8,1.5,1,vtype0
40,flow0.8,646822,5.49E+06,0,10.5602,-0.307598,2.5,1.8,1.5,0,vtype0
40,flow0.9,646804,5.49E+06,0,11.0204,0.0777096,2.5,1.8,1.5,0,vtype0
41,flow0.0,646883,5.49E+06,0,13.9585,0.728097,2.5,1.8,1.5,0,vtype0
41,flow0.1,646887,5.49E+06,0,13.9194,-0.574714,2.5,1.8,1.5,0,vtype0
41,flow0.10,646793,5.49E+06,0,13.6034,-0.553098,2.5,1.8,1.5,0,vtype0
41,flow0.11,646782,5.49E+06,0,13.0306,0.00570206,2.5,1.8,1.5,2,vtype0
41,flow0.12,646810,5.49E+06,0,12.8254,-0.134751,2.5,1.8,1.5,2,vtype0
41,flow0.13,646836,5.49E+06,0,13.6661,-0.219587,2.5,1.8,1.5,2,vtype0
41,flow0.2,646890,5.49E+06,0,13.9341,-0.106714,2.5,1.8,1.5,0,vtype0
41,flow0.3,646888,5.49E+06,0,13.9815,1.01358,2.5,1.8,1.5,0,vtype0
41,flow0.4,646883,5.49E+06,0,13.9813,0.136561,2.5,1.8,1.5,0,vtype0
41,flow0.5,646881,5.49E+06,0,13.9624,-0.12216,2.5,1.8,1.5,0,vtype0
41,flow0.6,646878,5.49E+06,0,13.9494,0.573331,2.5,1.8,1.5,0,vtype0
41,flow0.7,646848,5.49E+06,0,10.5328,-0.70744,2.5,1.8,1.5,1,vtype0
41,flow0.8,646832,5.49E+06,0,10.6555,0.0109667,2.5,1.8,1.5,1,vtype0
41,flow0.9,646815,5.49E+06,0,10.9704,-0.372959,2.5,1.8,1.5,0,vtype0
42,flow0.0,646882,5.49E+06,0,13.9156,-0.11511,2.5,1.8,1.5,0,vtype0
42,flow0.1,646886,5.49E+06,0,13.9753,-0.13875,2.5,1.8,1.5,0,vtype0
42,flow0.10,646803,5.49E+06,0,12.7495,-1.93911,2.5,1.8,1.5,8,vtype0
42,flow0.11,646775,5.49E+06,0,13.0307,0.0140621,2.5,1.8,1.5,2,vtype0
42,flow0.12,646800,5.49E+06,0,12.9037,0.315448,2.5,1.8,1.5,2,vtype0
42,flow0.13,646826,5.49E+06,0,13.6344,0.390154,2.5,1.8,1.5,2,vtype0
42,flow0.2,646889,5.49E+06,0,13.8888,-0.705984,2.5,1.8,1.5,0,vtype0
42,flow0.3,646889,5.49E+06,0,13.8824,-1.08723,2.5,1.8,1.5,0,vtype0
42,flow0.4,646884,5.49E+06,0,13.9541,0.649515,2.5,1.8,1.5,0,vtype0
42,flow0.5,646882,5.49E+06,0,13.9879,0.312284,2.5,1.8,1.5,0,vtype0
42,flow0.6,646879,5.49E+06,0,13.9618,0.514612,2.5,1.8,1.5,0,vtype0
42,flow0.7,646858,5.49E+06,0,9.00945,-4.5,2.5,1.8,1.5,9,vtype0
42,flow0.8,646843,5.49E+06,0,9.83793,-2.88129,2.5,1.8,1.5,9,vtype0
42,flow0.9,646826,5.49E+06,0,10.4653,-2.24118,2.5,1.8,1.5,8,vtype0
43,flow0.0,646881,5.49E+06,0,13.9907,0.553247,2.5,1.8,1.5,0,vtype0
43,flow0.1,646885,5.49E+06,0,13.9364,-0.419499,2.5,1.8,1.5,0,vtype0
43,flow0.10,646815,5.49E+06,0,10.9313,-1.377,2.5,1.8,1.5,8,vtype0
43,flow0.11,646776,5.49E+06,0,13.084,0.703354,2.5,1.8,1.5,0,vtype0
43,flow0.12,646791,5.49E+06,0,12.8699,0.386996,2.5,1.8,1.5,2,vtype0
43,flow0.13,646817,5.49E+06,0,13.6797,-0.0750011,2.5,1.8,1.5,2,vtype0
43,flow0.14,646845,5.49E+06,0,13.9046,-0.7789,2.5,1.8,1.5,0,vtype0
43,flow0.2,646888,5.49E+06,0,13.9779,0.534974,2.5,1.8,1.5,0,vtype0
43,flow0.3,646890,5.49E+06,0,13.9453,-0.387406,2.5,1.8,1.5,0,vtype0
43,flow0.4,646885,5.49E+06,0,13.8846,0.027363,2.5,1.8,1.5,0,vtype0
43,flow0.5,646883,5.49E+06,0,13.8935,-0.490703,2.5,1.8,1.5,0,vtype0
43,flow0.6,646880,5.49E+06,0,13.922,0.146588,2.5,1.8,1.5,0,vtype0
43,flow0.7,646865,5.49E+06,0,7.35225,2.6,2.5,1.8,1.5,1,vtype0
43,flow0.8,646851,5.49E+06,0,7.93425,0.249339,2.5,1.8,1.5,1,vtype0
43,flow0.9,646835,5.49E+06,0,8.75324,0.365603,2.5,1.8,1.5,1,vtype0
44,flow0.0,646880,5.49E+06,0,13.9761,0.26477,2.5,1.8,1.5,0,vtype0
44,flow0.1,646884,5.49E+06,0,13.8704,-0.0305397,2.5,1.8,1.5,0,vtype0
44,flow0.10,646825,5.49E+06,0,10.7143,0.0538609,2.5,1.8,1.5,0,vtype0
44,flow0.11,646786,5.49E+06,0,13.0267,-0.501131,2.5,1.8,1.5,0,vtype0
44,flow0.12,646782,5.49E+06,0,12.9212,-0.0940501,2.5,1.8,1.5,2,vtype0
44,flow0.13,646807,5.49E+06,0,13.6358,0.470449,2.5,1.8,1.5,2,vtype0
44,flow0.14,646835,5.49E+06,0,13.9847,0.562665,2.5,1.8,1.5,2,vtype0
44,flow0.2,646887,5.49E+06,0,13.9226,-0.118836,2.5,1.8,1.5,0,vtype0
44,flow0.3,646890,5.49E+06,0,13.9196,0.130433,2.5,1.8,1.5,0,vtype0
44,flow0.4,646886,5.49E+06,0,13.9509,-0.490093,2.5,1.8,1.5,0,vtype0
44,flow0.5,646884,5.49E+06,0,13.9827,0.846322,2.5,1.8,1.5,0,vtype0
44,flow0.6,646881,5.49E+06,0,13.896,-0.280262,2.5,1.8,1.5,0,vtype0
44,flow0.7,646871,5.49E+06,0,9.17305,1.86136,2.5,1.8,1.5,0,vtype0
44,flow0.8,646859,5.49E+06,0,8.35338,-4.5,2.5,1.8,1.5,9,vtype0
44,flow0.9,646844,5.49E+06,0,9.20163,0.251316,2.5,1.8,1.5,1,vtype0
45,flow0.0,646879,5.49E+06,0,13.9784,0.542227,2.5,1.8,1.5,0,vtype0
45,flow0.1,646883,5.49E+06,0,13.9613,0.885344,2.5,1.8,1.5,0,vtype0
45,flow0.10,646835,5.49E+06,0,9.31461,0.279387,2.5,1.8,1.5,1,vtype0
45,flow0.11,646796,5.49E+06,0,13.016,-0.176377,2.5,1.8,1.5,0,vtype0
45,flow0.12,646775,5.49E+06,0,12.9178,0.223401,2.5,1.8,1.5,2,vtype0
45,flow0.13,646797,5.49E+06,0,13.6792,1.016,2.5,1.8,1.5,2,vtype0
45,flow0.14,646825,5.49E+06,0,13.9462,0.398853,2.5,1.8,1.5,2,vtype0
45,flow0.2,646886,5.49E+06,0,13.9361,-0.0210498,2.5,1.8,1.5,0,vtype0
45,flow0.3,646889,5.49E+06,0,13.9045,-0.0125071,2.5,1.8,1.5,0,vtype0
45,flow0.4,646887,5.49E+06,0,13.9793,0.419749,2.5,1.8,1.5,0,vtype0
45,flow0.5,646885,5.49E+06,0,13.9587,0.273391,2.5,1.8,1.5,0,vtype0
45,flow0.6,646882,5.49E+06,0,13.964,0.270271,2.5,1.8,1.5,0,vtype0
45,flow0.7,646873,5.49E+06,0,11.1207,2.15655,2.5,1.8,1.5,0,vtype0
45,flow0.8,646866,5.49E+06,0,7.40431,2.6,2.5,1.8,1.5,1,vtype0
45,flow0.9,646852,5.49E+06,0,7.86245,1.41751,2.5,1.8,1.5,1,vtype0
46,flow0.0,646879,5.49E+06,0,13.9357,-0.615989,2.5,1.8,1.5,0,vtype0
46,flow0.1,646882,5.49E+06,0,13.8741,-0.443386,2.5,1.8,1.5,0,vtype0
46,flow0.10,646844,5.49E+06,0,9.12712,-2.63827,2.5,1.8,1.5,9,vtype0
46,flow0.11,646807,5.49E+06,0,13.0805,0.57824,2.5,1.8,1.5,0,vtype0
46,flow0.12,646775,5.49E+06,0,12.8222,-0.0370513,2.5,1.8,1.5,0,vtype0
46,flow0.13,646788,5.49E+06,0,13.5743,-0.023492,2.5,1.8,1.5,2,vtype0
46,flow0.14,646816,5.49E+06,0,13.9544,-0.0755392,2.5,1.8,1.5,2,vtype0
46,flow0.15,646845,5.49E+06,0,13.8752,-1.09621,2.5,1.8,1.5,0,vtype0
46,flow0.2,646885,5.49E+06,0,13.8842,-0.514847,2.5,1.8,1.5,0,vtype0
46,flow0.3,646888,5.49E+06,0,13.8847,-0.00603874,2.5,1.8,1.5,0,vtype0
46,flow0.4,646888,5.49E+06,0,13.9253,0.310638,2.5,1.8,1.5,0,vtype0
46,flow0.5,646886,5.49E+06,0,13.9665,0.0746205,2.5,1.8,1.5,0,vtype0
46,flow0.6,646883,5.49E+06,0,13.9777,0.0166657,2.5,1.8,1.5,0,vtype0
46,flow0.7,646874,5.49E+06,0,12.6596,-0.290005,2.5,1.8,1.5,0,vtype0
46,flow0.8,646871,5.49E+06,0,9.4063,2.37994,2.5,1.8,1.5,0,vtype0
46,flow0.9,646860,5.49E+06,0,7.62823,-4.28135,2.5,1.8,1.5,9,vtype0
47,flow0.0,646876,5.49E+06,0,13.8749,-0.606372,2.5,1.8,1.5,0,vtype0
47,flow0.1,646880,5.49E+06,0,13.9291,-0.45061,2.5,1.8,1.5,0,vtype0
47,flow0.10,646853,5.49E+06,0,8.60042,1.59443,2.5,1.8,1.5,1,vtype0
47,flow0.11,646820,5.49E+06,0,13.0555,-0.334096,2.5,1.8,1.5,0,vtype0
47,flow0.12,646784,5.49E+06,0,12.9112,0.213437,2.5,1.8,1.5,0,vtype0
47,flow0.13,646779,5.49E+06,0,13.5935,-0.462655,2.5,1.8,1.5,2,vtype0
47,flow0.14,646806,5.49E+06,0,13.879,-0.716017,2.5,1.8,1.5,2,vtype0
47,flow0.15,646835,5.49E+06,0,13.9866,0.253589,2.5,1.8,1.5,2,vtype0
47,flow0.2,646884,5.49E+06,0,13.9891,0.425188,2.5,1.8,1.5,0,vtype0
47,flow0.3,646887,5.49E+06,0,13.8865,-0.800888,2.5,1.8,1.5,0,vtype0
47,flow0.4,646889,5.49E+06,0,13.879,-0.261638,2.5,1.8,1.5,0,vtype0
47,flow0.5,646887,5.49E+06,0,13.9461,-0.152764,2.5,1.8,1.5,0,vtype0
47,flow0.6,646884,5.49E+06,0,13.9715,0.48761,2.5,1.8,1.5,0,vtype0
47,flow0.7,646876,5.49E+06,0,12.7358,0.248766,2.5,1.8,1.5,0,vtype0
47,flow0.8,646873,5.49E+06,0,11.1752,2.34456,2.5,1.8,1.5,0,vtype0
47,flow0.9,646868,5.49E+06,0,8.06567,1.76961,2.5,1.8,1.5,0,vtype0
48,flow0.0,646868,5.49E+06,0,13.9545,0.0327545,2.5,1.8,1.5,0,vtype0
48,flow0.1,646879,5.49E+06,0,13.8805,-1.17843,2.5,1.8,1.5,0,vtype0
48,flow0.10,646861,5.49E+06,0,7.17526,-4.36214,2.5,1.8,1.5,9,vtype0
48,flow0.11,646832,5.49E+06,0,12.7507,-3.30707,2.5,1.8,1.5,9,vtype0
48,flow0.12,646794,5.49E+06,0,12.916,0.706751,2.5,1.8,1.5,0,vtype0
48,flow0.13,646774,5.49E+06,0,13.5938,0.204227,2.5,1.8,1.5,2,vtype0
48,flow0.14,646796,5.49E+06,0,13.9011,-0.469507,2.5,1.8,1.5,2,vtype0
48,flow0.15,646825,5.49E+06,0,13.9841,0.347518,2.5,1.8,1.5,2,vtype0
48,flow0.2,646883,5.49E+06,0,13.9899,0.889128,2.5,1.8,1.5,0,vtype0
48,flow0.3,646886,5.49E+06,0,13.9578,0.625995,2.5,1.8,1.5,0,vtype0
48,flow0.4,646890,5.49E+06,0,13.8978,0.152092,2.5,1.8,1.5,0,vtype0
48,flow0.5,646888,5.49E+06,0,13.899,-0.441803,2.5,1.8,1.5,0,vtype0
48,flow0.6,646885,5.49E+06,0,13.9888,0.341426,2.5,1.8,1.5,0,vtype0
48,flow0.7,646878,5.49E+06,0,12.6596,-0.469499,2.5,1.8,1.5,0,vtype0
48,flow0.8,646875,5.49E+06,0,13.3371,1.82473,2.5,1.8,1.5,0,vtype0
48,flow0.9,646871,5.49E+06,0,10.0249,2.43007,2.5,1.8,1.5,0,vtype0
49,flow0.0,646856,5.49E+06,0,13.8875,-0.913772,2.5,1.8,1.5,0,vtype0
49,flow0.1,646879,5.49E+06,0,13.9242,-0.110259,2.5,1.8,1.5,0,vtype0
49,flow0.10,646868,5.49E+06,0,8.277,2.52629,2.5,1.8,1.5,0,vtype0
49,flow0.11,646844,5.49E+06,0,11.6094,-1.119,2.5,1.8,1.5,1,vtype0
49,flow0.12,646804,5.49E+06,0,12.9041,0.118028,2.5,1.8,1.5,0,vtype0
49,flow0.13,646780,5.49E+06,0,13.6058,-0.479163,2.5,1.8,1.5,0,vtype0
49,flow0.14,646786,5.49E+06,0,13.9875,0.213081,2.5,1.8,1.5,2,vtype0
49,flow0.15,646816,5.49E+06,0,13.9212,-0.35438,2.5,1.8,1.5,2,vtype0
49,flow0.16,646845,5.49E+06,0,13.872,-0.931355,2.5,1.8,1.5,0,vtype0
49,flow0.2,646881,5.49E+06,0,13.9514,-0.351898,2.5,1.8,1.5,0,vtype0
49,flow0.3,646885,5.49E+06,0,13.9053,-0.167861,2.5,1.8,1.5,0,vtype0
49,flow0.4,646890,5.49E+06,0,13.9755,0.68077,2.5,1.8,1.5,0,vtype0
49,flow0.5,646889,5.49E+06,0,13.9161,0.138281,2.5,1.8,1.5,0,vtype0
49,flow0.6,646886,5.49E+06,0,13.876,-0.108859,2.5,1.8,1.5,0,vtype0
49,flow0.7,646879,5.49E+06,0,12.6355,-0.237483,2.5,1.8,1.5,0,vtype0
49,flow0.8,646877,5.49E+06,0,13.9453,0.182732,2.5,1.8,1.5,0,vtype0
49,flow0.9,646873,5.49E+06,0,12.0145,1.67334,2.5,1.8,1.5,0,vtype0
50,flow0.0,646842,5.49E+06,0,13.8767,-1.19096,2.5,1.8,1.5,0,vtype0
50,flow0.1,646877,5.49E+06,0,13.9683,0.638682,2.5,1.8,1.5,0,vtype0
50,flow0.10,646872,5.49E+06,0,10.4105,2.42553,2.5,1.8,1.5,0,vtype0
50,flow0.11,646856,5.49E+06,0,10.1883,-4.5,2.5,1.8,1.5,9,vtype0
50,flow0.12,646817,5.49E+06,0,12.9243,1.04908,2.5,1.8,1.5,0,vtype0
50,flow0.13,646790,5.49E+06,0,13.5776,-0.866958,2.5,1.8,1.5,0,vtype0
50,flow0.14,646777,5.49E+06,0,13.8908,-0.231702,2.5,1.8,1.5,2,vtype0
50,flow0.15,646806,5.49E+06,0,13.8731,-1.03451,2.5,1.8,1.5,2,vtype0
50,flow0.16,646835,5.49E+06,0,13.962,0.430047,2.5,1.8,1.5,2,vtype0
50,flow0.2,646880,5.49E+06,0,13.9689,0.520049,2.5,1.8,1.5,0,vtype0
50,flow0.3,646884,5.49E+06,0,13.967,-0.294429,2.5,1.8,1.5,0,vtype0
50,flow0.4,646889,5.49E+06,0,13.9632,0.553705,2.5,1.8,1.5,0,vtype0
50,flow0.5,646890,5.49E+06,0,13.9794,0.5638,2.5,1.8,1.5,0,vtype0
50,flow0.6,646887,5.49E+06,0,13.902,-0.546726,2.5,1.8,1.5,0,vtype0
50,flow0.7,646880,5.49E+06,0,12.6569,0.3898,2.5,1.8,1.5,0,vtype0
50,flow0.8,646878,5.49E+06,0,13.6583,0.143755,2.5,1.8,1.5,0,vtype0
50,flow0.9,646875,5.49E+06,0,13.9674,1.50612,2.5,1.8,1.5,0,vtype0
51,flow0.0,646842,5.49E+06,0,0.0001,0,2.5,1.8,1.5,8,vtype0
51,flow0.1,646877,5.49E+06,0,0,0,2.5,1.8,1.5,8,vtype0
51,flow0.10,646872,5.49E+06,0,0,0,2.5,1.8,1.5,8,vtype0
51,flow0.11,646856,5.49E+06,0,0,0,2.5,1.8,1.5,9,vtype0
51,flow0.12,646829,5.49E+06,0,10.5552,-4.21627,2.5,1.8,1.5,9,vtype0
51,flow0.13,646801,5.49E+06,0,13.6977,1.23916,2.5,1.8,1.5,0,vtype0
51,flow0.14,646774,5.49E+06,0,13.95,0.248194,2.5,1.8,1.5,0,vtype0
51,flow0.15,646796,5.49E+06,0,13.8791,0.0616693,2.5,1.8,1.5,2,vtype0
51,flow0.16,646826,5.49E+06,0,13.8833,-0.00801443,2.5,1.8,1.5,2,vtype0
51,flow0.2,646880,5.49E+06,0,0,0,2.5,1.8,1.5,8,vtype0
51,flow0.3,646884,5.49E+06,0,0,0,2.5,1.8,1.5,8,vtype0
51,flow0.4,646889,5.49E+06,0,0,0,2.5,1.8,1.5,8,vtype0
51,flow0.5,646890,5.49E+06,0,0,0,2.5,1.8,1.5,8,vtype0
51,flow0.6,646887,5.49E+06,0,0,0,2.5,1.8,1.5,8,vtype0
51,flow0.7,646880,5.49E+06,0,0,0,2.5,1.8,1.5,8,vtype0
51,flow0.8,646878,5.49E+06,0,0,0,2.5,1.8,1.5,8,vtype0
51,flow0.9,646875,5.49E+06,0,0,0,2.5,1.8,1.5,8,vtype0
52,flow0.0,646842,5.49E+06,0,0.0001,0,2.5,1.8,1.5,8,vtype0
52,flow0.1,646877,5.49E+06,0,0,0,2.5,1.8,1.5,8,vtype0
52,flow0.10,646872,5.49E+06,0,0,0,2.5,1.8,1.5,8,vtype0
52,flow0.11,646856,5.49E+06,0,0,0,2.5,1.8,1.5,9,vtype0
52,flow0.12,646838,5.49E+06,0,7.5478,-1.93871,2.5,1.8,1.5,9,vtype0
52,flow0.13,646813,5.49E+06,0,11.714,-2.24583,2.5,1.8,1.5,8,vtype0
52,flow0.14,646783,5.49E+06,0,13.9617,0.516056,2.5,1.8,1.5,0,vtype0
52,flow0.15,646786,5.49E+06,0,13.9108,-0.320716,2.5,1.8,1.5,2,vtype0
52,flow0.16,646816,5.49E+06,0,13.895,-0.834582,2.5,1.8,1.5,2,vtype0
52,flow0.17,646848,5.49E+06,0,10.0351,0.863435,2.5,1.8,1.5,0,vtype0
52,flow0.2,646880,5.49E+06,0,0,0,2.5,1.8,1.5,8,vtype0
52,flow0.3,646884,5.49E+06,0,0,0,2.5,1.8,1.5,8,vtype0
52,flow0.4,646889,5.49E+06,0,0,0,2.5,1.8,1.5,8,vtype0
52,flow0.5,646890,5.49E+06,0,0,0,2.5,1.8,1.5,8,vtype0
52,flow0.6,646887,5.49E+06,0,0,0,2.5,1.8,1.5,8,vtype0
52,flow0.7,646880,5.49E+06,0,0,0,2.5,1.8,1.5,8,vtype0
52,flow0.8,646878,5.49E+06,0,0,0,2.5,1.8,1.5,8,vtype0
52,flow0.9,646875,5.49E+06,0,0,0,2.5,1.8,1.5,8,vtype0
53,flow0.0,646842,5.49E+06,0,0.0001,0,2.5,1.8,1.5,8,vtype0
53,flow0.1,646877,5.49E+06,0,0,0,2.5,1.8,1.5,8,vtype0
53,flow0.10,646872,5.49E+06,0,0,0,2.5,1.8,1.5,8,vtype0
53,flow0.11,646856,5.49E+06,0,0,0,2.5,1.8,1.5,9,vtype0
53,flow0.12,646838,5.49E+06,0,0,0,2.5,1.8,1.5,9,vtype0
53,flow0.13,646813,5.49E+06,0,0,0,2.5,1.8,1.5,8,vtype0
53,flow0.14,646783,5.49E+06,0,0,0,2.5,1.8,1.5,8,vtype0
53,flow0.15,646786,5.49E+06,0,0,0,2.5,1.8,1.5,10,vtype0
53,flow0.16,646816,5.49E+06,0,0,0,2.5,1.8,1.5,10,vtype0
53,flow0.17,646848,5.49E+06,0,0,0,2.5,1.8,1.5,8,vtype0
53,flow0.2,646880,5.49E+06,0,0,0,2.5,1.8,1.5,8,vtype0
53,flow0.3,646884,5.49E+06,0,0,0,2.5,1.8,1.5,8,vtype0
53,flow0.4,646889,5.49E+06,0,0,0,2.5,1.8,1.5,8,vtype0
53,flow0.5,646890,5.49E+06,0,0,0,2.5,1.8,1.5,8,vtype0
53,flow0.6,646887,5.49E+06,0,0,0,2.5,1.8,1.5,8,vtype0
53,flow0.7,646880,5.49E+06,0,0,0,2.5,1.8,1.5,8,vtype0
53,flow0.8,646878,5.49E+06,0,0,0,2.5,1.8,1.5,8,vtype0
53,flow0.9,646875,5.49E+06,0,0,0,2.5,1.8,1.5,8,vtype0
54,flow0.0,646842,5.49E+06,0,0.0001,0,2.5,1.8,1.5,8,vtype0
54,flow0.1,646877,5.49E+06,0,0,0,2.5,1.8,1.5,8,vtype0
54,flow0.10,646872,5.49E+06,0,0,0,2.5,1.8,1.5,8,vtype0
54,flow0.11,646856,5.49E+06,0,0,0,2.5,1.8,1.5,9,vtype0
54,flow0.12,646838,5.49E+06,0,0,0,2.5,1.8,1.5,9,vtype0
54,flow0.13,646813,5.49E+06,0,0,0,2.5,1.8,1.5,8,vtype0
54,flow0.14,646783,5.49E+06,0,0,0,2.5,1.8,1.5,8,vtype0
54,flow0.15,646786,5.49E+06,0,0,0,2.5,1.8,1.5,10,vtype0
54,flow0.16,646816,5.49E+06,0,0,0,2.5,1.8,1.5,10,vtype0
54,flow0.17,646848,5.49E+06,0,0,0,2.5,1.8,1.5,8,vtype0
54,flow0.2,646880,5.49E+06,0,0,0,2.5,1.8,1.5,8,vtype0
54,flow0.3,646884,5.49E+06,0,0,0,2.5,1.8,1.5,8,vtype0
54,flow0.4,646889,5.49E+06,0,0,0,2.5,1.8,1.5,8,vtype0
54,flow0.5,646890,5.49E+06,0,0,0,2.5,1.8,1.5,8,vtype0
54,flow0.6,646887,5.49E+06,0,0,0,2.5,1.8,1.5,8,vtype0
54,flow0.7,646880,5.49E+06,0,0,0,2.5,1.8,1.5,8,vtype0
54,flow0.8,646878,5.49E+06,0,0,0,2.5,1.8,1.5,8,vtype0
54,flow0.9,646875,5.49E+06,0,0,0,2.5,1.8,1.5,8,vtype0
55,flow0.0,646842,5.49E+06,0,0.0001,0,2.5,1.8,1.5,8,vtype0
55,flow0.1,646877,5.49E+06,0,0,0,2.5,1.8,1.5,8,vtype0
55,flow0.10,646872,5.49E+06,0,0,0,2.5,1.8,1.5,8,vtype0
55,flow0.11,646856,5.49E+06,0,0,0,2.5,1.8,1.5,9,vtype0
55,flow0.12,646838,5.49E+06,0,0,0,2.5,1.8,1.5,9,vtype0
55,flow0.13,646813,5.49E+06,0,0,0,2.5,1.8,1.5,8,vtype0
55,flow0.14,646783,5.49E+06,0,0,0,2.5,1.8,1.5,8,vtype0
55,flow0.15,646786,5.49E+06,0,0,0,2.5,1.8,1.5,10,vtype0
55,flow0.16,646816,5.49E+06,0,0,0,2.5,1.8,1.5,10,vtype0
55,flow0.17,646848,5.49E+06,0,0,0,2.5,1.8,1.5,8,vtype0
55,flow0.18,646854,5.49E+06,0,1.77273,-1.40838,2.5,1.8,1.5,8,vtype0
55,flow0.2,646880,5.49E+06,0,0,0,2.5,1.8,1.5,8,vtype0
55,flow0.3,646884,5.49E+06,0,0,0,2.5,1.8,1.5,8,vtype0
55,flow0.4,646889,5.49E+06,0,0,0,2.5,1.8,1.5,8,vtype0
55,flow0.5,646890,5.49E+06,0,0,0,2.5,1.8,1.5,8,vtype0
55,flow0.6,646887,5.49E+06,0,0,0,2.5,1.8,1.5,8,vtype0
55,flow0.7,646880,5.49E+06,0,0,0,2.5,1.8,1.5,8,vtype0
55,flow0.8,646878,5.49E+06,0,0,0,2.5,1.8,1.5,8,vtype0
55,flow0.9,646875,5.49E+06,0,0,0,2.5,1.8,1.5,8,vtype0
56,flow0.0,646842,5.49E+06,0,0.0001,0,2.5,1.8,1.5,8,vtype0
56,flow0.1,646877,5.49E+06,0,0,0,2.5,1.8,1.5,8,vtype0
56,flow0.10,646872,5.49E+06,0,0,0,2.5,1.8,1.5,8,vtype0
56,flow0.11,646856,5.49E+06,0,0,0,2.5,1.8,1.5,9,vtype0
56,flow0.12,646838,5.49E+06,0,0,0,2.5,1.8,1.5,9,vtype0
56,flow0.13,646813,5.49E+06,0,0,0,2.5,1.8,1.5,8,vtype0
56,flow0.14,646783,5.49E+06,0,0,0,2.5,1.8,1.5,8,vtype0
56,flow0.15,646786,5.49E+06,0,0,0,2.5,1.8,1.5,10,vtype0
56,flow0.16,646816,5.49E+06,0,0,0,2.5,1.8,1.5,10,vtype0
56,flow0.17,646848,5.49E+06,0,0,0,2.5,1.8,1.5,8,vtype0
56,flow0.18,646853,5.49E+06,0,0.757831,-0.862236,2.5,1.8,1.5,8,vtype0
56,flow0.2,646880,5.49E+06,0,0,0,2.5,1.8,1.5,8,vtype0
56,flow0.3,646884,5.49E+06,0,0,0,2.5,1.8,1.5,8,vtype0
56,flow0.4,646889,5.49E+06,0,0,0,2.5,1.8,1.5,8,vtype0
56,flow0.5,646890,5.49E+06,0,0,0,2.5,1.8,1.5,8,vtype0
56,flow0.6,646887,5.49E+06,0,0,0,2.5,1.8,1.5,8,vtype0
56,flow0.7,646880,5.49E+06,0,0,0,2.5,1.8,1.5,8,vtype0
56,flow0.8,646878,5.49E+06,0,0,0,2.5,1.8,1.5,8,vtype0
56,flow0.9,646875,5.49E+06,0,0,0,2.5,1.8,1.5,8,vtype0
57,flow0.0,646842,5.49E+06,0,0.0001,0,2.5,1.8,1.5,8,vtype0
57,flow0.1,646877,5.49E+06,0,0,0,2.5,1.8,1.5,8,vtype0
57,flow0.10,646872,5.49E+06,0,0,0,2.5,1.8,1.5,8,vtype0
57,flow0.11,646856,5.49E+06,0,0,0,2.5,1.8,1.5,9,vtype0
57,flow0.12,646838,5.49E+06,0,0,0,2.5,1.8,1.5,9,vtype0
57,flow0.13,646813,5.49E+06,0,0,0,2.5,1.8,1.5,8,vtype0
57,flow0.14,646783,5.49E+06,0,0,0,2.5,1.8,1.5,8,vtype0
57,flow0.15,646786,5.49E+06,0,0,0,2.5,1.8,1.5,10,vtype0
57,flow0.16,646816,5.49E+06,0,0,0,2.5,1.8,1.5,10,vtype0
57,flow0.17,646848,5.49E+06,0,0,0,2.5,1.8,1.5,8,vtype0
57,flow0.18,646852,5.49E+06,0,0.293955,-0.248052,2.5,1.8,1.5,8,vtype0
57,flow0.2,646880,5.49E+06,0,0,0,2.5,1.8,1.5,8,vtype0
57,flow0.3,646884,5.49E+06,0,0,0,2.5,1.8,1.5,8,vtype0
57,flow0.4,646889,5.49E+06,0,0,0,2.5,1.8,1.5,8,vtype0
57,flow0.5,646890,5.49E+06,0,0,0,2.5,1.8,1.5,8,vtype0
57,flow0.6,646887,5.49E+06,0,0,0,2.5,1.8,1.5,8,vtype0
57,flow0.7,646880,5.49E+06,0,0,0,2.5,1.8,1.5,8,vtype0
57,flow0.8,646878,5.49E+06,0,0,0,2.5,1.8,1.5,8,vtype0
57,flow0.9,646875,5.49E+06,0,0,0,2.5,1.8,1.5,8,vtype0
58,flow0.0,646842,5.49E+06,0,0.0001,0,2.5,1.8,1.5,8,vtype0
58,flow0.1,646877,5.49E+06,0,0,0,2.5,1.8,1.5,8,vtype0
58,flow0.10,646872,5.49E+06,0,0,0,2.5,1.8,1.5,8,vtype0
58,flow0.11,646856,5.49E+06,0,0,0,2.5,1.8,1.5,9,vtype0
58,flow0.12,646838,5.49E+06,0,0,0,2.5,1.8,1.5,9,vtype0
58,flow0.13,646813,5.49E+06,0,0,0,2.5,1.8,1.5,8,vtype0
58,flow0.14,646783,5.49E+06,0,0,0,2.5,1.8,1.5,8,vtype0
58,flow0.15,646786,5.49E+06,0,0,0,2.5,1.8,1.5,10,vtype0
58,flow0.16,646816,5.49E+06,0,0,0,2.5,1.8,1.5,10,vtype0
58,flow0.17,646848,5.49E+06,0,0,0,2.5,1.8,1.5,8,vtype0
58,flow0.18,646852,5.49E+06,0,0.103126,-0.113563,2.5,1.8,1.5,8,vtype0
58,flow0.2,646880,5.49E+06,0,0,0,2.5,1.8,1.5,8,vtype0
58,flow0.3,646884,5.49E+06,0,0,0,2.5,1.8,1.5,8,vtype0
58,flow0.4,646889,5.49E+06,0,0,0,2.5,1.8,1.5,8,vtype0
58,flow0.5,646890,5.49E+06,0,0,0,2.5,1.8,1.5,8,vtype0
58,flow0.6,646887,5.49E+06,0,0,0,2.5,1.8,1.5,8,vtype0
58,flow0.7,646880,5.49E+06,0,0,0,2.5,1.8,1.5,8,vtype0
58,flow0.8,646878,5.49E+06,0,0,0,2.5,1.8,1.5,8,vtype0
58,flow0.9,646875,5.49E+06,0,0,0,2.5,1.8,1.5,8,vtype0
59,flow0.0,646842,5.49E+06,0,0.0001,0,2.5,1.8,1.5,8,vtype0
59,flow0.1,646877,5.49E+06,0,0,0,2.5,1.8,1.5,8,vtype0
59,flow0.10,646872,5.49E+06,0,0,0,2.5,1.8,1.5,8,vtype0
59,flow0.11,646856,5.49E+06,0,0,0,2.5,1.8,1.5,9,vtype0
59,flow0.12,646838,5.49E+06,0,0,0,2.5,1.8,1.5,9,vtype0
59,flow0.13,646813,5.49E+06,0,0,0,2.5,1.8,1.5,8,vtype0
59,flow0.14,646783,5.49E+06,0,0,0,2.5,1.8,1.5,8,vtype0
59,flow0.15,646786,5.49E+06,0,0,0,2.5,1.8,1.5,10,vtype0
59,flow0.16,646816,5.49E+06,0,0,0,2.5,1.8,1.5,10,vtype0
59,flow0.17,646848,5.49E+06,0,0,0,2.5,1.8,1.5,8,vtype0
59,flow0.18,646852,5.49E+06,0,0.0375829,-0.0318318,2.5,1.8,1.5,8,vtype0
59,flow0.2,646880,5.49E+06,0,0,0,2.5,1.8,1.5,8,vtype0
59,flow0.3,646884,5.49E+06,0,0,0,2.5,1.8,1.5,8,vtype0
59,flow0.4,646889,5.49E+06,0,0,0,2.5,1.8,1.5,8,vtype0
59,flow0.5,646890,5.49E+06,0,0,0,2.5,1.8,1.5,8,vtype0
59,flow0.6,646887,5.49E+06,0,0,0,2.5,1.8,1.5,8,vtype0
59,flow0.7,646880,5.49E+06,0,0,0,2.5,1.8,1.5,8,vtype0
59,flow0.8,646878,5.49E+06,0,0,0,2.5,1.8,1.5,8,vtype0
59,flow0.9,646875,5.49E+06,0,0,0,2.5,1.8,1.5,8,vtype0
60,flow0.0,646842,5.49E+06,0,0.0001,0,2.5,1.8,1.5,8,vtype0
60,flow0.1,646877,5.49E+06,0,0,0,2.5,1.8,1.5,8,vtype0
60,flow0.10,646872,5.49E+06,0,0,0,2.5,1.8,1.5,8,vtype0
60,flow0.11,646856,5.49E+06,0,0,0,2.5,1.8,1.5,9,vtype0
60,flow0.12,646838,5.49E+06,0,0,0,2.5,1.8,1.5,9,vtype0
60,flow0.13,646813,5.49E+06,0,0,0,2.5,1.8,1.5,8,vtype0
60,flow0.14,646783,5.49E+06,0,0,0,2.5,1.8,1.5,8,vtype0
60,flow0.15,646786,5.49E+06,0,0,0,2.5,1.8,1.5,10,vtype0
60,flow0.16,646816,5.49E+06,0,0,0,2.5,1.8,1.5,10,vtype0
60,flow0.17,646848,5.49E+06,0,0,0,2.5,1.8,1.5,8,vtype0
60,flow0.18,646852,5.49E+06,0,0.013204,-0.0177692,2.5,1.8,1.5,8,vtype0
60,flow0.2,646880,5.49E+06,0,0,0,2.5,1.8,1.5,8,vtype0
60,flow0.3,646884,5.49E+06,0,0,0,2.5,1.8,1.5,8,vtype0
60,flow0.4,646889,5.49E+06,0,0,0,2.5,1.8,1.5,8,vtype0
60,flow0.5,646890,5.49E+06,0,0,0,2.5,1.8,1.5,8,vtype0
60,flow0.6,646887,5.49E+06,0,0,0,2.5,1.8,1.5,8,vtype0
60,flow0.7,646880,5.49E+06,0,0,0,2.5,1.8,1.5,8,vtype0
60,flow0.8,646878,5.49E+06,0,0,0,2.5,1.8,1.5,8,vtype0
60,flow0.9,646875,5.49E+06,0,0,0,2.5,1.8,1.5,8,vtype0
61,flow0.0,646842,5.49E+06,0,0.0001,0,2.5,1.8,1.5,8,vtype0
61,flow0.1,646877,5.49E+06,0,0,0,2.5,1.8,1.5,8,vtype0
61,flow0.10,646872,5.49E+06,0,0,0,2.5,1.8,1.5,8,vtype0
61,flow0.11,646856,5.49E+06,0,0,0,2.5,1.8,1.5,9,vtype0
61,flow0.12,646838,5.49E+06,0,0,0,2.5,1.8,1.5,9,vtype0
61,flow0.13,646813,5.49E+06,0,0,0,2.5,1.8,1.5,8,vtype0
61,flow0.14,646783,5.49E+06,0,0,0,2.5,1.8,1.5,8,vtype0
61,flow0.15,646786,5.49E+06,0,0,0,2.5,1.8,1.5,10,vtype0
61,flow0.16,646816,5.49E+06,0,0,0,2.5,1.8,1.5,10,vtype0
61,flow0.17,646848,5.49E+06,0,0,0,2.5,1.8,1.5,8,vtype0
61,flow0.18,646852,5.49E+06,0,0.00481255,-0.00403139,2.5,1.8,1.5,8,vtype0
61,flow0.2,646880,5.49E+06,0,0,0,2.5,1.8,1.5,8,vtype0
61,flow0.3,646884,5.49E+06,0,0,0,2.5,1.8,1.5,8,vtype0
61,flow0.4,646889,5.49E+06,0,0,0,2.5,1.8,1.5,8,vtype0
61,flow0.5,646890,5.49E+06,0,0,0,2.5,1.8,1.5,8,vtype0
61,flow0.6,646887,5.49E+06,0,0,0,2.5,1.8,1.5,8,vtype0
61,flow0.7,646880,5.49E+06,0,0,0,2.5,1.8,1.5,8,vtype0
61,flow0.8,646878,5.49E+06,0,0,0,2.5,1.8,1.5,8,vtype0
61,flow0.9,646875,5.49E+06,0,0,0,2.5,1.8,1.5,8,vtype0
62,flow0.0,646842,5.49E+06,0,0.0001,0,2.5,1.8,1.5,8,vtype0
62,flow0.1,646877,5.49E+06,0,0,0,2.5,1.8,1.5,8,vtype0
62,flow0.10,646872,5.49E+06,0,0,0,2.5,1.8,1.5,8,vtype0
62,flow0.11,646856,5.49E+06,0,0,0,2.5,1.8,1.5,9,vtype0
62,flow0.12,646838,5.49E+06,0,0,0,2.5,1.8,1.5,9,vtype0
62,flow0.13,646813,5.49E+06,0,0,0,2.5,1.8,1.5,8,vtype0
62,flow0.14,646783,5.49E+06,0,0,0,2.5,1.8,1.5,8,vtype0
62,flow0.15,646786,5.49E+06,0,0,0,2.5,1.8,1.5,10,vtype0
62,flow0.16,646816,5.49E+06,0,0,0,2.5,1.8,1.5,10,vtype0
62,flow0.17,646848,5.49E+06,0,0,0,2.5,1.8,1.5,8,vtype0
62,flow0.18,646852,5.49E+06,0,0.00166148,-0.00169651,2.5,1.8,1.5,8,vtype0
62,flow0.2,646880,5.49E+06,0,0,0,2.5,1.8,1.5,8,vtype0
62,flow0.3,646884,5.49E+06,0,0,0,2.5,1.8,1.5,8,vtype0
62,flow0.4,646889,5.49E+06,0,0,0,2.5,1.8,1.5,8,vtype0
62,flow0.5,646890,5.49E+06,0,0,0,2.5,1.8,1.5,8,vtype0
62,flow0.6,646887,5.49E+06,0,0,0,2.5,1.8,1.5,8,vtype0
62,flow0.7,646880,5.49E+06,0,0,0,2.5,1.8,1.5,8,vtype0
62,flow0.8,646878,5.49E+06,0,0,0,2.5,1.8,1.5,8,vtype0
62,flow0.9,646875,5.49E+06,0,0,0,2.5,1.8,1.5,8,vtype0
63,flow0.0,646842,5.49E+06,0,0.0001,0,2.5,1.8,1.5,8,vtype0
63,flow0.1,646877,5.49E+06,0,0,0,2.5,1.8,1.5,8,vtype0
63,flow0.10,646872,5.49E+06,0,0,0,2.5,1.8,1.5,8,vtype0
63,flow0.11,646856,5.49E+06,0,0,0,2.5,1.8,1.5,9,vtype0
63,flow0.12,646838,5.49E+06,0,0,0,2.5,1.8,1.5,9,vtype0
63,flow0.13,646813,5.49E+06,0,0,0,2.5,1.8,1.5,8,vtype0
63,flow0.14,646783,5.49E+06,0,0,0,2.5,1.8,1.5,8,vtype0
63,flow0.15,646786,5.49E+06,0,0,0,2.5,1.8,1.5,10,vtype0
63,flow0.16,646816,5.49E+06,0,0,0,2.5,1.8,1.5,10,vtype0
63,flow0.17,646848,5.49E+06,0,0,0,2.5,1.8,1.5,8,vtype0
63,flow0.18,646852,5.49E+06,0,0.000607678,-0.000769117,2.5,1.8,1.5,8,vtype0
63,flow0.2,646880,5.49E+06,0,0,0,2.5,1.8,1.5,8,vtype0
63,flow0.3,646884,5.49E+06,0,0,0,2.5,1.8,1.5,8,vtype0
63,flow0.4,646889,5.49E+06,0,0,0,2.5,1.8,1.5,8,vtype0
63,flow0.5,646890,5.49E+06,0,0,0,2.5,1.8,1.5,8,vtype0
63,flow0.6,646887,5.49E+06,0,0,0,2.5,1.8,1.5,8,vtype0
63,flow0.7,646880,5.49E+06,0,0,0,2.5,1.8,1.5,8,vtype0
63,flow0.8,646878,5.49E+06,0,0,0,2.5,1.8,1.5,8,vtype0
63,flow0.9,646875,5.49E+06,0,0,0,2.5,1.8,1.5,8,vtype0
64,flow0.0,646842,5.49E+06,0,0.0001,0,2.5,1.8,1.5,8,vtype0
64,flow0.1,646877,5.49E+06,0,0,0,2.5,1.8,1.5,8,vtype0
64,flow0.10,646872,5.49E+06,0,0,0,2.5,1.8,1.5,8,vtype0
64,flow0.11,646856,5.49E+06,0,0,0,2.5,1.8,1.5,9,vtype0
64,flow0.12,646838,5.49E+06,0,0,0,2.5,1.8,1.5,9,vtype0
64,flow0.13,646813,5.49E+06,0,0,0,2.5,1.8,1.5,8,vtype0
64,flow0.14,646783,5.49E+06,0,0,0,2.5,1.8,1.5,8,vtype0
64,flow0.15,646786,5.49E+06,0,0,0,2.5,1.8,1.5,10,vtype0
64,flow0.16,646816,5.49E+06,0,0,0,2.5,1.8,1.5,10,vtype0
64,flow0.17,646848,5.49E+06,0,0,0,2.5,1.8,1.5,8,vtype0
64,flow0.18,646852,5.49E+06,0,0.000213316,-0.000263992,2.5,1.8,1.5,8,vtype0
64,flow0.2,646880,5.49E+06,0,0,0,2.5,1.8,1.5,8,vtype0
64,flow0.3,646884,5.49E+06,0,0,0,2.5,1.8,1.5,8,vtype0
64,flow0.4,646889,5.49E+06,0,0,0,2.5,1.8,1.5,8,vtype0
64,flow0.5,646890,5.49E+06,0,0,0,2.5,1.8,1.5,8,vtype0
64,flow0.6,646887,5.49E+06,0,0,0,2.5,1.8,1.5,8,vtype0
64,flow0.7,646880,5.49E+06,0,0,0,2.5,1.8,1.5,8,vtype0
64,flow0.8,646878,5.49E+06,0,0,0,2.5,1.8,1.5,8,vtype0
64,flow0.9,646875,5.49E+06,0,0,0,2.5,1.8,1.5,8,vtype0
65,flow0.0,646842,5.49E+06,0,0.0001,0,2.5,1.8,1.5,8,vtype0
65,flow0.1,646877,5.49E+06,0,0,0,2.5,1.8,1.5,8,vtype0
65,flow0.10,646872,5.49E+06,0,0,0,2.5,1.8,1.5,8,vtype0
65,flow0.11,646856,5.49E+06,0,0,0,2.5,1.8,1.5,9,vtype0
65,flow0.12,646838,5.49E+06,0,0,0,2.5,1.8,1.5,9,vtype0
65,flow0.13,646813,5.49E+06,0,0,0,2.5,1.8,1.5,8,vtype0
65,flow0.14,646783,5.49E+06,0,0,0,2.5,1.8,1.5,8,vtype0
65,flow0.15,646786,5.49E+06,0,0,0,2.5,1.8,1.5,10,vtype0
65,flow0.16,646816,5.49E+06,0,0,0,2.5,1.8,1.5,10,vtype0
65,flow0.17,646848,5.49E+06,0,0,0,2.5,1.8,1.5,8,vtype0
65,flow0.18,646852,5.49E+06,0,7.89E-05,-8.93E-05,2.5,1.8,1.5,8,vtype0
65,flow0.2,646880,5.49E+06,0,0,0,2.5,1.8,1.5,8,vtype0
65,flow0.3,646884,5.49E+06,0,0,0,2.5,1.8,1.5,8,vtype0
65,flow0.4,646889,5.49E+06,0,0,0,2.5,1.8,1.5,8,vtype0
65,flow0.5,646890,5.49E+06,0,0,0,2.5,1.8,1.5,8,vtype0
65,flow0.6,646887,5.49E+06,0,0,0,2.5,1.8,1.5,8,vtype0
65,flow0.7,646880,5.49E+06,0,0,0,2.5,1.8,1.5,8,vtype0
65,flow0.8,646878,5.49E+06,0,0,0,2.5,1.8,1.5,8,vtype0
65,flow0.9,646875,5.49E+06,0,0,0,2.5,1.8,1.5,8,vtype0
66,flow0.0,646842,5.49E+06,0,0.0001,0,2.5,1.8,1.5,8,vtype0
66,flow0.1,646877,5.49E+06,0,0,0,2.5,1.8,1.5,8,vtype0
66,flow0.10,646872,5.49E+06,0,0,0,2.5,1.8,1.5,8,vtype0
66,flow0.11,646856,5.49E+06,0,0,0,2.5,1.8,1.5,9,vtype0
66,flow0.12,646838,5.49E+06,0,0,0,2.5,1.8,1.5,9,vtype0
66,flow0.13,646813,5.49E+06,0,0,0,2.5,1.8,1.5,8,vtype0
66,flow0.14,646783,5.49E+06,0,0,0,2.5,1.8,1.5,8,vtype0
66,flow0.15,646786,5.49E+06,0,0,0,2.5,1.8,1.5,10,vtype0
66,flow0.16,646816,5.49E+06,0,0,0,2.5,1.8,1.5,10,vtype0
66,flow0.17,646848,5.49E+06,0,0,0,2.5,1.8,1.5,8,vtype0
66,flow0.18,646852,5.49E+06,0,2.77E-05,-2.96E-05,2.5,1.8,1.5,8,vtype0
66,flow0.2,646880,5.49E+06,0,0,0,2.5,1.8,1.5,8,vtype0
66,flow0.3,646884,5.49E+06,0,0,0,2.5,1.8,1.5,8,vtype0
66,flow0.4,646889,5.49E+06,0,0,0,2.5,1.8,1.5,8,vtype0
66,flow0.5,646890,5.49E+06,0,0,0,2.5,1.8,1.5,8,vtype0
66,flow0.6,646887,5.49E+06,0,0,0,2.5,1.8,1.5,8,vtype0
66,flow0.7,646880,5.49E+06,0,0,0,2.5,1.8,1.5,8,vtype0
66,flow0.8,646878,5.49E+06,0,0,0,2.5,1.8,1.5,8,vtype0
66,flow0.9,646875,5.49E+06,0,0,0,2.5,1.8,1.5,8,vtype0
67,flow0.0,646842,5.49E+06,0,0.0001,0,2.5,1.8,1.5,8,vtype0
67,flow0.1,646877,5.49E+06,0,0,0,2.5,1.8,1.5,8,vtype0
67,flow0.10,646872,5.49E+06,0,0,0,2.5,1.8,1.5,8,vtype0
67,flow0.11,646856,5.49E+06,0,0,0,2.5,1.8,1.5,9,vtype0
67,flow0.12,646838,5.49E+06,0,0,0,2.5,1.8,1.5,9,vtype0
67,flow0.13,646813,5.49E+06,0,0,0,2.5,1.8,1.5,8,vtype0
67,flow0.14,646783,5.49E+06,0,0,0,2.5,1.8,1.5,8,vtype0
67,flow0.15,646786,5.49E+06,0,0,0,2.5,1.8,1.5,10,vtype0
67,flow0.16,646816,5.49E+06,0,0,0,2.5,1.8,1.5,10,vtype0
67,flow0.17,646848,5.49E+06,0,0,0,2.5,1.8,1.5,8,vtype0
67,flow0.18,646852,5.49E+06,0,1.02E-05,-9.43E-06,2.5,1.8,1.5,8,vtype0
67,flow0.2,646880,5.49E+06,0,0,0,2.5,1.8,1.5,8,vtype0
67,flow0.3,646884,5.49E+06,0,0,0,2.5,1.8,1.5,8,vtype0
67,flow0.4,646889,5.49E+06,0,0,0,2.5,1.8,1.5,8,vtype0
67,flow0.5,646890,5.49E+06,0,0,0,2.5,1.8,1.5,8,vtype0
67,flow0.6,646887,5.49E+06,0,0,0,2.5,1.8,1.5,8,vtype0
67,flow0.7,646880,5.49E+06,0,0,0,2.5,1.8,1.5,8,vtype0
67,flow0.8,646878,5.49E+06,0,0,0,2.5,1.8,1.5,8,vtype0
67,flow0.9,646875,5.49E+06,0,0,0,2.5,1.8,1.5,8,vtype0
68,flow0.0,646842,5.49E+06,0,0.0001,0,2.5,1.8,1.5,8,vtype0
68,flow0.1,646877,5.49E+06,0,0,0,2.5,1.8,1.5,8,vtype0
68,flow0.10,646872,5.49E+06,0,0,0,2.5,1.8,1.5,8,vtype0
68,flow0.11,646856,5.49E+06,0,0,0,2.5,1.8,1.5,9,vtype0
68,flow0.12,646838,5.49E+06,0,0,0,2.5,1.8,1.5,9,vtype0
68,flow0.13,646813,5.49E+06,0,0,0,2.5,1.8,1.5,8,vtype0
68,flow0.14,646783,5.49E+06,0,0,0,2.5,1.8,1.5,8,vtype0
68,flow0.15,646786,5.49E+06,0,0,0,2.5,1.8,1.5,10,vtype0
68,flow0.16,646816,5.49E+06,0,0,0,2.5,1.8,1.5,10,vtype0
68,flow0.17,646848,5.49E+06,0,0,0,2.5,1.8,1.5,8,vtype0
68,flow0.18,646852,5.49E+06,0,0,0,2.5,1.8,1.5,8,vtype0
68,flow0.2,646880,5.49E+06,0,0,0,2.5,1.8,1.5,8,vtype0
68,flow0.3,646884,5.49E+06,0,0,0,2.5,1.8,1.5,8,vtype0
68,flow0.4,646889,5.49E+06,0,0,0,2.5,1.8,1.5,8,vtype0
68,flow0.5,646890,5.49E+06,0,0,0,2.5,1.8,1.5,8,vtype0
68,flow0.6,646887,5.49E+06,0,0,0,2.5,1.8,1.5,8,vtype0
68,flow0.7,646880,5.49E+06,0,0,0,2.5,1.8,1.5,8,vtype0
68,flow0.8,646878,5.49E+06,0,0,0,2.5,1.8,1.5,8,vtype0
68,flow0.9,646875,5.49E+06,0,0,0,2.5,1.8,1.5,8,vtype0
69,flow0.0,646842,5.49E+06,0,0.0001,0,2.5,1.8,1.5,8,vtype0
69,flow0.1,646877,5.49E+06,0,0,0,2.5,1.8,1.5,8,vtype0
69,flow0.10,646872,5.49E+06,0,0,0,2.5,1.8,1.5,8,vtype0
69,flow0.11,646856,5.49E+06,0,0,0,2.5,1.8,1.5,9,vtype0
69,flow0.12,646838,5.49E+06,0,0,0,2.5,1.8,1.5,9,vtype0
69,flow0.13,646813,5.49E+06,0,0,0,2.5,1.8,1.5,8,vtype0
69,flow0.14,646783,5.49E+06,0,0,0,2.5,1.8,1.5,8,vtype0
69,flow0.15,646786,5.49E+06,0,0,0,2.5,1.8,1.5,10,vtype0
69,flow0.16,646816,5.49E+06,0,0,0,2.5,1.8,1.5,10,vtype0
69,flow0.17,646848,5.49E+06,0,0,0,2.5,1.8,1.5,8,vtype0
69,flow0.18,646852,5.49E+06,0,0,0,2.5,1.8,1.5,8,vtype0
69,flow0.2,646880,5.49E+06,0,0,0,2.5,1.8,1.5,8,vtype0
69,flow0.3,646884,5.49E+06,0,0,0,2.5,1.8,1.5,8,vtype0
69,flow0.4,646889,5.49E+06,0,0,0,2.5,1.8,1.5,8,vtype0
69,flow0.5,646890,5.49E+06,0,0,0,2.5,1.8,1.5,8,vtype0
69,flow0.6,646887,5.49E+06,0,0,0,2.5,1.8,1.5,8,vtype0
69,flow0.7,646880,5.49E+06,0,0,0,2.5,1.8,1.5,8,vtype0
69,flow0.8,646878,5.49E+06,0,0,0,2.5,1.8,1.5,8,vtype0
69,flow0.9,646875,5.49E+06,0,0,0,2.5,1.8,1.5,8,vtype0
70,flow0.0,646842,5.49E+06,0,0.0001,0,2.5,1.8,1.5,8,vtype0
70,flow0.1,646877,5.49E+06,0,0,0,2.5,1.8,1.5,8,vtype0
70,flow0.10,646872,5.49E+06,0,0,0,2.5,1.8,1.5,8,vtype0
70,flow0.11,646856,5.49E+06,0,0,0,2.5,1.8,1.5,9,vtype0
70,flow0.12,646838,5.49E+06,0,0,0,2.5,1.8,1.5,9,vtype0
70,flow0.13,646813,5.49E+06,0,0,0,2.5,1.8,1.5,8,vtype0
70,flow0.14,646783,5.49E+06,0,0,0,2.5,1.8,1.5,8,vtype0
70,flow0.15,646786,5.49E+06,0,0,0,2.5,1.8,1.5,10,vtype0
70,flow0.16,646816,5.49E+06,0,0,0,2.5,1.8,1.5,10,vtype0
70,flow0.17,646848,5.49E+06,0,0,0,2.5,1.8,1.5,8,vtype0
70,flow0.18,646852,5.49E+06,0,0,0,2.5,1.8,1.5,8,vtype0
70,flow0.2,646880,5.49E+06,0,0,0,2.5,1.8,1.5,8,vtype0
70,flow0.3,646884,5.49E+06,0,0,0,2.5,1.8,1.5,8,vtype0
70,flow0.4,646889,5.49E+06,0,0,0,2.5,1.8,1.5,8,vtype0
70,flow0.5,646890,5.49E+06,0,0,0,2.5,1.8,1.5,8,vtype0
70,flow0.6,646887,5.49E+06,0,0,0,2.5,1.8,1.5,8,vtype0
70,flow0.7,646880,5.49E+06,0,0,0,2.5,1.8,1.5,8,vtype0
70,flow0.8,646878,5.49E+06,0,0,0,2.5,1.8,1.5,8,vtype0
70,flow0.9,646875,5.49E+06,0,0,0,2.5,1.8,1.5,8,vtype0
71,flow0.0,646842,5.49E+06,0,0.0001,0,2.5,1.8,1.5,8,vtype0
71,flow0.1,646877,5.49E+06,0,0,0,2.5,1.8,1.5,8,vtype0
71,flow0.10,646872,5.49E+06,0,0,0,2.5,1.8,1.5,8,vtype0
71,flow0.11,646856,5.49E+06,0,0,0,2.5,1.8,1.5,9,vtype0
71,flow0.12,646838,5.49E+06,0,0,0,2.5,1.8,1.5,9,vtype0
71,flow0.13,646813,5.49E+06,0,0,0,2.5,1.8,1.5,8,vtype0
71,flow0.14,646783,5.49E+06,0,0,0,2.5,1.8,1.5,8,vtype0
71,flow0.15,646786,5.49E+06,0,0,0,2.5,1.8,1.5,10,vtype0
71,flow0.16,646816,5.49E+06,0,0,0,2.5,1.8,1.5,10,vtype0
71,flow0.17,646848,5.49E+06,0,0,0,2.5,1.8,1.5,8,vtype0
71,flow0.18,646852,5.49E+06,0,0,0,2.5,1.8,1.5,8,vtype0
71,flow0.2,646880,5.49E+06,0,0,0,2.5,1.8,1.5,8,vtype0
71,flow0.3,646884,5.49E+06,0,0,0,2.5,1.8,1.5,8,vtype0
71,flow0.4,646889,5.49E+06,0,0,0,2.5,1.8,1.5,8,vtype0
71,flow0.5,646890,5.49E+06,0,0,0,2.5,1.8,1.5,8,vtype0
71,flow0.6,646887,5.49E+06,0,0,0,2.5,1.8,1.5,8,vtype0
71,flow0.7,646880,5.49E+06,0,0,0,2.5,1.8,1.5,8,vtype0
71,flow0.8,646878,5.49E+06,0,0,0,2.5,1.8,1.5,8,vtype0
71,flow0.9,646875,5.49E+06,0,0,0,2.5,1.8,1.5,8,vtype0
72,flow0.0,646842,5.49E+06,0,0.0001,0,2.5,1.8,1.5,8,vtype0
72,flow0.1,646877,5.49E+06,0,0,0,2.5,1.8,1.5,8,vtype0
72,flow0.10,646872,5.49E+06,0,0,0,2.5,1.8,1.5,8,vtype0
72,flow0.11,646856,5.49E+06,0,0,0,2.5,1.8,1.5,9,vtype0
72,flow0.12,646838,5.49E+06,0,0,0,2.5,1.8,1.5,9,vtype0
72,flow0.13,646813,5.49E+06,0,0,0,2.5,1.8,1.5,8,vtype0
72,flow0.14,646783,5.49E+06,0,0,0,2.5,1.8,1.5,8,vtype0
72,flow0.15,646786,5.49E+06,0,0,0,2.5,1.8,1.5,10,vtype0
72,flow0.16,646816,5.49E+06,0,0,0,2.5,1.8,1.5,10,vtype0
72,flow0.17,646848,5.49E+06,0,0,0,2.5,1.8,1.5,8,vtype0
72,flow0.18,646852,5.49E+06,0,0,0,2.5,1.8,1.5,8,vtype0
72,flow0.2,646880,5.49E+06,0,0,0,2.5,1.8,1.5,8,vtype0
72,flow0.3,646884,5.49E+06,0,0,0,2.5,1.8,1.5,8,vtype0
72,flow0.4,646889,5.49E+06,0,0,0,2.5,1.8,1.5,8,vtype0
72,flow0.5,646890,5.49E+06,0,0,0,2.5,1.8,1.5,8,vtype0
72,flow0.6,646887,5.49E+06,0,0,0,2.5,1.8,1.5,8,vtype0
72,flow0.7,646880,5.49E+06,0,0,0,2.5,1.8,1.5,8,vtype0
72,flow0.8,646878,5.49E+06,0,0,0,2.5,1.8,1.5,8,vtype0
72,flow0.9,646875,5.49E+06,0,0,0,2.5,1.8,1.5,8,vtype0
73,flow0.0,646842,5.49E+06,0,0.0001,0,2.5,1.8,1.5,8,vtype0
73,flow0.1,646877,5.49E+06,0,0,0,2.5,1.8,1.5,8,vtype0
73,flow0.10,646872,5.49E+06,0,0,0,2.5,1.8,1.5,8,vtype0
73,flow0.11,646856,5.49E+06,0,0,0,2.5,1.8,1.5,9,vtype0
73,flow0.12,646838,5.49E+06,0,0,0,2.5,1.8,1.5,9,vtype0
73,flow0.13,646813,5.49E+06,0,0,0,2.5,1.8,1.5,8,vtype0
73,flow0.14,646783,5.49E+06,0,0,0,2.5,1.8,1.5,8,vtype0
73,flow0.15,646786,5.49E+06,0,0,0,2.5,1.8,1.5,10,vtype0
73,flow0.16,646816,5.49E+06,0,0,0,2.5,1.8,1.5,10,vtype0
73,flow0.17,646848,5.49E+06,0,0,0,2.5,1.8,1.5,8,vtype0
73,flow0.18,646852,5.49E+06,0,0,0,2.5,1.8,1.5,8,vtype0
73,flow0.2,646880,5.49E+06,0,0,0,2.5,1.8,1.5,8,vtype0
73,flow0.3,646884,5.49E+06,0,0,0,2.5,1.8,1.5,8,vtype0
73,flow0.4,646889,5.49E+06,0,0,0,2.5,1.8,1.5,8,vtype0
73,flow0.5,646890,5.49E+06,0,0,0,2.5,1.8,1.5,8,vtype0
73,flow0.6,646887,5.49E+06,0,0,0,2.5,1.8,1.5,8,vtype0
73,flow0.7,646880,5.49E+06,0,0,0,2.5,1.8,1.5,8,vtype0
73,flow0.8,646878,5.49E+06,0,0,0,2.5,1.8,1.5,8,vtype0
73,flow0.9,646875,5.49E+06,0,0,0,2.5,1.8,1.5,8,vtype0
74,flow0.0,646842,5.49E+06,0,0.0001,0,2.5,1.8,1.5,8,vtype0
74,flow0.1,646877,5.49E+06,0,0,0,2.5,1.8,1.5,8,vtype0
74,flow0.10,646872,5.49E+06,0,0,0,2.5,1.8,1.5,8,vtype0
74,flow0.11,646856,5.49E+06,0,0,0,2.5,1.8,1.5,9,vtype0
74,flow0.12,646838,5.49E+06,0,0,0,2.5,1.8,1.5,9,vtype0
74,flow0.13,646813,5.49E+06,0,0,0,2.5,1.8,1.5,8,vtype0
74,flow0.14,646783,5.49E+06,0,0,0,2.5,1.8,1.5,8,vtype0
74,flow0.15,646786,5.49E+06,0,0,0,2.5,1.8,1.5,10,vtype0
74,flow0.16,646816,5.49E+06,0,0,0,2.5,1.8,1.5,10,vtype0
74,flow0.17,646848,5.49E+06,0,0,0,2.5,1.8,1.5,8,vtype0
74,flow0.18,646852,5.49E+06,0,0,0,2.5,1.8,1.5,8,vtype0
74,flow0.2,646880,5.49E+06,0,0,0,2.5,1.8,1.5,8,vtype0
74,flow0.3,646884,5.49E+06,0,0,0,2.5,1.8,1.5,8,vtype0
74,flow0.4,646889,5.49E+06,0,0,0,2.5,1.8,1.5,8,vtype0
74,flow0.5,646890,5.49E+06,0,0,0,2.5,1.8,1.5,8,vtype0
74,flow0.6,646887,5.49E+06,0,0,0,2.5,1.8,1.5,8,vtype0
74,flow0.7,646880,5.49E+06,0,0,0,2.5,1.8,1.5,8,vtype0
74,flow0.8,646878,5.49E+06,0,0,0,2.5,1.8,1.5,8,vtype0
74,flow0.9,646875,5.49E+06,0,0,0,2.5,1.8,1.5,8,vtype0
75,flow0.0,646842,5.49E+06,0,0.0001,0,2.5,1.8,1.5,8,vtype0
75,flow0.1,646877,5.49E+06,0,0,0,2.5,1.8,1.5,8,vtype0
75,flow0.10,646872,5.49E+06,0,0,0,2.5,1.8,1.5,8,vtype0
75,flow0.11,646856,5.49E+06,0,0,0,2.5,1.8,1.5,9,vtype0
75,flow0.12,646838,5.49E+06,0,0,0,2.5,1.8,1.5,9,vtype0
75,flow0.13,646813,5.49E+06,0,0,0,2.5,1.8,1.5,8,vtype0
75,flow0.14,646783,5.49E+06,0,0,0,2.5,1.8,1.5,8,vtype0
75,flow0.15,646786,5.49E+06,0,0,0,2.5,1.8,1.5,10,vtype0
75,flow0.16,646816,5.49E+06,0,0,0,2.5,1.8,1.5,10,vtype0
75,flow0.17,646848,5.49E+06,0,0,0,2.5,1.8,1.5,8,vtype0
75,flow0.18,646852,5.49E+06,0,0,0,2.5,1.8,1.5,8,vtype0
75,flow0.2,646880,5.49E+06,0,0,0,2.5,1.8,1.5,8,vtype0
75,flow0.3,646884,5.49E+06,0,0,0,2.5,1.8,1.5,8,vtype0
75,flow0.4,646889,5.49E+06,0,0,0,2.5,1.8,1.5,8,vtype0
75,flow0.5,646890,5.49E+06,0,0,0,2.5,1.8,1.5,8,vtype0
75,flow0.6,646887,5.49E+06,0,0,0,2.5,1.8,1.5,8,vtype0
75,flow0.7,646880,5.49E+06,0,0,0,2.5,1.8,1.5,8,vtype0
75,flow0.8,646878,5.49E+06,0,0,0,2.5,1.8,1.5,8,vtype0
75,flow0.9,646875,5.49E+06,0,0,0,2.5,1.8,1.5,8,vtype0
76,flow0.0,646842,5.49E+06,0,0.0001,0,2.5,1.8,1.5,8,vtype0
76,flow0.1,646877,5.49E+06,0,0,0,2.5,1.8,1.5,8,vtype0
76,flow0.10,646872,5.49E+06,0,0,0,2.5,1.8,1.5,8,vtype0
76,flow0.11,646856,5.49E+06,0,0,0,2.5,1.8,1.5,9,vtype0
76,flow0.12,646838,5.49E+06,0,0,0,2.5,1.8,1.5,9,vtype0
76,flow0.13,646813,5.49E+06,0,0,0,2.5,1.8,1.5,8,vtype0
76,flow0.14,646783,5.49E+06,0,0,0,2.5,1.8,1.5,8,vtype0
76,flow0.15,646786,5.49E+06,0,0,0,2.5,1.8,1.5,10,vtype0
76,flow0.16,646816,5.49E+06,0,0,0,2.5,1.8,1.5,10,vtype0
76,flow0.17,646848,5.49E+06,0,0,0,2.5,1.8,1.5,8,vtype0
76,flow0.18,646852,5.49E+06,0,0,0,2.5,1.8,1.5,8,vtype0
76,flow0.2,646880,5.49E+06,0,0,0,2.5,1.8,1.5,8,vtype0
76,flow0.3,646884,5.49E+06,0,0,0,2.5,1.8,1.5,8,vtype0
76,flow0.4,646889,5.49E+06,0,0,0,2.5,1.8,1.5,8,vtype0
76,flow0.5,646890,5.49E+06,0,0,0,2.5,1.8,1.5,8,vtype0
76,flow0.6,646887,5.49E+06,0,0,0,2.5,1.8,1.5,8,vtype0
76,flow0.7,646880,5.49E+06,0,0,0,2.5,1.8,1.5,8,vtype0
76,flow0.8,646878,5.49E+06,0,0,0,2.5,1.8,1.5,8,vtype0
76,flow0.9,646875,5.49E+06,0,0,0,2.5,1.8,1.5,8,vtype0
77,flow0.0,646842,5.49E+06,0,0.0001,0,2.5,1.8,1.5,8,vtype0
77,flow0.1,646877,5.49E+06,0,0,0,2.5,1.8,1.5,8,vtype0
77,flow0.10,646872,5.49E+06,0,0,0,2.5,1.8,1.5,8,vtype0
77,flow0.11,646856,5.49E+06,0,0,0,2.5,1.8,1.5,9,vtype0
77,flow0.12,646838,5.49E+06,0,0,0,2.5,1.8,1.5,9,vtype0
77,flow0.13,646813,5.49E+06,0,0,0,2.5,1.8,1.5,8,vtype0
77,flow0.14,646783,5.49E+06,0,0,0,2.5,1.8,1.5,8,vtype0
77,flow0.15,646786,5.49E+06,0,0,0,2.5,1.8,1.5,10,vtype0
77,flow0.16,646816,5.49E+06,0,0,0,2.5,1.8,1.5,10,vtype0
77,flow0.17,646848,5.49E+06,0,0,0,2.5,1.8,1.5,8,vtype0
77,flow0.18,646852,5.49E+06,0,0,0,2.5,1.8,1.5,8,vtype0
77,flow0.2,646880,5.49E+06,0,0,0,2.5,1.8,1.5,8,vtype0
77,flow0.3,646884,5.49E+06,0,0,0,2.5,1.8,1.5,8,vtype0
77,flow0.4,646889,5.49E+06,0,0,0,2.5,1.8,1.5,8,vtype0
77,flow0.5,646890,5.49E+06,0,0,0,2.5,1.8,1.5,8,vtype0
77,flow0.6,646887,5.49E+06,0,0,0,2.5,1.8,1.5,8,vtype0
77,flow0.7,646880,5.49E+06,0,0,0,2.5,1.8,1.5,8,vtype0
77,flow0.8,646878,5.49E+06,0,0,0,2.5,1.8,1.5,8,vtype0
77,flow0.9,646875,5.49E+06,0,0,0,2.5,1.8,1.5,8,vtype0
78,flow0.0,646842,5.49E+06,0,0.0001,0,2.5,1.8,1.5,8,vtype0
78,flow0.1,646877,5.49E+06,0,0,0,2.5,1.8,1.5,8,vtype0
78,flow0.10,646872,5.49E+06,0,0,0,2.5,1.8,1.5,8,vtype0
78,flow0.11,646856,5.49E+06,0,0,0,2.5,1.8,1.5,9,vtype0
78,flow0.12,646838,5.49E+06,0,0,0,2.5,1.8,1.5,9,vtype0
78,flow0.13,646813,5.49E+06,0,0,0,2.5,1.8,1.5,8,vtype0
78,flow0.14,646783,5.49E+06,0,0,0,2.5,1.8,1.5,8,vtype0
78,flow0.15,646786,5.49E+06,0,0,0,2.5,1.8,1.5,10,vtype0
78,flow0.16,646816,5.49E+06,0,0,0,2.5,1.8,1.5,10,vtype0
78,flow0.17,646848,5.49E+06,0,0,0,2.5,1.8,1.5,8,vtype0
78,flow0.18,646852,5.49E+06,0,0,0,2.5,1.8,1.5,8,vtype0
78,flow0.2,646880,5.49E+06,0,0,0,2.5,1.8,1.5,8,vtype0
78,flow0.3,646884,5.49E+06,0,0,0,2.5,1.8,1.5,8,vtype0
78,flow0.4,646889,5.49E+06,0,0,0,2.5,1.8,1.5,8,vtype0
78,flow0.5,646890,5.49E+06,0,0,0,2.5,1.8,1.5,8,vtype0
78,flow0.6,646887,5.49E+06,0,0,0,2.5,1.8,1.5,8,vtype0
78,flow0.7,646880,5.49E+06,0,0,0,2.5,1.8,1.5,8,vtype0
78,flow0.8,646878,5.49E+06,0,0,0,2.5,1.8,1.5,8,vtype0
78,flow0.9,646875,5.49E+06,0,0,0,2.5,1.8,1.5,8,vtype0
79,flow0.0,646842,5.49E+06,0,0.0001,0,2.5,1.8,1.5,8,vtype0
79,flow0.1,646877,5.49E+06,0,0,0,2.5,1.8,1.5,8,vtype0
79,flow0.10,646872,5.49E+06,0,0,0,2.5,1.8,1.5,8,vtype0
79,flow0.11,646856,5.49E+06,0,0,0,2.5,1.8,1.5,9,vtype0
79,flow0.12,646838,5.49E+06,0,0,0,2.5,1.8,1.5,9,vtype0
79,flow0.13,646813,5.49E+06,0,0,0,2.5,1.8,1.5,8,vtype0
79,flow0.14,646783,5.49E+06,0,0,0,2.5,1.8,1.5,8,vtype0
79,flow0.15,646786,5.49E+06,0,0,0,2.5,1.8,1.5,10,vtype0
79,flow0.16,646816,5.49E+06,0,0,0,2.5,1.8,1.5,10,vtype0
79,flow0.17,646848,5.49E+06,0,0,0,2.5,1.8,1.5,8,vtype0
79,flow0.18,646852,5.49E+06,0,0,0,2.5,1.8,1.5,8,vtype0
79,flow0.2,646880,5.49E+06,0,0,0,2.5,1.8,1.5,8,vtype0
79,flow0.3,646884,5.49E+06,0,0,0,2.5,1.8,1.5,8,vtype0
79,flow0.4,646889,5.49E+06,0,0,0,2.5,1.8,1.5,8,vtype0
79,flow0.5,646890,5.49E+06,0,0,0,2.5,1.8,1.5,8,vtype0
79,flow0.6,646887,5.49E+06,0,0,0,2.5,1.8,1.5,8,vtype0
79,flow0.7,646880,5.49E+06,0,0,0,2.5,1.8,1.5,8,vtype0
79,flow0.8,646878,5.49E+06,0,0,0,2.5,1.8,1.5,8,vtype0
79,flow0.9,646875,5.49E+06,0,0,0,2.5,1.8,1.5,8,vtype0
80,flow0.0,646842,5.49E+06,0,0.0001,0,2.5,1.8,1.5,8,vtype0
80,flow0.1,646877,5.49E+06,0,0,0,2.5,1.8,1.5,8,vtype0
80,flow0.10,646872,5.49E+06,0,0,0,2.5,1.8,1.5,8,vtype0
80,flow0.11,646856,5.49E+06,0,0,0,2.5,1.8,1.5,9,vtype0
80,flow0.12,646838,5.49E+06,0,0,0,2.5,1.8,1.5,9,vtype0
80,flow0.13,646813,5.49E+06,0,0,0,2.5,1.8,1.5,8,vtype0
80,flow0.14,646783,5.49E+06,0,0,0,2.5,1.8,1.5,8,vtype0
80,flow0.15,646786,5.49E+06,0,0,0,2.5,1.8,1.5,10,vtype0
80,flow0.16,646816,5.49E+06,0,0,0,2.5,1.8,1.5,10,vtype0
80,flow0.17,646848,5.49E+06,0,0,0,2.5,1.8,1.5,8,vtype0
80,flow0.18,646852,5.49E+06,0,0,0,2.5,1.8,1.5,8,vtype0
80,flow0.2,646880,5.49E+06,0,0,0,2.5,1.8,1.5,8,vtype0
80,flow0.3,646884,5.49E+06,0,0,0,2.5,1.8,1.5,8,vtype0
80,flow0.4,646889,5.49E+06,0,0,0,2.5,1.8,1.5,8,vtype0
80,flow0.5,646890,5.49E+06,0,0,0,2.5,1.8,1.5,8,vtype0
80,flow0.6,646887,5.49E+06,0,0,0,2.5,1.8,1.5,8,vtype0
80,flow0.7,646880,5.49E+06,0,0,0,2.5,1.8,1.5,8,vtype0
80,flow0.8,646878,5.49E+06,0,0,0,2.5,1.8,1.5,8,vtype0
80,flow0.9,646875,5.49E+06,0,0,0,2.5,1.8,1.5,8,vtype0
81,flow0.0,646842,5.49E+06,0,0.0001,0,2.5,1.8,1.5,8,vtype0
81,flow0.1,646877,5.49E+06,0,0,0,2.5,1.8,1.5,8,vtype0
81,flow0.10,646872,5.49E+06,0,0,0,2.5,1.8,1.5,8,vtype0
81,flow0.11,646856,5.49E+06,0,0,0,2.5,1.8,1.5,9,vtype0
81,flow0.12,646838,5.49E+06,0,0,0,2.5,1.8,1.5,9,vtype0
81,flow0.13,646813,5.49E+06,0,0,0,2.5,1.8,1.5,8,vtype0
81,flow0.14,646783,5.49E+06,0,0,0,2.5,1.8,1.5,8,vtype0
81,flow0.15,646786,5.49E+06,0,0,0,2.5,1.8,1.5,10,vtype0
81,flow0.16,646816,5.49E+06,0,0,0,2.5,1.8,1.5,10,vtype0
81,flow0.17,646848,5.49E+06,0,0,0,2.5,1.8,1.5,8,vtype0
81,flow0.18,646852,5.49E+06,0,0,0,2.5,1.8,1.5,8,vtype0
81,flow0.2,646880,5.49E+06,0,0,0,2.5,1.8,1.5,8,vtype0
81,flow0.3,646884,5.49E+06,0,0,0,2.5,1.8,1.5,8,vtype0
81,flow0.4,646889,5.49E+06,0,0,0,2.5,1.8,1.5,8,vtype0
81,flow0.5,646890,5.49E+06,0,0,0,2.5,1.8,1.5,8,vtype0
81,flow0.6,646887,5.49E+06,0,0,0,2.5,1.8,1.5,8,vtype0
81,flow0.7,646880,5.49E+06,0,0,0,2.5,1.8,1.5,8,vtype0
81,flow0.8,646878,5.49E+06,0,0,0,2.5,1.8,1.5,8,vtype0
81,flow0.9,646875,5.49E+06,0,0,0,2.5,1.8,1.5,8,vtype0
82,flow0.0,646842,5.49E+06,0,0.0001,0,2.5,1.8,1.5,8,vtype0
82,flow0.1,646877,5.49E+06,0,0,0,2.5,1.8,1.5,8,vtype0
82,flow0.10,646872,5.49E+06,0,0,0,2.5,1.8,1.5,8,vtype0
82,flow0.11,646856,5.49E+06,0,0,0,2.5,1.8,1.5,9,vtype0
82,flow0.12,646838,5.49E+06,0,0,0,2.5,1.8,1.5,9,vtype0
82,flow0.13,646813,5.49E+06,0,0,0,2.5,1.8,1.5,8,vtype0
82,flow0.14,646783,5.49E+06,0,0,0,2.5,1.8,1.5,8,vtype0
82,flow0.15,646786,5.49E+06,0,0,0,2.5,1.8,1.5,10,vtype0
82,flow0.16,646816,5.49E+06,0,0,0,2.5,1.8,1.5,10,vtype0
82,flow0.17,646848,5.49E+06,0,0,0,2.5,1.8,1.5,8,vtype0
82,flow0.18,646852,5.49E+06,0,0,0,2.5,1.8,1.5,8,vtype0
82,flow0.2,646880,5.49E+06,0,0,0,2.5,1.8,1.5,8,vtype0
82,flow0.3,646884,5.49E+06,0,0,0,2.5,1.8,1.5,8,vtype0
82,flow0.4,646889,5.49E+06,0,0,0,2.5,1.8,1.5,8,vtype0
82,flow0.5,646890,5.49E+06,0,0,0,2.5,1.8,1.5,8,vtype0
82,flow0.6,646887,5.49E+06,0,0,0,2.5,1.8,1.5,8,vtype0
82,flow0.7,646880,5.49E+06,0,0,0,2.5,1.8,1.5,8,vtype0
82,flow0.8,646878,5.49E+06,0,0,0,2.5,1.8,1.5,8,vtype0
82,flow0.9,646875,5.49E+06,0,0,0,2.5,1.8,1.5,8,vtype0
83,flow0.0,646842,5.49E+06,0,0.0001,0,2.5,1.8,1.5,8,vtype0
83,flow0.1,646877,5.49E+06,0,0,0,2.5,1.8,1.5,8,vtype0
83,flow0.10,646872,5.49E+06,0,0,0,2.5,1.8,1.5,8,vtype0
83,flow0.11,646856,5.49E+06,0,0,0,2.5,1.8,1.5,9,vtype0
83,flow0.12,646838,5.49E+06,0,0,0,2.5,1.8,1.5,9,vtype0
83,flow0.13,646813,5.49E+06,0,0,0,2.5,1.8,1.5,8,vtype0
83,flow0.14,646783,5.49E+06,0,0,0,2.5,1.8,1.5,8,vtype0
83,flow0.15,646786,5.49E+06,0,0,0,2.5,1.8,1.5,10,vtype0
83,flow0.16,646816,5.49E+06,0,0,0,2.5,1.8,1.5,10,vtype0
83,flow0.17,646848,5.49E+06,0,0,0,2.5,1.8,1.5,8,vtype0
83,flow0.18,646852,5.49E+06,0,0,0,2.5,1.8,1.5,8,vtype0
83,flow0.2,646880,5.49E+06,0,0,0,2.5,1.8,1.5,8,vtype0
83,flow0.3,646884,5.49E+06,0,0,0,2.5,1.8,1.5,8,vtype0
83,flow0.4,646889,5.49E+06,0,0,0,2.5,1.8,1.5,8,vtype0
83,flow0.5,646890,5.49E+06,0,0,0,2.5,1.8,1.5,8,vtype0
83,flow0.6,646887,5.49E+06,0,0,0,2.5,1.8,1.5,8,vtype0
83,flow0.7,646880,5.49E+06,0,0,0,2.5,1.8,1.5,8,vtype0
83,flow0.8,646878,5.49E+06,0,0,0,2.5,1.8,1.5,8,vtype0
83,flow0.9,646875,5.49E+06,0,0,0,2.5,1.8,1.5,8,vtype0
84,flow0.0,646842,5.49E+06,0,0.0001,0,2.5,1.8,1.5,8,vtype0
84,flow0.1,646877,5.49E+06,0,0,0,2.5,1.8,1.5,8,vtype0
84,flow0.10,646872,5.49E+06,0,0,0,2.5,1.8,1.5,8,vtype0
84,flow0.11,646856,5.49E+06,0,0,0,2.5,1.8,1.5,9,vtype0
84,flow0.12,646838,5.49E+06,0,0,0,2.5,1.8,1.5,9,vtype0
84,flow0.13,646813,5.49E+06,0,0,0,2.5,1.8,1.5,8,vtype0
84,flow0.14,646783,5.49E+06,0,0,0,2.5,1.8,1.5,8,vtype0
84,flow0.15,646786,5.49E+06,0,0,0,2.5,1.8,1.5,10,vtype0
84,flow0.16,646816,5.49E+06,0,0,0,2.5,1.8,1.5,10,vtype0
84,flow0.17,646848,5.49E+06,0,0,0,2.5,1.8,1.5,8,vtype0
84,flow0.18,646852,5.49E+06,0,0,0,2.5,1.8,1.5,8,vtype0
84,flow0.2,646880,5.49E+06,0,0,0,2.5,1.8,1.5,8,vtype0
84,flow0.3,646884,5.49E+06,0,0,0,2.5,1.8,1.5,8,vtype0
84,flow0.4,646889,5.49E+06,0,0,0,2.5,1.8,1.5,8,vtype0
84,flow0.5,646890,5.49E+06,0,0,0,2.5,1.8,1.5,8,vtype0
84,flow0.6,646887,5.49E+06,0,0,0,2.5,1.8,1.5,8,vtype0
84,flow0.7,646880,5.49E+06,0,0,0,2.5,1.8,1.5,8,vtype0
84,flow0.8,646878,5.49E+06,0,0,0,2.5,1.8,1.5,8,vtype0
84,flow0.9,646875,5.49E+06,0,0,0,2.5,1.8,1.5,8,vtype0
85,flow0.0,646842,5.49E+06,0,0.0001,0,2.5,1.8,1.5,8,vtype0
85,flow0.1,646877,5.49E+06,0,0,0,2.5,1.8,1.5,8,vtype0
85,flow0.10,646872,5.49E+06,0,0,0,2.5,1.8,1.5,8,vtype0
85,flow0.11,646856,5.49E+06,0,0,0,2.5,1.8,1.5,9,vtype0
85,flow0.12,646838,5.49E+06,0,0,0,2.5,1.8,1.5,9,vtype0
85,flow0.13,646813,5.49E+06,0,0,0,2.5,1.8,1.5,8,vtype0
85,flow0.14,646783,5.49E+06,0,0,0,2.5,1.8,1.5,8,vtype0
85,flow0.15,646786,5.49E+06,0,0,0,2.5,1.8,1.5,10,vtype0
85,flow0.16,646816,5.49E+06,0,0,0,2.5,1.8,1.5,10,vtype0
85,flow0.17,646848,5.49E+06,0,0,0,2.5,1.8,1.5,8,vtype0
85,flow0.18,646852,5.49E+06,0,0,0,2.5,1.8,1.5,8,vtype0
85,flow0.2,646880,5.49E+06,0,0,0,2.5,1.8,1.5,8,vtype0
85,flow0.3,646884,5.49E+06,0,0,0,2.5,1.8,1.5,8,vtype0
85,flow0.4,646889,5.49E+06,0,0,0,2.5,1.8,1.5,8,vtype0
85,flow0.5,646890,5.49E+06,0,0,0,2.5,1.8,1.5,8,vtype0
85,flow0.6,646887,5.49E+06,0,0,0,2.5,1.8,1.5,8,vtype0
85,flow0.7,646880,5.49E+06,0,0,0,2.5,1.8,1.5,8,vtype0
85,flow0.8,646878,5.49E+06,0,0,0,2.5,1.8,1.5,8,vtype0
85,flow0.9,646875,5.49E+06,0,0,0,2.5,1.8,1.5,8,vtype0
86,flow0.0,646842,5.49E+06,0,0.0001,0,2.5,1.8,1.5,8,vtype0
86,flow0.1,646877,5.49E+06,0,0,0,2.5,1.8,1.5,8,vtype0
86,flow0.10,646872,5.49E+06,0,0,0,2.5,1.8,1.5,8,vtype0
86,flow0.11,646856,5.49E+06,0,0,0,2.5,1.8,1.5,9,vtype0
86,flow0.12,646838,5.49E+06,0,0,0,2.5,1.8,1.5,9,vtype0
86,flow0.13,646813,5.49E+06,0,0,0,2.5,1.8,1.5,8,vtype0
86,flow0.14,646783,5.49E+06,0,0,0,2.5,1.8,1.5,8,vtype0
86,flow0.15,646786,5.49E+06,0,0,0,2.5,1.8,1.5,10,vtype0
86,flow0.16,646816,5.49E+06,0,0,0,2.5,1.8,1.5,10,vtype0
86,flow0.17,646848,5.49E+06,0,0,0,2.5,1.8,1.5,8,vtype0
86,flow0.18,646852,5.49E+06,0,0,0,2.5,1.8,1.5,8,vtype0
86,flow0.2,646880,5.49E+06,0,0,0,2.5,1.8,1.5,8,vtype0
86,flow0.3,646884,5.49E+06,0,0,0,2.5,1.8,1.5,8,vtype0
86,flow0.4,646889,5.49E+06,0,0,0,2.5,1.8,1.5,8,vtype0
86,flow0.5,646890,5.49E+06,0,0,0,2.5,1.8,1.5,8,vtype0
86,flow0.6,646887,5.49E+06,0,0,0,2.5,1.8,1.5,8,vtype0
86,flow0.7,646880,5.49E+06,0,0,0,2.5,1.8,1.5,8,vtype0
86,flow0.8,646878,5.49E+06,0,0,0,2.5,1.8,1.5,8,vtype0
86,flow0.9,646875,5.49E+06,0,0,0,2.5,1.8,1.5,8,vtype0
87,flow0.0,646842,5.49E+06,0,0.0001,0,2.5,1.8,1.5,8,vtype0
87,flow0.1,646877,5.49E+06,0,0,0,2.5,1.8,1.5,8,vtype0
87,flow0.10,646872,5.49E+06,0,0,0,2.5,1.8,1.5,8,vtype0
87,flow0.11,646856,5.49E+06,0,0,0,2.5,1.8,1.5,9,vtype0
87,flow0.12,646838,5.49E+06,0,0,0,2.5,1.8,1.5,9,vtype0
87,flow0.13,646813,5.49E+06,0,0,0,2.5,1.8,1.5,8,vtype0
87,flow0.14,646783,5.49E+06,0,0,0,2.5,1.8,1.5,8,vtype0
87,flow0.15,646786,5.49E+06,0,0,0,2.5,1.8,1.5,10,vtype0
87,flow0.16,646816,5.49E+06,0,0,0,2.5,1.8,1.5,10,vtype0
87,flow0.17,646848,5.49E+06,0,0,0,2.5,1.8,1.5,8,vtype0
87,flow0.18,646852,5.49E+06,0,0,0,2.5,1.8,1.5,8,vtype0
87,flow0.2,646880,5.49E+06,0,0,0,2.5,1.8,1.5,8,vtype0
87,flow0.3,646884,5.49E+06,0,0,0,2.5,1.8,1.5,8,vtype0
87,flow0.4,646889,5.49E+06,0,0,0,2.5,1.8,1.5,8,vtype0
87,flow0.5,646890,5.49E+06,0,0,0,2.5,1.8,1.5,8,vtype0
87,flow0.6,646887,5.49E+06,0,0,0,2.5,1.8,1.5,8,vtype0
87,flow0.7,646880,5.49E+06,0,0,0,2.5,1.8,1.5,8,vtype0
87,flow0.8,646878,5.49E+06,0,0,0,2.5,1.8,1.5,8,vtype0
87,flow0.9,646875,5.49E+06,0,0,0,2.5,1.8,1.5,8,vtype0
88,flow0.0,646842,5.49E+06,0,0.0001,0,2.5,1.8,1.5,8,vtype0
88,flow0.1,646877,5.49E+06,0,0,0,2.5,1.8,1.5,8,vtype0
88,flow0.10,646872,5.49E+06,0,0,0,2.5,1.8,1.5,8,vtype0
88,flow0.11,646856,5.49E+06,0,0,0,2.5,1.8,1.5,9,vtype0
88,flow0.12,646838,5.49E+06,0,0,0,2.5,1.8,1.5,9,vtype0
88,flow0.13,646813,5.49E+06,0,0,0,2.5,1.8,1.5,8,vtype0
88,flow0.14,646783,5.49E+06,0,0,0,2.5,1.8,1.5,8,vtype0
88,flow0.15,646786,5.49E+06,0,0,0,2.5,1.8,1.5,10,vtype0
88,flow0.16,646816,5.49E+06,0,0,0,2.5,1.8,1.5,10,vtype0
88,flow0.17,646848,5.49E+06,0,0,0,2.5,1.8,1.5,8,vtype0
88,flow0.18,646852,5.49E+06,0,0,0,2.5,1.8,1.5,8,vtype0
88,flow0.2,646880,5.49E+06,0,0,0,2.5,1.8,1.5,8,vtype0
88,flow0.3,646884,5.49E+06,0,0,0,2.5,1.8,1.5,8,vtype0
88,flow0.4,646889,5.49E+06,0,0,0,2.5,1.8,1.5,8,vtype0
88,flow0.5,646890,5.49E+06,0,0,0,2.5,1.8,1.5,8,vtype0
88,flow0.6,646887,5.49E+06,0,0,0,2.5,1.8,1.5,8,vtype0
88,flow0.7,646880,5.49E+06,0,0,0,2.5,1.8,1.5,8,vtype0
88,flow0.8,646878,5.49E+06,0,0,0,2.5,1.8,1.5,8,vtype0
88,flow0.9,646875,5.49E+06,0,0,0,2.5,1.8,1.5,8,vtype0
89,flow0.0,646842,5.49E+06,0,0.0001,0,2.5,1.8,1.5,8,vtype0
89,flow0.1,646877,5.49E+06,0,0,0,2.5,1.8,1.5,8,vtype0
89,flow0.10,646872,5.49E+06,0,0,0,2.5,1.8,1.5,8,vtype0
89,flow0.11,646856,5.49E+06,0,0,0,2.5,1.8,1.5,9,vtype0
89,flow0.12,646838,5.49E+06,0,0,0,2.5,1.8,1.5,9,vtype0
89,flow0.13,646813,5.49E+06,0,0,0,2.5,1.8,1.5,8,vtype0
89,flow0.14,646783,5.49E+06,0,0,0,2.5,1.8,1.5,8,vtype0
89,flow0.15,646786,5.49E+06,0,0,0,2.5,1.8,1.5,10,vtype0
89,flow0.16,646816,5.49E+06,0,0,0,2.5,1.8,1.5,10,vtype0
89,flow0.17,646848,5.49E+06,0,0,0,2.5,1.8,1.5,8,vtype0
89,flow0.18,646852,5.49E+06,0,0,0,2.5,1.8,1.5,8,vtype0
89,flow0.2,646880,5.49E+06,0,0,0,2.5,1.8,1.5,8,vtype0
89,flow0.3,646884,5.49E+06,0,0,0,2.5,1.8,1.5,8,vtype0
89,flow0.4,646889,5.49E+06,0,0,0,2.5,1.8,1.5,8,vtype0
89,flow0.5,646890,5.49E+06,0,0,0,2.5,1.8,1.5,8,vtype0
89,flow0.6,646887,5.49E+06,0,0,0,2.5,1.8,1.5,8,vtype0
89,flow0.7,646880,5.49E+06,0,0,0,2.5,1.8,1.5,8,vtype0
89,flow0.8,646878,5.49E+06,0,0,0,2.5,1.8,1.5,8,vtype0
89,flow0.9,646875,5.49E+06,0,0,0,2.5,1.8,1.5,8,vtype0
90,flow0.0,646842,5.49E+06,0,0.0001,0,2.5,1.8,1.5,8,vtype0
90,flow0.1,646877,5.49E+06,0,0,0,2.5,1.8,1.5,8,vtype0
90,flow0.10,646872,5.49E+06,0,0,0,2.5,1.8,1.5,8,vtype0
90,flow0.11,646856,5.49E+06,0,0,0,2.5,1.8,1.5,9,vtype0
90,flow0.12,646838,5.49E+06,0,0,0,2.5,1.8,1.5,9,vtype0
90,flow0.13,646813,5.49E+06,0,0,0,2.5,1.8,1.5,8,vtype0
90,flow0.14,646783,5.49E+06,0,0,0,2.5,1.8,1.5,8,vtype0
90,flow0.15,646786,5.49E+06,0,0,0,2.5,1.8,1.5,10,vtype0
90,flow0.16,646816,5.49E+06,0,0,0,2.5,1.8,1.5,10,vtype0
90,flow0.17,646848,5.49E+06,0,0,0,2.5,1.8,1.5,8,vtype0
90,flow0.18,646852,5.49E+06,0,0,0,2.5,1.8,1.5,8,vtype0
90,flow0.2,646880,5.49E+06,0,0,0,2.5,1.8,1.5,8,vtype0
90,flow0.3,646884,5.49E+06,0,0,0,2.5,1.8,1.5,8,vtype0
90,flow0.4,646889,5.49E+06,0,0,0,2.5,1.8,1.5,8,vtype0
90,flow0.5,646890,5.49E+06,0,0,0,2.5,1.8,1.5,8,vtype0
90,flow0.6,646887,5.49E+06,0,0,0,2.5,1.8,1.5,8,vtype0
90,flow0.7,646880,5.49E+06,0,0,0,2.5,1.8,1.5,8,vtype0
90,flow0.8,646878,5.49E+06,0,0,0,2.5,1.8,1.5,8,vtype0
90,flow0.9,646875,5.49E+06,0,0,0,2.5,1.8,1.5,8,vtype0
91,flow0.0,646842,5.49E+06,0,0.0001,0,2.5,1.8,1.5,8,vtype0
91,flow0.1,646877,5.49E+06,0,0,0,2.5,1.8,1.5,8,vtype0
91,flow0.10,646872,5.49E+06,0,0,0,2.5,1.8,1.5,8,vtype0
91,flow0.11,646856,5.49E+06,0,0,0,2.5,1.8,1.5,9,vtype0
91,flow0.12,646838,5.49E+06,0,0,0,2.5,1.8,1.5,9,vtype0
91,flow0.13,646813,5.49E+06,0,0,0,2.5,1.8,1.5,8,vtype0
91,flow0.14,646783,5.49E+06,0,0,0,2.5,1.8,1.5,8,vtype0
91,flow0.15,646786,5.49E+06,0,0,0,2.5,1.8,1.5,10,vtype0
91,flow0.16,646816,5.49E+06,0,0,0,2.5,1.8,1.5,10,vtype0
91,flow0.17,646848,5.49E+06,0,0,0,2.5,1.8,1.5,8,vtype0
91,flow0.18,646852,5.49E+06,0,0,0,2.5,1.8,1.5,8,vtype0
91,flow0.2,646880,5.49E+06,0,0,0,2.5,1.8,1.5,8,vtype0
91,flow0.3,646884,5.49E+06,0,0,0,2.5,1.8,1.5,8,vtype0
91,flow0.4,646889,5.49E+06,0,0,0,2.5,1.8,1.5,8,vtype0
91,flow0.5,646890,5.49E+06,0,0,0,2.5,1.8,1.5,8,vtype0
91,flow0.6,646887,5.49E+06,0,0,0,2.5,1.8,1.5,8,vtype0
91,flow0.7,646880,5.49E+06,0,0,0,2.5,1.8,1.5,8,vtype0
91,flow0.8,646878,5.49E+06,0,0,0,2.5,1.8,1.5,8,vtype0
91,flow0.9,646875,5.49E+06,0,0,0,2.5,1.8,1.5,8,vtype0
92,flow0.0,646842,5.49E+06,0,0.0001,0,2.5,1.8,1.5,8,vtype0
92,flow0.1,646877,5.49E+06,0,0,0,2.5,1.8,1.5,8,vtype0
92,flow0.10,646872,5.49E+06,0,0,0,2.5,1.8,1.5,8,vtype0
92,flow0.11,646856,5.49E+06,0,0,0,2.5,1.8,1.5,9,vtype0
92,flow0.12,646838,5.49E+06,0,0,0,2.5,1.8,1.5,9,vtype0
92,flow0.13,646813,5.49E+06,0,0,0,2.5,1.8,1.5,8,vtype0
92,flow0.14,646783,5.49E+06,0,0,0,2.5,1.8,1.5,8,vtype0
92,flow0.15,646786,5.49E+06,0,0,0,2.5,1.8,1.5,10,vtype0
92,flow0.16,646816,5.49E+06,0,0,0,2.5,1.8,1.5,10,vtype0
92,flow0.17,646848,5.49E+06,0,0,0,2.5,1.8,1.5,8,vtype0
92,flow0.18,646852,5.49E+06,0,0,0,2.5,1.8,1.5,8,vtype0
92,flow0.2,646880,5.49E+06,0,0,0,2.5,1.8,1.5,8,vtype0
92,flow0.3,646884,5.49E+06,0,0,0,2.5,1.8,1.5,8,vtype0
92,flow0.4,646889,5.49E+06,0,0,0,2.5,1.8,1.5,8,vtype0
92,flow0.5,646890,5.49E+06,0,0,0,2.5,1.8,1.5,8,vtype0
92,flow0.6,646887,5.49E+06,0,0,0,2.5,1.8,1.5,8,vtype0
92,flow0.7,646880,5.49E+06,0,0,0,2.5,1.8,1.5,8,vtype0
92,flow0.8,646878,5.49E+06,0,0,0,2.5,1.8,1.5,8,vtype0
92,flow0.9,646875,5.49E+06,0,0,0,2.5,1.8,1.5,8,vtype0
93,flow0.0,646842,5.49E+06,0,0.0001,0,2.5,1.8,1.5,8,vtype0
93,flow0.1,646877,5.49E+06,0,0,0,2.5,1.8,1.5,8,vtype0
93,flow0.10,646872,5.49E+06,0,0,0,2.5,1.8,1.5,8,vtype0
93,flow0.11,646856,5.49E+06,0,0,0,2.5,1.8,1.5,9,vtype0
93,flow0.12,646838,5.49E+06,0,0,0,2.5,1.8,1.5,9,vtype0
93,flow0.13,646813,5.49E+06,0,0,0,2.5,1.8,1.5,8,vtype0
93,flow0.14,646783,5.49E+06,0,0,0,2.5,1.8,1.5,8,vtype0
93,flow0.15,646786,5.49E+06,0,0,0,2.5,1.8,1.5,10,vtype0
93,flow0.16,646816,5.49E+06,0,0,0,2.5,1.8,1.5,10,vtype0
93,flow0.17,646848,5.49E+06,0,0,0,2.5,1.8,1.5,8,vtype0
93,flow0.18,646852,5.49E+06,0,0,0,2.5,1.8,1.5,8,vtype0
93,flow0.2,646880,5.49E+06,0,0,0,2.5,1.8,1.5,8,vtype0
93,flow0.3,646884,5.49E+06,0,0,0,2.5,1.8,1.5,8,vtype0
93,flow0.4,646889,5.49E+06,0,0,0,2.5,1.8,1.5,8,vtype0
93,flow0.5,646890,5.49E+06,0,0,0,2.5,1.8,1.5,8,vtype0
93,flow0.6,646887,5.49E+06,0,0,0,2.5,1.8,1.5,8,vtype0
93,flow0.7,646880,5.49E+06,0,0,0,2.5,1.8,1.5,8,vtype0
93,flow0.8,646878,5.49E+06,0,0,0,2.5,1.8,1.5,8,vtype0
93,flow0.9,646875,5.49E+06,0,0,0,2.5,1.8,1.5,8,vtype0
94,flow0.0,646842,5.49E+06,0,0.0001,0,2.5,1.8,1.5,8,vtype0
94,flow0.1,646877,5.49E+06,0,0,0,2.5,1.8,1.5,8,vtype0
94,flow0.10,646872,5.49E+06,0,0,0,2.5,1.8,1.5,8,vtype0
94,flow0.11,646856,5.49E+06,0,0,0,2.5,1.8,1.5,9,vtype0
94,flow0.12,646838,5.49E+06,0,0,0,2.5,1.8,1.5,9,vtype0
94,flow0.13,646813,5.49E+06,0,0,0,2.5,1.8,1.5,8,vtype0
94,flow0.14,646783,5.49E+06,0,0,0,2.5,1.8,1.5,8,vtype0
94,flow0.15,646786,5.49E+06,0,0,0,2.5,1.8,1.5,10,vtype0
94,flow0.16,646816,5.49E+06,0,0,0,2.5,1.8,1.5,10,vtype0
94,flow0.17,646848,5.49E+06,0,0,0,2.5,1.8,1.5,8,vtype0
94,flow0.18,646852,5.49E+06,0,0,0,2.5,1.8,1.5,8,vtype0
94,flow0.2,646880,5.49E+06,0,0,0,2.5,1.8,1.5,8,vtype0
94,flow0.3,646884,5.49E+06,0,0,0,2.5,1.8,1.5,8,vtype0
94,flow0.4,646889,5.49E+06,0,0,0,2.5,1.8,1.5,8,vtype0
94,flow0.5,646890,5.49E+06,0,0,0,2.5,1.8,1.5,8,vtype0
94,flow0.6,646887,5.49E+06,0,0,0,2.5,1.8,1.5,8,vtype0
94,flow0.7,646880,5.49E+06,0,0,0,2.5,1.8,1.5,8,vtype0
94,flow0.8,646878,5.49E+06,0,0,0,2.5,1.8,1.5,8,vtype0
94,flow0.9,646875,5.49E+06,0,0,0,2.5,1.8,1.5,8,vtype0
95,flow0.0,646842,5.49E+06,0,0.0001,0,2.5,1.8,1.5,8,vtype0
95,flow0.1,646877,5.49E+06,0,0,0,2.5,1.8,1.5,8,vtype0
95,flow0.10,646872,5.49E+06,0,0,0,2.5,1.8,1.5,8,vtype0
95,flow0.11,646856,5.49E+06,0,0,0,2.5,1.8,1.5,9,vtype0
95,flow0.12,646838,5.49E+06,0,0,0,2.5,1.8,1.5,9,vtype0
95,flow0.13,646813,5.49E+06,0,0,0,2.5,1.8,1.5,8,vtype0
95,flow0.14,646783,5.49E+06,0,0,0,2.5,1.8,1.5,8,vtype0
95,flow0.15,646786,5.49E+06,0,0,0,2.5,1.8,1.5,10,vtype0
95,flow0.16,646816,5.49E+06,0,0,0,2.5,1.8,1.5,10,vtype0
95,flow0.17,646848,5.49E+06,0,0,0,2.5,1.8,1.5,8,vtype0
95,flow0.18,646852,5.49E+06,0,0,0,2.5,1.8,1.5,8,vtype0
95,flow0.2,646880,5.49E+06,0,0,0,2.5,1.8,1.5,8,vtype0
95,flow0.3,646884,5.49E+06,0,0,0,2.5,1.8,1.5,8,vtype0
95,flow0.4,646889,5.49E+06,0,0,0,2.5,1.8,1.5,8,vtype0
95,flow0.5,646890,5.49E+06,0,0,0,2.5,1.8,1.5,8,vtype0
95,flow0.6,646887,5.49E+06,0,0,0,2.5,1.8,1.5,8,vtype0
95,flow0.7,646880,5.49E+06,0,0,0,2.5,1.8,1.5,8,vtype0
95,flow0.8,646878,5.49E+06,0,0,0,2.5,1.8,1.5,8,vtype0
95,flow0.9,646875,5.49E+06,0,0,0,2.5,1.8,1.5,8,vtype0
96,flow0.0,646842,5.49E+06,0,0.0001,0,2.5,1.8,1.5,8,vtype0
96,flow0.1,646877,5.49E+06,0,0,0,2.5,1.8,1.5,8,vtype0
96,flow0.10,646872,5.49E+06,0,0,0,2.5,1.8,1.5,8,vtype0
96,flow0.11,646856,5.49E+06,0,0,0,2.5,1.8,1.5,9,vtype0
96,flow0.12,646838,5.49E+06,0,0,0,2.5,1.8,1.5,9,vtype0
96,flow0.13,646813,5.49E+06,0,0,0,2.5,1.8,1.5,8,vtype0
96,flow0.14,646783,5.49E+06,0,0,0,2.5,1.8,1.5,8,vtype0
96,flow0.15,646786,5.49E+06,0,0,0,2.5,1.8,1.5,10,vtype0
96,flow0.16,646816,5.49E+06,0,0,0,2.5,1.8,1.5,10,vtype0
96,flow0.17,646848,5.49E+06,0,0,0,2.5,1.8,1.5,8,vtype0
96,flow0.18,646852,5.49E+06,0,0,0,2.5,1.8,1.5,8,vtype0
96,flow0.2,646880,5.49E+06,0,0,0,2.5,1.8,1.5,8,vtype0
96,flow0.3,646884,5.49E+06,0,0,0,2.5,1.8,1.5,8,vtype0
96,flow0.4,646889,5.49E+06,0,0,0,2.5,1.8,1.5,8,vtype0
96,flow0.5,646890,5.49E+06,0,0,0,2.5,1.8,1.5,8,vtype0
96,flow0.6,646887,5.49E+06,0,0,0,2.5,1.8,1.5,8,vtype0
96,flow0.7,646880,5.49E+06,0,0,0,2.5,1.8,1.5,8,vtype0
96,flow0.8,646878,5.49E+06,0,0,0,2.5,1.8,1.5,8,vtype0
96,flow0.9,646875,5.49E+06,0,0,0,2.5,1.8,1.5,8,vtype0
97,flow0.0,646842,5.49E+06,0,0.0001,0,2.5,1.8,1.5,8,vtype0
97,flow0.1,646877,5.49E+06,0,0,0,2.5,1.8,1.5,8,vtype0
97,flow0.10,646872,5.49E+06,0,0,0,2.5,1.8,1.5,8,vtype0
97,flow0.11,646856,5.49E+06,0,0,0,2.5,1.8,1.5,9,vtype0
97,flow0.12,646838,5.49E+06,0,0,0,2.5,1.8,1.5,9,vtype0
97,flow0.13,646813,5.49E+06,0,0,0,2.5,1.8,1.5,8,vtype0
97,flow0.14,646783,5.49E+06,0,0,0,2.5,1.8,1.5,8,vtype0
97,flow0.15,646786,5.49E+06,0,0,0,2.5,1.8,1.5,10,vtype0
97,flow0.16,646816,5.49E+06,0,0,0,2.5,1.8,1.5,10,vtype0
97,flow0.17,646848,5.49E+06,0,0,0,2.5,1.8,1.5,8,vtype0
97,flow0.18,646852,5.49E+06,0,0,0,2.5,1.8,1.5,8,vtype0
97,flow0.2,646880,5.49E+06,0,0,0,2.5,1.8,1.5,8,vtype0
97,flow0.3,646884,5.49E+06,0,0,0,2.5,1.8,1.5,8,vtype0
97,flow0.4,646889,5.49E+06,0,0,0,2.5,1.8,1.5,8,vtype0
97,flow0.5,646890,5.49E+06,0,0,0,2.5,1.8,1.5,8,vtype0
97,flow0.6,646887,5.49E+06,0,0,0,2.5,1.8,1.5,8,vtype0
97,flow0.7,646880,5.49E+06,0,0,0,2.5,1.8,1.5,8,vtype0
97,flow0.8,646878,5.49E+06,0,0,0,2.5,1.8,1.5,8,vtype0
97,flow0.9,646875,5.49E+06,0,0,0,2.5,1.8,1.5,8,vtype0
98,flow0.0,646842,5.49E+06,0,0.0001,0,2.5,1.8,1.5,8,vtype0
98,flow0.1,646877,5.49E+06,0,0,0,2.5,1.8,1.5,8,vtype0
98,flow0.10,646872,5.49E+06,0,0,0,2.5,1.8,1.5,8,vtype0
98,flow0.11,646856,5.49E+06,0,0,0,2.5,1.8,1.5,9,vtype0
98,flow0.12,646838,5.49E+06,0,0,0,2.5,1.8,1.5,9,vtype0
98,flow0.13,646813,5.49E+06,0,0,0,2.5,1.8,1.5,8,vtype0
98,flow0.14,646783,5.49E+06,0,0,0,2.5,1.8,1.5,8,vtype0
98,flow0.15,646786,5.49E+06,0,0,0,2.5,1.8,1.5,10,vtype0
98,flow0.16,646816,5.49E+06,0,0,0,2.5,1.8,1.5,10,vtype0
98,flow0.17,646848,5.49E+06,0,0,0,2.5,1.8,1.5,8,vtype0
98,flow0.18,646852,5.49E+06,0,0,0,2.5,1.8,1.5,8,vtype0
98,flow0.2,646880,5.49E+06,0,0,0,2.5,1.8,1.5,8,vtype0
98,flow0.3,646884,5.49E+06,0,0,0,2.5,1.8,1.5,8,vtype0
98,flow0.4,646889,5.49E+06,0,0,0,2.5,1.8,1.5,8,vtype0
98,flow0.5,646890,5.49E+06,0,0,0,2.5,1.8,1.5,8,vtype0
98,flow0.6,646887,5.49E+06,0,0,0,2.5,1.8,1.5,8,vtype0
98,flow0.7,646880,5.49E+06,0,0,0,2.5,1.8,1.5,8,vtype0
98,flow0.8,646878,5.49E+06,0,0,0,2.5,1.8,1.5,8,vtype0
98,flow0.9,646875,5.49E+06,0,0,0,2.5,1.8,1.5,8,vtype0
99,flow0.0,646842,5.49E+06,0,0.0001,0,2.5,1.8,1.5,8,vtype0
99,flow0.1,646877,5.49E+06,0,0,0,2.5,1.8,1.5,8,vtype0
99,flow0.10,646872,5.49E+06,0,0,0,2.5,1.8,1.5,8,vtype0
99,flow0.11,646856,5.49E+06,0,0,0,2.5,1.8,1.5,9,vtype0
99,flow0.12,646838,5.49E+06,0,0,0,2.5,1.8,1.5,9,vtype0
99,flow0.13,646813,5.49E+06,0,0,0,2.5,1.8,1.5,8,vtype0
99,flow0.14,646783,5.49E+06,0,0,0,2.5,1.8,1.5,8,vtype0
99,flow0.15,646786,5.49E+06,0,0,0,2.5,1.8,1.5,10,vtype0
99,flow0.16,646816,5.49E+06,0,0,0,2.5,1.8,1.5,10,vtype0
99,flow0.17,646848,5.49E+06,0,0,0,2.5,1.8,1.5,8,vtype0
99,flow0.18,646852,5.49E+06,0,0,0,2.5,1.8,1.5,8,vtype0
99,flow0.2,646880,5.49E+06,0,0,0,2.5,1.8,1.5,8,vtype0
99,flow0.3,646884,5.49E+06,0,0,0,2.5,1.8,1.5,8,vtype0
99,flow0.4,646889,5.49E+06,0,0,0,2.5,1.8,1.5,8,vtype0
99,flow0.5,646890,5.49E+06,0,0,0,2.5,1.8,1.5,8,vtype0
99,flow0.6,646887,5.49E+06,0,0,0,2.5,1.8,1.5,8,vtype0
99,flow0.7,646880,5.49E+06,0,0,0,2.5,1.8,1.5,8,vtype0
99,flow0.8,646878,5.49E+06,0,0,0,2.5,1.8,1.5,8,vtype0
99,flow0.9,646875,5.49E+06,0,0,0,2.5,1.8,1.5,8,vtype0
100,flow0.0,646842,5.49E+06,0,0.0001,0,2.5,1.8,1.5,8,vtype0
100,flow0.1,646877,5.49E+06,0,0,0,2.5,1.8,1.5,8,vtype0
100,flow0.10,646872,5.49E+06,0,0,0,2.5,1.8,1.5,8,vtype0
100,flow0.11,646856,5.49E+06,0,0,0,2.5,1.8,1.5,9,vtype0
100,flow0.12,646838,5.49E+06,0,0,0,2.5,1.8,1.5,9,vtype0
100,flow0.13,646813,5.49E+06,0,0,0,2.5,1.8,1.5,8,vtype0
100,flow0.14,646783,5.49E+06,0,0,0,2.5,1.8,1.5,8,vtype0
100,flow0.15,646786,5.49E+06,0,0,0,2.5,1.8,1.5,10,vtype0
100,flow0.16,646816,5.49E+06,0,0,0,2.5,1.8,1.5,10,vtype0
100,flow0.17,646848,5.49E+06,0,0,0,2.5,1.8,1.5,8,vtype0
100,flow0.18,646852,5.49E+06,0,0,0,2.5,1.8,1.5,8,vtype0
100,flow0.2,646880,5.49E+06,0,0,0,2.5,1.8,1.5,8,vtype0
100,flow0.3,646884,5.49E+06,0,0,0,2.5,1.8,1.5,8,vtype0
100,flow0.4,646889,5.49E+06,0,0,0,2.5,1.8,1.5,8,vtype0
100,flow0.5,646890,5.49E+06,0,0,0,2.5,1.8,1.5,8,vtype0
100,flow0.6,646887,5.49E+06,0,0,0,2.5,1.8,1.5,8,vtype0
100,flow0.7,646880,5.49E+06,0,0,0,2.5,1.8,1.5,8,vtype0
100,flow0.8,646878,5.49E+06,0,0,0,2.5,1.8,1.5,8,vtype0
100,flow0.9,646875,5.49E+06,0,0,0,2.5,1.8,1.5,8,vtype0
101,flow0.0,646840,5.49E+06,0,2.28254,2.27212,2.5,1.8,1.5,0,vtype0
101,flow0.1,646877,5.49E+06,0,2.16316,1.88671,2.5,1.8,1.5,0,vtype0
101,flow0.10,646872,5.49E+06,0,2.20624,2.30686,2.5,1.8,1.5,0,vtype0
101,flow0.11,646857,5.49E+06,0,2.21318,1.76005,2.5,1.8,1.5,1,vtype0
101,flow0.12,646839,5.49E+06,0,2.27556,2.48022,2.5,1.8,1.5,1,vtype0
101,flow0.13,646814,5.49E+06,0,2.16542,1.86065,2.5,1.8,1.5,0,vtype0
101,flow0.14,646784,5.49E+06,0,2.30408,1.66944,2.5,1.8,1.5,0,vtype0
101,flow0.15,646785,5.49E+06,0,2.22442,1.66091,2.5,1.8,1.5,2,vtype0
101,flow0.16,646815,5.49E+06,0,2.2989,1.97329,2.5,1.8,1.5,2,vtype0
101,flow0.17,646847,5.49E+06,0,2.27075,2.20194,2.5,1.8,1.5,0,vtype0
101,flow0.18,646852,5.49E+06,0,1.00663,1.68347,2.5,1.8,1.5,0,vtype0
101,flow0.2,646880,5.49E+06,0,2.23189,1.70364,2.5,1.8,1.5,0,vtype0
101,flow0.3,646884,5.49E+06,0,2.30148,2.10251,2.5,1.8,1.5,0,vtype0
101,flow0.4,646889,5.49E+06,0,2.37455,2.28439,2.5,1.8,1.5,0,vtype0
101,flow0.5,646890,5.49E+06,0,2.24738,2.21841,2.5,1.8,1.5,0,vtype0
101,flow0.6,646887,5.49E+06,0,2.28847,2.50648,2.5,1.8,1.5,0,vtype0
101,flow0.7,646880,5.49E+06,0,2.15931,1.51547,2.5,1.8,1.5,0,vtype0
101,flow0.8,646879,5.49E+06,0,2.2807,2.36316,2.5,1.8,1.5,0,vtype0
101,flow0.9,646875,5.49E+06,0,2.14515,1.48481,2.5,1.8,1.5,0,vtype0
102,flow0.0,646837,5.49E+06,0,4.14533,1.92414,2.5,1.8,1.5,0,vtype0
102,flow0.1,646875,5.49E+06,0,3.98661,1.30993,2.5,1.8,1.5,0,vtype0
102,flow0.10,646872,5.49E+06,0,4.08722,2.17498,2.5,1.8,1.5,0,vtype0
102,flow0.11,646860,5.49E+06,0,4.13763,2.29622,2.5,1.8,1.5,1,vtype0
102,flow0.12,646842,5.49E+06,0,4.26669,1.79718,2.5,1.8,1.5,1,vtype0
102,flow0.13,646818,5.49E+06,0,4.16996,2.53121,2.5,1.8,1.5,0,vtype0
102,flow0.14,646786,5.49E+06,0,4.37723,1.98298,2.5,1.8,1.5,0,vtype0
102,flow0.15,646783,5.49E+06,0,4.19094,2.21309,2.5,1.8,1.5,2,vtype0
102,flow0.16,646812,5.49E+06,0,4.28671,2.17185,2.5,1.8,1.5,2,vtype0
102,flow0.17,646844,5.49E+06,0,4.18288,1.83439,2.5,1.8,1.5,0,vtype0
102,flow0.18,646850,5.49E+06,0,2.69295,1.41996,2.5,1.8,1.5,0,vtype0
102,flow0.19,646856,5.49E+06,0,1.2161,1.75686,2.5,1.8,1.5,0,vtype0
102,flow0.2,646880,5.49E+06,0,4.29077,2.46556,2.5,1.8,1.5,0,vtype0
102,flow0.3,646883,5.49E+06,0,4.12616,1.59375,2.5,1.8,1.5,0,vtype0
102,flow0.4,646889,5.49E+06,0,4.43669,2.22577,2.5,1.8,1.5,0,vtype0
102,flow0.5,646890,5.49E+06,0,4.28867,1.76666,2.5,1.8,1.5,0,vtype0
102,flow0.6,646887,5.49E+06,0,4.24968,2.16979,2.5,1.8,1.5,0,vtype0
102,flow0.7,646880,5.49E+06,0,4.16441,1.68165,2.5,1.8,1.5,0,vtype0
102,flow0.8,646879,5.49E+06,0,4.28457,2.15199,2.5,1.8,1.5,0,vtype0
102,flow0.9,646876,5.49E+06,0,4.18096,1.81395,2.5,1.8,1.5,0,vtype0
103,flow0.0,646832,5.49E+06,0,6.20797,2.55297,2.5,1.8,1.5,0,vtype0
103,flow0.1,646873,5.49E+06,0,5.78265,2.34252,2.5,1.8,1.5,0,vtype0
103,flow0.10,646873,5.49E+06,0,5.91519,1.62689,2.5,1.8,1.5,0,vtype0
103,flow0.11,646865,5.49E+06,0,6.32093,2.6,2.5,1.8,1.5,1,vtype0
103,flow0.12,646848,5.49E+06,0,6.07958,1.4055,2.5,1.8,1.5,1,vtype0
103,flow0.13,646823,5.49E+06,0,6.17729,1.8984,2.5,1.8,1.5,0,vtype0
103,flow0.14,646790,5.49E+06,0,6.51482,1.9157,2.5,1.8,1.5,0,vtype0
103,flow0.15,646780,5.49E+06,0,5.82654,1.77667,2.5,1.8,1.5,2,vtype0
103,flow0.16,646809,5.49E+06,0,6.03586,2.49901,2.5,1.8,1.5,2,vtype0
103,flow0.17,646841,5.49E+06,0,6.10378,1.39723,2.5,1.8,1.5,0,vtype0
103,flow0.18,646847,5.49E+06,0,4.49687,1.81104,2.5,1.8,1.5,0,vtype0
103,flow0.19,646853,5.49E+06,0,3.13227,2.24722,2.5,1.8,1.5,0,vtype0
103,flow0.2,646880,5.49E+06,0,6.16545,1.49606,2.5,1.8,1.5,0,vtype0
103,flow0.3,646883,5.49E+06,0,6.16246,2.18515,2.5,1.8,1.5,0,vtype0
103,flow0.4,646889,5.49E+06,0,6.37149,1.50554,2.5,1.8,1.5,0,vtype0
103,flow0.5,646891,5.49E+06,0,6.35736,2.312,2.5,1.8,1.5,0,vtype0
103,flow0.6,646888,5.49E+06,0,6.1968,2.22387,2.5,1.8,1.5,0,vtype0
103,flow0.7,646881,5.49E+06,0,6.13495,1.71613,2.5,1.8,1.5,0,vtype0
103,flow0.8,646879,5.49E+06,0,6.04905,2.02621,2.5,1.8,1.5,0,vtype0
103,flow0.9,646877,5.49E+06,0,6.16724,1.93185,2.5,1.8,1.5,0,vtype0
104,flow0.0,646825,5.49E+06,0,8.33479,1.85583,2.5,1.8,1.5,0,vtype0
104,flow0.1,646868,5.49E+06,0,7.63859,2.50854,2.5,1.8,1.5,0,vtype0
104,flow0.10,646874,5.49E+06,0,7.57695,1.37162,2.5,1.8,1.5,0,vtype0
104,flow0.11,646871,5.49E+06,0,8.62433,2.07856,2.5,1.8,1.5,0,vtype0
104,flow0.12,646855,5.49E+06,0,7.93804,2.07209,2.5,1.8,1.5,1,vtype0
104,flow0.13,646830,5.49E+06,0,8.11363,1.84287,2.5,1.8,1.5,1,vtype0
104,flow0.14,646796,5.49E+06,0,8.48031,1.38807,2.5,1.8,1.5,0,vtype0
104,flow0.15,646776,5.49E+06,0,7.64916,1.83153,2.5,1.8,1.5,2,vtype0
104,flow0.16,646804,5.49E+06,0,8.28875,1.57103,2.5,1.8,1.5,2,vtype0
104,flow0.17,646836,5.49E+06,0,7.99301,2.1046,2.5,1.8,1.5,0,vtype0
104,flow0.18,646843,5.49E+06,0,6.35511,1.89749,2.5,1.8,1.5,0,vtype0
104,flow0.19,646850,5.49E+06,0,4.87576,2.4655,2.5,1.8,1.5,0,vtype0
104,flow0.2,646879,5.49E+06,0,7.86125,2.04566,2.5,1.8,1.5,0,vtype0
104,flow0.20,646855,5.49E+06,0,2.12553,1.54575,2.5,1.8,1.5,0,vtype0
104,flow0.3,646882,5.49E+06,0,8.08372,1.77743,2.5,1.8,1.5,0,vtype0
104,flow0.4,646888,5.49E+06,0,8.25512,1.38891,2.5,1.8,1.5,0,vtype0
104,flow0.5,646890,5.49E+06,0,8.34533,1.40432,2.5,1.8,1.5,0,vtype0
104,flow0.6,646888,5.49E+06,0,8.16853,2.2723,2.5,1.8,1.5,0,vtype0
104,flow0.7,646881,5.49E+06,0,7.94246,1.65393,2.5,1.8,1.5,0,vtype0
104,flow0.8,646879,5.49E+06,0,8.05032,2.51064,2.5,1.8,1.5,0,vtype0
104,flow0.9,646878,5.49E+06,0,8.22167,1.31467,2.5,1.8,1.5,0,vtype0
105,flow0.0,646815,5.49E+06,0,10.1678,1.74297,2.5,1.8,1.5,0,vtype0
105,flow0.1,646861,5.49E+06,0,9.61268,1.70743,2.5,1.8,1.5,0,vtype0
105,flow0.10,646875,5.49E+06,0,9.70143,2.35418,2.5,1.8,1.5,0,vtype0
105,flow0.11,646872,5.49E+06,0,10.5654,2.29019,2.5,1.8,1.5,0,vtype0
105,flow0.12,646863,5.49E+06,0,6.24776,-3.86086,2.5,1.8,1.5,9,vtype0
105,flow0.13,646839,5.49E+06,0,10.0419,1.62924,2.5,1.8,1.5,1,vtype0
105,flow0.14,646804,5.49E+06,0,10.2811,1.5568,2.5,1.8,1.5,0,vtype0
105,flow0.15,646774,5.49E+06,0,9.42725,1.33017,2.5,1.8,1.5,2,vtype0
105,flow0.16,646797,5.49E+06,0,10.2247,1.92417,2.5,1.8,1.5,2,vtype0
105,flow0.17,646829,5.49E+06,0,10.0483,1.48665,2.5,1.8,1.5,0,vtype0
105,flow0.18,646838,5.49E+06,0,8.15944,2.0944,2.5,1.8,1.5,0,vtype0
105,flow0.19,646845,5.49E+06,0,6.81777,1.71709,2.5,1.8,1.5,0,vtype0
105,flow0.2,646879,5.49E+06,0,9.91071,2.25732,2.5,1.8,1.5,0,vtype0
105,flow0.20,646852,5.49E+06,0,4.03484,1.83657,2.5,1.8,1.5,0,vtype0
105,flow0.3,646882,5.49E+06,0,9.90289,1.67767,2.5,1.8,1.5,0,vtype0
105,flow0.4,646887,5.49E+06,0,10.1666,2.31292,2.5,1.8,1.5,0,vtype0
105,flow0.5,646889,5.49E+06,0,10.4666,1.87409,2.5,1.8,1.5,0,vtype0
105,flow0.6,646889,5.49E+06,0,10.2217,2.07226,2.5,1.8,1.5,0,vtype0
105,flow0.7,646882,5.49E+06,0,9.73548,1.57463,2.5,1.8,1.5,0,vtype0
105,flow0.8,646880,5.49E+06,0,9.92963,2.33473,2.5,1.8,1.5,0,vtype0
105,flow0.9,646879,5.49E+06,0,10.1162,1.48038,2.5,1.8,1.5,0,vtype0
106,flow0.0,646804,5.49E+06,0,12.0366,1.89915,2.5,1.8,1.5,0,vtype0
106,flow0.1,646851,5.49E+06,0,11.5599,1.4674,2.5,1.8,1.5,0,vtype0
106,flow0.10,646877,5.49E+06,0,11.6629,1.40698,2.5,1.8,1.5,0,vtype0
106,flow0.11,646874,5.49E+06,0,12.3031,0.739943,2.5,1.8,1.5,0,vtype0
106,flow0.12,646870,5.49E+06,0,8.6072,1.60849,2.5,1.8,1.5,0,vtype0
106,flow0.13,646850,5.49E+06,0,10.7731,1.05469,2.5,1.8,1.5,1,vtype0
106,flow0.14,646815,5.49E+06,0,12.1664,1.45729,2.5,1.8,1.5,0,vtype0
106,flow0.15,646778,5.49E+06,0,11.5845,2.28295,2.5,1.8,1.5,0,vtype0
106,flow0.16,646789,5.49E+06,0,12.1797,2.43815,2.5,1.8,1.5,2,vtype0
106,flow0.17,646822,5.49E+06,0,10.0104,-0.221414,2.5,1.8,1.5,0,vtype0
106,flow0.18,646831,5.49E+06,0,9.35278,-0.583443,2.5,1.8,1.5,2,vtype0
106,flow0.19,646840,5.49E+06,0,8.39277,0.993176,2.5,1.8,1.5,0,vtype0
106,flow0.2,646878,5.49E+06,0,11.941,2.40162,2.5,1.8,1.5,0,vtype0
106,flow0.20,646848,5.49E+06,0,5.73318,2.11204,2.5,1.8,1.5,0,vtype0
106,flow0.21,646854,5.49E+06,0,2.90661,1.7139,2.5,1.8,1.5,0,vtype0
106,flow0.3,646881,5.49E+06,0,11.8236,2.03822,2.5,1.8,1.5,0,vtype0
106,flow0.4,646886,5.49E+06,0,12.3129,1.5402,2.5,1.8,1.5,0,vtype0
106,flow0.5,646889,5.49E+06,0,12.2637,1.68406,2.5,1.8,1.5,0,vtype0
106,flow0.6,646890,5.49E+06,0,12.0954,2.0367,2.5,1.8,1.5,0,vtype0
106,flow0.7,646882,5.49E+06,0,11.7179,2.18891,2.5,1.8,1.5,0,vtype0
106,flow0.8,646881,5.49E+06,0,11.7795,1.60151,2.5,1.8,1.5,0,vtype0
106,flow0.9,646879,5.49E+06,0,12.0711,1.5445,2.5,1.8,1.5,0,vtype0
107,flow0.0,646791,5.49E+06,0,13.9561,2.28298,2.5,1.8,1.5,0,vtype0
107,flow0.1,646838,5.49E+06,0,13.5061,1.75416,2.5,1.8,1.5,0,vtype0
107,flow0.10,646879,5.49E+06,0,13.7707,1.63834,2.5,1.8,1.5,0,vtype0
107,flow0.11,646876,5.49E+06,0,13.6898,0.908197,2.5,1.8,1.5,0,vtype0
107,flow0.12,646872,5.49E+06,0,10.6282,2.4422,2.5,1.8,1.5,0,vtype0
107,flow0.13,646860,5.49E+06,0,8.21463,-4.5,2.5,1.8,1.5,9,vtype0
107,flow0.14,646828,5.49E+06,0,13.9089,-0.666272,2.5,1.8,1.5,1,vtype0
107,flow0.15,646787,5.49E+06,0,13.4329,2.04468,2.5,1.8,1.5,0,vtype0
107,flow0.16,646780,5.49E+06,0,13.8988,0.811839,2.5,1.8,1.5,2,vtype0
107,flow0.17,646815,5.49E+06,0,9.9621,-0.505569,2.5,1.8,1.5,2,vtype0
107,flow0.18,646825,5.49E+06,0,9.50959,-0.530698,2.5,1.8,1.5,2,vtype0
107,flow0.19,646834,5.49E+06,0,8.75872,1.2667,2.5,1.8,1.5,0,vtype0
107,flow0.2,646873,5.49E+06,0,13.8665,2.45227,2.5,1.8,1.5,0,vtype0
107,flow0.20,646843,5.49E+06,0,7.88333,2.14235,2.5,1.8,1.5,0,vtype0
107,flow0.21,646851,5.49E+06,0,5.02447,2.50923,2.5,1.8,1.5,0,vtype0
107,flow0.22,646856,5.49E+06,0,2.03145,-0.679079,2.5,1.8,1.5,8,vtype0
107,flow0.3,646880,5.49E+06,0,13.683,1.5304,2.5,1.8,1.5,0,vtype0
107,flow0.4,646885,5.49E+06,0,13.9511,0.172471,2.5,1.8,1.5,0,vtype0
107,flow0.5,646887,5.49E+06,0,13.9313,-0.666318,2.5,1.8,1.5,0,vtype0
107,flow0.6,646891,5.49E+06,0,13.8969,0.0561036,2.5,1.8,1.5,0,vtype0
107,flow0.7,646883,5.49E+06,0,12.6294,-1.11777,2.5,1.8,1.5,0,vtype0
107,flow0.8,646882,5.49E+06,0,13.5753,0.967703,2.5,1.8,1.5,0,vtype0
107,flow0.9,646880,5.49E+06,0,13.9628,0.4495,2.5,1.8,1.5,0,vtype0
108,flow0.0,646777,5.49E+06,0,13.967,0.63376,2.5,1.8,1.5,0,vtype0
108,flow0.1,646824,5.49E+06,0,13.884,-0.419024,2.5,1.8,1.5,0,vtype0
108,flow0.10,646879,5.49E+06,0,13.9812,0.749434,2.5,1.8,1.5,0,vtype0
108,flow0.11,646878,5.49E+06,0,13.9244,-0.36501,2.5,1.8,1.5,0,vtype0
108,flow0.12,646874,5.49E+06,0,12.5674,2.07958,2.5,1.8,1.5,0,vtype0
108,flow0.13,646867,5.49E+06,0,7.97463,2.6,2.5,1.8,1.5,0,vtype0
108,flow0.14,646841,5.49E+06,0,12.0419,-0.464011,2.5,1.8,1.5,1,vtype0
108,flow0.15,646798,5.49E+06,0,13.9029,-0.211068,2.5,1.8,1.5,0,vtype0
108,flow0.16,646774,5.49E+06,0,13.9388,0.493653,2.5,1.8,1.5,2,vtype0
108,flow0.17,646808,5.49E+06,0,10.0486,0.243727,2.5,1.8,1.5,2,vtype0
108,flow0.18,646818,5.49E+06,0,9.6468,-0.45282,2.5,1.8,1.5,2,vtype0
108,flow0.19,646827,5.49E+06,0,9.08385,0.325972,2.5,1.8,1.5,2,vtype0
108,flow0.2,646863,5.49E+06,0,13.996,0.165888,2.5,1.8,1.5,0,vtype0
108,flow0.20,646837,5.49E+06,0,8.85013,1.02263,2.5,1.8,1.5,2,vtype0
108,flow0.21,646846,5.49E+06,0,7.0124,1.92773,2.5,1.8,1.5,0,vtype0
108,flow0.22,646853,5.49E+06,0,3.92137,2.36638,2.5,1.8,1.5,0,vtype0
108,flow0.3,646879,5.49E+06,0,13.895,0.0324543,2.5,1.8,1.5,0,vtype0
108,flow0.4,646884,5.49E+06,0,13.8899,0.0720342,2.5,1.8,1.5,0,vtype0
108,flow0.5,646886,5.49E+06,0,13.8893,-0.0820132,2.5,1.8,1.5,0,vtype0
108,flow0.6,646890,5.49E+06,0,13.9387,-0.26133,2.5,1.8,1.5,0,vtype0
108,flow0.7,646884,5.49E+06,0,12.7239,0.0466072,2.5,1.8,1.5,0,vtype0
108,flow0.8,646883,5.49E+06,0,13.3306,0.24298,2.5,1.8,1.5,0,vtype0
108,flow0.9,646881,5.49E+06,0,13.968,0.243473,2.5,1.8,1.5,0,vtype0
109,flow0.0,646763,5.49E+06,0,13.9534,0.0640454,2.5,1.8,1.5,0,vtype0
109,flow0.1,646810,5.49E+06,0,13.9681,0.947853,2.5,1.8,1.5,0,vtype0
109,flow0.10,646880,5.49E+06,0,13.9878,0.591617,2.5,1.8,1.5,0,vtype0
109,flow0.11,646879,5.49E+06,0,13.8988,-0.396028,2.5,1.8,1.5,0,vtype0
109,flow0.12,646876,5.49E+06,0,13.9162,-0.501223,2.5,1.8,1.5,0,vtype0
109,flow0.13,646871,5.49E+06,0,9.93926,1.90606,2.5,1.8,1.5,0,vtype0
109,flow0.14,646852,5.49E+06,0,11.4472,-4.13179,2.5,1.8,1.5,9,vtype0
109,flow0.15,646810,5.49E+06,0,13.9315,-0.533594,2.5,1.8,1.5,0,vtype0
109,flow0.16,646779,5.49E+06,0,13.9024,-0.515096,2.5,1.8,1.5,0,vtype0
109,flow0.17,646801,5.49E+06,0,10.0273,0.0603774,2.5,1.8,1.5,2,vtype0
109,flow0.18,646811,5.49E+06,0,9.72147,-0.365191,2.5,1.8,1.5,2,vtype0
109,flow0.19,646821,5.49E+06,0,9.2644,-0.069012,2.5,1.8,1.5,2,vtype0
109,flow0.2,646850,5.49E+06,0,13.9029,-0.104735,2.5,1.8,1.5,0,vtype0
109,flow0.20,646831,5.49E+06,0,9.07406,0.238369,2.5,1.8,1.5,2,vtype0
109,flow0.21,646840,5.49E+06,0,8.70984,0.893815,2.5,1.8,1.5,0,vtype0
109,flow0.22,646848,5.49E+06,0,5.81998,2.39178,2.5,1.8,1.5,0,vtype0
109,flow0.23,646855,5.49E+06,0,2.90043,1.64677,2.5,1.8,1.5,0,vtype0
109,flow0.3,646878,5.49E+06,0,13.9351,-0.269285,2.5,1.8,1.5,0,vtype0
109,flow0.4,646883,5.49E+06,0,13.9024,-0.512847,2.5,1.8,1.5,0,vtype0
109,flow0.5,646885,5.49E+06,0,13.8703,-0.3898,2.5,1.8,1.5,0,vtype0
109,flow0.6,646889,5.49E+06,0,13.8799,-0.0281046,2.5,1.8,1.5,0,vtype0
109,flow0.7,646885,5.49E+06,0,12.6174,-0.804647,2.5,1.8,1.5,0,vtype0
109,flow0.8,646884,5.49E+06,0,13.184,-0.170206,2.5,1.8,1.5,0,vtype0
109,flow0.9,646882,5.49E+06,0,13.9349,0.598943,2.5,1.8,1.5,0,vtype0
110,flow0.0,646749,5.49E+06,0,13.9485,0.747071,2.5,1.8,1.5,0,vtype0
110,flow0.1,646797,5.49E+06,0,13.9262,0.0144523,2.5,1.8,1.5,0,vtype0
110,flow0.10,646881,5.49E+06,0,13.9138,0.321323,2.5,1.8,1.5,0,vtype0
110,flow0.11,646880,5.49E+06,0,13.9905,0.364884,2.5,1.8,1.5,0,vtype0
110,flow0.12,646878,5.49E+06,0,13.8877,-0.28548,2.5,1.8,1.5,0,vtype0
110,flow0.13,646873,5.49E+06,0,11.8692,2.23284,2.5,1.8,1.5,0,vtype0
110,flow0.14,646861,5.49E+06,0,7.025,-4.5,2.5,1.8,1.5,9,vtype0
110,flow0.15,646824,5.49E+06,0,13.96,0.475265,2.5,1.8,1.5,0,vtype0
110,flow0.16,646789,5.49E+06,0,13.9487,-0.0596229,2.5,1.8,1.5,0,vtype0
110,flow0.17,646794,5.49E+06,0,9.96539,0.101082,2.5,1.8,1.5,2,vtype0
110,flow0.18,646804,5.49E+06,0,9.79035,-1.20235,2.5,1.8,1.5,10,vtype0
110,flow0.19,646814,5.49E+06,0,9.5179,0.218435,2.5,1.8,1.5,2,vtype0
110,flow0.2,646836,5.49E+06,0,13.9184,0.217353,2.5,1.8,1.5,0,vtype0
110,flow0.20,646824,5.49E+06,0,9.24597,0.0167403,2.5,1.8,1.5,2,vtype0
110,flow0.21,646834,5.49E+06,0,8.94644,0.554005,2.5,1.8,1.5,0,vtype0
110,flow0.22,646843,5.49E+06,0,7.74973,1.85335,2.5,1.8,1.5,0,vtype0
110,flow0.23,646851,5.49E+06,0,4.86674,1.73788,2.5,1.8,1.5,0,vtype0
110,flow0.24,646856,5.49E+06,0,2.31051,0,2.5,1.8,1.5,0,vtype0
110,flow0.3,646873,5.49E+06,0,13.9105,-0.604104,2.5,1.8,1.5,0,vtype0
110,flow0.4,646882,5.49E+06,0,13.9182,0.228397,2.5,1.8,1.5,0,vtype0
110,flow0.5,646884,5.49E+06,0,13.9141,0.055429,2.5,1.8,1.5,0,vtype0
110,flow0.6,646887,5.49E+06,0,13.9795,0.985206,2.5,1.8,1.5,0,vtype0
110,flow0.7,646886,5.49E+06,0,12.6496,-0.325755,2.5,1.8,1.5,0,vtype0
110,flow0.8,646885,5.49E+06,0,13.0578,-0.145282,2.5,1.8,1.5,0,vtype0
110,flow0.9,646883,5.49E+06,0,13.8675,0.937717,2.5,1.8,1.5,0,vtype0
111,flow0.0,646735,5.49E+06,0,13.9646,0.429598,2.5,1.8,1.5,0,vtype0
111,flow0.1,646783,5.49E+06,0,13.8733,-0.615977,2.5,1.8,1.5,0,vtype0
111,flow0.10,646882,5.49E+06,0,13.8812,-0.977494,2.5,1.8,1.5,0,vtype0
111,flow0.11,646881,5.49E+06,0,13.885,-0.520323,2.5,1.8,1.5,0,vtype0
111,flow0.12,646879,5.49E+06,0,13.9189,0.384002,2.5,1.8,1.5,0,vtype0
111,flow0.13,646875,5.49E+06,0,13.7404,1.72168,2.5,1.8,1.5,0,vtype0
111,flow0.14,646869,5.49E+06,0,8.06546,2.17063,2.5,1.8,1.5,0,vtype0
111,flow0.15,646838,5.49E+06,0,13.3737,-0.572156,2.5,1.8,1.5,1,vtype0
111,flow0.16,646800,5.49E+06,0,13.9927,0.100544,2.5,1.8,1.5,0,vtype0
111,flow0.17,646787,5.49E+06,0,9.99696,-0.0487024,2.5,1.8,1.5,2,vtype0
111,flow0.18,646797,5.49E+06,0,9.8745,-0.270876,2.5,1.8,1.5,2,vtype0
111,flow0.19,646808,5.49E+06,0,9.67761,1.00562,2.5,1.8,1.5,2,vtype0
111,flow0.2,646822,5.49E+06,0,13.8802,-0.584386,2.5,1.8,1.5,0,vtype0
111,flow0.20,646818,5.49E+06,0,9.44821,-0.346014,2.5,1.8,1.5,2,vtype0
111,flow0.21,646827,5.49E+06,0,9.15378,-0.254215,2.5,1.8,1.5,2,vtype0
111,flow0.22,646837,5.49E+06,0,9.00633,0.302165,2.5,1.8,1.5,2,vtype0
111,flow0.23,646846,5.49E+06,0,6.76918,1.33367,2.5,1.8,1.5,0,vtype0
111,flow0.24,646853,5.49E+06,0,4.25477,1.80034,2.5,1.8,1.5,0,vtype0
111,flow0.3,646862,5.49E+06,0,13.9256,-0.159947,2.5,1.8,1.5,0,vtype0
111,flow0.4,646881,5.49E+06,0,13.9802,0.976733,2.5,1.8,1.5,0,vtype0
111,flow0.5,646883,5.49E+06,0,13.94,0.559176,2.5,1.8,1.5,0,vtype0
111,flow0.6,646886,5.49E+06,0,13.9568,0.587919,2.5,1.8,1.5,0,vtype0
111,flow0.7,646887,5.49E+06,0,12.6482,-0.825649,2.5,1.8,1.5,0,vtype0
111,flow0.8,646886,5.49E+06,0,12.9542,-0.357393,2.5,1.8,1.5,0,vtype0
111,flow0.9,646884,5.49E+06,0,13.606,0.493657,2.5,1.8,1.5,0,vtype0
112,flow0.0,646721,5.49E+06,0,13.875,-0.244716,2.5,1.8,1.5,0,vtype0
112,flow0.1,646769,5.49E+06,0,13.9256,0.259666,2.5,1.8,1.5,0,vtype0
112,flow0.10,646883,5.49E+06,0,13.9891,0.0819581,2.5,1.8,1.5,0,vtype0
112,flow0.11,646882,5.49E+06,0,13.8705,-0.600198,2.5,1.8,1.5,0,vtype0
112,flow0.12,646880,5.49E+06,0,13.8739,-0.529325,2.5,1.8,1.5,0,vtype0
112,flow0.13,646877,5.49E+06,0,13.9787,0.105106,2.5,1.8,1.5,0,vtype0
112,flow0.14,646872,5.49E+06,0,10.1707,2.28205,2.5,1.8,1.5,0,vtype0
112,flow0.15,646851,5.49E+06,0,12.1568,-4.5,2.5,1.8,1.5,9,vtype0
112,flow0.16,646813,5.49E+06,0,13.9894,0.895932,2.5,1.8,1.5,0,vtype0
112,flow0.17,646780,5.49E+06,0,10.0218,0.195794,2.5,1.8,1.5,2,vtype0
112,flow0.18,646791,5.49E+06,0,9.86374,0.240404,2.5,1.8,1.5,2,vtype0
112,flow0.19,646801,5.49E+06,0,9.64163,0.0237709,2.5,1.8,1.5,2,vtype0
112,flow0.2,646808,5.49E+06,0,13.934,0.107221,2.5,1.8,1.5,0,vtype0
112,flow0.20,646811,5.49E+06,0,9.50458,-0.536759,2.5,1.8,1.5,2,vtype0
112,flow0.21,646821,5.49E+06,0,9.36952,0.160753,2.5,1.8,1.5,2,vtype0
112,flow0.22,646831,5.49E+06,0,9.19531,-0.215755,2.5,1.8,1.5,2,vtype0
112,flow0.23,646840,5.49E+06,0,8.73232,2.02677,2.5,1.8,1.5,0,vtype0
112,flow0.24,646848,5.49E+06,0,6.20962,1.46737,2.5,1.8,1.5,0,vtype0
112,flow0.25,646854,5.49E+06,0,3.29707,2.42841,2.5,1.8,1.5,0,vtype0
112,flow0.3,646849,5.49E+06,0,13.8756,-1.00168,2.5,1.8,1.5,0,vtype0
112,flow0.4,646880,5.49E+06,0,13.9623,-0.0801988,2.5,1.8,1.5,0,vtype0
112,flow0.5,646882,5.49E+06,0,13.904,0.208696,2.5,1.8,1.5,0,vtype0
112,flow0.6,646885,5.49E+06,0,13.9996,0.802485,2.5,1.8,1.5,0,vtype0
112,flow0.7,646888,5.49E+06,0,12.701,-0.165127,2.5,1.8,1.5,0,vtype0
112,flow0.8,646887,5.49E+06,0,12.9818,1.48182,2.5,1.8,1.5,0,vtype0
112,flow0.9,646885,5.49E+06,0,13.3875,-0.339382,2.5,1.8,1.5,0,vtype0
113,flow0.0,646707,5.49E+06,0,13.9924,1.02216,2.5,1.8,1.5,0,vtype0
113,flow0.1,646755,5.49E+06,0,13.9065,0.322302,2.5,1.8,1.5,0,vtype0
113,flow0.10,646884,5.49E+06,0,13.9096,0.277147,2.5,1.8,1.5,0,vtype0
113,flow0.11,646883,5.49E+06,0,13.9224,-0.191173,2.5,1.8,1.5,0,vtype0
113,flow0.12,646881,5.49E+06,0,13.9546,0.0462084,2.5,1.8,1.5,0,vtype0
113,flow0.13,646879,5.49E+06,0,13.9949,0.146061,2.5,1.8,1.5,0,vtype0
113,flow0.14,646873,5.49E+06,0,12.1842,2.52466,2.5,1.8,1.5,0,vtype0
113,flow0.15,646860,5.49E+06,0,7.69724,-4.5,2.5,1.8,1.5,9,vtype0
113,flow0.16,646827,5.49E+06,0,13.9506,-0.267565,2.5,1.8,1.5,1,vtype0
113,flow0.17,646775,5.49E+06,0,9.95867,-0.339428,2.5,1.8,1.5,2,vtype0
113,flow0.18,646784,5.49E+06,0,9.86004,-0.581611,2.5,1.8,1.5,2,vtype0
113,flow0.19,646794,5.49E+06,0,9.82841,0.913536,2.5,1.8,1.5,2,vtype0
113,flow0.2,646794,5.49E+06,0,13.9316,-0.393314,2.5,1.8,1.5,0,vtype0
113,flow0.20,646804,5.49E+06,0,9.57098,-1.85084,2.5,1.8,1.5,10,vtype0
113,flow0.21,646814,5.49E+06,0,9.5833,0.939672,2.5,1.8,1.5,2,vtype0
113,flow0.22,646824,5.49E+06,0,9.32147,0.226545,2.5,1.8,1.5,2,vtype0
113,flow0.23,646834,5.49E+06,0,9.04239,0.119151,2.5,1.8,1.5,0,vtype0
113,flow0.24,646843,5.49E+06,0,8.17689,2.06923,2.5,1.8,1.5,0,vtype0
113,flow0.25,646850,5.49E+06,0,5.33569,1.45823,2.5,1.8,1.5,0,vtype0
113,flow0.26,646856,5.49E+06,0,2.19611,1.67117,2.5,1.8,1.5,0,vtype0
113,flow0.3,646835,5.49E+06,0,13.9862,0.224285,2.5,1.8,1.5,0,vtype0
113,flow0.4,646879,5.49E+06,0,13.9104,-0.412619,2.5,1.8,1.5,0,vtype0
113,flow0.5,646881,5.49E+06,0,13.8794,-0.867398,2.5,1.8,1.5,0,vtype0
113,flow0.6,646884,5.49E+06,0,13.9549,0.660314,2.5,1.8,1.5,0,vtype0
113,flow0.7,646889,5.49E+06,0,12.6354,-0.53328,2.5,1.8,1.5,0,vtype0
113,flow0.8,646888,5.49E+06,0,12.8371,-0.149603,2.5,1.8,1.5,0,vtype0
113,flow0.9,646886,5.49E+06,0,13.2601,0.558349,2.5,1.8,1.5,0,vtype0
114,flow0.0,646693,5.49E+06,0,13.9329,0.135179,2.5,1.8,1.5,0,vtype0
114,flow0.1,646741,5.49E+06,0,13.9744,-0.255876,2.5,1.8,1.5,0,vtype0
114,flow0.10,646885,5.49E+06,0,13.88,-0.572643,2.5,1.8,1.5,0,vtype0
114,flow0.11,646884,5.49E+06,0,13.9775,0.993824,2.5,1.8,1.5,0,vtype0
114,flow0.12,646882,5.49E+06,0,13.9226,-0.217325,2.5,1.8,1.5,0,vtype0
114,flow0.13,646879,5.49E+06,0,13.9857,0.789062,2.5,1.8,1.5,0,vtype0
114,flow0.14,646875,5.49E+06,0,13.9619,0.467421,2.5,1.8,1.5,0,vtype0
114,flow0.15,646868,5.49E+06,0,8.13324,2.26002,2.5,1.8,1.5,0,vtype0
114,flow0.16,646840,5.49E+06,0,12.6237,-0.0174561,2.5,1.8,1.5,1,vtype0
114,flow0.17,646774,5.49E+06,0,10.0138,0.167238,2.5,1.8,1.5,0,vtype0
114,flow0.18,646777,5.49E+06,0,9.8941,-0.270599,2.5,1.8,1.5,2,vtype0
114,flow0.19,646787,5.49E+06,0,9.82476,-0.0410729,2.5,1.8,1.5,2,vtype0
114,flow0.2,646780,5.49E+06,0,13.9835,-0.129134,2.5,1.8,1.5,0,vtype0
114,flow0.20,646797,5.49E+06,0,9.7278,0.666858,2.5,1.8,1.5,2,vtype0
114,flow0.21,646807,5.49E+06,0,9.55555,0.54189,2.5,1.8,1.5,2,vtype0
114,flow0.22,646818,5.49E+06,0,9.43353,0.211808,2.5,1.8,1.5,2,vtype0
114,flow0.23,646828,5.49E+06,0,9.18718,-0.562278,2.5,1.8,1.5,0,vtype0
114,flow0.24,646837,5.49E+06,0,8.77507,0.601181,2.5,1.8,1.5,0,vtype0
114,flow0.25,646845,5.49E+06,0,7.54358,2.14247,2.5,1.8,1.5,0,vtype0
114,flow0.26,646853,5.49E+06,0,4.16172,2.28112,2.5,1.8,1.5,0,vtype0
114,flow0.3,646821,5.49E+06,0,13.8938,-0.248946,2.5,1.8,1.5,0,vtype0
114,flow0.4,646878,5.49E+06,0,13.9815,0.352947,2.5,1.8,1.5,0,vtype0
114,flow0.5,646880,5.49E+06,0,13.9323,0.300467,2.5,1.8,1.5,0,vtype0
114,flow0.6,646883,5.49E+06,0,13.9165,-0.387721,2.5,1.8,1.5,0,vtype0
114,flow0.7,646890,5.49E+06,0,12.7082,-0.220081,2.5,1.8,1.5,0,vtype0
114,flow0.8,646888,5.49E+06,0,12.8685,0.502287,2.5,1.8,1.5,0,vtype0
114,flow0.9,646887,5.49E+06,0,13.1399,0.484772,2.5,1.8,1.5,0,vtype0
115,flow0.0,646680,5.49E+06,0,13.9247,-0.195529,2.5,1.8,1.5,0,vtype0
115,flow0.1,646727,5.49E+06,0,13.8717,-1.05241,2.5,1.8,1.5,0,vtype0
115,flow0.10,646886,5.49E+06,0,13.8815,-0.30505,2.5,1.8,1.5,0,vtype0
115,flow0.11,646885,5.49E+06,0,13.9047,-0.158568,2.5,1.8,1.5,0,vtype0
115,flow0.12,646883,5.49E+06,0,13.9098,0.0512276,2.5,1.8,1.5,0,vtype0
115,flow0.13,646880,5.49E+06,0,13.9166,-0.391035,2.5,1.8,1.5,0,vtype0
115,flow0.14,646877,5.49E+06,0,13.8863,-0.348916,2.5,1.8,1.5,0,vtype0
115,flow0.15,646871,5.49E+06,0,10.0223,1.43452,2.5,1.8,1.5,0,vtype0
115,flow0.16,646852,5.49E+06,0,11.6281,-4.5,2.5,1.8,1.5,9,vtype0
115,flow0.17,646780,5.49E+06,0,9.93135,-0.965143,2.5,1.8,1.5,0,vtype0
115,flow0.18,646774,5.49E+06,0,9.98807,-0.076227,2.5,1.8,1.5,2,vtype0
115,flow0.19,646780,5.49E+06,0,9.8971,1.09891,2.5,1.8,1.5,2,vtype0
115,flow0.2,646766,5.49E+06,0,13.905,-0.0901422,2.5,1.8,1.5,0,vtype0
115,flow0.20,646790,5.49E+06,0,9.67037,-0.657073,2.5,1.8,1.5,2,vtype0
115,flow0.21,646801,5.49E+06,0,9.65955,0.362316,2.5,1.8,1.5,2,vtype0
115,flow0.22,646811,5.49E+06,0,9.58259,-0.0290232,2.5,1.8,1.5,2,vtype0
115,flow0.23,646821,5.49E+06,0,9.36562,-0.33164,2.5,1.8,1.5,0,vtype0
115,flow0.24,646830,5.49E+06,0,9.03324,1.23961,2.5,1.8,1.5,2,vtype0
115,flow0.25,646839,5.49E+06,0,8.34699,-0.33082,2.5,1.8,1.5,0,vtype0
115,flow0.26,646848,5.49E+06,0,6.00628,2.44675,2.5,1.8,1.5,0,vtype0
115,flow0.27,646854,5.49E+06,0,2.99086,2.02993,2.5,1.8,1.5,0,vtype0
115,flow0.3,646807,5.49E+06,0,13.9914,0.965857,2.5,1.8,1.5,0,vtype0
115,flow0.4,646873,5.49E+06,0,13.8761,-0.271429,2.5,1.8,1.5,0,vtype0
115,flow0.5,646879,5.49E+06,0,13.9984,1.0107,2.5,1.8,1.5,0,vtype0
115,flow0.6,646882,5.49E+06,0,13.8867,-0.687473,2.5,1.8,1.5,0,vtype0
115,flow0.7,646891,5.49E+06,0,12.672,-0.496143,2.5,1.8,1.5,0,vtype0
115,flow0.8,646889,5.49E+06,0,12.8027,0.669194,2.5,1.8,1.5,0,vtype0
115,flow0.9,646888,5.49E+06,0,12.9911,-0.923867,2.5,1.8,1.5,0,vtype0
116,flow0.0,646666,5.49E+06,0,13.9067,0.173794,2.5,1.8,1.5,0,vtype0
116,flow0.1,646713,5.49E+06,0,13.8944,0.14838,2.5,1.8,1.5,0,vtype0
116,flow0.10,646887,5.49E+06,0,13.8026,1.37343,2.5,1.8,1.5,0,vtype0
116,flow0.11,646886,5.49E+06,0,13.813,-0.880448,2.5,1.8,1.5,0,vtype0
116,flow0.12,646884,5.49E+06,0,13.9916,0.266879,2.5,1.8,1.5,0,vtype0
116,flow0.13,646881,5.49E+06,0,13.9516,-0.299326,2.5,1.8,1.5,0,vtype0
116,flow0.14,646879,5.49E+06,0,13.9343,-0.369586,2.5,1.8,1.5,0,vtype0
116,flow0.15,646873,5.49E+06,0,11.9719,1.51149,2.5,1.8,1.5,0,vtype0
116,flow0.16,646861,5.49E+06,0,7.13279,-4.5,2.5,1.8,1.5,9,vtype0
116,flow0.17,646788,5.49E+06,0,9.96142,-0.574984,2.5,1.8,1.5,0,vtype0
116,flow0.18,646776,5.49E+06,0,9.925,-0.388087,2.5,1.8,1.5,0,vtype0
116,flow0.19,646775,5.49E+06,0,9.91128,0.128205,2.5,1.8,1.5,2,vtype0
116,flow0.2,646752,5.49E+06,0,13.9427,-0.552088,2.5,1.8,1.5,0,vtype0
116,flow0.20,646784,5.49E+06,0,9.76605,-0.144646,2.5,1.8,1.5,2,vtype0
116,flow0.21,646794,5.49E+06,0,9.66008,0.345501,2.5,1.8,1.5,2,vtype0
116,flow0.22,646804,5.49E+06,0,9.58899,-0.470795,2.5,1.8,1.5,2,vtype0
116,flow0.23,646814,5.49E+06,0,9.56957,1.48221,2.5,1.8,1.5,2,vtype0
116,flow0.24,646824,5.49E+06,0,9.11755,-0.857942,2.5,1.8,1.5,2,vtype0
116,flow0.25,646833,5.49E+06,0,8.79575,0.809874,2.5,1.8,1.5,2,vtype0
116,flow0.26,646843,5.49E+06,0,7.88664,2.20031,2.5,1.8,1.5,0,vtype0
116,flow0.27,646850,5.49E+06,0,4.95631,2.56879,2.5,1.8,1.5,0,vtype0
116,flow0.28,646856,5.49E+06,0,2.12868,-0.14273,2.5,1.8,1.5,8,vtype0
116,flow0.3,646793,5.49E+06,0,13.9165,-0.367961,2.5,1.8,1.5,0,vtype0
116,flow0.4,646863,5.49E+06,0,13.9713,0.585605,2.5,1.8,1.5,0,vtype0
116,flow0.5,646878,5.49E+06,0,13.9436,0.509689,2.5,1.8,1.5,0,vtype0
116,flow0.6,646881,5.49E+06,0,13.9936,1.16147,2.5,1.8,1.5,0,vtype0
116,flow0.7,646890,5.49E+06,0,12.7331,1.02895,2.5,1.8,1.5,0,vtype0
116,flow0.8,646890,5.49E+06,0,12.7169,-0.126871,2.5,1.8,1.5,0,vtype0
116,flow0.9,646889,5.49E+06,0,12.8695,-0.829154,2.5,1.8,1.5,0,vtype0
117,flow0.0,646652,5.49E+06,0,13.9394,-0.211309,2.5,1.8,1.5,0,vtype0
117,flow0.1,646699,5.49E+06,0,13.9683,0.84529,2.5,1.8,1.5,0,vtype0
117,flow0.10,646888,5.49E+06,0,13.4613,-0.285417,2.5,1.8,1.5,0,vtype0
117,flow0.11,646887,5.49E+06,0,13.6418,-0.0513259,2.5,1.8,1.5,0,vtype0
117,flow0.12,646885,5.49E+06,0,13.9051,-0.596026,2.5,1.8,1.5,0,vtype0
117,flow0.13,646882,5.49E+06,0,13.9421,0.505566,2.5,1.8,1.5,0,vtype0
117,flow0.14,646880,5.49E+06,0,13.8861,-0.222918,2.5,1.8,1.5,0,vtype0
117,flow0.15,646875,5.49E+06,0,13.9173,-0.626841,2.5,1.8,1.5,0,vtype0
117,flow0.16,646868,5.49E+06,0,7.98848,1.73137,2.5,1.8,1.5,0,vtype0
117,flow0.17,646795,5.49E+06,0,10.0148,0.418214,2.5,1.8,1.5,0,vtype0
117,flow0.18,646784,5.49E+06,0,9.92421,-1.17911,2.5,1.8,1.5,8,vtype0
117,flow0.19,646774,5.49E+06,0,10.0228,0.984349,2.5,1.8,1.5,0,vtype0
117,flow0.2,646738,5.49E+06,0,13.9396,-0.338588,2.5,1.8,1.5,0,vtype0
117,flow0.20,646777,5.49E+06,0,9.86881,-0.555547,2.5,1.8,1.5,2,vtype0
117,flow0.21,646787,5.49E+06,0,9.83788,0.640769,2.5,1.8,1.5,2,vtype0
117,flow0.22,646797,5.49E+06,0,9.67902,-0.045131,2.5,1.8,1.5,2,vtype0
117,flow0.23,646808,5.49E+06,0,9.5451,-0.293013,2.5,1.8,1.5,2,vtype0
117,flow0.24,646818,5.49E+06,0,9.35754,-0.0595316,2.5,1.8,1.5,2,vtype0
117,flow0.25,646827,5.49E+06,0,9.03983,1.05491,2.5,1.8,1.5,2,vtype0
117,flow0.26,646837,5.49E+06,0,8.85771,0.0763436,2.5,1.8,1.5,0,vtype0
117,flow0.27,646846,5.49E+06,0,7.03534,1.77248,2.5,1.8,1.5,0,vtype0
117,flow0.28,646853,5.49E+06,0,4.25078,2.51905,2.5,1.8,1.5,0,vtype0
117,flow0.3,646779,5.49E+06,0,13.9478,0.205592,2.5,1.8,1.5,0,vtype0
117,flow0.4,646850,5.49E+06,0,13.9553,0.48768,2.5,1.8,1.5,0,vtype0
117,flow0.5,646873,5.49E+06,0,13.9375,0.158704,2.5,1.8,1.5,0,vtype0
117,flow0.6,646880,5.49E+06,0,13.889,-0.0452389,2.5,1.8,1.5,0,vtype0
117,flow0.7,646889,5.49E+06,0,12.7075,0.884501,2.5,1.8,1.5,0,vtype0
117,flow0.8,646890,5.49E+06,0,12.664,-0.726891,2.5,1.8,1.5,0,vtype0
117,flow0.9,646890,5.49E+06,0,12.9441,0.643528,2.5,1.8,1.5,0,vtype0
118,flow0.0,646639,5.49E+06,0,13.893,-0.587415,2.5,1.8,1.5,0,vtype0
118,flow0.1,646685,5.49E+06,0,13.9948,0.491456,2.5,1.8,1.5,0,vtype0
118,flow0.10,646889,5.49E+06,0,13.3385,-0.00713122,2.5,1.8,1.5,0,vtype0
118,flow0.11,646888,5.49E+06,0,13.4201,-0.296317,2.5,1.8,1.5,0,vtype0
118,flow0.12,646886,5.49E+06,0,13.9648,-0.0316459,2.5,1.8,1.5,0,vtype0
118,flow0.13,646883,5.49E+06,0,13.9442,0.353512,2.5,1.8,1.5,0,vtype0
118,flow0.14,646881,5.49E+06,0,13.9941,0.557103,2.5,1.8,1.5,0,vtype0
118,flow0.15,646877,5.49E+06,0,13.8857,-0.345473,2.5,1.8,1.5,0,vtype0
118,flow0.16,646872,5.49E+06,0,9.96531,2.3262,2.5,1.8,1.5,0,vtype0
118,flow0.17,646803,5.49E+06,0,10.0184,0.669548,2.5,1.8,1.5,0,vtype0
118,flow0.18,646791,5.49E+06,0,9.93596,-0.953611,2.5,1.8,1.5,0,vtype0
118,flow0.19,646780,5.49E+06,0,9.91491,-0.579706,2.5,1.8,1.5,0,vtype0
118,flow0.2,646724,5.49E+06,0,13.9948,0.720843,2.5,1.8,1.5,0,vtype0
118,flow0.20,646774,5.49E+06,0,9.86752,-0.869242,2.5,1.8,1.5,2,vtype0
118,flow0.21,646781,5.49E+06,0,9.84777,-0.44176,2.5,1.8,1.5,2,vtype0
118,flow0.22,646791,5.49E+06,0,9.83971,0.892871,2.5,1.8,1.5,2,vtype0
118,flow0.23,646801,5.49E+06,0,9.62742,0.575637,2.5,1.8,1.5,2,vtype0
118,flow0.24,646811,5.49E+06,0,9.43596,0.68307,2.5,1.8,1.5,2,vtype0
118,flow0.25,646821,5.49E+06,0,9.11219,-0.0649565,2.5,1.8,1.5,2,vtype0
118,flow0.26,646830,5.49E+06,0,9.04463,0.193676,2.5,1.8,1.5,2,vtype0
118,flow0.27,646840,5.49E+06,0,8.72168,0.521062,2.5,1.8,1.5,0,vtype0
118,flow0.28,646848,5.49E+06,0,6.21043,1.97226,2.5,1.8,1.5,0,vtype0
118,flow0.29,646854,5.49E+06,0,3.13261,1.77925,2.5,1.8,1.5,0,vtype0
118,flow0.3,646766,5.49E+06,0,13.9121,-0.656904,2.5,1.8,1.5,0,vtype0
118,flow0.4,646836,5.49E+06,0,13.9151,-0.305921,2.5,1.8,1.5,0,vtype0
118,flow0.5,646863,5.49E+06,0,13.9439,-0.305134,2.5,1.8,1.5,0,vtype0
118,flow0.6,646879,5.49E+06,0,13.9283,-0.19474,2.5,1.8,1.5,0,vtype0
118,flow0.7,646888,5.49E+06,0,12.7082,0.00532224,2.5,1.8,1.5,0,vtype0
118,flow0.8,646889,5.49E+06,0,12.7854,0.699818,2.5,1.8,1.5,0,vtype0
118,flow0.9,646891,5.49E+06,0,12.8511,-0.714458,2.5,1.8,1.5,0,vtype0
119,flow0.0,646626,5.49E+06,0,13.8877,-0.0852731,2.5,1.8,1.5,0,vtype0
119,flow0.1,646671,5.49E+06,0,13.9612,0.512095,2.5,1.8,1.5,0,vtype0
119,flow0.10,646890,5.49E+06,0,13.2009,0.82327,2.5,1.8,1.5,0,vtype0
119,flow0.11,646889,5.49E+06,0,13.2155,-0.0550987,2.5,1.8,1.5,0,vtype0
119,flow0.12,646887,5.49E+06,0,13.9573,0.010307,2.5,1.8,1.5,0,vtype0
119,flow0.13,646884,5.49E+06,0,13.9219,-0.656004,2.5,1.8,1.5,0,vtype0
119,flow0.14,646882,5.49E+06,0,13.9821,0.784623,2.5,1.8,1.5,0,vtype0
119,flow0.15,646879,5.49E+06,0,13.8986,0.0818903,2.5,1.8,1.5,0,vtype0
119,flow0.16,646873,5.49E+06,0,12.0139,1.973,2.5,1.8,1.5,0,vtype0
119,flow0.17,646813,5.49E+06,0,9.99494,0.442771,2.5,1.8,1.5,0,vtype0
119,flow0.18,646799,5.49E+06,0,9.96209,-0.925473,2.5,1.8,1.5,0,vtype0
119,flow0.19,646788,5.49E+06,0,10.001,0.738734,2.5,1.8,1.5,0,vtype0
119,flow0.2,646710,5.49E+06,0,13.9436,0.165567,2.5,1.8,1.5,0,vtype0
119,flow0.20,646776,5.49E+06,0,9.86613,-0.416354,2.5,1.8,1.5,0,vtype0
119,flow0.21,646775,5.49E+06,0,9.88142,0.452692,2.5,1.8,1.5,2,vtype0
119,flow0.22,646784,5.49E+06,0,9.72941,-0.228234,2.5,1.8,1.5,2,vtype0
119,flow0.23,646794,5.49E+06,0,9.6778,-0.8517,2.5,1.8,1.5,2,vtype0
119,flow0.24,646804,5.49E+06,0,9.60694,-0.349554,2.5,1.8,1.5,2,vtype0
119,flow0.25,646814,5.49E+06,0,9.3581,1.43775,2.5,1.8,1.5,2,vtype0
119,flow0.26,646824,5.49E+06,0,9.07111,-0.444903,2.5,1.8,1.5,2,vtype0
119,flow0.27,646834,5.49E+06,0,8.93788,0.537183,2.5,1.8,1.5,2,vtype0
119,flow0.28,646843,5.49E+06,0,8.2208,2.02063,2.5,1.8,1.5,0,vtype0
119,flow0.29,646851,5.49E+06,0,4.91663,2.32774,2.5,1.8,1.5,0,vtype0
119,flow0.3,646752,5.49E+06,0,13.8969,-0.103092,2.5,1.8,1.5,0,vtype0
119,flow0.30,646856,5.49E+06,0,2.00132,-0.80226,2.5,1.8,1.5,8,vtype0
119,flow0.4,646822,5.49E+06,0,13.8726,-0.38842,2.5,1.8,1.5,0,vtype0
119,flow0.5,646850,5.49E+06,0,13.8844,-0.590152,2.5,1.8,1.5,0,vtype0
119,flow0.6,646878,5.49E+06,0,13.8899,-0.31983,2.5,1.8,1.5,0,vtype0
119,flow0.7,646887,5.49E+06,0,12.6439,-0.522553,2.5,1.8,1.5,0,vtype0
119,flow0.8,646888,5.49E+06,0,12.7817,0.810305,2.5,1.8,1.5,0,vtype0
119,flow0.9,646890,5.49E+06,0,12.8179,-0.72027,2.5,1.8,1.5,0,vtype0
120,flow0.0,646613,5.49E+06,0,13.9567,0.300471,2.5,1.8,1.5,0,vtype0
120,flow0.1,646658,5.49E+06,0,13.9124,-0.682464,2.5,1.8,1.5,0,vtype0
120,flow0.10,646890,5.49E+06,0,13.0948,-0.0891792,2.5,1.8,1.5,0,vtype0
120,flow0.11,646890,5.49E+06,0,13.1946,-0.221333,2.5,1.8,1.5,0,vtype0
120,flow0.12,646888,5.49E+06,0,13.9947,0.592281,2.5,1.8,1.5,0,vtype0
120,flow0.13,646886,5.49E+06,0,13.9486,-0.121097,2.5,1.8,1.5,0,vtype0
120,flow0.14,646883,5.49E+06,0,13.9031,-0.458291,2.5,1.8,1.5,0,vtype0
120,flow0.15,646880,5.49E+06,0,13.9036,0.245144,2.5,1.8,1.5,0,vtype0
120,flow0.16,646875,5.49E+06,0,13.8775,0.456537,2.5,1.8,1.5,0,vtype0
120,flow0.17,646823,5.49E+06,0,10.0197,-0.36728,2.5,1.8,1.5,0,vtype0
120,flow0.18,646808,5.49E+06,0,10.0636,0.54454,2.5,1.8,1.5,0,vtype0
120,flow0.19,646795,5.49E+06,0,9.98895,0.632259,2.5,1.8,1.5,0,vtype0
120,flow0.2,646696,5.49E+06,0,13.91,0.0211811,2.5,1.8,1.5,0,vtype0
120,flow0.20,646784,5.49E+06,0,9.8538,-1.34521,2.5,1.8,1.5,8,vtype0
120,flow0.21,646774,5.49E+06,0,9.87406,-0.164652,2.5,1.8,1.5,0,vtype0
120,flow0.22,646778,5.49E+06,0,9.81168,-0.448498,2.5,1.8,1.5,2,vtype0
120,flow0.23,646787,5.49E+06,0,9.81484,0.599291,2.5,1.8,1.5,2,vtype0
120,flow0.24,646797,5.49E+06,0,9.59254,-0.782661,2.5,1.8,1.5,2,vtype0
120,flow0.25,646808,5.49E+06,0,9.5441,1.42878,2.5,1.8,1.5,2,vtype0
120,flow0.26,646818,5.49E+06,0,9.31944,0.863897,2.5,1.8,1.5,2,vtype0
120,flow0.27,646827,5.49E+06,0,9.0434,-0.891092,2.5,1.8,1.5,10,vtype0
120,flow0.28,646837,5.49E+06,0,8.79062,0.67526,2.5,1.8,1.5,2,vtype0
120,flow0.29,646846,5.49E+06,0,6.83756,1.3344,2.5,1.8,1.5,0,vtype0
120,flow0.3,646738,5.49E+06,0,13.8776,-0.495908,2.5,1.8,1.5,0,vtype0
120,flow0.30,646853,5.49E+06,0,3.79055,2.15004,2.5,1.8,1.5,0,vtype0
120,flow0.4,646808,5.49E+06,0,13.916,-0.525981,2.5,1.8,1.5,0,vtype0
120,flow0.5,646836,5.49E+06,0,13.8865,-0.764858,2.5,1.8,1.5,0,vtype0
120,flow0.6,646873,5.49E+06,0,13.962,0.604662,2.5,1.8,1.5,0,vtype0
120,flow0.7,646886,5.49E+06,0,12.702,-0.268141,2.5,1.8,1.5,0,vtype0
120,flow0.8,646887,5.49E+06,0,12.8088,1.14456,2.5,1.8,1.5,0,vtype0
120,flow0.9,646889,5.49E+06,0,12.7718,-0.156812,2.5,1.8,1.5,0,vtype0
121,flow0.0,646601,5.49E+06,0,13.9683,0.442232,2.5,1.8,1.5,0,vtype0
121,flow0.1,646644,5.49E+06,0,13.8904,0.144575,2.5,1.8,1.5,0,vtype0
121,flow0.10,646889,5.49E+06,0,12.9708,-0.778014,2.5,1.8,1.5,0,vtype0
121,flow0.11,646891,5.49E+06,0,13.1385,0.600456,2.5,1.8,1.5,0,vtype0
121,flow0.12,646889,5.49E+06,0,13.8869,-1.07188,2.5,1.8,1.5,0,vtype0
121,flow0.13,646887,5.49E+06,0,13.9549,-0.143089,2.5,1.8,1.5,0,vtype0
121,flow0.14,646884,5.49E+06,0,13.8759,-0.0814028,2.5,1.8,1.5,0,vtype0
121,flow0.15,646881,5.49E+06,0,13.937,-0.0450715,2.5,1.8,1.5,0,vtype0
121,flow0.16,646877,5.49E+06,0,13.9889,0.0104895,2.5,1.8,1.5,0,vtype0
121,flow0.17,646833,5.49E+06,0,10.0104,0.780771,2.5,1.8,1.5,1,vtype0
121,flow0.18,646818,5.49E+06,0,9.97957,-0.466691,2.5,1.8,1.5,0,vtype0
121,flow0.19,646803,5.49E+06,0,9.95772,-0.512536,2.5,1.8,1.5,0,vtype0
121,flow0.2,646682,5.49E+06,0,13.9833,0.56186,2.5,1.8,1.5,0,vtype0
121,flow0.20,646791,5.49E+06,0,9.95941,0.424151,2.5,1.8,1.5,0,vtype0
121,flow0.21,646780,5.49E+06,0,9.8462,-0.483596,2.5,1.8,1.5,0,vtype0
121,flow0.22,646774,5.49E+06,0,9.8599,-0.722673,2.5,1.8,1.5,2,vtype0
121,flow0.23,646781,5.49E+06,0,9.78944,-1.36299,2.5,1.8,1.5,10,vtype0
121,flow0.24,646791,5.49E+06,0,9.83243,1.04442,2.5,1.8,1.5,2,vtype0
121,flow0.25,646801,5.49E+06,0,9.51321,-0.0465694,2.5,1.8,1.5,2,vtype0
121,flow0.26,646811,5.49E+06,0,9.37304,-0.0602397,2.5,1.8,1.5,2,vtype0
121,flow0.27,646821,5.49E+06,0,9.21323,-0.619421,2.5,1.8,1.5,2,vtype0
121,flow0.28,646830,5.49E+06,0,8.9425,0.292568,2.5,1.8,1.5,2,vtype0
121,flow0.29,646840,5.49E+06,0,8.70125,2.09794,2.5,1.8,1.5,0,vtype0
121,flow0.3,646724,5.49E+06,0,13.8901,-0.537804,2.5,1.8,1.5,0,vtype0
121,flow0.30,646848,5.49E+06,0,5.80497,2.4239,2.5,1.8,1.5,0,vtype0
121,flow0.31,646855,5.49E+06,0,2.93562,2.36287,2.5,1.8,1.5,0,vtype0
121,flow0.4,646794,5.49E+06,0,13.9503,0.228017,2.5,1.8,1.5,0,vtype0
121,flow0.5,646822,5.49E+06,0,13.9021,-0.667673,2.5,1.8,1.5,0,vtype0
121,flow0.6,646862,5.49E+06,0,13.9092,-0.74416,2.5,1.8,1.5,0,vtype0
121,flow0.7,646885,5.49E+06,0,12.6878,0.632857,2.5,1.8,1.5,0,vtype0
121,flow0.8,646886,5.49E+06,0,12.7235,0.454074,2.5,1.8,1.5,0,vtype0
121,flow0.9,646888,5.49E+06,0,12.7482,-0.154554,2.5,1.8,1.5,0,vtype0
122,flow0.0,646590,5.49E+06,0,10.4426,-4.5,2.5,1.8,1.5,8,vtype0
122,flow0.1,646631,5.49E+06,0,13.9838,0.44772,2.5,1.8,1.5,0,vtype0
122,flow0.10,646888,5.49E+06,0,12.8235,-1.41545,2.5,1.8,1.5,0,vtype0
122,flow0.11,646890,5.49E+06,0,13.0821,0.0126198,2.5,1.8,1.5,0,vtype0
122,flow0.12,646890,5.49E+06,0,13.9828,0.108307,2.5,1.8,1.5,0,vtype0
122,flow0.13,646888,5.49E+06,0,13.9317,-0.349088,2.5,1.8,1.5,0,vtype0
122,flow0.14,646885,5.49E+06,0,13.9104,-0.546685,2.5,1.8,1.5,0,vtype0
122,flow0.15,646882,5.49E+06,0,13.9094,-0.887222,2.5,1.8,1.5,0,vtype0
122,flow0.16,646879,5.49E+06,0,13.9279,0.204883,2.5,1.8,1.5,0,vtype0
122,flow0.17,646843,5.49E+06,0,9.99534,-0.17821,2.5,1.8,1.5,1,vtype0
122,flow0.18,646828,5.49E+06,0,9.99449,0.311708,2.5,1.8,1.5,1,vtype0
122,flow0.19,646813,5.49E+06,0,10.0247,0.417252,2.5,1.8,1.5,0,vtype0
122,flow0.2,646669,5.49E+06,0,13.9189,0.441096,2.5,1.8,1.5,0,vtype0
122,flow0.20,646799,5.49E+06,0,9.96692,0.133852,2.5,1.8,1.5,0,vtype0
122,flow0.21,646787,5.49E+06,0,9.98668,0.118623,2.5,1.8,1.5,0,vtype0
122,flow0.22,646776,5.49E+06,0,9.93937,-0.487721,2.5,1.8,1.5,0,vtype0
122,flow0.23,646775,5.49E+06,0,9.93563,-0.00333806,2.5,1.8,1.5,2,vtype0
122,flow0.24,646784,5.49E+06,0,9.84153,1.16979,2.5,1.8,1.5,2,vtype0
122,flow0.25,646794,5.49E+06,0,9.56691,-0.301232,2.5,1.8,1.5,2,vtype0
122,flow0.26,646804,5.49E+06,0,9.45761,0.00779092,2.5,1.8,1.5,2,vtype0
122,flow0.27,646814,5.49E+06,0,9.36711,0.0290908,2.5,1.8,1.5,2,vtype0
122,flow0.28,646824,5.49E+06,0,9.08398,0.568862,2.5,1.8,1.5,2,vtype0
122,flow0.29,646834,5.49E+06,0,8.90498,-1.34958,2.5,1.8,1.5,10,vtype0
122,flow0.3,646710,5.49E+06,0,13.9118,-0.292638,2.5,1.8,1.5,0,vtype0
122,flow0.30,646843,5.49E+06,0,7.70599,2.24858,2.5,1.8,1.5,0,vtype0
122,flow0.31,646851,5.49E+06,0,5.04426,2.30817,2.5,1.8,1.5,0,vtype0
122,flow0.32,646856,5.49E+06,0,2.43776,0,2.5,1.8,1.5,0,vtype0
122,flow0.4,646780,5.49E+06,0,13.9336,-0.0938477,2.5,1.8,1.5,0,vtype0
122,flow0.5,646808,5.49E+06,0,13.8812,-0.0187533,2.5,1.8,1.5,0,vtype0
122,flow0.6,646849,5.49E+06,0,13.9244,-0.459207,2.5,1.8,1.5,0,vtype0
122,flow0.7,646884,5.49E+06,0,12.6549,-0.800154,2.5,1.8,1.5,0,vtype0
122,flow0.8,646885,5.49E+06,0,12.7762,0.246336,2.5,1.8,1.5,0,vtype0
122,flow0.9,646887,5.49E+06,0,12.7647,1.02226,2.5,1.8,1.5,0,vtype0
123,flow0.0,646583,5.49E+06,0,6.67169,2.6,2.5,1.8,1.5,0,vtype0
123,flow0.1,646618,5.49E+06,0,13.9622,-0.081116,2.5,1.8,1.5,0,vtype0
123,flow0.10,646887,5.49E+06,0,12.8203,-2.01417,2.5,1.8,1.5,8,vtype0
123,flow0.11,646888,5.49E+06,0,13.1289,2.07678,2.5,1.8,1.5,0,vtype0
123,flow0.12,646891,5.49E+06,0,13.9355,0.0127426,2.5,1.8,1.5,0,vtype0
123,flow0.13,646889,5.49E+06,0,13.9245,-0.629635,2.5,1.8,1.5,0,vtype0
123,flow0.14,646886,5.49E+06,0,13.9898,0.305475,2.5,1.8,1.5,0,vtype0
123,flow0.15,646883,5.49E+06,0,13.9267,-0.463236,2.5,1.8,1.5,0,vtype0
123,flow0.16,646880,5.49E+06,0,13.8811,-0.372002,2.5,1.8,1.5,0,vtype0
123,flow0.17,646853,5.49E+06,0,9.95581,-0.182052,2.5,1.8,1.5,1,vtype0
123,flow0.18,646838,5.49E+06,0,9.95486,0.335184,2.5,1.8,1.5,1,vtype0
123,flow0.19,646823,5.49E+06,0,9.90284,-0.437704,2.5,1.8,1.5,0,vtype0
123,flow0.2,646655,5.49E+06,0,13.9535,-0.331767,2.5,1.8,1.5,0,vtype0
123,flow0.20,646808,5.49E+06,0,9.89405,-0.644663,2.5,1.8,1.5,0,vtype0
123,flow0.21,646795,5.49E+06,0,9.98208,-0.248865,2.5,1.8,1.5,0,vtype0
123,flow0.22,646784,5.49E+06,0,10.0216,1.02692,2.5,1.8,1.5,0,vtype0
123,flow0.23,646774,5.49E+06,0,9.9055,0.674187,2.5,1.8,1.5,0,vtype0
123,flow0.24,646778,5.49E+06,0,9.81891,0.0632783,2.5,1.8,1.5,2,vtype0
123,flow0.25,646787,5.49E+06,0,9.66594,-0.793885,2.5,1.8,1.5,2,vtype0
123,flow0.26,646798,5.49E+06,0,9.6425,0.537396,2.5,1.8,1.5,2,vtype0
123,flow0.27,646808,5.49E+06,0,9.48597,-0.0270285,2.5,1.8,1.5,2,vtype0
123,flow0.28,646818,5.49E+06,0,9.21328,-0.474315,2.5,1.8,1.5,2,vtype0
123,flow0.29,646827,5.49E+06,0,9.1537,0.441358,2.5,1.8,1.5,2,vtype0
123,flow0.3,646696,5.49E+06,0,13.9125,-0.620229,2.5,1.8,1.5,0,vtype0
123,flow0.30,646837,5.49E+06,0,9.02846,-0.277345,2.5,1.8,1.5,2,vtype0
123,flow0.31,646846,5.49E+06,0,7.05556,2.23461,2.5,1.8,1.5,0,vtype0
123,flow0.32,646853,5.49E+06,0,4.43759,2.1578,2.5,1.8,1.5,0,vtype0
123,flow0.4,646766,5.49E+06,0,13.944,-0.325507,2.5,1.8,1.5,0,vtype0
123,flow0.5,646794,5.49E+06,0,13.9097,0.256557,2.5,1.8,1.5,0,vtype0
123,flow0.6,646835,5.49E+06,0,13.9589,0.553453,2.5,1.8,1.5,0,vtype0
123,flow0.7,646883,5.49E+06,0,12.6336,-0.937666,2.5,1.8,1.5,0,vtype0
123,flow0.8,646884,5.49E+06,0,12.7842,0.517907,2.5,1.8,1.5,0,vtype0
123,flow0.9,646886,5.49E+06,0,12.7179,0.163774,2.5,1.8,1.5,0,vtype0
124,flow0.0,646577,5.49E+06,0,8.87685,1.64841,2.5,1.8,1.5,0,vtype0
124,flow0.1,646606,5.49E+06,0,13.8909,0.203892,2.5,1.8,1.5,0,vtype0
124,flow0.10,646886,5.49E+06,0,12.8316,-0.406578,2.5,1.8,1.5,0,vtype0
124,flow0.11,646887,5.49E+06,0,12.9973,0.927279,2.5,1.8,1.5,0,vtype0
124,flow0.12,646889,5.49E+06,0,13.9341,0.105222,2.5,1.8,1.5,0,vtype0
124,flow0.13,646890,5.49E+06,0,13.9699,-0.0504348,2.5,1.8,1.5,0,vtype0
124,flow0.14,646887,5.49E+06,0,13.9146,0.133293,2.5,1.8,1.5,0,vtype0
124,flow0.15,646884,5.49E+06,0,13.9961,0.883465,2.5,1.8,1.5,0,vtype0
124,flow0.16,646881,5.49E+06,0,13.9657,0.532847,2.5,1.8,1.5,0,vtype0
124,flow0.17,646862,5.49E+06,0,6.92047,-4.5,2.5,1.8,1.5,9,vtype0
124,flow0.18,646847,5.49E+06,0,8.15434,-3.51235,2.5,1.8,1.5,9,vtype0
124,flow0.19,646832,5.49E+06,0,8.96081,-1.03816,2.5,1.8,1.5,9,vtype0
124,flow0.2,646642,5.49E+06,0,13.9991,1.12731,2.5,1.8,1.5,0,vtype0
124,flow0.20,646817,5.49E+06,0,9.38096,-1.22649,2.5,1.8,1.5,8,vtype0
124,flow0.21,646803,5.49E+06,0,9.57927,-0.701383,2.5,1.8,1.5,0,vtype0
124,flow0.22,646791,5.49E+06,0,9.73648,-1.91435,2.5,1.8,1.5,8,vtype0
124,flow0.23,646780,5.49E+06,0,9.92839,-0.278598,2.5,1.8,1.5,0,vtype0
124,flow0.24,646774,5.49E+06,0,9.86579,0.0678352,2.5,1.8,1.5,2,vtype0
124,flow0.25,646781,5.49E+06,0,9.74988,-0.429161,2.5,1.8,1.5,2,vtype0
124,flow0.26,646791,5.49E+06,0,9.67529,-0.263205,2.5,1.8,1.5,2,vtype0
124,flow0.27,646801,5.49E+06,0,9.55203,-0.540959,2.5,1.8,1.5,2,vtype0
124,flow0.28,646811,5.49E+06,0,9.36511,-0.604482,2.5,1.8,1.5,2,vtype0
124,flow0.29,646821,5.49E+06,0,9.28584,-0.390474,2.5,1.8,1.5,2,vtype0
124,flow0.3,646682,5.49E+06,0,13.8926,-0.355634,2.5,1.8,1.5,0,vtype0
124,flow0.30,646831,5.49E+06,0,9.16963,0.789656,2.5,1.8,1.5,2,vtype0
124,flow0.31,646840,5.49E+06,0,8.64077,-0.301739,2.5,1.8,1.5,0,vtype0
124,flow0.32,646848,5.49E+06,0,6.40988,1.4639,2.5,1.8,1.5,0,vtype0
124,flow0.33,646854,5.49E+06,0,3.29064,1.42866,2.5,1.8,1.5,0,vtype0
124,flow0.4,646752,5.49E+06,0,13.9234,-0.190222,2.5,1.8,1.5,0,vtype0
124,flow0.5,646781,5.49E+06,0,13.9301,0.148209,2.5,1.8,1.5,0,vtype0
124,flow0.6,646821,5.49E+06,0,13.9378,0.40943,2.5,1.8,1.5,0,vtype0
124,flow0.7,646882,5.49E+06,0,12.6586,0.269029,2.5,1.8,1.5,0,vtype0
124,flow0.8,646883,5.49E+06,0,12.6978,-0.403139,2.5,1.8,1.5,0,vtype0
124,flow0.9,646885,5.49E+06,0,12.7653,0.187287,2.5,1.8,1.5,0,vtype0
125,flow0.0,646570,5.49E+06,0,10.766,1.44766,2.5,1.8,1.5,0,vtype0
125,flow0.1,646594,5.49E+06,0,12.2405,-4.09842,2.5,1.8,1.5,8,vtype0
125,flow0.10,646885,5.49E+06,0,12.8219,0.26999,2.5,1.8,1.5,0,vtype0
125,flow0.11,646886,5.49E+06,0,12.926,-0.0589093,2.5,1.8,1.5,0,vtype0
125,flow0.12,646888,5.49E+06,0,13.9257,0.135526,2.5,1.8,1.5,0,vtype0
125,flow0.13,646891,5.49E+06,0,13.8867,-0.577128,2.5,1.8,1.5,0,vtype0
125,flow0.14,646888,5.49E+06,0,13.9246,0.42864,2.5,1.8,1.5,0,vtype0
125,flow0.15,646885,5.49E+06,0,13.8753,-0.966203,2.5,1.8,1.5,0,vtype0
125,flow0.16,646882,5.49E+06,0,13.8838,-0.888421,2.5,1.8,1.5,0,vtype0
125,flow0.17,646869,5.49E+06,0,8.67162,1.99697,2.5,1.8,1.5,0,vtype0
125,flow0.18,646855,5.49E+06,0,8.59601,0.910847,2.5,1.8,1.5,1,vtype0
125,flow0.19,646841,5.49E+06,0,8.74688,0.767859,2.5,1.8,1.5,1,vtype0
125,flow0.2,646628,5.49E+06,0,13.8798,-0.00629179,2.5,1.8,1.5,0,vtype0
125,flow0.20,646826,5.49E+06,0,8.9039,0.654095,2.5,1.8,1.5,0,vtype0
125,flow0.21,646812,5.49E+06,0,9.12042,-0.570675,2.5,1.8,1.5,0,vtype0
125,flow0.22,646798,5.49E+06,0,9.38507,1.09344,2.5,1.8,1.5,0,vtype0
125,flow0.23,646787,5.49E+06,0,9.4013,0.752008,2.5,1.8,1.5,0,vtype0
125,flow0.24,646776,5.49E+06,0,9.44255,-0.689069,2.5,1.8,1.5,0,vtype0
125,flow0.25,646775,5.49E+06,0,9.48528,-1.67287,2.5,1.8,1.5,10,vtype0
125,flow0.26,646784,5.49E+06,0,9.64274,0.409198,2.5,1.8,1.5,2,vtype0
125,flow0.27,646794,5.49E+06,0,9.55007,0.541501,2.5,1.8,1.5,2,vtype0
125,flow0.28,646804,5.49E+06,0,9.41019,0.58278,2.5,1.8,1.5,2,vtype0
125,flow0.29,646815,5.49E+06,0,9.21708,-1.2508,2.5,1.8,1.5,10,vtype0
125,flow0.3,646668,5.49E+06,0,13.9679,-0.104806,2.5,1.8,1.5,0,vtype0
125,flow0.30,646825,5.49E+06,0,9.22128,-0.434614,2.5,1.8,1.5,2,vtype0
125,flow0.31,646834,5.49E+06,0,8.84788,0.420137,2.5,1.8,1.5,2,vtype0
125,flow0.32,646842,5.49E+06,0,8.14672,1.78171,2.5,1.8,1.5,0,vtype0
125,flow0.33,646850,5.49E+06,0,5.19507,2.16463,2.5,1.8,1.5,0,vtype0
125,flow0.34,646856,5.49E+06,0,2.20359,2.27983,2.5,1.8,1.5,0,vtype0
125,flow0.4,646738,5.49E+06,0,13.9233,0.312786,2.5,1.8,1.5,0,vtype0
125,flow0.5,646767,5.49E+06,0,13.8874,-0.156263,2.5,1.8,1.5,0,vtype0
125,flow0.6,646807,5.49E+06,0,13.9595,-0.0266335,2.5,1.8,1.5,0,vtype0
125,flow0.7,646881,5.49E+06,0,12.7264,0.51245,2.5,1.8,1.5,0,vtype0
125,flow0.8,646882,5.49E+06,0,12.6719,-0.374129,2.5,1.8,1.5,0,vtype0
125,flow0.9,646884,5.49E+06,0,12.6745,0.120278,2.5,1.8,1.5,0,vtype0
126,flow0.0,646562,5.49E+06,0,12.9093,2.56481,2.5,1.8,1.5,0,vtype0
126,flow0.1,646586,5.49E+06,0,7.77368,-4.5,2.5,1.8,1.5,8,vtype0
126,flow0.10,646884,5.49E+06,0,12.8236,0.692976,2.5,1.8,1.5,0,vtype0
126,flow0.11,646885,5.49E+06,0,12.7946,-0.421406,2.5,1.8,1.5,0,vtype0
126,flow0.12,646887,5.49E+06,0,13.9319,-0.288723,2.5,1.8,1.5,0,vtype0
126,flow0.13,646890,5.49E+06,0,13.9742,0.944374,2.5,1.8,1.5,0,vtype0
126,flow0.14,646889,5.49E+06,0,13.9016,-0.554654,2.5,1.8,1.5,0,vtype0
126,flow0.15,646886,5.49E+06,0,13.9317,0.612825,2.5,1.8,1.5,0,vtype0
126,flow0.16,646883,5.49E+06,0,13.9728,0.188808,2.5,1.8,1.5,0,vtype0
126,flow0.17,646872,5.49E+06,0,10.4667,1.33379,2.5,1.8,1.5,0,vtype0
126,flow0.18,646863,5.49E+06,0,6.70679,2.6,2.5,1.8,1.5,1,vtype0
126,flow0.19,646849,5.49E+06,0,7.39941,-3.0335,2.5,1.8,1.5,9,vtype0
126,flow0.2,646616,5.49E+06,0,13.9761,-0.0449745,2.5,1.8,1.5,0,vtype0
126,flow0.20,646835,5.49E+06,0,8.23137,-2.17511,2.5,1.8,1.5,9,vtype0
126,flow0.21,646821,5.49E+06,0,8.75026,-0.993721,2.5,1.8,1.5,8,vtype0
126,flow0.22,646806,5.49E+06,0,9.01352,-2.22213,2.5,1.8,1.5,8,vtype0
126,flow0.23,646794,5.49E+06,0,9.38974,0.12493,2.5,1.8,1.5,0,vtype0
126,flow0.24,646783,5.49E+06,0,9.45835,-0.947567,2.5,1.8,1.5,8,vtype0
126,flow0.25,646774,5.49E+06,0,9.5744,0.0367947,2.5,1.8,1.5,0,vtype0
126,flow0.26,646778,5.49E+06,0,9.51385,-0.0882361,2.5,1.8,1.5,2,vtype0
126,flow0.27,646788,5.49E+06,0,9.47871,-0.612295,2.5,1.8,1.5,2,vtype0
126,flow0.28,646798,5.49E+06,0,9.47491,0.262354,2.5,1.8,1.5,2,vtype0
126,flow0.29,646808,5.49E+06,0,9.31332,-1.06004,2.5,1.8,1.5,10,vtype0
126,flow0.3,646655,5.49E+06,0,13.8929,-0.947159,2.5,1.8,1.5,0,vtype0
126,flow0.30,646818,5.49E+06,0,9.27921,-0.225473,2.5,1.8,1.5,2,vtype0
126,flow0.31,646828,5.49E+06,0,9.02395,-0.126241,2.5,1.8,1.5,2,vtype0
126,flow0.32,646837,5.49E+06,0,8.45863,0.591165,2.5,1.8,1.5,0,vtype0
126,flow0.33,646845,5.49E+06,0,7.27947,2.51962,2.5,1.8,1.5,0,vtype0
126,flow0.34,646852,5.49E+06,0,4.20376,2.39933,2.5,1.8,1.5,0,vtype0
126,flow0.4,646724,5.49E+06,0,13.8737,-0.63502,2.5,1.8,1.5,0,vtype0
126,flow0.5,646753,5.49E+06,0,13.9768,0.0332628,2.5,1.8,1.5,0,vtype0
126,flow0.6,646793,5.49E+06,0,13.8984,0.226615,2.5,1.8,1.5,0,vtype0
126,flow0.7,646880,5.49E+06,0,12.7078,0.598622,2.5,1.8,1.5,0,vtype0
126,flow0.8,646881,5.49E+06,0,12.6543,-0.691913,2.5,1.8,1.5,0,vtype0
126,flow0.9,646882,5.49E+06,0,12.6964,-0.782351,2.5,1.8,1.5,0,vtype0
127,flow0.0,646553,5.49E+06,0,13.8903,-0.158857,2.5,1.8,1.5,0,vtype0
127,flow0.1,646580,5.49E+06,0,8.22319,2.39502,2.5,1.8,1.5,0,vtype0
127,flow0.10,646883,5.49E+06,0,12.7702,0.750632,2.5,1.8,1.5,0,vtype0
127,flow0.11,646884,5.49E+06,0,12.8266,0.825892,2.5,1.8,1.5,0,vtype0
127,flow0.12,646886,5.49E+06,0,13.6496,-1.17847,2.5,1.8,1.5,0,vtype0
127,flow0.13,646889,5.49E+06,0,13.9471,-0.0990131,2.5,1.8,1.5,0,vtype0
127,flow0.14,646890,5.49E+06,0,13.9563,0.417839,2.5,1.8,1.5,0,vtype0
127,flow0.15,646887,5.49E+06,0,13.9625,0.821721,2.5,1.8,1.5,0,vtype0
127,flow0.16,646884,5.49E+06,0,13.9923,0.283543,2.5,1.8,1.5,0,vtype0
127,flow0.17,646873,5.49E+06,0,11.978,-0.798913,2.5,1.8,1.5,0,vtype0
127,flow0.18,646870,5.49E+06,0,8.87643,1.53441,2.5,1.8,1.5,0,vtype0
127,flow0.19,646857,5.49E+06,0,8.7066,1.11466,2.5,1.8,1.5,1,vtype0
127,flow0.2,646604,5.49E+06,0,12.8352,0.442631,2.5,1.8,1.5,0,vtype0
127,flow0.20,646843,5.49E+06,0,8.68267,1.50607,2.5,1.8,1.5,1,vtype0
127,flow0.21,646829,5.49E+06,0,8.65551,0.0582159,2.5,1.8,1.5,1,vtype0
127,flow0.22,646815,5.49E+06,0,8.80806,-0.994159,2.5,1.8,1.5,8,vtype0
127,flow0.23,646801,5.49E+06,0,9.01671,0.037426,2.5,1.8,1.5,0,vtype0
127,flow0.24,646790,5.49E+06,0,9.13687,0.794674,2.5,1.8,1.5,0,vtype0
127,flow0.25,646779,5.49E+06,0,9.18744,-0.741051,2.5,1.8,1.5,0,vtype0
127,flow0.26,646775,5.49E+06,0,9.27422,-0.235787,2.5,1.8,1.5,2,vtype0
127,flow0.27,646781,5.49E+06,0,9.40105,0.679146,2.5,1.8,1.5,2,vtype0
127,flow0.28,646791,5.49E+06,0,9.28441,-1.44364,2.5,1.8,1.5,10,vtype0
127,flow0.29,646801,5.49E+06,0,9.41687,0.896757,2.5,1.8,1.5,2,vtype0
127,flow0.3,646641,5.49E+06,0,13.9146,-0.0174182,2.5,1.8,1.5,0,vtype0
127,flow0.30,646811,5.49E+06,0,9.23233,-1.10238,2.5,1.8,1.5,10,vtype0
127,flow0.31,646821,5.49E+06,0,9.10218,-0.0800839,2.5,1.8,1.5,2,vtype0
127,flow0.32,646831,5.49E+06,0,8.68185,0.131502,2.5,1.8,1.5,0,vtype0
127,flow0.33,646840,5.49E+06,0,8.22737,-0.590643,2.5,1.8,1.5,0,vtype0
127,flow0.34,646848,5.49E+06,0,5.99886,2.16146,2.5,1.8,1.5,0,vtype0
127,flow0.35,646854,5.49E+06,0,3.20473,2.50873,2.5,1.8,1.5,0,vtype0
127,flow0.4,646711,5.49E+06,0,13.9315,0.259009,2.5,1.8,1.5,0,vtype0
127,flow0.5,646739,5.49E+06,0,13.8721,-0.165784,2.5,1.8,1.5,0,vtype0
127,flow0.6,646779,5.49E+06,0,13.9281,0.534858,2.5,1.8,1.5,0,vtype0
127,flow0.7,646879,5.49E+06,0,12.6987,-0.195666,2.5,1.8,1.5,0,vtype0
127,flow0.8,646880,5.49E+06,0,12.7288,-0.310997,2.5,1.8,1.5,0,vtype0
127,flow0.9,646881,5.49E+06,0,12.8126,0.905971,2.5,1.8,1.5,0,vtype0
128,flow0.0,646543,5.49E+06,0,13.8748,-0.0957448,2.5,1.8,1.5,0,vtype0
128,flow0.1,646573,5.49E+06,0,10.2284,2.46884,2.5,1.8,1.5,0,vtype0
128,flow0.10,646882,5.49E+06,0,13.2404,2.00049,2.5,1.8,1.5,0,vtype0
128,flow0.11,646883,5.49E+06,0,12.9978,-0.350212,2.5,1.8,1.5,0,vtype0
128,flow0.12,646885,5.49E+06,0,13.6837,0.854037,2.5,1.8,1.5,0,vtype0
128,flow0.13,646888,5.49E+06,0,13.8905,-0.787388,2.5,1.8,1.5,0,vtype0
128,flow0.14,646891,5.49E+06,0,13.9136,-0.554679,2.5,1.8,1.5,0,vtype0
128,flow0.15,646888,5.49E+06,0,13.8932,0.229291,2.5,1.8,1.5,0,vtype0
128,flow0.16,646885,5.49E+06,0,13.9433,0.638011,2.5,1.8,1.5,0,vtype0
128,flow0.17,646875,5.49E+06,0,12.0191,0.467299,2.5,1.8,1.5,0,vtype0
128,flow0.18,646872,5.49E+06,0,10.8591,1.4248,2.5,1.8,1.5,0,vtype0
128,flow0.19,646865,5.49E+06,0,7.06512,2.6,2.5,1.8,1.5,1,vtype0
128,flow0.2,646593,5.49E+06,0,11.7569,-4.5,2.5,1.8,1.5,8,vtype0
128,flow0.20,646851,5.49E+06,0,7.40945,1.671,2.5,1.8,1.5,1,vtype0
128,flow0.21,646837,5.49E+06,0,7.83346,1.18445,2.5,1.8,1.5,1,vtype0
128,flow0.22,646823,5.49E+06,0,8.14692,-1.49441,2.5,1.8,1.5,8,vtype0
128,flow0.23,646809,5.49E+06,0,8.64478,-0.28915,2.5,1.8,1.5,0,vtype0
128,flow0.24,646797,5.49E+06,0,8.85047,-2.02969,2.5,1.8,1.5,8,vtype0
128,flow0.25,646786,5.49E+06,0,9.16066,0.39178,2.5,1.8,1.5,0,vtype0
128,flow0.26,646775,5.49E+06,0,9.28105,0.541896,2.5,1.8,1.5,0,vtype0
128,flow0.27,646776,5.49E+06,0,9.25783,-0.289052,2.5,1.8,1.5,2,vtype0
128,flow0.28,646785,5.49E+06,0,9.35748,1.11511,2.5,1.8,1.5,2,vtype0
128,flow0.29,646795,5.49E+06,0,9.28309,0.17329,2.5,1.8,1.5,2,vtype0
128,flow0.3,646628,5.49E+06,0,13.9334,0.509673,2.5,1.8,1.5,0,vtype0
128,flow0.30,646805,5.49E+06,0,9.26432,-0.045426,2.5,1.8,1.5,2,vtype0
128,flow0.31,646815,5.49E+06,0,9.1306,0.296958,2.5,1.8,1.5,2,vtype0
128,flow0.32,646824,5.49E+06,0,8.85388,1.17132,2.5,1.8,1.5,2,vtype0
128,flow0.33,646834,5.49E+06,0,8.45853,-0.590656,2.5,1.8,1.5,2,vtype0
128,flow0.34,646843,5.49E+06,0,7.9509,1.67419,2.5,1.8,1.5,0,vtype0
128,flow0.35,646850,5.49E+06,0,5.09269,1.43341,2.5,1.8,1.5,0,vtype0
128,flow0.36,646856,5.49E+06,0,2.10747,1.82582,2.5,1.8,1.5,0,vtype0
128,flow0.4,646697,5.49E+06,0,13.9,-0.130528,2.5,1.8,1.5,0,vtype0
128,flow0.5,646725,5.49E+06,0,13.887,-0.806789,2.5,1.8,1.5,0,vtype0
128,flow0.6,646765,5.49E+06,0,13.8717,-0.732628,2.5,1.8,1.5,0,vtype0
128,flow0.7,646878,5.49E+06,0,13.9585,0.068895,2.5,1.8,1.5,0,vtype0
128,flow0.8,646879,5.49E+06,0,13.6551,1.78433,2.5,1.8,1.5,0,vtype0
128,flow0.9,646880,5.49E+06,0,13.3293,0.31361,2.5,1.8,1.5,0,vtype0
129,flow0.0,646534,5.49E+06,0,13.8817,-0.576168,2.5,1.8,1.5,0,vtype0
129,flow0.1,646565,5.49E+06,0,12.2913,2.10947,2.5,1.8,1.5,0,vtype0
129,flow0.10,646881,5.49E+06,0,13.4291,0.281428,2.5,1.8,1.5,0,vtype0
129,flow0.11,646882,5.49E+06,0,13.2765,-0.268371,2.5,1.8,1.5,0,vtype0
129,flow0.12,646884,5.49E+06,0,13.7599,-0.191256,2.5,1.8,1.5,0,vtype0
129,flow0.13,646887,5.49E+06,0,13.9023,0.0430202,2.5,1.8,1.5,0,vtype0
129,flow0.14,646890,5.49E+06,0,13.9373,-0.261143,2.5,1.8,1.5,0,vtype0
129,flow0.15,646889,5.49E+06,0,13.8747,-0.0739152,2.5,1.8,1.5,0,vtype0
129,flow0.16,646886,5.49E+06,0,13.9663,-0.201665,2.5,1.8,1.5,0,vtype0
129,flow0.17,646877,5.49E+06,0,12.0091,0.625966,2.5,1.8,1.5,0,vtype0
129,flow0.18,646874,5.49E+06,0,12.9312,1.8421,2.5,1.8,1.5,0,vtype0
129,flow0.19,646871,5.49E+06,0,9.21372,2.02317,2.5,1.8,1.5,0,vtype0
129,flow0.2,646585,5.49E+06,0,7.34429,-4.5,2.5,1.8,1.5,8,vtype0
129,flow0.20,646859,5.49E+06,0,8.27301,-3.0308,2.5,1.8,1.5,9,vtype0
129,flow0.21,646846,5.49E+06,0,8.52898,0.24286,2.5,1.8,1.5,1,vtype0
129,flow0.22,646832,5.49E+06,0,8.61191,0.506479,2.5,1.8,1.5,1,vtype0
129,flow0.23,646818,5.49E+06,0,8.62687,0.120006,2.5,1.8,1.5,0,vtype0
129,flow0.24,646804,5.49E+06,0,8.78747,0.184383,2.5,1.8,1.5,0,vtype0
129,flow0.25,646792,5.49E+06,0,8.95715,1.56023,2.5,1.8,1.5,0,vtype0
129,flow0.26,646782,5.49E+06,0,9.02516,0.126942,2.5,1.8,1.5,0,vtype0
129,flow0.27,646774,5.49E+06,0,9.05499,-1.42777,2.5,1.8,1.5,8,vtype0
129,flow0.28,646779,5.49E+06,0,9.18475,0.985392,2.5,1.8,1.5,2,vtype0
129,flow0.29,646788,5.49E+06,0,9.13617,-1.02907,2.5,1.8,1.5,10,vtype0
129,flow0.3,646615,5.49E+06,0,13.8949,0.102501,2.5,1.8,1.5,0,vtype0
129,flow0.30,646798,5.49E+06,0,9.17788,0.0603232,2.5,1.8,1.5,2,vtype0
129,flow0.31,646808,5.49E+06,0,9.06977,-1.01987,2.5,1.8,1.5,10,vtype0
129,flow0.32,646818,5.49E+06,0,8.98091,0.300903,2.5,1.8,1.5,2,vtype0
129,flow0.33,646828,5.49E+06,0,8.7204,0.448312,2.5,1.8,1.5,2,vtype0
129,flow0.34,646837,5.49E+06,0,8.47123,0.835238,2.5,1.8,1.5,2,vtype0
129,flow0.35,646845,5.49E+06,0,6.99009,1.78689,2.5,1.8,1.5,0,vtype0
129,flow0.36,646853,5.49E+06,0,3.89293,1.81233,2.5,1.8,1.5,0,vtype0
129,flow0.4,646683,5.49E+06,0,13.8942,-0.619644,2.5,1.8,1.5,0,vtype0
129,flow0.5,646711,5.49E+06,0,13.9898,0.184585,2.5,1.8,1.5,0,vtype0
129,flow0.6,646751,5.49E+06,0,13.9492,0.773694,2.5,1.8,1.5,0,vtype0
129,flow0.7,646874,5.49E+06,0,13.8888,-0.0707523,2.5,1.8,1.5,0,vtype0
129,flow0.8,646879,5.49E+06,0,13.707,-0.137313,2.5,1.8,1.5,0,vtype0
129,flow0.9,646880,5.49E+06,0,13.5115,-1.02151,2.5,1.8,1.5,0,vtype0
130,flow0.0,646524,5.49E+06,0,13.9633,-0.12141,2.5,1.8,1.5,0,vtype0
130,flow0.1,646556,5.49E+06,0,13.8967,-0.901685,2.5,1.8,1.5,0,vtype0
130,flow0.10,646880,5.49E+06,0,13.4207,-1.62025,2.5,1.8,1.5,8,vtype0
130,flow0.11,646881,5.49E+06,0,13.4615,0.290987,2.5,1.8,1.5,0,vtype0
130,flow0.12,646883,5.49E+06,0,13.6924,-0.721815,2.5,1.8,1.5,0,vtype0
130,flow0.13,646885,5.49E+06,0,13.9526,0.729488,2.5,1.8,1.5,0,vtype0
130,flow0.14,646889,5.49E+06,0,13.8913,-0.764122,2.5,1.8,1.5,0,vtype0
130,flow0.15,646890,5.49E+06,0,13.9836,-0.127114,2.5,1.8,1.5,0,vtype0
130,flow0.16,646887,5.49E+06,0,13.9315,0.217494,2.5,1.8,1.5,0,vtype0
130,flow0.17,646879,5.49E+06,0,12.0396,0.774,2.5,1.8,1.5,0,vtype0
130,flow0.18,646876,5.49E+06,0,12.8442,-0.9138,2.5,1.8,1.5,0,vtype0
130,flow0.19,646872,5.49E+06,0,11.2203,1.95143,2.5,1.8,1.5,0,vtype0
130,flow0.2,646579,5.49E+06,0,8.37079,2.02042,2.5,1.8,1.5,0,vtype0
130,flow0.20,646866,5.49E+06,0,7.38064,2.6,2.5,1.8,1.5,1,vtype0
130,flow0.21,646853,5.49E+06,0,7.4083,0.865875,2.5,1.8,1.5,1,vtype0
130,flow0.22,646840,5.49E+06,0,7.75517,1.25507,2.5,1.8,1.5,1,vtype0
130,flow0.23,646826,5.49E+06,0,7.97481,-0.321315,2.5,1.8,1.5,0,vtype0
130,flow0.24,646812,5.49E+06,0,8.33516,1.21138,2.5,1.8,1.5,0,vtype0
130,flow0.25,646799,5.49E+06,0,8.46222,-1.69976,2.5,1.8,1.5,8,vtype0
130,flow0.26,646788,5.49E+06,0,8.75423,-0.658687,2.5,1.8,1.5,0,vtype0
130,flow0.27,646777,5.49E+06,0,8.95351,-0.0916218,2.5,1.8,1.5,0,vtype0
130,flow0.28,646775,5.49E+06,0,9.00913,-0.784354,2.5,1.8,1.5,2,vtype0
130,flow0.29,646782,5.49E+06,0,9.15783,-0.0648172,2.5,1.8,1.5,2,vtype0
130,flow0.3,646604,5.49E+06,0,12.9766,-0.517795,2.5,1.8,1.5,0,vtype0
130,flow0.30,646792,5.49E+06,0,9.14163,0.467953,2.5,1.8,1.5,2,vtype0
130,flow0.31,646802,5.49E+06,0,9.10624,0.152473,2.5,1.8,1.5,2,vtype0
130,flow0.32,646812,5.49E+06,0,8.93291,-1.4972,2.5,1.8,1.5,10,vtype0
130,flow0.33,646821,5.49E+06,0,8.85657,-0.163353,2.5,1.8,1.5,2,vtype0
130,flow0.34,646831,5.49E+06,0,8.62314,0.178907,2.5,1.8,1.5,2,vtype0
130,flow0.35,646840,5.49E+06,0,8.26184,0.89939,2.5,1.8,1.5,0,vtype0
130,flow0.36,646848,5.49E+06,0,5.79661,1.62931,2.5,1.8,1.5,0,vtype0
130,flow0.37,646855,5.49E+06,0,2.9815,2.20113,2.5,1.8,1.5,0,vtype0
130,flow0.4,646669,5.49E+06,0,13.9147,-0.807569,2.5,1.8,1.5,0,vtype0
130,flow0.5,646697,5.49E+06,0,13.8781,-0.678207,2.5,1.8,1.5,0,vtype0
130,flow0.6,646737,5.49E+06,0,13.9006,0.119375,2.5,1.8,1.5,0,vtype0
130,flow0.7,646864,5.49E+06,0,13.8867,-0.783583,2.5,1.8,1.5,0,vtype0
130,flow0.8,646876,5.49E+06,0,13.7369,-0.470511,2.5,1.8,1.5,0,vtype0
130,flow0.9,646879,5.49E+06,0,13.6943,1.15698,2.5,1.8,1.5,0,vtype0
131,flow0.0,646515,5.49E+06,0,13.8846,-0.117016,2.5,1.8,1.5,0,vtype0
131,flow0.1,646547,5.49E+06,0,13.9142,-0.0898574,2.5,1.8,1.5,0,vtype0
131,flow0.10,646879,5.49E+06,0,13.5849,0.1933,2.5,1.8,1.5,0,vtype0
131,flow0.11,646880,5.49E+06,0,13.5129,-0.348514,2.5,1.8,1.5,0,vtype0
131,flow0.12,646882,5.49E+06,0,13.7275,1.09681,2.5,1.8,1.5,0,vtype0
131,flow0.13,646884,5.49E+06,0,13.8864,-0.302243,2.5,1.8,1.5,0,vtype0
131,flow0.14,646887,5.49E+06,0,13.9971,0.727286,2.5,1.8,1.5,0,vtype0
131,flow0.15,646891,5.49E+06,0,13.8987,-0.873738,2.5,1.8,1.5,0,vtype0
131,flow0.16,646888,5.49E+06,0,13.875,-0.831911,2.5,1.8,1.5,0,vtype0
131,flow0.17,646879,5.49E+06,0,12.0332,-0.113269,2.5,1.8,1.5,0,vtype0
131,flow0.18,646878,5.49E+06,0,12.6415,-0.692815,2.5,1.8,1.5,0,vtype0
131,flow0.19,646874,5.49E+06,0,13.1954,1.51853,2.5,1.8,1.5,0,vtype0
131,flow0.2,646572,5.49E+06,0,10.3466,1.71635,2.5,1.8,1.5,0,vtype0
131,flow0.20,646871,5.49E+06,0,9.29767,1.74473,2.5,1.8,1.5,0,vtype0
131,flow0.21,646861,5.49E+06,0,7.32223,-4.5,2.5,1.8,1.5,9,vtype0
131,flow0.22,646848,5.49E+06,0,7.95421,-2.14994,2.5,1.8,1.5,9,vtype0
131,flow0.23,646834,5.49E+06,0,8.22005,-0.0369179,2.5,1.8,1.5,1,vtype0
131,flow0.24,646820,5.49E+06,0,8.34164,-1.31167,2.5,1.8,1.5,8,vtype0
131,flow0.25,646807,5.49E+06,0,8.60332,1.21823,2.5,1.8,1.5,0,vtype0
131,flow0.26,646795,5.49E+06,0,8.61756,-0.402701,2.5,1.8,1.5,0,vtype0
131,flow0.27,646784,5.49E+06,0,8.77111,-1.13854,2.5,1.8,1.5,8,vtype0
131,flow0.28,646774,5.49E+06,0,8.94793,-0.135445,2.5,1.8,1.5,0,vtype0
131,flow0.29,646776,5.49E+06,0,8.98263,-1.24147,2.5,1.8,1.5,10,vtype0
131,flow0.3,646593,5.49E+06,0,11.6282,-4.38922,2.5,1.8,1.5,8,vtype0
131,flow0.30,646786,5.49E+06,0,9.14449,0.334295,2.5,1.8,1.5,2,vtype0
131,flow0.31,646796,5.49E+06,0,9.14128,-0.00806742,2.5,1.8,1.5,2,vtype0
131,flow0.32,646805,5.49E+06,0,8.97746,0.162834,2.5,1.8,1.5,2,vtype0
131,flow0.33,646815,5.49E+06,0,8.82328,-0.48394,2.5,1.8,1.5,2,vtype0
131,flow0.34,646825,5.49E+06,0,8.72476,0.436331,2.5,1.8,1.5,2,vtype0
131,flow0.35,646834,5.49E+06,0,8.36917,0.537839,2.5,1.8,1.5,2,vtype0
131,flow0.36,646843,5.49E+06,0,7.74821,2.42918,2.5,1.8,1.5,0,vtype0
131,flow0.37,646851,5.49E+06,0,4.87991,2.31346,2.5,1.8,1.5,0,vtype0
131,flow0.38,646856,5.49E+06,0,2.35888,0,2.5,1.8,1.5,0,vtype0
131,flow0.4,646655,5.49E+06,0,13.9236,0.227509,2.5,1.8,1.5,0,vtype0
131,flow0.5,646683,5.49E+06,0,13.9987,0.174655,2.5,1.8,1.5,0,vtype0
131,flow0.6,646723,5.49E+06,0,13.9396,0.0771386,2.5,1.8,1.5,0,vtype0
131,flow0.7,646851,5.49E+06,0,13.9802,0.823936,2.5,1.8,1.5,0,vtype0
131,flow0.8,646868,5.49E+06,0,13.8073,-0.309611,2.5,1.8,1.5,0,vtype0
131,flow0.9,646877,5.49E+06,0,13.709,-0.291755,2.5,1.8,1.5,0,vtype0
132,flow0.0,646505,5.49E+06,0,13.9325,0.25829,2.5,1.8,1.5,0,vtype0
132,flow0.1,646537,5.49E+06,0,13.9445,0.112833,2.5,1.8,1.5,0,vtype0
132,flow0.10,646878,5.49E+06,0,13.624,-0.425812,2.5,1.8,1.5,0,vtype0
132,flow0.11,646879,5.49E+06,0,13.636,0.464598,2.5,1.8,1.5,0,vtype0
132,flow0.12,646881,5.49E+06,0,13.7045,0.359988,2.5,1.8,1.5,0,vtype0
132,flow0.13,646883,5.49E+06,0,13.9899,0.249647,2.5,1.8,1.5,0,vtype0
132,flow0.14,646886,5.49E+06,0,13.9808,0.357692,2.5,1.8,1.5,0,vtype0
132,flow0.15,646890,5.49E+06,0,13.8838,-0.766805,2.5,1.8,1.5,0,vtype0
132,flow0.16,646889,5.49E+06,0,13.9688,0.411928,2.5,1.8,1.5,0,vtype0
132,flow0.17,646880,5.49E+06,0,12.0142,0.0907243,2.5,1.8,1.5,0,vtype0
132,flow0.18,646879,5.49E+06,0,12.4757,-0.66493,2.5,1.8,1.5,0,vtype0
132,flow0.19,646876,5.49E+06,0,13.6495,-0.64124,2.5,1.8,1.5,0,vtype0
132,flow0.2,646564,5.49E+06,0,12.4944,2.54903,2.5,1.8,1.5,0,vtype0
132,flow0.20,646873,5.49E+06,0,11.3885,2.47437,2.5,1.8,1.5,0,vtype0
132,flow0.21,646868,5.49E+06,0,8.38853,1.65399,2.5,1.8,1.5,0,vtype0
132,flow0.22,646855,5.49E+06,0,8.11337,1.69762,2.5,1.8,1.5,1,vtype0
132,flow0.23,646842,5.49E+06,0,8.0103,-0.0581902,2.5,1.8,1.5,1,vtype0
132,flow0.24,646828,5.49E+06,0,8.18725,2.12746,2.5,1.8,1.5,1,vtype0
132,flow0.25,646815,5.49E+06,0,8.16055,-0.727583,2.5,1.8,1.5,0,vtype0
132,flow0.26,646801,5.49E+06,0,8.45672,0.368588,2.5,1.8,1.5,0,vtype0
132,flow0.27,646791,5.49E+06,0,8.63045,0.978781,2.5,1.8,1.5,0,vtype0
132,flow0.28,646780,5.49E+06,0,8.62628,-1.03127,2.5,1.8,1.5,8,vtype0
132,flow0.29,646774,5.49E+06,0,8.78777,0.194923,2.5,1.8,1.5,2,vtype0
132,flow0.3,646585,5.49E+06,0,7.12816,-4.5,2.5,1.8,1.5,8,vtype0
132,flow0.30,646780,5.49E+06,0,8.92166,0.371382,2.5,1.8,1.5,2,vtype0
132,flow0.31,646789,5.49E+06,0,8.88936,-1.60159,2.5,1.8,1.5,10,vtype0
132,flow0.32,646799,5.49E+06,0,8.93674,-0.436635,2.5,1.8,1.5,2,vtype0
132,flow0.33,646809,5.49E+06,0,8.87291,0.488705,2.5,1.8,1.5,2,vtype0
132,flow0.34,646819,5.49E+06,0,8.71958,0.165879,2.5,1.8,1.5,2,vtype0
132,flow0.35,646828,5.49E+06,0,8.42557,-1.54585,2.5,1.8,1.5,10,vtype0
132,flow0.36,646837,5.49E+06,0,8.36942,-0.752501,2.5,1.8,1.5,2,vtype0
132,flow0.37,646846,5.49E+06,0,6.85278,1.76042,2.5,1.8,1.5,0,vtype0
132,flow0.38,646853,5.49E+06,0,4.09461,1.32864,2.5,1.8,1.5,0,vtype0
132,flow0.4,646642,5.49E+06,0,13.9274,-0.19513,2.5,1.8,1.5,0,vtype0
132,flow0.5,646669,5.49E+06,0,13.9636,0.690347,2.5,1.8,1.5,0,vtype0
132,flow0.6,646709,5.49E+06,0,13.9101,-0.715055,2.5,1.8,1.5,0,vtype0
132,flow0.7,646837,5.49E+06,0,13.9845,0.0600906,2.5,1.8,1.5,0,vtype0
132,flow0.8,646856,5.49E+06,0,13.8108,-0.55442,2.5,1.8,1.5,0,vtype0
132,flow0.9,646871,5.49E+06,0,13.7665,0.308404,2.5,1.8,1.5,0,vtype0
133,flow0.0,646496,5.49E+06,0,13.9338,0.227293,2.5,1.8,1.5,0,vtype0
133,flow0.1,646528,5.49E+06,0,13.8885,0.0831391,2.5,1.8,1.5,0,vtype0
133,flow0.10,646874,5.49E+06,0,13.6475,-0.478707,2.5,1.8,1.5,0,vtype0
133,flow0.11,646879,5.49E+06,0,13.5655,-0.743862,2.5,1.8,1.5,0,vtype0
133,flow0.12,646880,5.49E+06,0,13.723,0.224151,2.5,1.8,1.5,0,vtype0
133,flow0.13,646882,5.49E+06,0,13.9648,0.291951,2.5,1.8,1.5,0,vtype0
133,flow0.14,646885,5.49E+06,0,13.9223,0.486626,2.5,1.8,1.5,0,vtype0
133,flow0.15,646889,5.49E+06,0,13.9508,-0.175734,2.5,1.8,1.5,0,vtype0
133,flow0.16,646890,5.49E+06,0,13.9801,0.590892,2.5,1.8,1.5,0,vtype0
133,flow0.17,646881,5.49E+06,0,12.0559,0.0295813,2.5,1.8,1.5,0,vtype0
133,flow0.18,646880,5.49E+06,0,12.3956,0.16686,2.5,1.8,1.5,0,vtype0
133,flow0.19,646878,5.49E+06,0,13.2935,-0.798004,2.5,1.8,1.5,0,vtype0
133,flow0.2,646555,5.49E+06,0,13.9031,-0.750761,2.5,1.8,1.5,0,vtype0
133,flow0.20,646875,5.49E+06,0,13.1438,2.24009,2.5,1.8,1.5,0,vtype0
133,flow0.21,646872,5.49E+06,0,10.5733,2.55289,2.5,1.8,1.5,0,vtype0
133,flow0.22,646863,5.49E+06,0,6.7401,2.6,2.5,1.8,1.5,1,vtype0
133,flow0.23,646850,5.49E+06,0,7.03761,-3.66164,2.5,1.8,1.5,9,vtype0
133,flow0.24,646837,5.49E+06,0,7.67941,-2.45855,2.5,1.8,1.5,9,vtype0
133,flow0.25,646823,5.49E+06,0,8.14917,-0.262627,2.5,1.8,1.5,0,vtype0
133,flow0.26,646809,5.49E+06,0,8.33872,-0.908055,2.5,1.8,1.5,8,vtype0
133,flow0.27,646797,5.49E+06,0,8.59106,0.33613,2.5,1.8,1.5,0,vtype0
133,flow0.28,646787,5.49E+06,0,8.66032,-0.497186,2.5,1.8,1.5,0,vtype0
133,flow0.29,646776,5.49E+06,0,8.83316,0.0819193,2.5,1.8,1.5,0,vtype0
133,flow0.3,646579,5.49E+06,0,8.10444,1.47397,2.5,1.8,1.5,0,vtype0
133,flow0.30,646775,5.49E+06,0,8.91952,1.43149,2.5,1.8,1.5,2,vtype0
133,flow0.31,646783,5.49E+06,0,8.83054,-1.6269,2.5,1.8,1.5,10,vtype0
133,flow0.32,646793,5.49E+06,0,9.0292,1.09838,2.5,1.8,1.5,2,vtype0
133,flow0.33,646803,5.49E+06,0,8.87084,0.130056,2.5,1.8,1.5,2,vtype0
133,flow0.34,646812,5.49E+06,0,8.78721,-0.0974126,2.5,1.8,1.5,2,vtype0
133,flow0.35,646822,5.49E+06,0,8.61221,-0.37032,2.5,1.8,1.5,2,vtype0
133,flow0.36,646831,5.49E+06,0,8.57495,1.01875,2.5,1.8,1.5,2,vtype0
133,flow0.37,646840,5.49E+06,0,8.10176,-1.17063,2.5,1.8,1.5,8,vtype0
133,flow0.38,646848,5.49E+06,0,6.14551,2.42938,2.5,1.8,1.5,0,vtype0
133,flow0.39,646855,5.49E+06,0,3.02433,1.5307,2.5,1.8,1.5,0,vtype0
133,flow0.4,646629,5.49E+06,0,13.9758,0.114772,2.5,1.8,1.5,0,vtype0
133,flow0.5,646656,5.49E+06,0,13.8986,-0.723507,2.5,1.8,1.5,0,vtype0
133,flow0.6,646696,5.49E+06,0,13.948,0.700948,2.5,1.8,1.5,0,vtype0
133,flow0.7,646823,5.49E+06,0,13.9237,0.125079,2.5,1.8,1.5,0,vtype0
133,flow0.8,646842,5.49E+06,0,13.8127,-0.689979,2.5,1.8,1.5,0,vtype0
133,flow0.9,646860,5.49E+06,0,13.8253,0.46824,2.5,1.8,1.5,0,vtype0
134,flow0.0,646486,5.49E+06,0,13.9828,1.03948,2.5,1.8,1.5,0,vtype0
134,flow0.1,646518,5.49E+06,0,13.8787,0.0325612,2.5,1.8,1.5,0,vtype0
134,flow0.10,646865,5.49E+06,0,13.7784,-0.498699,2.5,1.8,1.5,0,vtype0
134,flow0.11,646877,5.49E+06,0,13.6918,0.0911708,2.5,1.8,1.5,0,vtype0
134,flow0.12,646879,5.49E+06,0,13.7263,-0.018933,2.5,1.8,1.5,0,vtype0
134,flow0.13,646881,5.49E+06,0,13.8814,-0.506644,2.5,1.8,1.5,0,vtype0
134,flow0.14,646884,5.49E+06,0,13.8911,-0.37728,2.5,1.8,1.5,0,vtype0
134,flow0.15,646888,5.49E+06,0,13.8819,-0.398841,2.5,1.8,1.5,0,vtype0
134,flow0.16,646891,5.49E+06,0,13.8767,-0.855702,2.5,1.8,1.5,0,vtype0
134,flow0.17,646882,5.49E+06,0,12.0467,0.831079,2.5,1.8,1.5,0,vtype0
134,flow0.18,646880,5.49E+06,0,12.2958,-0.362981,2.5,1.8,1.5,0,vtype0
134,flow0.19,646879,5.49E+06,0,13.0669,-0.151576,2.5,1.8,1.5,0,vtype0
134,flow0.2,646546,5.49E+06,0,13.9306,-0.620408,2.5,1.8,1.5,0,vtype0
134,flow0.20,646877,5.49E+06,0,13.9178,-0.149921,2.5,1.8,1.5,0,vtype0
134,flow0.21,646873,5.49E+06,0,12.9168,2.54802,2.5,1.8,1.5,0,vtype0
134,flow0.22,646870,5.49E+06,0,9.15184,2.52573,2.5,1.8,1.5,0,vtype0
134,flow0.23,646858,5.49E+06,0,8.65368,1.74172,2.5,1.8,1.5,1,vtype0
134,flow0.24,646844,5.49E+06,0,8.37272,1.08403,2.5,1.8,1.5,1,vtype0
134,flow0.25,646831,5.49E+06,0,8.27665,0.571332,2.5,1.8,1.5,1,vtype0
134,flow0.26,646818,5.49E+06,0,8.25255,0.585147,2.5,1.8,1.5,0,vtype0
134,flow0.27,646804,5.49E+06,0,8.26622,-1.31885,2.5,1.8,1.5,8,vtype0
134,flow0.28,646793,5.49E+06,0,8.47289,-0.70872,2.5,1.8,1.5,0,vtype0
134,flow0.29,646782,5.49E+06,0,8.58151,0.655273,2.5,1.8,1.5,0,vtype0
134,flow0.3,646572,5.49E+06,0,10.1829,2.36248,2.5,1.8,1.5,0,vtype0
134,flow0.30,646774,5.49E+06,0,8.59535,-1.10837,2.5,1.8,1.5,8,vtype0
134,flow0.31,646778,5.49E+06,0,8.78983,-0.106071,2.5,1.8,1.5,2,vtype0
134,flow0.32,646787,5.49E+06,0,8.77554,-1.17338,2.5,1.8,1.5,10,vtype0
134,flow0.33,646796,5.49E+06,0,8.81224,0.701397,2.5,1.8,1.5,2,vtype0
134,flow0.34,646806,5.49E+06,0,8.72597,-1.92305,2.5,1.8,1.5,10,vtype0
134,flow0.35,646816,5.49E+06,0,8.71344,-0.326208,2.5,1.8,1.5,2,vtype0
134,flow0.36,646825,5.49E+06,0,8.58843,0.16213,2.5,1.8,1.5,2,vtype0
134,flow0.37,646835,5.49E+06,0,8.29246,-0.30135,2.5,1.8,1.5,0,vtype0
134,flow0.38,646843,5.49E+06,0,7.76374,1.75092,2.5,1.8,1.5,0,vtype0
134,flow0.39,646851,5.49E+06,0,5.0812,1.81728,2.5,1.8,1.5,0,vtype0
134,flow0.4,646616,5.49E+06,0,13.9991,0.937911,2.5,1.8,1.5,0,vtype0
134,flow0.40,646856,5.49E+06,0,2.20158,-0.0420521,2.5,1.8,1.5,0,vtype0
134,flow0.5,646642,5.49E+06,0,13.8804,-1.05301,2.5,1.8,1.5,0,vtype0
134,flow0.6,646682,5.49E+06,0,13.8735,-0.835329,2.5,1.8,1.5,0,vtype0
134,flow0.7,646809,5.49E+06,0,13.8999,-0.732474,2.5,1.8,1.5,0,vtype0
134,flow0.8,646828,5.49E+06,0,13.9036,0.364321,2.5,1.8,1.5,0,vtype0
134,flow0.9,646847,5.49E+06,0,13.7545,-1.10138,2.5,1.8,1.5,0,vtype0
135,flow0.0,646476,5.49E+06,0,13.8834,-0.425239,2.5,1.8,1.5,0,vtype0
135,flow0.1,646509,5.49E+06,0,13.9458,-0.396779,2.5,1.8,1.5,0,vtype0
135,flow0.10,646852,5.49E+06,0,13.6792,-1.15754,2.5,1.8,1.5,0,vtype0
135,flow0.11,646869,5.49E+06,0,13.7496,-0.670878,2.5,1.8,1.5,0,vtype0
135,flow0.12,646878,5.49E+06,0,13.7957,0.607966,2.5,1.8,1.5,0,vtype0
135,flow0.13,646880,5.49E+06,0,13.9016,0.205216,2.5,1.8,1.5,0,vtype0
135,flow0.14,646883,5.49E+06,0,13.8775,-0.167368,2.5,1.8,1.5,0,vtype0
135,flow0.15,646886,5.49E+06,0,13.9651,-0.342094,2.5,1.8,1.5,0,vtype0
135,flow0.16,646890,5.49E+06,0,13.9256,-0.328793,2.5,1.8,1.5,0,vtype0
135,flow0.17,646883,5.49E+06,0,12.0054,-0.378863,2.5,1.8,1.5,0,vtype0
135,flow0.18,646881,5.49E+06,0,12.2758,0.675127,2.5,1.8,1.5,0,vtype0
135,flow0.19,646880,5.49E+06,0,12.7906,-1.28204,2.5,1.8,1.5,0,vtype0
135,flow0.2,646536,5.49E+06,0,13.9623,0.205672,2.5,1.8,1.5,0,vtype0
135,flow0.20,646878,5.49E+06,0,13.8907,-0.286138,2.5,1.8,1.5,0,vtype0
135,flow0.21,646875,5.49E+06,0,13.9972,0.927569,2.5,1.8,1.5,0,vtype0
135,flow0.22,646872,5.49E+06,0,11.0699,1.55571,2.5,1.8,1.5,0,vtype0
135,flow0.23,646865,5.49E+06,0,7.49912,2.6,2.5,1.8,1.5,1,vtype0
135,flow0.24,646852,5.49E+06,0,7.52748,1.91585,2.5,1.8,1.5,1,vtype0
135,flow0.25,646839,5.49E+06,0,7.59909,0.969863,2.5,1.8,1.5,1,vtype0
135,flow0.26,646826,5.49E+06,0,7.75728,0.336094,2.5,1.8,1.5,0,vtype0
135,flow0.27,646812,5.49E+06,0,7.93148,-1.70349,2.5,1.8,1.5,8,vtype0
135,flow0.28,646799,5.49E+06,0,8.24587,-1.13593,2.5,1.8,1.5,8,vtype0
135,flow0.29,646789,5.49E+06,0,8.4801,-0.78934,2.5,1.8,1.5,0,vtype0
135,flow0.3,646565,5.49E+06,0,12.1467,1.74592,2.5,1.8,1.5,0,vtype0
135,flow0.30,646778,5.49E+06,0,8.63362,-0.896711,2.5,1.8,1.5,8,vtype0
135,flow0.31,646775,5.49E+06,0,8.76258,-0.36441,2.5,1.8,1.5,2,vtype0
135,flow0.32,646781,5.49E+06,0,8.8136,-0.118024,2.5,1.8,1.5,2,vtype0
135,flow0.33,646790,5.49E+06,0,8.81648,0.292555,2.5,1.8,1.5,2,vtype0
135,flow0.34,646800,5.49E+06,0,8.71232,-1.4306,2.5,1.8,1.5,10,vtype0
135,flow0.35,646810,5.49E+06,0,8.81967,1.56941,2.5,1.8,1.5,2,vtype0
135,flow0.36,646819,5.49E+06,0,8.59174,0.497285,2.5,1.8,1.5,2,vtype0
135,flow0.37,646829,5.49E+06,0,8.39542,-0.767914,2.5,1.8,1.5,2,vtype0
135,flow0.38,646837,5.49E+06,0,7.98091,0.0900288,2.5,1.8,1.5,0,vtype0
135,flow0.39,646846,5.49E+06,0,6.99953,1.97604,2.5,1.8,1.5,0,vtype0
135,flow0.4,646604,5.49E+06,0,13.9364,-0.553813,2.5,1.8,1.5,0,vtype0
135,flow0.40,646853,5.49E+06,0,4.07697,1.94635,2.5,1.8,1.5,0,vtype0
135,flow0.5,646629,5.49E+06,0,13.9665,0.582197,2.5,1.8,1.5,0,vtype0
135,flow0.6,646668,5.49E+06,0,13.9351,-0.00533092,2.5,1.8,1.5,0,vtype0
135,flow0.7,646795,5.49E+06,0,13.9485,0.403703,2.5,1.8,1.5,0,vtype0
135,flow0.8,646814,5.49E+06,0,13.857,0.384738,2.5,1.8,1.5,0,vtype0
135,flow0.9,646833,5.49E+06,0,13.7568,0.0904231,2.5,1.8,1.5,0,vtype0
136,flow0.0,646466,5.49E+06,0,13.9902,0.84957,2.5,1.8,1.5,0,vtype0
136,flow0.1,646499,5.49E+06,0,13.9299,0.0369215,2.5,1.8,1.5,0,vtype0
136,flow0.10,646838,5.49E+06,0,13.8754,1.44491,2.5,1.8,1.5,0,vtype0
136,flow0.11,646857,5.49E+06,0,13.6641,-0.868472,2.5,1.8,1.5,0,vtype0
136,flow0.12,646872,5.49E+06,0,13.7497,-1.35226,2.5,1.8,1.5,0,vtype0
136,flow0.13,646879,5.49E+06,0,13.9628,0.268825,2.5,1.8,1.5,0,vtype0
136,flow0.14,646882,5.49E+06,0,13.969,-0.146148,2.5,1.8,1.5,0,vtype0
136,flow0.15,646885,5.49E+06,0,13.8768,0.0604251,2.5,1.8,1.5,0,vtype0
136,flow0.16,646889,5.49E+06,0,13.9225,-0.257324,2.5,1.8,1.5,0,vtype0
136,flow0.17,646884,5.49E+06,0,12.0361,0.69489,2.5,1.8,1.5,0,vtype0
136,flow0.18,646882,5.49E+06,0,12.1293,-0.124446,2.5,1.8,1.5,0,vtype0
136,flow0.19,646881,5.49E+06,0,12.6482,0.0822062,2.5,1.8,1.5,0,vtype0
136,flow0.2,646527,5.49E+06,0,13.9898,0.954869,2.5,1.8,1.5,0,vtype0
136,flow0.20,646879,5.49E+06,0,13.8044,-1.25585,2.5,1.8,1.5,0,vtype0
136,flow0.21,646878,5.49E+06,0,13.9296,0.444981,2.5,1.8,1.5,0,vtype0
136,flow0.22,646874,5.49E+06,0,13.0732,1.39529,2.5,1.8,1.5,0,vtype0
136,flow0.23,646871,5.49E+06,0,9.63444,2.59972,2.5,1.8,1.5,0,vtype0
136,flow0.24,646860,5.49E+06,0,7.75441,-4.5,2.5,1.8,1.5,9,vtype0
136,flow0.25,646847,5.49E+06,0,8.16271,-3.22256,2.5,1.8,1.5,9,vtype0
136,flow0.26,646834,5.49E+06,0,8.40095,-0.0809377,2.5,1.8,1.5,1,vtype0
136,flow0.27,646820,5.49E+06,0,8.37218,0.97884,2.5,1.8,1.5,0,vtype0
136,flow0.28,646807,5.49E+06,0,8.39406,1.04614,2.5,1.8,1.5,0,vtype0
136,flow0.29,646795,5.49E+06,0,8.35983,0.125479,2.5,1.8,1.5,0,vtype0
136,flow0.3,646556,5.49E+06,0,13.9784,1.0745,2.5,1.8,1.5,0,vtype0
136,flow0.30,646785,5.49E+06,0,8.47311,-0.0891905,2.5,1.8,1.5,0,vtype0
136,flow0.31,646775,5.49E+06,0,8.57263,-0.0439287,2.5,1.8,1.5,0,vtype0
136,flow0.32,646775,5.49E+06,0,8.68957,0.617199,2.5,1.8,1.5,2,vtype0
136,flow0.33,646784,5.49E+06,0,8.70754,0.425052,2.5,1.8,1.5,2,vtype0
136,flow0.34,646794,5.49E+06,0,8.69974,-0.102125,2.5,1.8,1.5,2,vtype0
136,flow0.35,646804,5.49E+06,0,8.61228,-0.96229,2.5,1.8,1.5,10,vtype0
136,flow0.36,646813,5.49E+06,0,8.59833,0.609956,2.5,1.8,1.5,2,vtype0
136,flow0.37,646823,5.49E+06,0,8.48563,0.609047,2.5,1.8,1.5,2,vtype0
136,flow0.38,646832,5.49E+06,0,8.13957,-0.278671,2.5,1.8,1.5,2,vtype0
136,flow0.39,646840,5.49E+06,0,7.69265,-0.477228,2.5,1.8,1.5,0,vtype0
136,flow0.4,646593,5.49E+06,0,11.4767,-4.5,2.5,1.8,1.5,8,vtype0
136,flow0.40,646848,5.49E+06,0,6.03857,1.92105,2.5,1.8,1.5,0,vtype0
136,flow0.41,646854,5.49E+06,0,3.08767,1.69635,2.5,1.8,1.5,0,vtype0
136,flow0.5,646616,5.49E+06,0,13.9456,0.337942,2.5,1.8,1.5,0,vtype0
136,flow0.6,646654,5.49E+06,0,13.8981,-0.608407,2.5,1.8,1.5,0,vtype0
136,flow0.7,646781,5.49E+06,0,13.8876,0.143282,2.5,1.8,1.5,0,vtype0
136,flow0.8,646800,5.49E+06,0,13.8109,-1.20644,2.5,1.8,1.5,0,vtype0
136,flow0.9,646819,5.49E+06,0,13.9134,0.229615,2.5,1.8,1.5,0,vtype0
137,flow0.0,646456,5.49E+06,0,13.9609,-0.182809,2.5,1.8,1.5,0,vtype0
137,flow0.1,646490,5.49E+06,0,13.882,-0.894525,2.5,1.8,1.5,0,vtype0
137,flow0.10,646824,5.49E+06,0,13.8366,0.193495,2.5,1.8,1.5,0,vtype0
137,flow0.11,646843,5.49E+06,0,13.8093,0.23801,2.5,1.8,1.5,0,vtype0
137,flow0.12,646862,5.49E+06,0,13.816,-1.32278,2.5,1.8,1.5,0,vtype0
137,flow0.13,646878,5.49E+06,0,13.8926,-0.310689,2.5,1.8,1.5,0,vtype0
137,flow0.14,646881,5.49E+06,0,13.8945,0.0586003,2.5,1.8,1.5,0,vtype0
137,flow0.15,646884,5.49E+06,0,13.9456,0.0655465,2.5,1.8,1.5,0,vtype0
137,flow0.16,646887,5.49E+06,0,13.9019,-0.384673,2.5,1.8,1.5,0,vtype0
137,flow0.17,646884,5.49E+06,0,12.063,0.584859,2.5,1.8,1.5,0,vtype0
137,flow0.18,646883,5.49E+06,0,12.1729,0.598065,2.5,1.8,1.5,0,vtype0
137,flow0.19,646882,5.49E+06,0,12.4766,-1.145,2.5,1.8,1.5,0,vtype0
137,flow0.2,646517,5.49E+06,0,13.9234,0.405878,2.5,1.8,1.5,0,vtype0
137,flow0.20,646880,5.49E+06,0,13.5428,0.440856,2.5,1.8,1.5,0,vtype0
137,flow0.21,646879,5.49E+06,0,13.9247,-0.00116804,2.5,1.8,1.5,0,vtype0
137,flow0.22,646876,5.49E+06,0,13.8774,-0.508896,2.5,1.8,1.5,0,vtype0
137,flow0.23,646873,5.49E+06,0,11.6165,2.21473,2.5,1.8,1.5,0,vtype0
137,flow0.24,646868,5.49E+06,0,8.18591,1.84192,2.5,1.8,1.5,0,vtype0
137,flow0.25,646855,5.49E+06,0,7.94786,1.40806,2.5,1.8,1.5,1,vtype0
137,flow0.26,646841,5.49E+06,0,7.81898,0.426983,2.5,1.8,1.5,1,vtype0
137,flow0.27,646828,5.49E+06,0,7.94761,0.88754,2.5,1.8,1.5,1,vtype0
137,flow0.28,646815,5.49E+06,0,7.9873,0.0325753,2.5,1.8,1.5,0,vtype0
137,flow0.29,646801,5.49E+06,0,8.20143,0.270119,2.5,1.8,1.5,0,vtype0
137,flow0.3,646546,5.49E+06,0,13.8918,-0.239463,2.5,1.8,1.5,0,vtype0
137,flow0.30,646791,5.49E+06,0,8.25907,0.385691,2.5,1.8,1.5,0,vtype0
137,flow0.31,646781,5.49E+06,0,8.35189,-1.95468,2.5,1.8,1.5,8,vtype0
137,flow0.32,646774,5.49E+06,0,8.66279,1.06931,2.5,1.8,1.5,0,vtype0
137,flow0.33,646779,5.49E+06,0,8.64846,0.331433,2.5,1.8,1.5,2,vtype0
137,flow0.34,646788,5.49E+06,0,8.66156,-0.427472,2.5,1.8,1.5,2,vtype0
137,flow0.35,646798,5.49E+06,0,8.63379,-1.09285,2.5,1.8,1.5,10,vtype0
137,flow0.36,646807,5.49E+06,0,8.70022,1.37438,2.5,1.8,1.5,2,vtype0
137,flow0.37,646817,5.49E+06,0,8.45141,-0.228274,2.5,1.8,1.5,2,vtype0
137,flow0.38,646826,5.49E+06,0,8.1988,-0.71511,2.5,1.8,1.5,2,vtype0
137,flow0.39,646835,5.49E+06,0,7.92592,0.151391,2.5,1.8,1.5,0,vtype0
137,flow0.4,646585,5.49E+06,0,6.98172,-4.5,2.5,1.8,1.5,8,vtype0
137,flow0.40,646843,5.49E+06,0,7.30732,0.970791,2.5,1.8,1.5,0,vtype0
137,flow0.41,646851,5.49E+06,0,5.03449,1.99147,2.5,1.8,1.5,0,vtype0
137,flow0.42,646856,5.49E+06,0,2.10484,-0.227996,2.5,1.8,1.5,8,vtype0
137,flow0.5,646605,5.49E+06,0,11.2624,-3.5533,2.5,1.8,1.5,8,vtype0
137,flow0.6,646641,5.49E+06,0,13.9094,-0.864455,2.5,1.8,1.5,0,vtype0
137,flow0.7,646767,5.49E+06,0,13.8968,-0.522062,2.5,1.8,1.5,0,vtype0
137,flow0.8,646786,5.49E+06,0,13.8729,-0.526587,2.5,1.8,1.5,0,vtype0
137,flow0.9,646805,5.49E+06,0,13.831,-0.3473,2.5,1.8,1.5,0,vtype0
138,flow0.0,646446,5.49E+06,0,13.9428,0.192248,2.5,1.8,1.5,0,vtype0
138,flow0.1,646480,5.49E+06,0,13.9993,0.800535,2.5,1.8,1.5,0,vtype0
138,flow0.10,646811,5.49E+06,0,13.884,0.427983,2.5,1.8,1.5,0,vtype0
138,flow0.11,646830,5.49E+06,0,13.8308,-1.11386,2.5,1.8,1.5,0,vtype0
138,flow0.12,646849,5.49E+06,0,13.8739,0.330473,2.5,1.8,1.5,0,vtype0
138,flow0.13,646874,5.49E+06,0,13.9582,-0.0277772,2.5,1.8,1.5,0,vtype0
138,flow0.14,646880,5.49E+06,0,13.9915,1.17979,2.5,1.8,1.5,0,vtype0
138,flow0.15,646883,5.49E+06,0,13.9816,0.274774,2.5,1.8,1.5,0,vtype0
138,flow0.16,646886,5.49E+06,0,13.9087,-0.589136,2.5,1.8,1.5,0,vtype0
138,flow0.17,646885,5.49E+06,0,12.0382,-0.0176397,2.5,1.8,1.5,0,vtype0
138,flow0.18,646884,5.49E+06,0,12.0649,0.106642,2.5,1.8,1.5,0,vtype0
138,flow0.19,646883,5.49E+06,0,12.295,-1.14372,2.5,1.8,1.5,0,vtype0
138,flow0.2,646508,5.49E+06,0,13.9392,-0.45898,2.5,1.8,1.5,0,vtype0
138,flow0.20,646881,5.49E+06,0,13.1914,-1.08888,2.5,1.8,1.5,0,vtype0
138,flow0.21,646880,5.49E+06,0,13.8518,-0.536135,2.5,1.8,1.5,0,vtype0
138,flow0.22,646878,5.49E+06,0,13.9326,-0.499816,2.5,1.8,1.5,0,vtype0
138,flow0.23,646874,5.49E+06,0,12.465,0.0911795,2.5,1.8,1.5,0,vtype0
138,flow0.24,646871,5.49E+06,0,10.1414,1.41187,2.5,1.8,1.5,0,vtype0
138,flow0.25,646862,5.49E+06,0,6.41026,-4.35972,2.5,1.8,1.5,9,vtype0
138,flow0.26,646849,5.49E+06,0,7.27288,-2.51904,2.5,1.8,1.5,9,vtype0
138,flow0.27,646836,5.49E+06,0,7.70382,-2.61994,2.5,1.8,1.5,9,vtype0
138,flow0.28,646823,5.49E+06,0,8.06935,-1.59968,2.5,1.8,1.5,8,vtype0
138,flow0.29,646810,5.49E+06,0,8.26371,-1.138,2.5,1.8,1.5,8,vtype0
138,flow0.3,646537,5.49E+06,0,13.9759,1.05583,2.5,1.8,1.5,0,vtype0
138,flow0.30,646797,5.49E+06,0,8.44906,0.943942,2.5,1.8,1.5,0,vtype0
138,flow0.31,646787,5.49E+06,0,8.38575,0.0890461,2.5,1.8,1.5,0,vtype0
138,flow0.32,646777,5.49E+06,0,8.39952,-1.1547,2.5,1.8,1.5,8,vtype0
138,flow0.33,646775,5.49E+06,0,8.59144,1.29936,2.5,1.8,1.5,2,vtype0
138,flow0.34,646782,5.49E+06,0,8.48481,-1.05767,2.5,1.8,1.5,10,vtype0
138,flow0.35,646791,5.49E+06,0,8.61123,-0.299851,2.5,1.8,1.5,2,vtype0
138,flow0.36,646801,5.49E+06,0,8.57008,-0.818734,2.5,1.8,1.5,10,vtype0
138,flow0.37,646811,5.49E+06,0,8.54813,-0.426937,2.5,1.8,1.5,2,vtype0
138,flow0.38,646820,5.49E+06,0,8.38753,-0.0800579,2.5,1.8,1.5,2,vtype0
138,flow0.39,646829,5.49E+06,0,8.06956,-0.956357,2.5,1.8,1.5,8,vtype0
138,flow0.4,646579,5.49E+06,0,7.99152,1.67951,2.5,1.8,1.5,0,vtype0
138,flow0.40,646838,5.49E+06,0,7.74813,0.789771,2.5,1.8,1.5,0,vtype0
138,flow0.41,646846,5.49E+06,0,7.06979,2.30343,2.5,1.8,1.5,0,vtype0
138,flow0.42,646853,5.49E+06,0,4.26702,1.97477,2.5,1.8,1.5,0,vtype0
138,flow0.5,646596,5.49E+06,0,10.3698,0.377104,2.5,1.8,1.5,0,vtype0
138,flow0.6,646628,5.49E+06,0,13.9158,0.367002,2.5,1.8,1.5,0,vtype0
138,flow0.7,646753,5.49E+06,0,13.9184,-0.76586,2.5,1.8,1.5,0,vtype0
138,flow0.8,646773,5.49E+06,0,13.9226,0.335353,2.5,1.8,1.5,0,vtype0
138,flow0.9,646792,5.49E+06,0,13.8101,-0.573448,2.5,1.8,1.5,0,vtype0
139,flow0.0,646436,5.49E+06,0,13.9168,0.0512483,2.5,1.8,1.5,0,vtype0
139,flow0.1,646470,5.49E+06,0,13.9572,0.500504,2.5,1.8,1.5,0,vtype0
139,flow0.10,646797,5.49E+06,0,13.8182,-0.0534045,2.5,1.8,1.5,0,vtype0
139,flow0.11,646816,5.49E+06,0,13.8052,0.559573,2.5,1.8,1.5,0,vtype0
139,flow0.12,646835,5.49E+06,0,13.8264,1.07744,2.5,1.8,1.5,0,vtype0
139,flow0.13,646865,5.49E+06,0,13.9326,0.504187,2.5,1.8,1.5,0,vtype0
139,flow0.14,646879,5.49E+06,0,13.89,-1.02864,2.5,1.8,1.5,0,vtype0
139,flow0.15,646882,5.49E+06,0,13.8965,-0.37555,2.5,1.8,1.5,0,vtype0
139,flow0.16,646885,5.49E+06,0,13.9897,0.221891,2.5,1.8,1.5,0,vtype0
139,flow0.17,646886,5.49E+06,0,11.9716,-0.678685,2.5,1.8,1.5,0,vtype0
139,flow0.18,646885,5.49E+06,0,12.1095,0.464209,2.5,1.8,1.5,0,vtype0
139,flow0.19,646884,5.49E+06,0,12.2906,0.574344,2.5,1.8,1.5,0,vtype0
139,flow0.2,646498,5.49E+06,0,13.9145,0.369096,2.5,1.8,1.5,0,vtype0
139,flow0.20,646882,5.49E+06,0,12.9159,-0.3516,2.5,1.8,1.5,0,vtype0
139,flow0.21,646881,5.49E+06,0,13.4347,-0.484601,2.5,1.8,1.5,0,vtype0
139,flow0.22,646879,5.49E+06,0,13.9779,-0.162668,2.5,1.8,1.5,0,vtype0
139,flow0.23,646876,5.49E+06,0,12.4016,-0.574288,2.5,1.8,1.5,0,vtype0
139,flow0.24,646873,5.49E+06,0,12.078,2.26814,2.5,1.8,1.5,0,vtype0
139,flow0.25,646870,5.49E+06,0,8.76581,2.38977,2.5,1.8,1.5,0,vtype0
139,flow0.26,646857,5.49E+06,0,8.30681,1.84573,2.5,1.8,1.5,1,vtype0
139,flow0.27,646844,5.49E+06,0,8.09594,0.985653,2.5,1.8,1.5,1,vtype0
139,flow0.28,646831,5.49E+06,0,8.00354,0.624009,2.5,1.8,1.5,1,vtype0
139,flow0.29,646817,5.49E+06,0,7.9996,0.173255,2.5,1.8,1.5,0,vtype0
139,flow0.3,646527,5.49E+06,0,13.9036,-0.615774,2.5,1.8,1.5,0,vtype0
139,flow0.30,646804,5.49E+06,0,8.07614,-0.500641,2.5,1.8,1.5,0,vtype0
139,flow0.31,646793,5.49E+06,0,8.25424,0.816864,2.5,1.8,1.5,0,vtype0
139,flow0.32,646783,5.49E+06,0,8.25424,-0.742879,2.5,1.8,1.5,0,vtype0
139,flow0.33,646774,5.49E+06,0,8.4319,0.432138,2.5,1.8,1.5,0,vtype0
139,flow0.34,646777,5.49E+06,0,8.50409,-0.316022,2.5,1.8,1.5,2,vtype0
139,flow0.35,646785,5.49E+06,0,8.49876,-1.39685,2.5,1.8,1.5,10,vtype0
139,flow0.36,646795,5.49E+06,0,8.59869,0.631738,2.5,1.8,1.5,2,vtype0
139,flow0.37,646805,5.49E+06,0,8.50974,-0.829255,2.5,1.8,1.5,10,vtype0
139,flow0.38,646814,5.49E+06,0,8.39797,0.181675,2.5,1.8,1.5,2,vtype0
139,flow0.39,646823,5.49E+06,0,8.22378,-0.0736066,2.5,1.8,1.5,2,vtype0
139,flow0.4,646572,5.49E+06,0,10.0649,1.58829,2.5,1.8,1.5,0,vtype0
139,flow0.40,646832,5.49E+06,0,7.88615,-0.0370172,2.5,1.8,1.5,0,vtype0
139,flow0.41,646840,5.49E+06,0,7.34361,-0.126938,2.5,1.8,1.5,0,vtype0
139,flow0.42,646848,5.49E+06,0,6.25401,1.40659,2.5,1.8,1.5,0,vtype0
139,flow0.43,646854,5.49E+06,0,3.51788,2.57674,2.5,1.8,1.5,0,vtype0
139,flow0.5,646588,5.49E+06,0,8.82816,-4.5,2.5,1.8,1.5,8,vtype0
139,flow0.6,646615,5.49E+06,0,13.9313,-0.460658,2.5,1.8,1.5,0,vtype0
139,flow0.7,646740,5.49E+06,0,13.9277,0.249418,2.5,1.8,1.5,0,vtype0
139,flow0.8,646759,5.49E+06,0,13.9525,-0.149739,2.5,1.8,1.5,0,vtype0
139,flow0.9,646778,5.49E+06,0,13.9,-0.119887,2.5,1.8,1.5,0,vtype0
140,flow0.0,646426,5.49E+06,0,13.9311,-0.457078,2.5,1.8,1.5,0,vtype0
140,flow0.1,646460,5.49E+06,0,13.87,-0.451608,2.5,1.8,1.5,0,vtype0
140,flow0.10,646783,5.49E+06,0,13.855,-0.686082,2.5,1.8,1.5,0,vtype0
140,flow0.11,646802,5.49E+06,0,13.931,0.366837,2.5,1.8,1.5,0,vtype0
140,flow0.12,646821,5.49E+06,0,13.8867,0.731109,2.5,1.8,1.5,0,vtype0
140,flow0.13,646852,5.49E+06,0,13.9654,0.452768,2.5,1.8,1.5,0,vtype0
140,flow0.14,646878,5.49E+06,0,13.9233,-0.282986,2.5,1.8,1.5,0,vtype0
140,flow0.15,646881,5.49E+06,0,13.9548,-0.19058,2.5,1.8,1.5,0,vtype0
140,flow0.16,646884,5.49E+06,0,13.9731,-0.164507,2.5,1.8,1.5,0,vtype0
140,flow0.17,646887,5.49E+06,0,12.0508,0.688956,2.5,1.8,1.5,0,vtype0
140,flow0.18,646886,5.49E+06,0,12.0999,0.956054,2.5,1.8,1.5,0,vtype0
140,flow0.19,646884,5.49E+06,0,12.1614,-0.920259,2.5,1.8,1.5,0,vtype0
140,flow0.2,646489,5.49E+06,0,13.908,0.157595,2.5,1.8,1.5,0,vtype0
140,flow0.20,646883,5.49E+06,0,12.6833,-0.897754,2.5,1.8,1.5,0,vtype0
140,flow0.21,646882,5.49E+06,0,13.1988,0.766636,2.5,1.8,1.5,0,vtype0
140,flow0.22,646880,5.49E+06,0,13.8916,0.149083,2.5,1.8,1.5,0,vtype0
140,flow0.23,646878,5.49E+06,0,12.4248,-0.298824,2.5,1.8,1.5,0,vtype0
140,flow0.24,646875,5.49E+06,0,13.3434,0.675021,2.5,1.8,1.5,0,vtype0
140,flow0.25,646872,5.49E+06,0,10.6957,2.55981,2.5,1.8,1.5,0,vtype0
140,flow0.26,646864,5.49E+06,0,7.19608,2.6,2.5,1.8,1.5,1,vtype0
140,flow0.27,646852,5.49E+06,0,7.21748,1.25217,2.5,1.8,1.5,1,vtype0
140,flow0.28,646839,5.49E+06,0,7.42289,0.713103,2.5,1.8,1.5,1,vtype0
140,flow0.29,646825,5.49E+06,0,7.66616,-1.23191,2.5,1.8,1.5,8,vtype0
140,flow0.3,646518,5.49E+06,0,13.9575,0.381827,2.5,1.8,1.5,0,vtype0
140,flow0.30,646812,5.49E+06,0,7.92313,-1.78139,2.5,1.8,1.5,8,vtype0
140,flow0.31,646799,5.49E+06,0,8.1611,-0.374572,2.5,1.8,1.5,0,vtype0
140,flow0.32,646789,5.49E+06,0,8.24644,-0.252394,2.5,1.8,1.5,0,vtype0
140,flow0.33,646779,5.49E+06,0,8.37676,-0.206271,2.5,1.8,1.5,0,vtype0
140,flow0.34,646774,5.49E+06,0,8.49534,1.17959,2.5,1.8,1.5,2,vtype0
140,flow0.35,646780,5.49E+06,0,8.40827,-0.943487,2.5,1.8,1.5,10,vtype0
140,flow0.36,646789,5.49E+06,0,8.46809,-0.444345,2.5,1.8,1.5,2,vtype0
140,flow0.37,646799,5.49E+06,0,8.4569,-0.63832,2.5,1.8,1.5,2,vtype0
140,flow0.38,646808,5.49E+06,0,8.39862,0.078801,2.5,1.8,1.5,2,vtype0
140,flow0.39,646818,5.49E+06,0,8.28446,-0.704142,2.5,1.8,1.5,2,vtype0
140,flow0.4,646565,5.49E+06,0,11.7049,1.83322,2.5,1.8,1.5,0,vtype0
140,flow0.40,646827,5.49E+06,0,8.08511,0.600293,2.5,1.8,1.5,2,vtype0
140,flow0.41,646835,5.49E+06,0,7.61607,-1.33595,2.5,1.8,1.5,10,vtype0
140,flow0.42,646843,5.49E+06,0,6.94811,-0.300806,2.5,1.8,1.5,0,vtype0
140,flow0.43,646850,5.49E+06,0,5.43926,1.42,2.5,1.8,1.5,0,vtype0
140,flow0.44,646856,5.49E+06,0,2.5185,1.70087,2.5,1.8,1.5,0,vtype0
140,flow0.5,646581,5.49E+06,0,7.19691,2.6,2.5,1.8,1.5,0,vtype0
140,flow0.6,646604,5.49E+06,0,11.7516,-0.850489,2.5,1.8,1.5,0,vtype0
140,flow0.7,646726,5.49E+06,0,13.8982,-0.643351,2.5,1.8,1.5,0,vtype0
140,flow0.8,646745,5.49E+06,0,13.9148,-0.143382,2.5,1.8,1.5,0,vtype0
140,flow0.9,646764,5.49E+06,0,13.9152,0.00822245,2.5,1.8,1.5,0,vtype0
141,flow0.0,646416,5.49E+06,0,13.9237,-0.722046,2.5,1.8,1.5,0,vtype0
141,flow0.1,646450,5.49E+06,0,13.907,-0.228309,2.5,1.8,1.5,0,vtype0
141,flow0.10,646769,5.49E+06,0,13.8411,-0.152967,2.5,1.8,1.5,0,vtype0
141,flow0.11,646788,5.49E+06,0,13.8569,0.236587,2.5,1.8,1.5,0,vtype0
141,flow0.12,646807,5.49E+06,0,13.7782,-0.194469,2.5,1.8,1.5,0,vtype0
141,flow0.13,646838,5.49E+06,0,13.9408,-0.469301,2.5,1.8,1.5,0,vtype0
141,flow0.14,646873,5.49E+06,0,13.8994,-0.217452,2.5,1.8,1.5,0,vtype0
141,flow0.15,646880,5.49E+06,0,13.9186,-0.599977,2.5,1.8,1.5,0,vtype0
141,flow0.16,646883,5.49E+06,0,13.9757,0.258024,2.5,1.8,1.5,0,vtype0
141,flow0.17,646888,5.49E+06,0,12.0238,-0.446349,2.5,1.8,1.5,0,vtype0
141,flow0.18,646887,5.49E+06,0,12.0367,0.794193,2.5,1.8,1.5,0,vtype0
141,flow0.19,646885,5.49E+06,0,12.0886,-0.170174,2.5,1.8,1.5,0,vtype0
141,flow0.2,646479,5.49E+06,0,13.991,-0.0174567,2.5,1.8,1.5,0,vtype0
141,flow0.20,646884,5.49E+06,0,12.5557,-0.0370716,2.5,1.8,1.5,0,vtype0
141,flow0.21,646883,5.49E+06,0,12.9111,0.0299027,2.5,1.8,1.5,0,vtype0
141,flow0.22,646881,5.49E+06,0,13.9086,-0.276124,2.5,1.8,1.5,0,vtype0
141,flow0.23,646879,5.49E+06,0,12.4011,0.371068,2.5,1.8,1.5,0,vtype0
141,flow0.24,646877,5.49E+06,0,13.0465,0.0768544,2.5,1.8,1.5,0,vtype0
141,flow0.25,646874,5.49E+06,0,12.5717,1.75473,2.5,1.8,1.5,0,vtype0
141,flow0.26,646871,5.49E+06,0,9.49265,1.77078,2.5,1.8,1.5,0,vtype0
141,flow0.27,646860,5.49E+06,0,8.18233,-4.5,2.5,1.8,1.5,9,vtype0
141,flow0.28,646846,5.49E+06,0,8.38685,1.09392,2.5,1.8,1.5,1,vtype0
141,flow0.29,646833,5.49E+06,0,8.19211,0.369265,2.5,1.8,1.5,1,vtype0
141,flow0.3,646508,5.49E+06,0,13.9736,0.903863,2.5,1.8,1.5,0,vtype0
141,flow0.30,646820,5.49E+06,0,8.15659,0.195006,2.5,1.8,1.5,0,vtype0
141,flow0.31,646807,5.49E+06,0,8.17736,1.22738,2.5,1.8,1.5,0,vtype0
141,flow0.32,646795,5.49E+06,0,8.14455,-0.422687,2.5,1.8,1.5,0,vtype0
141,flow0.33,646785,5.49E+06,0,8.25047,-0.575282,2.5,1.8,1.5,0,vtype0
141,flow0.34,646775,5.49E+06,0,8.34992,0.854679,2.5,1.8,1.5,0,vtype0
141,flow0.35,646775,5.49E+06,0,8.30315,-0.36143,2.5,1.8,1.5,2,vtype0
141,flow0.36,646783,5.49E+06,0,8.42144,-0.390326,2.5,1.8,1.5,2,vtype0
141,flow0.37,646793,5.49E+06,0,8.4891,0.512933,2.5,1.8,1.5,2,vtype0
141,flow0.38,646802,5.49E+06,0,8.40826,0.0620014,2.5,1.8,1.5,2,vtype0
141,flow0.39,646812,5.49E+06,0,8.31686,0.383498,2.5,1.8,1.5,2,vtype0
141,flow0.4,646556,5.49E+06,0,13.549,1.66716,2.5,1.8,1.5,0,vtype0
141,flow0.40,646821,5.49E+06,0,8.1273,0.167603,2.5,1.8,1.5,2,vtype0
141,flow0.41,646830,5.49E+06,0,7.90802,0.35101,2.5,1.8,1.5,2,vtype0
141,flow0.42,646838,5.49E+06,0,7.29828,-0.0728471,2.5,1.8,1.5,0,vtype0
141,flow0.43,646845,5.49E+06,0,6.42096,1.53951,2.5,1.8,1.5,0,vtype0
141,flow0.44,646852,5.49E+06,0,4.31451,1.65072,2.5,1.8,1.5,0,vtype0
141,flow0.5,646575,5.49E+06,0,9.20577,1.87119,2.5,1.8,1.5,0,vtype0
141,flow0.6,646594,5.49E+06,0,11.9293,2.24227,2.5,1.8,1.5,0,vtype0
141,flow0.7,646712,5.49E+06,0,13.8808,-0.167925,2.5,1.8,1.5,0,vtype0
141,flow0.8,646731,5.49E+06,0,13.904,-0.8528,2.5,1.8,1.5,0,vtype0
141,flow0.9,646750,5.49E+06,0,13.9512,0.83088,2.5,1.8,1.5,0,vtype0
142,flow0.0,646406,5.49E+06,0,13.9375,-0.617654,2.5,1.8,1.5,0,vtype0
142,flow0.1,646440,5.49E+06,0,13.9474,-0.026048,2.5,1.8,1.5,0,vtype0
142,flow0.10,646755,5.49E+06,0,13.9331,0.857367,2.5,1.8,1.5,0,vtype0
142,flow0.11,646774,5.49E+06,0,13.7861,-0.216583,2.5,1.8,1.5,0,vtype0
142,flow0.12,646793,5.49E+06,0,13.8784,0.835081,2.5,1.8,1.5,0,vtype0
142,flow0.13,646824,5.49E+06,0,13.8868,-0.855833,2.5,1.8,1.5,0,vtype0
142,flow0.14,646862,5.49E+06,0,13.9919,0.309614,2.5,1.8,1.5,0,vtype0
142,flow0.15,646879,5.49E+06,0,13.9766,0.84815,2.5,1.8,1.5,0,vtype0
142,flow0.16,646882,5.49E+06,0,13.9866,0.391457,2.5,1.8,1.5,0,vtype0
142,flow0.17,646889,5.49E+06,0,11.9694,-0.809131,2.5,1.8,1.5,0,vtype0
142,flow0.18,646888,5.49E+06,0,12.0965,0.496555,2.5,1.8,1.5,0,vtype0
142,flow0.19,646886,5.49E+06,0,12.1626,-0.370676,2.5,1.8,1.5,0,vtype0
142,flow0.2,646469,5.49E+06,0,13.9572,0.135147,2.5,1.8,1.5,0,vtype0
142,flow0.20,646885,5.49E+06,0,12.4853,-0.284869,2.5,1.8,1.5,0,vtype0
142,flow0.21,646884,5.49E+06,0,12.7556,-0.0645837,2.5,1.8,1.5,0,vtype0
142,flow0.22,646882,5.49E+06,0,13.6376,-0.681655,2.5,1.8,1.5,0,vtype0
142,flow0.23,646880,5.49E+06,0,12.3731,-0.828939,2.5,1.8,1.5,0,vtype0
142,flow0.24,646879,5.49E+06,0,12.9809,0.542701,2.5,1.8,1.5,0,vtype0
142,flow0.25,646876,5.49E+06,0,13.8468,-0.799362,2.5,1.8,1.5,0,vtype0
142,flow0.26,646872,5.49E+06,0,11.3112,1.54925,2.5,1.8,1.5,0,vtype0
142,flow0.27,646867,5.49E+06,0,7.94732,2.6,2.5,1.8,1.5,0,vtype0
142,flow0.28,646854,5.49E+06,0,7.68672,1.06695,2.5,1.8,1.5,1,vtype0
142,flow0.29,646841,5.49E+06,0,7.65642,1.82614,2.5,1.8,1.5,1,vtype0
142,flow0.3,646499,5.49E+06,0,13.8904,-0.134635,2.5,1.8,1.5,0,vtype0
142,flow0.30,646828,5.49E+06,0,7.63912,-0.400193,2.5,1.8,1.5,1,vtype0
142,flow0.31,646815,5.49E+06,0,7.81648,-0.865149,2.5,1.8,1.5,8,vtype0
142,flow0.32,646801,5.49E+06,0,7.95026,0.40301,2.5,1.8,1.5,0,vtype0
142,flow0.33,646791,5.49E+06,0,8.10465,-0.574914,2.5,1.8,1.5,0,vtype0
142,flow0.34,646781,5.49E+06,0,8.21483,-0.492016,2.5,1.8,1.5,0,vtype0
142,flow0.35,646774,5.49E+06,0,8.28819,-0.878359,2.5,1.8,1.5,8,vtype0
142,flow0.36,646778,5.49E+06,0,8.41427,0.328678,2.5,1.8,1.5,2,vtype0
142,flow0.37,646787,5.49E+06,0,8.33943,-1.14853,2.5,1.8,1.5,10,vtype0
142,flow0.38,646796,5.49E+06,0,8.37744,0.48695,2.5,1.8,1.5,2,vtype0
142,flow0.39,646806,5.49E+06,0,8.28088,-0.547604,2.5,1.8,1.5,2,vtype0
142,flow0.4,646547,5.49E+06,0,13.9302,0.59914,2.5,1.8,1.5,0,vtype0
142,flow0.40,646815,5.49E+06,0,8.18959,-0.219244,2.5,1.8,1.5,2,vtype0
142,flow0.41,646824,5.49E+06,0,7.95694,-0.349358,2.5,1.8,1.5,2,vtype0
142,flow0.42,646833,5.49E+06,0,7.63456,0.292538,2.5,1.8,1.5,0,vtype0
142,flow0.43,646840,5.49E+06,0,6.99529,0.863239,2.5,1.8,1.5,0,vtype0
142,flow0.44,646847,5.49E+06,0,5.90687,0.682325,2.5,1.8,1.5,0,vtype0
142,flow0.45,646854,5.49E+06,0,3.3145,2.12932,2.5,1.8,1.5,0,vtype0
142,flow0.5,646568,5.49E+06,0,11.185,1.73144,2.5,1.8,1.5,0,vtype0
142,flow0.6,646586,5.49E+06,0,7.5969,-4.5,2.5,1.8,1.5,8,vtype0
142,flow0.7,646698,5.49E+06,0,13.8756,-0.481675,2.5,1.8,1.5,0,vtype0
142,flow0.8,646717,5.49E+06,0,13.932,0.462802,2.5,1.8,1.5,0,vtype0
142,flow0.9,646736,5.49E+06,0,13.9096,-0.516593,2.5,1.8,1.5,0,vtype0
143,flow0.0,646396,5.49E+06,0,13.9545,0.620328,2.5,1.8,1.5,0,vtype0
143,flow0.1,646430,5.49E+06,0,13.9187,-0.494772,2.5,1.8,1.5,0,vtype0
143,flow0.10,646741,5.49E+06,0,13.9308,0.660049,2.5,1.8,1.5,0,vtype0
143,flow0.11,646760,5.49E+06,0,13.8873,0.294454,2.5,1.8,1.5,0,vtype0
143,flow0.12,646779,5.49E+06,0,13.8111,-0.887236,2.5,1.8,1.5,0,vtype0
143,flow0.13,646810,5.49E+06,0,13.9026,-0.687887,2.5,1.8,1.5,0,vtype0
143,flow0.14,646849,5.49E+06,0,13.9879,-0.0831286,2.5,1.8,1.5,0,vtype0
143,flow0.15,646878,5.49E+06,0,13.9603,-0.293367,2.5,1.8,1.5,0,vtype0
143,flow0.16,646881,5.49E+06,0,13.9792,0.846437,2.5,1.8,1.5,0,vtype0
143,flow0.17,646890,5.49E+06,0,12.0133,0.0337933,2.5,1.8,1.5,0,vtype0
143,flow0.18,646888,5.49E+06,0,12.0805,0.179829,2.5,1.8,1.5,0,vtype0
143,flow0.19,646887,5.49E+06,0,12.129,-0.0636101,2.5,1.8,1.5,0,vtype0
143,flow0.2,646459,5.49E+06,0,13.9372,0.602607,2.5,1.8,1.5,0,vtype0
143,flow0.20,646886,5.49E+06,0,12.4269,0.972328,2.5,1.8,1.5,0,vtype0
143,flow0.21,646884,5.49E+06,0,12.6125,-0.306113,2.5,1.8,1.5,0,vtype0
143,flow0.22,646883,5.49E+06,0,13.2908,-0.974834,2.5,1.8,1.5,0,vtype0
143,flow0.23,646881,5.49E+06,0,12.4615,0.866557,2.5,1.8,1.5,0,vtype0
143,flow0.24,646879,5.49E+06,0,12.8094,-0.582558,2.5,1.8,1.5,0,vtype0
143,flow0.25,646878,5.49E+06,0,13.6884,1.68658,2.5,1.8,1.5,0,vtype0
143,flow0.26,646874,5.49E+06,0,13.0558,2.18397,2.5,1.8,1.5,0,vtype0
143,flow0.27,646871,5.49E+06,0,10.0446,1.51447,2.5,1.8,1.5,0,vtype0
143,flow0.28,646862,5.49E+06,0,6.82698,-4.5,2.5,1.8,1.5,9,vtype0
143,flow0.29,646849,5.49E+06,0,7.49654,-3.01469,2.5,1.8,1.5,9,vtype0
143,flow0.3,646489,5.49E+06,0,13.9929,0.590201,2.5,1.8,1.5,0,vtype0
143,flow0.30,646836,5.49E+06,0,7.85861,-2.68511,2.5,1.8,1.5,9,vtype0
143,flow0.31,646823,5.49E+06,0,8.17503,-0.0340395,2.5,1.8,1.5,0,vtype0
143,flow0.32,646809,5.49E+06,0,8.14111,-0.714377,2.5,1.8,1.5,0,vtype0
143,flow0.33,646797,5.49E+06,0,8.16513,-0.483516,2.5,1.8,1.5,0,vtype0
143,flow0.34,646787,5.49E+06,0,8.24466,0.707435,2.5,1.8,1.5,0,vtype0
143,flow0.35,646777,5.49E+06,0,8.30261,0.630765,2.5,1.8,1.5,0,vtype0
143,flow0.36,646775,5.49E+06,0,8.32534,-0.0270472,2.5,1.8,1.5,2,vtype0
143,flow0.37,646781,5.49E+06,0,8.3308,-1.0098,2.5,1.8,1.5,10,vtype0
143,flow0.38,646791,5.49E+06,0,8.40269,1.12037,2.5,1.8,1.5,2,vtype0
143,flow0.39,646800,5.49E+06,0,8.31919,-0.549595,2.5,1.8,1.5,2,vtype0
143,flow0.4,646537,5.49E+06,0,13.9328,-0.527517,2.5,1.8,1.5,0,vtype0
143,flow0.40,646809,5.49E+06,0,8.26019,0.777113,2.5,1.8,1.5,2,vtype0
143,flow0.41,646818,5.49E+06,0,8.08738,1.09125,2.5,1.8,1.5,2,vtype0
143,flow0.42,646827,5.49E+06,0,7.70629,-1.04142,2.5,1.8,1.5,10,vtype0
143,flow0.43,646835,5.49E+06,0,7.26505,0.15943,2.5,1.8,1.5,0,vtype0
143,flow0.44,646843,5.49E+06,0,6.552,1.53367,2.5,1.8,1.5,0,vtype0
143,flow0.45,646850,5.49E+06,0,5.23394,1.99586,2.5,1.8,1.5,0,vtype0
143,flow0.46,646856,5.49E+06,0,2.36419,2.18602,2.5,1.8,1.5,0,vtype0
143,flow0.5,646560,5.49E+06,0,13.1566,2.55007,2.5,1.8,1.5,0,vtype0
143,flow0.6,646580,5.49E+06,0,7.95261,1.37988,2.5,1.8,1.5,0,vtype0
143,flow0.7,646684,5.49E+06,0,13.918,-0.679584,2.5,1.8,1.5,0,vtype0
143,flow0.8,646703,5.49E+06,0,13.9783,1.2295,2.5,1.8,1.5,0,vtype0
143,flow0.9,646722,5.49E+06,0,13.8909,-0.45222,2.5,1.8,1.5,0,vtype0
144,flow0.0,646386,5.49E+06,0,13.8814,-0.161954,2.5,1.8,1.5,0,vtype0
144,flow0.1,646420,5.49E+06,0,13.9907,0.539764,2.5,1.8,1.5,0,vtype0
144,flow0.10,646727,5.49E+06,0,13.8339,-1.01272,2.5,1.8,1.5,0,vtype0
144,flow0.11,646746,5.49E+06,0,13.9174,0.649064,2.5,1.8,1.5,0,vtype0
144,flow0.12,646766,5.49E+06,0,13.8955,0.789903,2.5,1.8,1.5,0,vtype0
144,flow0.13,646796,5.49E+06,0,13.9494,0.140041,2.5,1.8,1.5,0,vtype0
144,flow0.14,646835,5.49E+06,0,13.9076,-0.43985,2.5,1.8,1.5,0,vtype0
144,flow0.15,646873,5.49E+06,0,13.955,0.387487,2.5,1.8,1.5,0,vtype0
144,flow0.16,646880,5.49E+06,0,13.8774,-0.530195,2.5,1.8,1.5,0,vtype0
144,flow0.17,646891,5.49E+06,0,11.9801,-0.768456,2.5,1.8,1.5,0,vtype0
144,flow0.18,646889,5.49E+06,0,12.0841,0.764462,2.5,1.8,1.5,0,vtype0
144,flow0.19,646888,5.49E+06,0,12.0216,-1.18747,2.5,1.8,1.5,0,vtype0
144,flow0.2,646449,5.49E+06,0,13.9307,-0.38507,2.5,1.8,1.5,0,vtype0
144,flow0.20,646887,5.49E+06,0,12.3337,-0.102214,2.5,1.8,1.5,0,vtype0
144,flow0.21,646885,5.49E+06,0,12.588,0.467088,2.5,1.8,1.5,0,vtype0
144,flow0.22,646884,5.49E+06,0,13.169,1.89679,2.5,1.8,1.5,0,vtype0
144,flow0.23,646882,5.49E+06,0,12.3953,-0.332059,2.5,1.8,1.5,0,vtype0
144,flow0.24,646880,5.49E+06,0,12.7141,0.428467,2.5,1.8,1.5,0,vtype0
144,flow0.25,646879,5.49E+06,0,13.3331,-0.802636,2.5,1.8,1.5,0,vtype0
144,flow0.26,646876,5.49E+06,0,13.9491,0.518428,2.5,1.8,1.5,0,vtype0
144,flow0.27,646873,5.49E+06,0,12.0452,2.32084,2.5,1.8,1.5,0,vtype0
144,flow0.28,646869,5.49E+06,0,8.54661,2.50692,2.5,1.8,1.5,0,vtype0
144,flow0.29,646856,5.49E+06,0,8.13503,1.07093,2.5,1.8,1.5,1,vtype0
144,flow0.3,646479,5.49E+06,0,13.935,0.0784163,2.5,1.8,1.5,0,vtype0
144,flow0.30,646843,5.49E+06,0,8.01368,1.24363,2.5,1.8,1.5,1,vtype0
144,flow0.31,646830,5.49E+06,0,7.90396,1.47022,2.5,1.8,1.5,1,vtype0
144,flow0.32,646817,5.49E+06,0,7.8813,0.303781,2.5,1.8,1.5,0,vtype0
144,flow0.33,646804,5.49E+06,0,7.88485,-0.226401,2.5,1.8,1.5,0,vtype0
144,flow0.34,646793,5.49E+06,0,8.0822,0.929642,2.5,1.8,1.5,0,vtype0
144,flow0.35,646783,5.49E+06,0,8.02617,-1.4994,2.5,1.8,1.5,8,vtype0
144,flow0.36,646774,5.49E+06,0,8.18426,-0.319817,2.5,1.8,1.5,0,vtype0
144,flow0.37,646776,5.49E+06,0,8.29093,0.669017,2.5,1.8,1.5,2,vtype0
144,flow0.38,646785,5.49E+06,0,8.21611,-0.833113,2.5,1.8,1.5,10,vtype0
144,flow0.39,646794,5.49E+06,0,8.32715,0.101096,2.5,1.8,1.5,2,vtype0
144,flow0.4,646528,5.49E+06,0,13.9478,0.598353,2.5,1.8,1.5,0,vtype0
144,flow0.40,646804,5.49E+06,0,8.1945,-0.574395,2.5,1.8,1.5,2,vtype0
144,flow0.41,646813,5.49E+06,0,8.15602,0.016797,2.5,1.8,1.5,2,vtype0
144,flow0.42,646822,5.49E+06,0,7.91318,-0.221056,2.5,1.8,1.5,2,vtype0
144,flow0.43,646830,5.49E+06,0,7.54088,-0.554831,2.5,1.8,1.5,2,vtype0
144,flow0.44,646838,5.49E+06,0,7.0865,2.19118,2.5,1.8,1.5,0,vtype0
144,flow0.45,646845,5.49E+06,0,6.01957,-1.33033,2.5,1.8,1.5,8,vtype0
144,flow0.46,646852,5.49E+06,0,4.30997,2.27939,2.5,1.8,1.5,0,vtype0
144,flow0.5,646550,5.49E+06,0,13.9631,0.690318,2.5,1.8,1.5,0,vtype0
144,flow0.6,646573,5.49E+06,0,9.80914,1.59623,2.5,1.8,1.5,0,vtype0
144,flow0.7,646670,5.49E+06,0,13.9753,0.802352,2.5,1.8,1.5,0,vtype0
144,flow0.8,646689,5.49E+06,0,13.9028,-0.233125,2.5,1.8,1.5,0,vtype0
144,flow0.9,646708,5.49E+06,0,13.9358,0.535557,2.5,1.8,1.5,0,vtype0
145,flow0.0,646376,5.49E+06,0,13.9848,0.0348516,2.5,1.8,1.5,0,vtype0
145,flow0.1,646410,5.49E+06,0,13.9861,1.06315,2.5,1.8,1.5,0,vtype0
145,flow0.10,646714,5.49E+06,0,13.9122,-0.0150683,2.5,1.8,1.5,0,vtype0
145,flow0.11,646733,5.49E+06,0,13.9163,0.420786,2.5,1.8,1.5,0,vtype0
145,flow0.12,646752,5.49E+06,0,13.8812,0.680262,2.5,1.8,1.5,0,vtype0
145,flow0.13,646782,5.49E+06,0,13.9237,-0.0425823,2.5,1.8,1.5,0,vtype0
145,flow0.14,646821,5.49E+06,0,13.9632,0.826309,2.5,1.8,1.5,0,vtype0
145,flow0.15,646863,5.49E+06,0,13.9076,-0.371141,2.5,1.8,1.5,0,vtype0
145,flow0.16,646879,5.49E+06,0,13.8932,-0.246588,2.5,1.8,1.5,0,vtype0
145,flow0.17,646890,5.49E+06,0,11.9523,0.027708,2.5,1.8,1.5,0,vtype0
145,flow0.18,646890,5.49E+06,0,12.0353,0.349456,2.5,1.8,1.5,0,vtype0
145,flow0.19,646889,5.49E+06,0,12.1078,0.524652,2.5,1.8,1.5,0,vtype0
145,flow0.2,646439,5.49E+06,0,13.9183,-0.453482,2.5,1.8,1.5,0,vtype0
145,flow0.20,646888,5.49E+06,0,12.2689,0.836336,2.5,1.8,1.5,0,vtype0
145,flow0.21,646886,5.49E+06,0,12.4335,-0.860038,2.5,1.8,1.5,0,vtype0
145,flow0.22,646885,5.49E+06,0,13.0009,0.237008,2.5,1.8,1.5,0,vtype0
145,flow0.23,646883,5.49E+06,0,12.4823,0.17396,2.5,1.8,1.5,0,vtype0
145,flow0.24,646881,5.49E+06,0,12.6603,-0.420005,2.5,1.8,1.5,0,vtype0
145,flow0.25,646880,5.49E+06,0,13.2178,0.417976,2.5,1.8,1.5,0,vtype0
145,flow0.26,646878,5.49E+06,0,13.8961,0.0484531,2.5,1.8,1.5,0,vtype0
145,flow0.27,646875,5.49E+06,0,13.8164,2.01003,2.5,1.8,1.5,0,vtype0
145,flow0.28,646872,5.49E+06,0,10.5537,2.50363,2.5,1.8,1.5,0,vtype0
145,flow0.29,646864,5.49E+06,0,6.85002,2.6,2.5,1.8,1.5,1,vtype0
145,flow0.3,646469,5.49E+06,0,13.8848,-0.603864,2.5,1.8,1.5,0,vtype0
145,flow0.30,646851,5.49E+06,0,6.9799,1.38848,2.5,1.8,1.5,1,vtype0
145,flow0.31,646838,5.49E+06,0,7.19639,-2.48763,2.5,1.8,1.5,9,vtype0
145,flow0.32,646825,5.49E+06,0,7.59499,-1.67474,2.5,1.8,1.5,8,vtype0
145,flow0.33,646812,5.49E+06,0,7.90741,-1.34613,2.5,1.8,1.5,8,vtype0
145,flow0.34,646799,5.49E+06,0,8.1206,-0.19797,2.5,1.8,1.5,0,vtype0
145,flow0.35,646789,5.49E+06,0,8.12782,-0.44675,2.5,1.8,1.5,0,vtype0
145,flow0.36,646779,5.49E+06,0,8.19588,-0.0662442,2.5,1.8,1.5,0,vtype0
145,flow0.37,646774,5.49E+06,0,8.28094,1.15141,2.5,1.8,1.5,2,vtype0
145,flow0.38,646779,5.49E+06,0,8.18058,-1.35993,2.5,1.8,1.5,10,vtype0
145,flow0.39,646788,5.49E+06,0,8.35311,1.12565,2.5,1.8,1.5,2,vtype0
145,flow0.4,646518,5.49E+06,0,13.947,0.502116,2.5,1.8,1.5,0,vtype0
145,flow0.40,646798,5.49E+06,0,8.28367,-0.0257017,2.5,1.8,1.5,2,vtype0
145,flow0.41,646807,5.49E+06,0,8.21806,0.434826,2.5,1.8,1.5,2,vtype0
145,flow0.42,646816,5.49E+06,0,8.00685,0.382963,2.5,1.8,1.5,2,vtype0
145,flow0.43,646825,5.49E+06,0,7.71477,-0.155231,2.5,1.8,1.5,2,vtype0
145,flow0.44,646833,5.49E+06,0,7.26941,0.941653,2.5,1.8,1.5,0,vtype0
145,flow0.45,646841,5.49E+06,0,6.54011,-1.49218,2.5,1.8,1.5,8,vtype0
145,flow0.46,646848,5.49E+06,0,5.68239,1.75589,2.5,1.8,1.5,0,vtype0
145,flow0.47,646854,5.49E+06,0,3.32954,1.45481,2.5,1.8,1.5,0,vtype0
145,flow0.5,646541,5.49E+06,0,13.9358,-0.503663,2.5,1.8,1.5,0,vtype0
145,flow0.6,646566,5.49E+06,0,11.7797,2.33668,2.5,1.8,1.5,0,vtype0
145,flow0.7,646656,5.49E+06,0,13.9579,-0.342,2.5,1.8,1.5,0,vtype0
145,flow0.8,646675,5.49E+06,0,13.8826,-0.229307,2.5,1.8,1.5,0,vtype0
145,flow0.9,646694,5.49E+06,0,13.9319,0.0930421,2.5,1.8,1.5,0,vtype0
146,flow0.0,646366,5.49E+06,0,13.9058,-0.408409,2.5,1.8,1.5,0,vtype0
146,flow0.1,646400,5.49E+06,0,13.9337,0.53893,2.5,1.8,1.5,0,vtype0
146,flow0.10,646700,5.49E+06,0,13.9233,0.0608267,2.5,1.8,1.5,0,vtype0
146,flow0.11,646719,5.49E+06,0,13.8796,-0.253188,2.5,1.8,1.5,0,vtype0
146,flow0.12,646738,5.49E+06,0,13.8995,-0.204765,2.5,1.8,1.5,0,vtype0
146,flow0.13,646768,5.49E+06,0,13.9985,0.914618,2.5,1.8,1.5,0,vtype0
146,flow0.14,646807,5.49E+06,0,13.8807,-1.13551,2.5,1.8,1.5,0,vtype0
146,flow0.15,646850,5.49E+06,0,13.8854,-0.0352364,2.5,1.8,1.5,0,vtype0
146,flow0.16,646878,5.49E+06,0,13.9442,-0.294379,2.5,1.8,1.5,0,vtype0
146,flow0.17,646889,5.49E+06,0,12.0694,0.675875,2.5,1.8,1.5,0,vtype0
146,flow0.18,646890,5.49E+06,0,12.0294,0.110768,2.5,1.8,1.5,0,vtype0
146,flow0.19,646890,5.49E+06,0,12.0525,-0.467528,2.5,1.8,1.5,0,vtype0
146,flow0.2,646429,5.49E+06,0,13.9853,0.198175,2.5,1.8,1.5,0,vtype0
146,flow0.20,646888,5.49E+06,0,12.2317,0.128945,2.5,1.8,1.5,0,vtype0
146,flow0.21,646887,5.49E+06,0,12.2935,-0.224209,2.5,1.8,1.5,0,vtype0
146,flow0.22,646886,5.49E+06,0,12.6774,-1.23489,2.5,1.8,1.5,0,vtype0
146,flow0.23,646883,5.49E+06,0,12.3785,-0.490753,2.5,1.8,1.5,0,vtype0
146,flow0.24,646882,5.49E+06,0,12.5434,-0.879088,2.5,1.8,1.5,0,vtype0
146,flow0.25,646881,5.49E+06,0,12.9578,-0.772114,2.5,1.8,1.5,0,vtype0
146,flow0.26,646879,5.49E+06,0,13.8499,0.16225,2.5,1.8,1.5,0,vtype0
146,flow0.27,646877,5.49E+06,0,13.954,0.0252095,2.5,1.8,1.5,0,vtype0
146,flow0.28,646873,5.49E+06,0,12.5101,1.92818,2.5,1.8,1.5,0,vtype0
146,flow0.29,646871,5.49E+06,0,9.07743,2.19607,2.5,1.8,1.5,0,vtype0
146,flow0.3,646459,5.49E+06,0,13.9821,0.160522,2.5,1.8,1.5,0,vtype0
146,flow0.30,646859,5.49E+06,0,8.46096,1.27919,2.5,1.8,1.5,1,vtype0
146,flow0.31,646846,5.49E+06,0,8.15278,0.660921,2.5,1.8,1.5,1,vtype0
146,flow0.32,646833,5.49E+06,0,8.04029,0.827767,2.5,1.8,1.5,1,vtype0
146,flow0.33,646820,5.49E+06,0,8.00311,1.75509,2.5,1.8,1.5,0,vtype0
146,flow0.34,646807,5.49E+06,0,7.86062,-1.08326,2.5,1.8,1.5,8,vtype0
146,flow0.35,646795,5.49E+06,0,7.9694,0.00943919,2.5,1.8,1.5,0,vtype0
146,flow0.36,646786,5.49E+06,0,8.09943,-0.147221,2.5,1.8,1.5,0,vtype0
146,flow0.37,646775,5.49E+06,0,8.16598,0.252992,2.5,1.8,1.5,0,vtype0
146,flow0.38,646775,5.49E+06,0,8.18704,-0.115451,2.5,1.8,1.5,2,vtype0
146,flow0.39,646783,5.49E+06,0,8.19975,-0.352981,2.5,1.8,1.5,2,vtype0
146,flow0.4,646509,5.49E+06,0,13.9185,-0.784412,2.5,1.8,1.5,0,vtype0
146,flow0.40,646792,5.49E+06,0,8.16592,0.647564,2.5,1.8,1.5,2,vtype0
146,flow0.41,646801,5.49E+06,0,8.11334,-0.683597,2.5,1.8,1.5,2,vtype0
146,flow0.42,646810,5.49E+06,0,8.11417,0.872313,2.5,1.8,1.5,2,vtype0
146,flow0.43,646819,5.49E+06,0,7.84843,-0.648445,2.5,1.8,1.5,2,vtype0
146,flow0.44,646828,5.49E+06,0,7.52791,0.730674,2.5,1.8,1.5,2,vtype0
146,flow0.45,646836,5.49E+06,0,6.9745,-0.931682,2.5,1.8,1.5,10,vtype0
146,flow0.46,646843,5.49E+06,0,6.32394,1.56638,2.5,1.8,1.5,0,vtype0
146,flow0.47,646850,5.49E+06,0,4.87478,0.471475,2.5,1.8,1.5,0,vtype0
146,flow0.48,646856,5.49E+06,0,2.21876,1.55758,2.5,1.8,1.5,0,vtype0
146,flow0.5,646531,5.49E+06,0,13.9262,-0.303477,2.5,1.8,1.5,0,vtype0
146,flow0.6,646557,5.49E+06,0,13.4536,1.69973,2.5,1.8,1.5,0,vtype0
146,flow0.7,646643,5.49E+06,0,13.9816,0.404791,2.5,1.8,1.5,0,vtype0
146,flow0.8,646662,5.49E+06,0,13.9859,0.96896,2.5,1.8,1.5,0,vtype0
146,flow0.9,646681,5.49E+06,0,13.8925,0.169807,2.5,1.8,1.5,0,vtype0
147,flow0.0,646357,5.49E+06,0,13.943,-0.53603,2.5,1.8,1.5,0,vtype0
147,flow0.1,646390,5.49E+06,0,13.906,-0.684253,2.5,1.8,1.5,0,vtype0
147,flow0.10,646686,5.49E+06,0,13.9387,0.568303,2.5,1.8,1.5,0,vtype0
147,flow0.11,646705,5.49E+06,0,13.8696,0.163392,2.5,1.8,1.5,0,vtype0
147,flow0.12,646724,5.49E+06,0,13.8104,-0.562459,2.5,1.8,1.5,0,vtype0
147,flow0.13,646754,5.49E+06,0,13.9074,-0.738303,2.5,1.8,1.5,0,vtype0
147,flow0.14,646794,5.49E+06,0,13.8976,-1.00445,2.5,1.8,1.5,0,vtype0
147,flow0.15,646836,5.49E+06,0,13.9631,0.391388,2.5,1.8,1.5,0,vtype0
147,flow0.16,646873,5.49E+06,0,13.9888,0.452534,2.5,1.8,1.5,0,vtype0
147,flow0.17,646888,5.49E+06,0,11.9604,-0.276431,2.5,1.8,1.5,0,vtype0
147,flow0.18,646889,5.49E+06,0,11.9935,0.174916,2.5,1.8,1.5,0,vtype0
147,flow0.19,646891,5.49E+06,0,11.9568,-0.269677,2.5,1.8,1.5,0,vtype0
147,flow0.2,646419,5.49E+06,0,13.9796,0.479612,2.5,1.8,1.5,0,vtype0
147,flow0.20,646889,5.49E+06,0,12.0822,-0.430199,2.5,1.8,1.5,0,vtype0
147,flow0.21,646888,5.49E+06,0,12.212,-0.173907,2.5,1.8,1.5,0,vtype0
147,flow0.22,646887,5.49E+06,0,12.5341,0.0551017,2.5,1.8,1.5,0,vtype0
147,flow0.23,646884,5.49E+06,0,12.3965,-0.0256938,2.5,1.8,1.5,0,vtype0
147,flow0.24,646883,5.49E+06,0,12.5146,-0.482437,2.5,1.8,1.5,0,vtype0
147,flow0.25,646882,5.49E+06,0,12.8662,0.814668,2.5,1.8,1.5,0,vtype0
147,flow0.26,646880,5.49E+06,0,13.5017,0.255704,2.5,1.8,1.5,0,vtype0
147,flow0.27,646879,5.49E+06,0,13.9484,-0.113803,2.5,1.8,1.5,0,vtype0
147,flow0.28,646876,5.49E+06,0,13.9293,0.0737588,2.5,1.8,1.5,0,vtype0
147,flow0.29,646872,5.49E+06,0,11.0432,2.07558,2.5,1.8,1.5,0,vtype0
147,flow0.3,646449,5.49E+06,0,13.932,-0.172253,2.5,1.8,1.5,0,vtype0
147,flow0.30,646866,5.49E+06,0,7.63991,2.6,2.5,1.8,1.5,1,vtype0
147,flow0.31,646853,5.49E+06,0,7.51944,1.60302,2.5,1.8,1.5,1,vtype0
147,flow0.32,646840,5.49E+06,0,7.55408,1.93184,2.5,1.8,1.5,1,vtype0
147,flow0.33,646827,5.49E+06,0,7.54286,0.111226,2.5,1.8,1.5,1,vtype0
147,flow0.34,646814,5.49E+06,0,7.64216,-0.127662,2.5,1.8,1.5,0,vtype0
147,flow0.35,646801,5.49E+06,0,7.76003,-1.50902,2.5,1.8,1.5,8,vtype0
147,flow0.36,646791,5.49E+06,0,7.95826,-0.427755,2.5,1.8,1.5,0,vtype0
147,flow0.37,646781,5.49E+06,0,8.08811,-0.517555,2.5,1.8,1.5,0,vtype0
147,flow0.38,646774,5.49E+06,0,8.12402,-0.0602722,2.5,1.8,1.5,0,vtype0
147,flow0.39,646778,5.49E+06,0,8.15162,-1.12415,2.5,1.8,1.5,10,vtype0
147,flow0.4,646499,5.49E+06,0,13.8934,-0.783662,2.5,1.8,1.5,0,vtype0
147,flow0.40,646786,5.49E+06,0,8.27842,1.42581,2.5,1.8,1.5,2,vtype0
147,flow0.41,646796,5.49E+06,0,8.15106,-0.350751,2.5,1.8,1.5,2,vtype0
147,flow0.42,646805,5.49E+06,0,8.08686,0.0475223,2.5,1.8,1.5,2,vtype0
147,flow0.43,646814,5.49E+06,0,7.94767,0.821016,2.5,1.8,1.5,2,vtype0
147,flow0.44,646823,5.49E+06,0,7.71657,0.358856,2.5,1.8,1.5,2,vtype0
147,flow0.45,646831,5.49E+06,0,7.2777,-0.477484,2.5,1.8,1.5,2,vtype0
147,flow0.46,646839,5.49E+06,0,6.68526,0.0540716,2.5,1.8,1.5,0,vtype0
147,flow0.47,646846,5.49E+06,0,5.72911,0.842932,2.5,1.8,1.5,0,vtype0
147,flow0.48,646852,5.49E+06,0,4.13349,-0.0290831,2.5,1.8,1.5,0,vtype0
147,flow0.5,646522,5.49E+06,0,13.9306,0.00293692,2.5,1.8,1.5,0,vtype0
147,flow0.6,646548,5.49E+06,0,13.9435,0.492969,2.5,1.8,1.5,0,vtype0
147,flow0.7,646630,5.49E+06,0,13.8708,0.00016252,2.5,1.8,1.5,0,vtype0
147,flow0.8,646648,5.49E+06,0,13.9542,0.188837,2.5,1.8,1.5,0,vtype0
147,flow0.9,646667,5.49E+06,0,13.9544,0.695366,2.5,1.8,1.5,0,vtype0
148,flow0.0,646347,5.49E+06,0,13.9948,0.900793,2.5,1.8,1.5,0,vtype0
148,flow0.1,646380,5.49E+06,0,13.9176,-0.474033,2.5,1.8,1.5,0,vtype0
148,flow0.10,646672,5.49E+06,0,13.9375,-0.455428,2.5,1.8,1.5,0,vtype0
148,flow0.11,646691,5.49E+06,0,13.9985,0.309321,2.5,1.8,1.5,0,vtype0
148,flow0.12,646710,5.49E+06,0,13.9107,-0.301085,2.5,1.8,1.5,0,vtype0
148,flow0.13,646740,5.49E+06,0,13.9202,-0.733658,2.5,1.8,1.5,0,vtype0
148,flow0.14,646780,5.49E+06,0,13.9821,0.34181,2.5,1.8,1.5,0,vtype0
148,flow0.15,646823,5.49E+06,0,13.9475,0.748504,2.5,1.8,1.5,0,vtype0
148,flow0.16,646863,5.49E+06,0,13.9002,-0.913056,2.5,1.8,1.5,0,vtype0
148,flow0.17,646887,5.49E+06,0,11.9807,0.209687,2.5,1.8,1.5,0,vtype0
148,flow0.18,646889,5.49E+06,0,11.9326,-0.73402,2.5,1.8,1.5,0,vtype0
148,flow0.19,646890,5.49E+06,0,11.9582,-0.845391,2.5,1.8,1.5,0,vtype0
148,flow0.2,646409,5.49E+06,0,13.9217,-0.34233,2.5,1.8,1.5,0,vtype0
148,flow0.20,646890,5.49E+06,0,12.1659,0.609928,2.5,1.8,1.5,0,vtype0
148,flow0.21,646889,5.49E+06,0,12.2491,0.945576,2.5,1.8,1.5,0,vtype0
148,flow0.22,646888,5.49E+06,0,12.4537,-0.580003,2.5,1.8,1.5,0,vtype0
148,flow0.23,646885,5.49E+06,0,12.488,0.592575,2.5,1.8,1.5,0,vtype0
148,flow0.24,646884,5.49E+06,0,12.5447,0.992562,2.5,1.8,1.5,0,vtype0
148,flow0.25,646883,5.49E+06,0,12.6977,-1.25862,2.5,1.8,1.5,0,vtype0
148,flow0.26,646881,5.49E+06,0,13.297,-1.49862,2.5,1.8,1.5,0,vtype0
148,flow0.27,646879,5.49E+06,0,13.9865,0.0497025,2.5,1.8,1.5,0,vtype0
148,flow0.28,646878,5.49E+06,0,13.9296,0.466377,2.5,1.8,1.5,0,vtype0
148,flow0.29,646874,5.49E+06,0,13.0156,2.49815,2.5,1.8,1.5,0,vtype0
148,flow0.3,646439,5.49E+06,0,13.9755,0.137972,2.5,1.8,1.5,0,vtype0
148,flow0.30,646871,5.49E+06,0,9.67317,1.9022,2.5,1.8,1.5,0,vtype0
148,flow0.31,646861,5.49E+06,0,7.21762,-4.3018,2.5,1.8,1.5,9,vtype0
148,flow0.32,646848,5.49E+06,0,7.68979,-2.78211,2.5,1.8,1.5,9,vtype0
148,flow0.33,646835,5.49E+06,0,7.96334,-2.81049,2.5,1.8,1.5,9,vtype0
148,flow0.34,646822,5.49E+06,0,8.15874,1.54678,2.5,1.8,1.5,0,vtype0
148,flow0.35,646809,5.49E+06,0,7.99278,0.568355,2.5,1.8,1.5,0,vtype0
148,flow0.36,646797,5.49E+06,0,7.9475,-0.0963041,2.5,1.8,1.5,0,vtype0
148,flow0.37,646788,5.49E+06,0,8.00923,-0.143391,2.5,1.8,1.5,0,vtype0
148,flow0.38,646777,5.49E+06,0,8.02709,0.24502,2.5,1.8,1.5,0,vtype0
148,flow0.39,646775,5.49E+06,0,8.03042,-0.471954,2.5,1.8,1.5,2,vtype0
148,flow0.4,646490,5.49E+06,0,13.9075,-0.28413,2.5,1.8,1.5,0,vtype0
148,flow0.40,646781,5.49E+06,0,8.08015,0.0953098,2.5,1.8,1.5,2,vtype0
148,flow0.41,646790,5.49E+06,0,8.02818,-0.649562,2.5,1.8,1.5,2,vtype0
148,flow0.42,646799,5.49E+06,0,8.01718,-1.07179,2.5,1.8,1.5,10,vtype0
148,flow0.43,646808,5.49E+06,0,7.97173,-0.45163,2.5,1.8,1.5,2,vtype0
148,flow0.44,646817,5.49E+06,0,7.82534,0.820604,2.5,1.8,1.5,2,vtype0
148,flow0.45,646826,5.49E+06,0,7.52743,0.0845179,2.5,1.8,1.5,2,vtype0
148,flow0.46,646834,5.49E+06,0,7.07297,0.592172,2.5,1.8,1.5,0,vtype0
148,flow0.47,646841,5.49E+06,0,6.35961,0.739444,2.5,1.8,1.5,0,vtype0
148,flow0.48,646848,5.49E+06,0,5.27213,0.894047,2.5,1.8,1.5,0,vtype0
148,flow0.49,646854,5.49E+06,0,3.01928,2.25035,2.5,1.8,1.5,0,vtype0
148,flow0.5,646512,5.49E+06,0,13.9806,0.381699,2.5,1.8,1.5,0,vtype0
148,flow0.6,646538,5.49E+06,0,13.9191,-0.344145,2.5,1.8,1.5,0,vtype0
148,flow0.7,646617,5.49E+06,0,13.874,-0.746531,2.5,1.8,1.5,0,vtype0
148,flow0.8,646635,5.49E+06,0,13.9798,-0.176097,2.5,1.8,1.5,0,vtype0
148,flow0.9,646653,5.49E+06,0,13.9435,0.164725,2.5,1.8,1.5,0,vtype0
149,flow0.0,646337,5.49E+06,0,13.9732,-0.230074,2.5,1.8,1.5,0,vtype0
149,flow0.1,646370,5.49E+06,0,13.9778,-0.00461879,2.5,1.8,1.5,0,vtype0
149,flow0.10,646658,5.49E+06,0,13.9341,-0.27769,2.5,1.8,1.5,0,vtype0
149,flow0.11,646677,5.49E+06,0,13.897,0.942771,2.5,1.8,1.5,0,vtype0
149,flow0.12,646696,5.49E+06,0,13.8333,-0.603965,2.5,1.8,1.5,0,vtype0
149,flow0.13,646726,5.49E+06,0,13.91,0.175388,2.5,1.8,1.5,0,vtype0
149,flow0.14,646766,5.49E+06,0,13.9885,0.600548,2.5,1.8,1.5,0,vtype0
149,flow0.15,646809,5.49E+06,0,13.9993,0.0335019,2.5,1.8,1.5,0,vtype0
149,flow0.16,646850,5.49E+06,0,13.9624,0.135664,2.5,1.8,1.5,0,vtype0
149,flow0.17,646886,5.49E+06,0,11.9553,0.0684614,2.5,1.8,1.5,0,vtype0
149,flow0.18,646888,5.49E+06,0,11.9916,-0.17861,2.5,1.8,1.5,0,vtype0
149,flow0.19,646889,5.49E+06,0,12.0027,-0.211704,2.5,1.8,1.5,0,vtype0
149,flow0.2,646399,5.49E+06,0,13.9796,0.0736449,2.5,1.8,1.5,0,vtype0
149,flow0.20,646890,5.49E+06,0,12.1226,-0.249654,2.5,1.8,1.5,0,vtype0
149,flow0.21,646890,5.49E+06,0,12.1982,-0.469031,2.5,1.8,1.5,0,vtype0
149,flow0.22,646889,5.49E+06,0,12.4484,0.752771,2.5,1.8,1.5,0,vtype0
149,flow0.23,646886,5.49E+06,0,12.3909,-0.69674,2.5,1.8,1.5,0,vtype0
149,flow0.24,646885,5.49E+06,0,12.5732,0.977749,2.5,1.8,1.5,0,vtype0
149,flow0.25,646883,5.49E+06,0,12.6095,-1.66429,2.5,1.8,1.5,8,vtype0
149,flow0.26,646882,5.49E+06,0,13.2159,1.17614,2.5,1.8,1.5,0,vtype0
149,flow0.27,646880,5.49E+06,0,13.9297,-0.192242,2.5,1.8,1.5,0,vtype0
149,flow0.28,646879,5.49E+06,0,13.973,0.616009,2.5,1.8,1.5,0,vtype0
149,flow0.29,646876,5.49E+06,0,13.9763,0.365979,2.5,1.8,1.5,0,vtype0
149,flow0.3,646429,5.49E+06,0,13.9338,-0.320813,2.5,1.8,1.5,0,vtype0
149,flow0.30,646873,5.49E+06,0,11.6728,2.29224,2.5,1.8,1.5,0,vtype0
149,flow0.31,646868,5.49E+06,0,8.30675,2.40291,2.5,1.8,1.5,0,vtype0
149,flow0.32,646856,5.49E+06,0,7.94088,2.22523,2.5,1.8,1.5,1,vtype0
149,flow0.33,646843,5.49E+06,0,7.71083,1.36979,2.5,1.8,1.5,1,vtype0
149,flow0.34,646830,5.49E+06,0,7.70275,0.878238,2.5,1.8,1.5,1,vtype0
149,flow0.35,646817,5.49E+06,0,7.77116,0.0839683,2.5,1.8,1.5,0,vtype0
149,flow0.36,646804,5.49E+06,0,7.80379,0.290834,2.5,1.8,1.5,0,vtype0
149,flow0.37,646793,5.49E+06,0,7.90312,0.691222,2.5,1.8,1.5,0,vtype0
149,flow0.38,646784,5.49E+06,0,7.94807,-0.600068,2.5,1.8,1.5,0,vtype0
149,flow0.39,646774,5.49E+06,0,8.11726,1.32495,2.5,1.8,1.5,0,vtype0
149,flow0.4,646480,5.49E+06,0,13.8887,0.111957,2.5,1.8,1.5,0,vtype0
149,flow0.40,646776,5.49E+06,0,8.02368,-1.11287,2.5,1.8,1.5,10,vtype0
149,flow0.41,646784,5.49E+06,0,8.07073,-1.36329,2.5,1.8,1.5,10,vtype0
149,flow0.42,646793,5.49E+06,0,8.13589,0.779554,2.5,1.8,1.5,2,vtype0
149,flow0.43,646803,5.49E+06,0,7.95522,-1.13637,2.5,1.8,1.5,10,vtype0
149,flow0.44,646812,5.49E+06,0,7.93014,0.0387993,2.5,1.8,1.5,2,vtype0
149,flow0.45,646820,5.49E+06,0,7.76249,1.4975,2.5,1.8,1.5,2,vtype0
149,flow0.46,646829,5.49E+06,0,7.28368,-0.442647,2.5,1.8,1.5,0,vtype0
149,flow0.47,646837,5.49E+06,0,6.76983,0.8472,2.5,1.8,1.5,0,vtype0
149,flow0.48,646844,5.49E+06,0,5.92437,0.943837,2.5,1.8,1.5,0,vtype0
149,flow0.49,646851,5.49E+06,0,4.68699,0.639462,2.5,1.8,1.5,0,vtype0
149,flow0.5,646503,5.49E+06,0,13.9194,0.342372,2.5,1.8,1.5,0,vtype0
149,flow0.6,646529,5.49E+06,0,13.9282,0.568833,2.5,1.8,1.5,0,vtype0
149,flow0.7,646605,5.49E+06,0,13.9317,-0.271506,2.5,1.8,1.5,0,vtype0
149,flow0.8,646622,5.49E+06,0,13.8975,-0.112723,2.5,1.8,1.5,0,vtype0
149,flow0.9,646640,5.49E+06,0,13.8804,-0.790626,2.5,1.8,1.5,0,vtype0
150,flow0.0,646327,5.49E+06,0,13.922,-0.752494,2.5,1.8,1.5,0,vtype0
150,flow0.1,646360,5.49E+06,0,13.9228,0.397357,2.5,1.8,1.5,0,vtype0
150,flow0.10,646645,5.49E+06,0,13.5528,-2.79602,2.5,1.8,1.5,8,vtype0
150,flow0.11,646663,5.49E+06,0,13.8307,-0.208397,2.5,1.8,1.5,0,vtype0
150,flow0.12,646682,5.49E+06,0,13.8032,-0.172794,2.5,1.8,1.5,0,vtype0
150,flow0.13,646712,5.49E+06,0,13.9718,0.864423,2.5,1.8,1.5,0,vtype0
150,flow0.14,646752,5.49E+06,0,13.921,-0.239339,2.5,1.8,1.5,0,vtype0
150,flow0.15,646795,5.49E+06,0,13.8867,-0.696158,2.5,1.8,1.5,0,vtype0
150,flow0.16,646836,5.49E+06,0,13.927,0.505722,2.5,1.8,1.5,0,vtype0
150,flow0.17,646885,5.49E+06,0,12.0432,-0.289771,2.5,1.8,1.5,0,vtype0
150,flow0.18,646887,5.49E+06,0,12.0383,0.278291,2.5,1.8,1.5,0,vtype0
150,flow0.19,646888,5.49E+06,0,11.9725,0.481855,2.5,1.8,1.5,0,vtype0
150,flow0.2,646389,5.49E+06,0,13.9726,-0.234482,2.5,1.8,1.5,0,vtype0
150,flow0.20,646889,5.49E+06,0,11.9529,-0.846893,2.5,1.8,1.5,0,vtype0
150,flow0.21,646891,5.49E+06,0,12.1703,0.429121,2.5,1.8,1.5,0,vtype0
150,flow0.22,646889,5.49E+06,0,12.334,0.33126,2.5,1.8,1.5,0,vtype0
150,flow0.23,646887,5.49E+06,0,12.4804,0.418311,2.5,1.8,1.5,0,vtype0
150,flow0.24,646886,5.49E+06,0,12.4747,0.0203487,2.5,1.8,1.5,0,vtype0
150,flow0.25,646884,5.49E+06,0,12.5901,-0.682512,2.5,1.8,1.5,0,vtype0
150,flow0.26,646883,5.49E+06,0,13.0001,0.813453,2.5,1.8,1.5,0,vtype0
150,flow0.27,646881,5.49E+06,0,13.6672,-1.00755,2.5,1.8,1.5,0,vtype0
150,flow0.28,646880,5.49E+06,0,13.8814,-0.554215,2.5,1.8,1.5,0,vtype0
150,flow0.29,646878,5.49E+06,0,13.9741,0.241109,2.5,1.8,1.5,0,vtype0
150,flow0.3,646419,5.49E+06,0,13.8901,0.150644,2.5,1.8,1.5,0,vtype0
150,flow0.30,646875,5.49E+06,0,13.4647,1.61754,2.5,1.8,1.5,0,vtype0
150,flow0.31,646872,5.49E+06,0,10.5224,2.08462,2.5,1.8,1.5,0,vtype0
150,flow0.32,646863,5.49E+06,0,6.56585,2.6,2.5,1.8,1.5,1,vtype0
150,flow0.33,646850,5.49E+06,0,6.8825,-2.77311,2.5,1.8,1.5,9,vtype0
150,flow0.34,646838,5.49E+06,0,7.32358,-2.80192,2.5,1.8,1.5,9,vtype0
150,flow0.35,646825,5.49E+06,0,7.75243,-0.959513,2.5,1.8,1.5,8,vtype0
150,flow0.36,646812,5.49E+06,0,7.85111,-0.0741624,2.5,1.8,1.5,0,vtype0
150,flow0.37,646799,5.49E+06,0,7.85831,-1.43668,2.5,1.8,1.5,8,vtype0
150,flow0.38,646790,5.49E+06,0,8.02179,0.285266,2.5,1.8,1.5,0,vtype0
150,flow0.39,646779,5.49E+06,0,8.09683,0.802341,2.5,1.8,1.5,0,vtype0
150,flow0.4,646470,5.49E+06,0,13.9446,-0.418929,2.5,1.8,1.5,0,vtype0
150,flow0.40,646774,5.49E+06,0,8.12074,0.343208,2.5,1.8,1.5,2,vtype0
150,flow0.41,646779,5.49E+06,0,8.10598,-0.252475,2.5,1.8,1.5,2,vtype0
150,flow0.42,646788,5.49E+06,0,8.12152,0.670746,2.5,1.8,1.5,2,vtype0
150,flow0.43,646797,5.49E+06,0,7.99809,0.86069,2.5,1.8,1.5,2,vtype0
150,flow0.44,646806,5.49E+06,0,7.85422,-0.361275,2.5,1.8,1.5,2,vtype0
150,flow0.45,646815,5.49E+06,0,7.6827,-1.07427,2.5,1.8,1.5,10,vtype0
150,flow0.46,646824,5.49E+06,0,7.52678,0.726391,2.5,1.8,1.5,2,vtype0
150,flow0.47,646832,5.49E+06,0,7.04104,-0.849077,2.5,1.8,1.5,8,vtype0
150,flow0.48,646839,5.49E+06,0,6.54583,0.661233,2.5,1.8,1.5,0,vtype0
150,flow0.49,646846,5.49E+06,0,5.52825,0.114274,2.5,1.8,1.5,0,vtype0
150,flow0.5,646493,5.49E+06,0,13.9072,0.172834,2.5,1.8,1.5,0,vtype0
150,flow0.6,646519,5.49E+06,0,13.9885,0.05128,2.5,1.8,1.5,0,vtype0
150,flow0.7,646593,5.49E+06,0,11.8423,-4.5,2.5,1.8,1.5,8,vtype0
150,flow0.8,646610,5.49E+06,0,12.6791,-3.92335,2.5,1.8,1.5,8,vtype0
150,flow0.9,646627,5.49E+06,0,13.2296,-2.81225,2.5,1.8,1.5,8,vtype0
151,flow0.0,646318,5.49E+06,0,13.9971,0.142079,2.5,1.8,1.5,0,vtype0
151,flow0.1,646350,5.49E+06,0,13.9941,0.107402,2.5,1.8,1.5,0,vtype0
151,flow0.10,646633,5.49E+06,0,11.6996,-1.71747,2.5,1.8,1.5,8,vtype0
151,flow0.11,646651,5.49E+06,0,12.3385,-1.15144,2.5,1.8,1.5,0,vtype0
151,flow0.12,646669,5.49E+06,0,12.7835,-1.60406,2.5,1.8,1.5,8,vtype0
151,flow0.13,646699,5.49E+06,0,13.9187,0.258211,2.5,1.8,1.5,0,vtype0
151,flow0.14,646738,5.49E+06,0,13.9471,-0.356444,2.5,1.8,1.5,0,vtype0
151,flow0.15,646781,5.49E+06,0,13.9894,-0.00510413,2.5,1.8,1.5,0,vtype0
151,flow0.16,646822,5.49E+06,0,13.9737,0.716842,2.5,1.8,1.5,0,vtype0
151,flow0.17,646884,5.49E+06,0,11.9792,0.298441,2.5,1.8,1.5,0,vtype0
151,flow0.18,646886,5.49E+06,0,11.9832,-0.57503,2.5,1.8,1.5,0,vtype0
151,flow0.19,646887,5.49E+06,0,11.9962,0.0396146,2.5,1.8,1.5,0,vtype0
151,flow0.2,646379,5.49E+06,0,13.9592,0.246467,2.5,1.8,1.5,0,vtype0
151,flow0.20,646888,5.49E+06,0,12.0289,-0.650261,2.5,1.8,1.5,0,vtype0
151,flow0.21,646890,5.49E+06,0,12.13,-0.0898166,2.5,1.8,1.5,0,vtype0
151,flow0.22,646890,5.49E+06,0,12.2591,0.421378,2.5,1.8,1.5,0,vtype0
151,flow0.23,646888,5.49E+06,0,12.369,-0.60832,2.5,1.8,1.5,0,vtype0
151,flow0.24,646887,5.49E+06,0,12.4649,-0.385242,2.5,1.8,1.5,0,vtype0
151,flow0.25,646885,5.49E+06,0,12.5482,-0.952359,2.5,1.8,1.5,0,vtype0
151,flow0.26,646884,5.49E+06,0,12.8479,0.330284,2.5,1.8,1.5,0,vtype0
151,flow0.27,646882,5.49E+06,0,13.3801,-1.7492,2.5,1.8,1.5,8,vtype0
151,flow0.28,646881,5.49E+06,0,13.9416,0.436984,2.5,1.8,1.5,0,vtype0
151,flow0.29,646879,5.49E+06,0,13.9975,0.274887,2.5,1.8,1.5,0,vtype0
151,flow0.3,646409,5.49E+06,0,13.9004,-0.916716,2.5,1.8,1.5,0,vtype0
151,flow0.30,646877,5.49E+06,0,13.8795,-0.766479,2.5,1.8,1.5,0,vtype0
151,flow0.31,646873,5.49E+06,0,12.5898,2.2661,2.5,1.8,1.5,0,vtype0
151,flow0.32,646870,5.49E+06,0,8.93504,2.02516,2.5,1.8,1.5,0,vtype0
151,flow0.33,646858,5.49E+06,0,8.37367,2.00822,2.5,1.8,1.5,1,vtype0
151,flow0.34,646845,5.49E+06,0,8.064,1.11396,2.5,1.8,1.5,1,vtype0
151,flow0.35,646832,5.49E+06,0,7.86154,0.429628,2.5,1.8,1.5,1,vtype0
151,flow0.36,646819,5.49E+06,0,7.8576,0.924261,2.5,1.8,1.5,0,vtype0
151,flow0.37,646806,5.49E+06,0,7.82446,0.656945,2.5,1.8,1.5,0,vtype0
151,flow0.38,646795,5.49E+06,0,7.87109,0.641334,2.5,1.8,1.5,0,vtype0
151,flow0.39,646786,5.49E+06,0,7.92119,0.251471,2.5,1.8,1.5,0,vtype0
151,flow0.4,646460,5.49E+06,0,13.9208,0.465,2.5,1.8,1.5,0,vtype0
151,flow0.40,646775,5.49E+06,0,7.91462,-0.819645,2.5,1.8,1.5,8,vtype0
151,flow0.41,646775,5.49E+06,0,7.99862,0.185468,2.5,1.8,1.5,2,vtype0
151,flow0.42,646782,5.49E+06,0,7.99073,-0.613472,2.5,1.8,1.5,2,vtype0
151,flow0.43,646791,5.49E+06,0,7.98965,0.568011,2.5,1.8,1.5,2,vtype0
151,flow0.44,646800,5.49E+06,0,7.92729,-1.0316,2.5,1.8,1.5,10,vtype0
151,flow0.45,646809,5.49E+06,0,7.91348,0.304415,2.5,1.8,1.5,2,vtype0
151,flow0.46,646818,5.49E+06,0,7.72008,0.626328,2.5,1.8,1.5,2,vtype0
151,flow0.47,646827,5.49E+06,0,7.31194,-0.145319,2.5,1.8,1.5,0,vtype0
151,flow0.48,646835,5.49E+06,0,6.8253,-0.408477,2.5,1.8,1.5,0,vtype0
151,flow0.49,646842,5.49E+06,0,6.2316,1.73375,2.5,1.8,1.5,0,vtype0
151,flow0.5,646483,5.49E+06,0,13.8712,-0.817599,2.5,1.8,1.5,0,vtype0
151,flow0.50,646851,5.49E+06,0,6.15704,-0.516132,2.5,1.8,1.5,8,vtype0
151,flow0.6,646509,5.49E+06,0,13.9027,0.145731,2.5,1.8,1.5,0,vtype0
151,flow0.7,646585,5.49E+06,0,7.36218,-4.5,2.5,1.8,1.5,8,vtype0
151,flow0.8,646600,5.49E+06,0,9.39481,-3.43188,2.5,1.8,1.5,8,vtype0
151,flow0.9,646616,5.49E+06,0,10.7309,-2.15242,2.5,1.8,1.5,8,vtype0
152,flow0.0,646308,5.49E+06,0,13.9328,-0.0804202,2.5,1.8,1.5,0,vtype0
152,flow0.1,646341,5.49E+06,0,13.9248,-0.230518,2.5,1.8,1.5,0,vtype0
152,flow0.10,646623,5.49E+06,0,10.6699,0.470312,2.5,1.8,1.5,0,vtype0
152,flow0.11,646640,5.49E+06,0,11.2519,-0.31192,2.5,1.8,1.5,0,vtype0
152,flow0.12,646657,5.49E+06,0,11.7301,-2.0455,2.5,1.8,1.5,8,vtype0
152,flow0.13,646685,5.49E+06,0,13.9681,-0.173785,2.5,1.8,1.5,0,vtype0
152,flow0.14,646724,5.49E+06,0,13.8764,-0.468907,2.5,1.8,1.5,0,vtype0
152,flow0.15,646767,5.49E+06,0,13.959,-0.301133,2.5,1.8,1.5,0,vtype0
152,flow0.16,646808,5.49E+06,0,13.9399,0.213235,2.5,1.8,1.5,0,vtype0
152,flow0.17,646883,5.49E+06,0,12.0092,0.354133,2.5,1.8,1.5,0,vtype0
152,flow0.18,646885,5.49E+06,0,12.0085,-0.04707,2.5,1.8,1.5,0,vtype0
152,flow0.19,646886,5.49E+06,0,12.0245,0.140605,2.5,1.8,1.5,0,vtype0
152,flow0.2,646369,5.49E+06,0,13.889,-0.956611,2.5,1.8,1.5,0,vtype0
152,flow0.20,646887,5.49E+06,0,12.0941,0.903568,2.5,1.8,1.5,0,vtype0
152,flow0.21,646889,5.49E+06,0,12.1123,0.874606,2.5,1.8,1.5,0,vtype0
152,flow0.22,646890,5.49E+06,0,12.1753,-1.01957,2.5,1.8,1.5,0,vtype0
152,flow0.23,646889,5.49E+06,0,12.3868,-0.989764,2.5,1.8,1.5,0,vtype0
152,flow0.24,646888,5.49E+06,0,12.4666,-0.182501,2.5,1.8,1.5,0,vtype0
152,flow0.25,646886,5.49E+06,0,12.5694,0.18398,2.5,1.8,1.5,0,vtype0
152,flow0.26,646885,5.49E+06,0,12.7542,-0.596012,2.5,1.8,1.5,0,vtype0
152,flow0.27,646883,5.49E+06,0,13.2317,0.19208,2.5,1.8,1.5,0,vtype0
152,flow0.28,646882,5.49E+06,0,13.9528,0.232248,2.5,1.8,1.5,0,vtype0
152,flow0.29,646880,5.49E+06,0,13.8772,-0.105712,2.5,1.8,1.5,0,vtype0
152,flow0.3,646399,5.49E+06,0,13.8768,-1.2064,2.5,1.8,1.5,0,vtype0
152,flow0.30,646878,5.49E+06,0,13.9564,-0.134283,2.5,1.8,1.5,0,vtype0
152,flow0.31,646875,5.49E+06,0,13.995,0.720153,2.5,1.8,1.5,0,vtype0
152,flow0.32,646872,5.49E+06,0,10.9893,2.21381,2.5,1.8,1.5,0,vtype0
152,flow0.33,646865,5.49E+06,0,7.33675,2.6,2.5,1.8,1.5,1,vtype0
152,flow0.34,646853,5.49E+06,0,7.24507,1.82617,2.5,1.8,1.5,1,vtype0
152,flow0.35,646840,5.49E+06,0,7.3615,1.08831,2.5,1.8,1.5,1,vtype0
152,flow0.36,646827,5.49E+06,0,7.41792,-0.683191,2.5,1.8,1.5,9,vtype0
152,flow0.37,646814,5.49E+06,0,7.5731,-1.18646,2.5,1.8,1.5,8,vtype0
152,flow0.38,646801,5.49E+06,0,7.73129,-0.325604,2.5,1.8,1.5,0,vtype0
152,flow0.39,646791,5.49E+06,0,7.81687,-0.736895,2.5,1.8,1.5,8,vtype0
152,flow0.4,646450,5.49E+06,0,13.8856,-0.360696,2.5,1.8,1.5,0,vtype0
152,flow0.40,646781,5.49E+06,0,7.99638,0.815274,2.5,1.8,1.5,0,vtype0
152,flow0.41,646774,5.49E+06,0,7.96935,-0.82195,2.5,1.8,1.5,8,vtype0
152,flow0.42,646777,5.49E+06,0,8.10992,1.22031,2.5,1.8,1.5,2,vtype0
152,flow0.43,646786,5.49E+06,0,8.05318,0.0578103,2.5,1.8,1.5,2,vtype0
152,flow0.44,646795,5.49E+06,0,8.03656,0.710935,2.5,1.8,1.5,2,vtype0
152,flow0.45,646804,5.49E+06,0,7.80675,-1.07992,2.5,1.8,1.5,10,vtype0
152,flow0.46,646813,5.49E+06,0,7.7332,0.95082,2.5,1.8,1.5,2,vtype0
152,flow0.47,646822,5.49E+06,0,7.41484,-1.38636,2.5,1.8,1.5,8,vtype0
152,flow0.48,646830,5.49E+06,0,7.15463,0.929653,2.5,1.8,1.5,0,vtype0
152,flow0.49,646838,5.49E+06,0,6.60353,0.324973,2.5,1.8,1.5,0,vtype0
152,flow0.5,646473,5.49E+06,0,13.9519,0.432393,2.5,1.8,1.5,0,vtype0
152,flow0.50,646846,5.49E+06,0,6.40086,0.485109,2.5,1.8,1.5,0,vtype0
152,flow0.6,646500,5.49E+06,0,13.9059,0.344931,2.5,1.8,1.5,0,vtype0
152,flow0.7,646579,5.49E+06,0,8.48515,2.36157,2.5,1.8,1.5,0,vtype0
152,flow0.8,646593,5.49E+06,0,9.20564,1.26787,2.5,1.8,1.5,0,vtype0
152,flow0.9,646607,5.49E+06,0,9.92451,0.400356,2.5,1.8,1.5,0,vtype0
153,flow0.0,646298,5.49E+06,0,13.9964,0.343748,2.5,1.8,1.5,0,vtype0
153,flow0.1,646331,5.49E+06,0,13.8801,-0.668527,2.5,1.8,1.5,0,vtype0
153,flow0.10,646613,5.49E+06,0,9.96655,-2.86175,2.5,1.8,1.5,8,vtype0
153,flow0.11,646629,5.49E+06,0,10.843,-1.70044,2.5,1.8,1.5,8,vtype0
153,flow0.12,646646,5.49E+06,0,11.416,-1.71644,2.5,1.8,1.5,8,vtype0
153,flow0.13,646671,5.49E+06,0,13.9399,0.145445,2.5,1.8,1.5,0,vtype0
153,flow0.14,646710,5.49E+06,0,13.9876,0.191126,2.5,1.8,1.5,0,vtype0
153,flow0.15,646753,5.49E+06,0,13.9335,-0.0517979,2.5,1.8,1.5,0,vtype0
153,flow0.16,646794,5.49E+06,0,13.9498,0.548733,2.5,1.8,1.5,0,vtype0
153,flow0.17,646882,5.49E+06,0,11.943,-1.27979,2.5,1.8,1.5,0,vtype0
153,flow0.18,646884,5.49E+06,0,12.0856,0.258245,2.5,1.8,1.5,0,vtype0
153,flow0.19,646885,5.49E+06,0,12.0795,0.310293,2.5,1.8,1.5,0,vtype0
153,flow0.2,646359,5.49E+06,0,13.9264,0.247286,2.5,1.8,1.5,0,vtype0
153,flow0.20,646886,5.49E+06,0,12.1023,0.863057,2.5,1.8,1.5,0,vtype0
153,flow0.21,646888,5.49E+06,0,12.1139,0.650539,2.5,1.8,1.5,0,vtype0
153,flow0.22,646889,5.49E+06,0,12.1564,0.882341,2.5,1.8,1.5,0,vtype0
153,flow0.23,646890,5.49E+06,0,12.4774,0.979287,2.5,1.8,1.5,0,vtype0
153,flow0.24,646888,5.49E+06,0,12.4024,0.119141,2.5,1.8,1.5,0,vtype0
153,flow0.25,646887,5.49E+06,0,12.5147,0.913437,2.5,1.8,1.5,0,vtype0
153,flow0.26,646886,5.49E+06,0,12.6578,-0.909976,2.5,1.8,1.5,0,vtype0
153,flow0.27,646884,5.49E+06,0,13.1795,1.1625,2.5,1.8,1.5,0,vtype0
153,flow0.28,646883,5.49E+06,0,13.9246,0.220934,2.5,1.8,1.5,0,vtype0
153,flow0.29,646881,5.49E+06,0,13.8891,-0.127181,2.5,1.8,1.5,0,vtype0
153,flow0.3,646389,5.49E+06,0,13.9017,-0.407243,2.5,1.8,1.5,0,vtype0
153,flow0.30,646879,5.49E+06,0,13.915,0.35208,2.5,1.8,1.5,0,vtype0
153,flow0.31,646877,5.49E+06,0,13.9011,-0.957738,2.5,1.8,1.5,0,vtype0
153,flow0.32,646874,5.49E+06,0,12.7319,1.53114,2.5,1.8,1.5,0,vtype0
153,flow0.33,646871,5.49E+06,0,9.24566,1.40461,2.5,1.8,1.5,0,vtype0
153,flow0.34,646861,5.49E+06,0,7.63534,-4.22987,2.5,1.8,1.5,9,vtype0
153,flow0.35,646848,5.49E+06,0,7.92128,-2.74765,2.5,1.8,1.5,9,vtype0
153,flow0.36,646835,5.49E+06,0,8.03853,0.729221,2.5,1.8,1.5,1,vtype0
153,flow0.37,646822,5.49E+06,0,7.85636,0.224847,2.5,1.8,1.5,0,vtype0
153,flow0.38,646809,5.49E+06,0,7.78865,-0.693985,2.5,1.8,1.5,0,vtype0
153,flow0.39,646797,5.49E+06,0,7.8579,0.618656,2.5,1.8,1.5,0,vtype0
153,flow0.4,646440,5.49E+06,0,13.9856,0.0555055,2.5,1.8,1.5,0,vtype0
153,flow0.40,646787,5.49E+06,0,7.85069,-0.69058,2.5,1.8,1.5,0,vtype0
153,flow0.41,646777,5.49E+06,0,7.96969,-0.0374053,2.5,1.8,1.5,0,vtype0
153,flow0.42,646775,5.49E+06,0,7.9428,0.00487198,2.5,1.8,1.5,2,vtype0
153,flow0.43,646780,5.49E+06,0,7.97682,0.0343814,2.5,1.8,1.5,2,vtype0
153,flow0.44,646789,5.49E+06,0,7.9586,-0.459958,2.5,1.8,1.5,2,vtype0
153,flow0.45,646798,5.49E+06,0,7.87682,-0.0550627,2.5,1.8,1.5,2,vtype0
153,flow0.46,646807,5.49E+06,0,7.75536,-0.886677,2.5,1.8,1.5,10,vtype0
153,flow0.47,646816,5.49E+06,0,7.63292,0.567847,2.5,1.8,1.5,2,vtype0
153,flow0.48,646825,5.49E+06,0,7.27109,0.159431,2.5,1.8,1.5,2,vtype0
153,flow0.49,646833,5.49E+06,0,6.92934,0.238226,2.5,1.8,1.5,0,vtype0
153,flow0.5,646463,5.49E+06,0,13.9737,0.309599,2.5,1.8,1.5,0,vtype0
153,flow0.50,646841,5.49E+06,0,6.71259,-0.0384579,2.5,1.8,1.5,0,vtype0
153,flow0.6,646490,5.49E+06,0,13.9962,0.57451,2.5,1.8,1.5,0,vtype0
153,flow0.7,646572,5.49E+06,0,10.5291,2.34979,2.5,1.8,1.5,0,vtype0
153,flow0.8,646585,5.49E+06,0,7.23764,-4.5,2.5,1.8,1.5,8,vtype0
153,flow0.9,646599,5.49E+06,0,8.90626,-2.4875,2.5,1.8,1.5,8,vtype0
154,flow0.0,646288,5.49E+06,0,13.9317,0.576923,2.5,1.8,1.5,0,vtype0
154,flow0.1,646321,5.49E+06,0,13.9973,1.19322,2.5,1.8,1.5,0,vtype0
154,flow0.10,646605,5.49E+06,0,9.35141,1.3074,2.5,1.8,1.5,0,vtype0
154,flow0.11,646620,5.49E+06,0,9.86787,-0.196896,2.5,1.8,1.5,0,vtype0
154,flow0.12,646636,5.49E+06,0,10.5407,0.642419,2.5,1.8,1.5,0,vtype0
154,flow0.13,646658,5.49E+06,0,12.6203,-1.96191,2.5,1.8,1.5,8,vtype0
154,flow0.14,646696,5.49E+06,0,13.9753,-0.163179,2.5,1.8,1.5,0,vtype0
154,flow0.15,646739,5.49E+06,0,13.9549,-0.32791,2.5,1.8,1.5,0,vtype0
154,flow0.16,646780,5.49E+06,0,13.934,-0.0404204,2.5,1.8,1.5,0,vtype0
154,flow0.17,646881,5.49E+06,0,12.0663,1.04414,2.5,1.8,1.5,0,vtype0
154,flow0.18,646883,5.49E+06,0,11.9187,-0.722036,2.5,1.8,1.5,0,vtype0
154,flow0.19,646884,5.49E+06,0,12.0093,0.330449,2.5,1.8,1.5,0,vtype0
154,flow0.2,646349,5.49E+06,0,13.8989,-0.300358,2.5,1.8,1.5,0,vtype0
154,flow0.20,646886,5.49E+06,0,11.9416,-0.662373,2.5,1.8,1.5,0,vtype0
154,flow0.21,646887,5.49E+06,0,12.008,0.380461,2.5,1.8,1.5,0,vtype0
154,flow0.22,646888,5.49E+06,0,12.092,0.381756,2.5,1.8,1.5,0,vtype0
154,flow0.23,646891,5.49E+06,0,12.433,-0.334973,2.5,1.8,1.5,0,vtype0
154,flow0.24,646889,5.49E+06,0,12.4919,-0.223387,2.5,1.8,1.5,0,vtype0
154,flow0.25,646888,5.49E+06,0,12.5047,-0.0719215,2.5,1.8,1.5,0,vtype0
154,flow0.26,646887,5.49E+06,0,12.6817,0.335803,2.5,1.8,1.5,0,vtype0
154,flow0.27,646885,5.49E+06,0,13.02,0.950081,2.5,1.8,1.5,0,vtype0
154,flow0.28,646884,5.49E+06,0,13.7759,-0.875792,2.5,1.8,1.5,0,vtype0
154,flow0.29,646882,5.49E+06,0,13.903,0.305649,2.5,1.8,1.5,0,vtype0
154,flow0.3,646379,5.49E+06,0,13.8773,-0.399248,2.5,1.8,1.5,0,vtype0
154,flow0.30,646880,5.49E+06,0,13.9577,0.700785,2.5,1.8,1.5,0,vtype0
154,flow0.31,646879,5.49E+06,0,13.9616,-0.270757,2.5,1.8,1.5,0,vtype0
154,flow0.32,646876,5.49E+06,0,13.9095,0.114628,2.5,1.8,1.5,0,vtype0
154,flow0.33,646873,5.49E+06,0,11.3265,2.26832,2.5,1.8,1.5,0,vtype0
154,flow0.34,646868,5.49E+06,0,7.97858,1.35601,2.5,1.8,1.5,0,vtype0
154,flow0.35,646855,5.49E+06,0,7.76974,2.10032,2.5,1.8,1.5,1,vtype0
154,flow0.36,646842,5.49E+06,0,7.59376,0.955066,2.5,1.8,1.5,1,vtype0
154,flow0.37,646829,5.49E+06,0,7.56378,1.28428,2.5,1.8,1.5,1,vtype0
154,flow0.38,646816,5.49E+06,0,7.58225,0.776388,2.5,1.8,1.5,0,vtype0
154,flow0.39,646804,5.49E+06,0,7.5965,-0.982352,2.5,1.8,1.5,8,vtype0
154,flow0.4,646430,5.49E+06,0,13.9642,-0.144008,2.5,1.8,1.5,0,vtype0
154,flow0.40,646793,5.49E+06,0,7.82084,0.9885,2.5,1.8,1.5,0,vtype0
154,flow0.41,646784,5.49E+06,0,7.81653,0.0640184,2.5,1.8,1.5,0,vtype0
154,flow0.42,646774,5.49E+06,0,7.9076,-0.632573,2.5,1.8,1.5,0,vtype0
154,flow0.43,646776,5.49E+06,0,7.91911,-0.760366,2.5,1.8,1.5,10,vtype0
154,flow0.44,646784,5.49E+06,0,8.02213,1.1437,2.5,1.8,1.5,2,vtype0
154,flow0.45,646793,5.49E+06,0,7.85223,-0.609741,2.5,1.8,1.5,2,vtype0
154,flow0.46,646802,5.49E+06,0,7.79517,0.369338,2.5,1.8,1.5,2,vtype0
154,flow0.47,646811,5.49E+06,0,7.65034,-0.310597,2.5,1.8,1.5,2,vtype0
154,flow0.48,646820,5.49E+06,0,7.44296,-0.988067,2.5,1.8,1.5,10,vtype0
154,flow0.49,646828,5.49E+06,0,7.20054,0.176168,2.5,1.8,1.5,2,vtype0
154,flow0.5,646453,5.49E+06,0,13.9421,-0.372762,2.5,1.8,1.5,0,vtype0
154,flow0.50,646836,5.49E+06,0,6.98853,0.308814,2.5,1.8,1.5,0,vtype0
154,flow0.51,646848,5.49E+06,0,8.83727,-0.012628,2.5,1.8,1.5,0,vtype0
154,flow0.6,646481,5.49E+06,0,13.9062,0.221538,2.5,1.8,1.5,0,vtype0
154,flow0.7,646564,5.49E+06,0,12.549,2.34425,2.5,1.8,1.5,0,vtype0
154,flow0.8,646579,5.49E+06,0,8.3485,2.59081,2.5,1.8,1.5,0,vtype0
154,flow0.9,646592,5.49E+06,0,8.72738,1.0567,2.5,1.8,1.5,0,vtype0
155,flow0.0,646279,5.49E+06,0,13.8767,-1.0894,2.5,1.8,1.5,0,vtype0
155,flow0.1,646311,5.49E+06,0,13.9551,0.544299,2.5,1.8,1.5,0,vtype0
155,flow0.10,646597,5.49E+06,0,8.25394,-2.46464,2.5,1.8,1.5,8,vtype0
155,flow0.11,646611,5.49E+06,0,9.28557,-3.07244,2.5,1.8,1.5,8,vtype0
155,flow0.12,646626,5.49E+06,0,10.1782,-1.35349,2.5,1.8,1.5,8,vtype0
155,flow0.13,646646,5.49E+06,0,12.0071,-0.709861,2.5,1.8,1.5,0,vtype0
155,flow0.14,646682,5.49E+06,0,13.8761,-0.246498,2.5,1.8,1.5,0,vtype0
155,flow0.15,646725,5.49E+06,0,13.9533,-0.461558,2.5,1.8,1.5,0,vtype0
155,flow0.16,646766,5.49E+06,0,13.9506,0.378107,2.5,1.8,1.5,0,vtype0
155,flow0.17,646880,5.49E+06,0,12.0189,0.389988,2.5,1.8,1.5,0,vtype0
155,flow0.18,646882,5.49E+06,0,12.0107,0.741822,2.5,1.8,1.5,0,vtype0
155,flow0.19,646883,5.49E+06,0,11.9333,-0.0262923,2.5,1.8,1.5,0,vtype0
155,flow0.2,646340,5.49E+06,0,13.9002,-0.190998,2.5,1.8,1.5,0,vtype0
155,flow0.20,646885,5.49E+06,0,11.9349,0.00920905,2.5,1.8,1.5,0,vtype0
155,flow0.21,646886,5.49E+06,0,11.96,-1.46223,2.5,1.8,1.5,8,vtype0
155,flow0.22,646887,5.49E+06,0,12.1367,0.483682,2.5,1.8,1.5,0,vtype0
155,flow0.23,646890,5.49E+06,0,12.459,0.800071,2.5,1.8,1.5,0,vtype0
155,flow0.24,646890,5.49E+06,0,12.4395,-0.330901,2.5,1.8,1.5,0,vtype0
155,flow0.25,646889,5.49E+06,0,12.546,1.19451,2.5,1.8,1.5,0,vtype0
155,flow0.26,646888,5.49E+06,0,12.5919,0.107478,2.5,1.8,1.5,0,vtype0
155,flow0.27,646886,5.49E+06,0,12.8002,0.427736,2.5,1.8,1.5,0,vtype0
155,flow0.28,646885,5.49E+06,0,13.4128,-1.00168,2.5,1.8,1.5,0,vtype0
155,flow0.29,646883,5.49E+06,0,13.947,0.147824,2.5,1.8,1.5,0,vtype0
155,flow0.3,646369,5.49E+06,0,13.9973,0.178885,2.5,1.8,1.5,0,vtype0
155,flow0.30,646881,5.49E+06,0,13.8704,-0.431765,2.5,1.8,1.5,0,vtype0
155,flow0.31,646880,5.49E+06,0,13.8847,-0.77714,2.5,1.8,1.5,0,vtype0
155,flow0.32,646878,5.49E+06,0,13.9005,-0.755178,2.5,1.8,1.5,0,vtype0
155,flow0.33,646874,5.49E+06,0,13.4273,2.15857,2.5,1.8,1.5,0,vtype0
155,flow0.34,646871,5.49E+06,0,9.70474,2.35987,2.5,1.8,1.5,0,vtype0
155,flow0.35,646862,5.49E+06,0,6.31692,-4.5,2.5,1.8,1.5,9,vtype0
155,flow0.36,646850,5.49E+06,0,7.1386,-2.77338,2.5,1.8,1.5,9,vtype0
155,flow0.37,646837,5.49E+06,0,7.58027,-1.42874,2.5,1.8,1.5,9,vtype0
155,flow0.38,646824,5.49E+06,0,7.72106,-1.16027,2.5,1.8,1.5,8,vtype0
155,flow0.39,646811,5.49E+06,0,7.77736,-0.856132,2.5,1.8,1.5,8,vtype0
155,flow0.4,646420,5.49E+06,0,13.9329,0.0778157,2.5,1.8,1.5,0,vtype0
155,flow0.40,646799,5.49E+06,0,7.92836,0.824898,2.5,1.8,1.5,0,vtype0
155,flow0.41,646789,5.49E+06,0,7.83775,-0.344132,2.5,1.8,1.5,0,vtype0
155,flow0.42,646779,5.49E+06,0,7.84492,0.893858,2.5,1.8,1.5,0,vtype0
155,flow0.43,646774,5.49E+06,0,7.88027,0.0162579,2.5,1.8,1.5,2,vtype0
155,flow0.44,646779,5.49E+06,0,7.86938,-0.193058,2.5,1.8,1.5,2,vtype0
155,flow0.45,646787,5.49E+06,0,7.85933,0.616746,2.5,1.8,1.5,2,vtype0
155,flow0.46,646796,5.49E+06,0,7.81128,-0.263883,2.5,1.8,1.5,2,vtype0
155,flow0.47,646805,5.49E+06,0,7.79752,0.532704,2.5,1.8,1.5,2,vtype0
155,flow0.48,646814,5.49E+06,0,7.65169,0.784309,2.5,1.8,1.5,2,vtype0
155,flow0.49,646823,5.49E+06,0,7.30943,-0.00022971,2.5,1.8,1.5,2,vtype0
155,flow0.5,646443,5.49E+06,0,13.9715,-0.283855,2.5,1.8,1.5,0,vtype0
155,flow0.50,646831,5.49E+06,0,7.07994,-0.786349,2.5,1.8,1.5,10,vtype0
155,flow0.51,646842,5.49E+06,0,8.33456,-0.843669,2.5,1.8,1.5,8,vtype0
155,flow0.6,646471,5.49E+06,0,13.967,0.122968,2.5,1.8,1.5,0,vtype0
155,flow0.7,646555,5.49E+06,0,13.9077,-0.0936251,2.5,1.8,1.5,0,vtype0
155,flow0.8,646572,5.49E+06,0,10.2558,1.48968,2.5,1.8,1.5,0,vtype0
155,flow0.9,646585,5.49E+06,0,6.77796,-4.5,2.5,1.8,1.5,8,vtype0
156,flow0.0,646269,5.49E+06,0,13.9583,0.580019,2.5,1.8,1.5,0,vtype0
156,flow0.1,646302,5.49E+06,0,13.9912,-0.0440743,2.5,1.8,1.5,0,vtype0
156,flow0.10,646590,5.49E+06,0,8.54788,-0.163588,2.5,1.8,1.5,0,vtype0
156,flow0.11,646603,5.49E+06,0,9.03181,0.899095,2.5,1.8,1.5,0,vtype0
156,flow0.12,646617,5.49E+06,0,9.46711,-0.0130836,2.5,1.8,1.5,0,vtype0
156,flow0.13,646635,5.49E+06,0,10.9462,-1.20862,2.5,1.8,1.5,8,vtype0
156,flow0.14,646668,5.49E+06,0,13.883,-0.360329,2.5,1.8,1.5,0,vtype0
156,flow0.15,646711,5.49E+06,0,13.9395,0.162067,2.5,1.8,1.5,0,vtype0
156,flow0.16,646752,5.49E+06,0,13.9885,0.510914,2.5,1.8,1.5,0,vtype0
156,flow0.17,646880,5.49E+06,0,12.0073,0.40385,2.5,1.8,1.5,0,vtype0
156,flow0.18,646881,5.49E+06,0,11.9412,-0.518661,2.5,1.8,1.5,0,vtype0
156,flow0.19,646882,5.49E+06,0,12.0553,1.34277,2.5,1.8,1.5,0,vtype0
156,flow0.2,646330,5.49E+06,0,13.9605,0.808595,2.5,1.8,1.5,0,vtype0
156,flow0.20,646884,5.49E+06,0,11.8908,0.179635,2.5,1.8,1.5,0,vtype0
156,flow0.21,646885,5.49E+06,0,11.9716,0.945877,2.5,1.8,1.5,0,vtype0
156,flow0.22,646886,5.49E+06,0,11.968,-2.64647,2.5,1.8,1.5,8,vtype0
156,flow0.23,646889,5.49E+06,0,12.3881,-0.912596,2.5,1.8,1.5,0,vtype0
156,flow0.24,646890,5.49E+06,0,12.4408,0.212608,2.5,1.8,1.5,0,vtype0
156,flow0.25,646890,5.49E+06,0,12.4873,0.857203,2.5,1.8,1.5,0,vtype0
156,flow0.26,646889,5.49E+06,0,12.4963,-0.771886,2.5,1.8,1.5,0,vtype0
156,flow0.27,646887,5.49E+06,0,12.7515,0.530675,2.5,1.8,1.5,0,vtype0
156,flow0.28,646886,5.49E+06,0,13.2895,0.255348,2.5,1.8,1.5,0,vtype0
156,flow0.29,646884,5.49E+06,0,13.8996,-0.993698,2.5,1.8,1.5,0,vtype0
156,flow0.3,646360,5.49E+06,0,13.9862,0.261514,2.5,1.8,1.5,0,vtype0
156,flow0.30,646882,5.49E+06,0,13.9156,-0.4003,2.5,1.8,1.5,0,vtype0
156,flow0.31,646881,5.49E+06,0,13.9733,0.961636,2.5,1.8,1.5,0,vtype0
156,flow0.32,646879,5.49E+06,0,13.8869,-0.909814,2.5,1.8,1.5,0,vtype0
156,flow0.33,646877,5.49E+06,0,13.9477,-0.00934465,2.5,1.8,1.5,0,vtype0
156,flow0.34,646873,5.49E+06,0,11.4994,1.42449,2.5,1.8,1.5,0,vtype0
156,flow0.35,646870,5.49E+06,0,8.70009,2.46787,2.5,1.8,1.5,0,vtype0
156,flow0.36,646857,5.49E+06,0,8.24376,2.44373,2.5,1.8,1.5,1,vtype0
156,flow0.37,646844,5.49E+06,0,7.86327,0.543478,2.5,1.8,1.5,1,vtype0
156,flow0.38,646832,5.49E+06,0,7.74173,1.23566,2.5,1.8,1.5,1,vtype0
156,flow0.39,646819,5.49E+06,0,7.6696,0.754443,2.5,1.8,1.5,0,vtype0
156,flow0.4,646410,5.49E+06,0,13.9718,0.847389,2.5,1.8,1.5,0,vtype0
156,flow0.40,646806,5.49E+06,0,7.70148,1.0641,2.5,1.8,1.5,0,vtype0
156,flow0.41,646795,5.49E+06,0,7.62972,-1.49807,2.5,1.8,1.5,8,vtype0
156,flow0.42,646785,5.49E+06,0,7.88022,1.72066,2.5,1.8,1.5,0,vtype0
156,flow0.43,646775,5.49E+06,0,7.82033,0.485448,2.5,1.8,1.5,0,vtype0
156,flow0.44,646775,5.49E+06,0,7.80982,-0.829708,2.5,1.8,1.5,10,vtype0
156,flow0.45,646782,5.49E+06,0,7.92583,0.647885,2.5,1.8,1.5,2,vtype0
156,flow0.46,646791,5.49E+06,0,7.89844,0.559916,2.5,1.8,1.5,2,vtype0
156,flow0.47,646800,5.49E+06,0,7.77672,-0.645009,2.5,1.8,1.5,2,vtype0
156,flow0.48,646809,5.49E+06,0,7.65723,-0.430632,2.5,1.8,1.5,2,vtype0
156,flow0.49,646818,5.49E+06,0,7.53213,0.24241,2.5,1.8,1.5,2,vtype0
156,flow0.5,646433,5.49E+06,0,13.9077,-0.732366,2.5,1.8,1.5,0,vtype0
156,flow0.50,646826,5.49E+06,0,7.27597,-1.34137,2.5,1.8,1.5,10,vtype0
156,flow0.51,646836,5.49E+06,0,8.18182,-0.219808,2.5,1.8,1.5,2,vtype0
156,flow0.6,646461,5.49E+06,0,13.9299,-0.546428,2.5,1.8,1.5,0,vtype0
156,flow0.7,646546,5.49E+06,0,13.9697,0.694581,2.5,1.8,1.5,0,vtype0
156,flow0.8,646565,5.49E+06,0,12.1732,1.50798,2.5,1.8,1.5,0,vtype0
156,flow0.9,646578,5.49E+06,0,8.48234,1.80459,2.5,1.8,1.5,0,vtype0
157,flow0.0,646259,5.49E+06,0,13.9383,-0.0151231,2.5,1.8,1.5,0,vtype0
157,flow0.1,646292,5.49E+06,0,13.928,0.434337,2.5,1.8,1.5,0,vtype0
157,flow0.10,646584,5.49E+06,0,6.06202,-4.5,2.5,1.8,1.5,8,vtype0
157,flow0.11,646596,5.49E+06,0,7.5799,-3.44808,2.5,1.8,1.5,8,vtype0
157,flow0.12,646609,5.49E+06,0,8.71175,-1.85746,2.5,1.8,1.5,8,vtype0
157,flow0.13,646625,5.49E+06,0,10.2594,-0.952935,2.5,1.8,1.5,0,vtype0
157,flow0.14,646655,5.49E+06,0,13.9733,-0.237771,2.5,1.8,1.5,0,vtype0
157,flow0.15,646697,5.49E+06,0,13.8741,-0.312216,2.5,1.8,1.5,0,vtype0
157,flow0.16,646738,5.49E+06,0,13.8929,0.200536,2.5,1.8,1.5,0,vtype0
157,flow0.17,646879,5.49E+06,0,12.0181,0.599243,2.5,1.8,1.5,0,vtype0
157,flow0.18,646880,5.49E+06,0,11.9981,-0.850406,2.5,1.8,1.5,0,vtype0
157,flow0.19,646881,5.49E+06,0,12.1016,1.34804,2.5,1.8,1.5,0,vtype0
157,flow0.2,646320,5.49E+06,0,13.9544,-0.393909,2.5,1.8,1.5,0,vtype0
157,flow0.20,646883,5.49E+06,0,11.9971,-0.330836,2.5,1.8,1.5,0,vtype0
157,flow0.21,646884,5.49E+06,0,12.0661,-0.39421,2.5,1.8,1.5,0,vtype0
157,flow0.22,646885,5.49E+06,0,12.1314,0.956386,2.5,1.8,1.5,0,vtype0
157,flow0.23,646888,5.49E+06,0,12.4474,0.766934,2.5,1.8,1.5,0,vtype0
157,flow0.24,646889,5.49E+06,0,12.3954,0.267172,2.5,1.8,1.5,0,vtype0
157,flow0.25,646891,5.49E+06,0,12.3706,-0.319466,2.5,1.8,1.5,0,vtype0
157,flow0.26,646889,5.49E+06,0,12.5179,-0.600403,2.5,1.8,1.5,0,vtype0
157,flow0.27,646888,5.49E+06,0,12.7536,0.391851,2.5,1.8,1.5,0,vtype0
157,flow0.28,646887,5.49E+06,0,13.073,0.020855,2.5,1.8,1.5,0,vtype0
157,flow0.29,646885,5.49E+06,0,13.8815,-0.950421,2.5,1.8,1.5,0,vtype0
157,flow0.3,646350,5.49E+06,0,13.9476,0.55067,2.5,1.8,1.5,0,vtype0
157,flow0.30,646883,5.49E+06,0,13.9121,0.374122,2.5,1.8,1.5,0,vtype0
157,flow0.31,646882,5.49E+06,0,13.9122,-0.148242,2.5,1.8,1.5,0,vtype0
157,flow0.32,646880,5.49E+06,0,13.9675,0.574539,2.5,1.8,1.5,0,vtype0
157,flow0.33,646878,5.49E+06,0,13.9558,0.701594,2.5,1.8,1.5,0,vtype0
157,flow0.34,646875,5.49E+06,0,13.4983,2.50499,2.5,1.8,1.5,0,vtype0
157,flow0.35,646872,5.49E+06,0,10.5158,1.9241,2.5,1.8,1.5,0,vtype0
157,flow0.36,646865,5.49E+06,0,7.07516,2.6,2.5,1.8,1.5,1,vtype0
157,flow0.37,646852,5.49E+06,0,7.08883,2.1006,2.5,1.8,1.5,1,vtype0
157,flow0.38,646839,5.49E+06,0,7.21181,0.433355,2.5,1.8,1.5,1,vtype0
157,flow0.39,646827,5.49E+06,0,7.38265,-1.35876,2.5,1.8,1.5,8,vtype0
157,flow0.4,646400,5.49E+06,0,13.8982,-0.00123857,2.5,1.8,1.5,0,vtype0
157,flow0.40,646814,5.49E+06,0,7.59435,-1.04068,2.5,1.8,1.5,8,vtype0
157,flow0.41,646801,5.49E+06,0,7.78658,0.00311479,2.5,1.8,1.5,0,vtype0
157,flow0.42,646791,5.49E+06,0,7.85895,0.728691,2.5,1.8,1.5,0,vtype0
157,flow0.43,646781,5.49E+06,0,7.80975,-0.922327,2.5,1.8,1.5,8,vtype0
157,flow0.44,646774,5.49E+06,0,7.91607,0.671128,2.5,1.8,1.5,0,vtype0
157,flow0.45,646777,5.49E+06,0,7.90081,0.566469,2.5,1.8,1.5,2,vtype0
157,flow0.46,646785,5.49E+06,0,7.7971,-0.208144,2.5,1.8,1.5,2,vtype0
157,flow0.47,646794,5.49E+06,0,7.72531,-0.769207,2.5,1.8,1.5,10,vtype0
157,flow0.48,646803,5.49E+06,0,7.73035,0.189244,2.5,1.8,1.5,2,vtype0
157,flow0.49,646812,5.49E+06,0,7.56975,-0.0790659,2.5,1.8,1.5,2,vtype0
157,flow0.5,646423,5.49E+06,0,13.8768,-0.853863,2.5,1.8,1.5,0,vtype0
157,flow0.50,646821,5.49E+06,0,7.42009,-0.469515,2.5,1.8,1.5,2,vtype0
157,flow0.51,646831,5.49E+06,0,7.98432,1.10272,2.5,1.8,1.5,2,vtype0
157,flow0.52,646847,5.49E+06,0,11.0989,-1.32784,2.5,1.8,1.5,8,vtype0
157,flow0.6,646451,5.49E+06,0,13.947,0.611266,2.5,1.8,1.5,0,vtype0
157,flow0.7,646536,5.49E+06,0,13.9164,-0.691136,2.5,1.8,1.5,0,vtype0
157,flow0.8,646556,5.49E+06,0,13.9026,1.32758,2.5,1.8,1.5,0,vtype0
157,flow0.9,646572,5.49E+06,0,10.4746,2.29651,2.5,1.8,1.5,0,vtype0
158,flow0.0,646248,5.49E+06,0,13.8843,0.0623518,2.5,1.8,1.5,0,vtype0
158,flow0.1,646282,5.49E+06,0,13.9117,-0.0251831,2.5,1.8,1.5,0,vtype0
158,flow0.10,646578,5.49E+06,0,8.38921,1.33412,2.5,1.8,1.5,0,vtype0
158,flow0.11,646589,5.49E+06,0,8.3715,1.73108,2.5,1.8,1.5,0,vtype0
158,flow0.12,646602,5.49E+06,0,8.56272,-0.406302,2.5,1.8,1.5,0,vtype0
158,flow0.13,646616,5.49E+06,0,9.62461,0.430368,2.5,1.8,1.5,0,vtype0
158,flow0.14,646642,5.49E+06,0,13.27,-0.118064,2.5,1.8,1.5,0,vtype0
158,flow0.15,646683,5.49E+06,0,13.9968,0.194172,2.5,1.8,1.5,0,vtype0
158,flow0.16,646724,5.49E+06,0,13.9477,-0.174265,2.5,1.8,1.5,0,vtype0
158,flow0.17,646878,5.49E+06,0,13.9158,2.29757,2.5,1.8,1.5,0,vtype0
158,flow0.18,646879,5.49E+06,0,13.3607,2.51177,2.5,1.8,1.5,0,vtype0
158,flow0.19,646880,5.49E+06,0,12.8111,0.875202,2.5,1.8,1.5,0,vtype0
158,flow0.2,646311,5.49E+06,0,13.9252,0.149836,2.5,1.8,1.5,0,vtype0
158,flow0.20,646882,5.49E+06,0,12.6266,2.18874,2.5,1.8,1.5,0,vtype0
158,flow0.21,646883,5.49E+06,0,12.3119,0.424953,2.5,1.8,1.5,0,vtype0
158,flow0.22,646884,5.49E+06,0,12.2981,0.866724,2.5,1.8,1.5,0,vtype0
158,flow0.23,646887,5.49E+06,0,12.4644,0.390128,2.5,1.8,1.5,0,vtype0
158,flow0.24,646888,5.49E+06,0,12.3836,-1.12073,2.5,1.8,1.5,0,vtype0
158,flow0.25,646890,5.49E+06,0,12.5469,0.495089,2.5,1.8,1.5,0,vtype0
158,flow0.26,646890,5.49E+06,0,12.5464,-0.0927223,2.5,1.8,1.5,0,vtype0
158,flow0.27,646889,5.49E+06,0,12.6798,0.779334,2.5,1.8,1.5,0,vtype0
158,flow0.28,646888,5.49E+06,0,12.9517,-0.919371,2.5,1.8,1.5,0,vtype0
158,flow0.29,646886,5.49E+06,0,13.807,0.154155,2.5,1.8,1.5,0,vtype0
158,flow0.3,646340,5.49E+06,0,13.8998,-0.182089,2.5,1.8,1.5,0,vtype0
158,flow0.30,646884,5.49E+06,0,13.9144,-0.790534,2.5,1.8,1.5,0,vtype0
158,flow0.31,646883,5.49E+06,0,13.9826,0.525538,2.5,1.8,1.5,0,vtype0
158,flow0.32,646881,5.49E+06,0,13.9614,0.304036,2.5,1.8,1.5,0,vtype0
158,flow0.33,646879,5.49E+06,0,13.9976,0.732989,2.5,1.8,1.5,0,vtype0
158,flow0.34,646877,5.49E+06,0,13.9075,-0.1012,2.5,1.8,1.5,0,vtype0
158,flow0.35,646874,5.49E+06,0,12.5203,2.0443,2.5,1.8,1.5,0,vtype0
158,flow0.36,646871,5.49E+06,0,9.38313,1.83133,2.5,1.8,1.5,0,vtype0
158,flow0.37,646860,5.49E+06,0,8.03537,-4.11756,2.5,1.8,1.5,9,vtype0
158,flow0.38,646847,5.49E+06,0,8.20901,1.16467,2.5,1.8,1.5,1,vtype0
158,flow0.39,646834,5.49E+06,0,7.93402,-0.187284,2.5,1.8,1.5,1,vtype0
158,flow0.4,646390,5.49E+06,0,13.9258,-0.39319,2.5,1.8,1.5,0,vtype0
158,flow0.40,646821,5.49E+06,0,7.81912,0.538897,2.5,1.8,1.5,0,vtype0
158,flow0.41,646808,5.49E+06,0,7.76544,0.568435,2.5,1.8,1.5,0,vtype0
158,flow0.42,646797,5.49E+06,0,7.71941,0.255764,2.5,1.8,1.5,0,vtype0
158,flow0.43,646787,5.49E+06,0,7.68727,-0.147155,2.5,1.8,1.5,0,vtype0
158,flow0.44,646777,5.49E+06,0,7.82058,0.00734102,2.5,1.8,1.5,0,vtype0
158,flow0.45,646775,5.49E+06,0,7.88969,0.933757,2.5,1.8,1.5,2,vtype0
158,flow0.46,646780,5.49E+06,0,7.85485,0.583872,2.5,1.8,1.5,2,vtype0
158,flow0.47,646789,5.49E+06,0,7.81085,0.370749,2.5,1.8,1.5,2,vtype0
158,flow0.48,646798,5.49E+06,0,7.67581,-1.73597,2.5,1.8,1.5,10,vtype0
158,flow0.49,646807,5.49E+06,0,7.75927,1.13331,2.5,1.8,1.5,2,vtype0
158,flow0.5,646413,5.49E+06,0,13.9076,-0.233016,2.5,1.8,1.5,0,vtype0
158,flow0.50,646816,5.49E+06,0,7.55924,-0.340851,2.5,1.8,1.5,2,vtype0
158,flow0.51,646825,5.49E+06,0,7.90811,1.4954,2.5,1.8,1.5,2,vtype0
158,flow0.52,646839,5.49E+06,0,10.104,-1.88205,2.5,1.8,1.5,8,vtype0
158,flow0.6,646441,5.49E+06,0,13.9443,0.409917,2.5,1.8,1.5,0,vtype0
158,flow0.7,646527,5.49E+06,0,13.9787,0.0271815,2.5,1.8,1.5,0,vtype0
158,flow0.8,646546,5.49E+06,0,13.9296,-0.308643,2.5,1.8,1.5,0,vtype0
158,flow0.9,646564,5.49E+06,0,12.1846,2.01675,2.5,1.8,1.5,0,vtype0
159,flow0.0,646239,5.49E+06,0,13.9286,-0.00171666,2.5,1.8,1.5,0,vtype0
159,flow0.1,646272,5.49E+06,0,13.9203,-0.0667606,2.5,1.8,1.5,0,vtype0
159,flow0.10,646571,5.49E+06,0,10.3984,1.64165,2.5,1.8,1.5,0,vtype0
159,flow0.11,646583,5.49E+06,0,6.8369,2.6,2.5,1.8,1.5,0,vtype0
159,flow0.12,646595,5.49E+06,0,7.45951,1.20559,2.5,1.8,1.5,0,vtype0
159,flow0.13,646608,5.49E+06,0,8.58885,-0.757511,2.5,1.8,1.5,0,vtype0
159,flow0.14,646630,5.49E+06,0,11.831,-2.43494,2.5,1.8,1.5,8,vtype0
159,flow0.15,646669,5.49E+06,0,13.9118,-0.606667,2.5,1.8,1.5,0,vtype0
159,flow0.16,646710,5.49E+06,0,13.9433,-0.137438,2.5,1.8,1.5,0,vtype0
159,flow0.17,646873,5.49E+06,0,13.9542,-0.290285,2.5,1.8,1.5,0,vtype0
159,flow0.18,646879,5.49E+06,0,13.6138,0.153563,2.5,1.8,1.5,0,vtype0
159,flow0.19,646879,5.49E+06,0,13.3431,0.134865,2.5,1.8,1.5,0,vtype0
159,flow0.2,646301,5.49E+06,0,13.9221,0.0801697,2.5,1.8,1.5,0,vtype0
159,flow0.20,646881,5.49E+06,0,13.1415,0.361732,2.5,1.8,1.5,0,vtype0
159,flow0.21,646882,5.49E+06,0,12.8825,0.296314,2.5,1.8,1.5,0,vtype0
159,flow0.22,646883,5.49E+06,0,12.7275,1.71785,2.5,1.8,1.5,0,vtype0
159,flow0.23,646886,5.49E+06,0,12.4385,0.675334,2.5,1.8,1.5,0,vtype0
159,flow0.24,646887,5.49E+06,0,12.453,-0.794131,2.5,1.8,1.5,0,vtype0
159,flow0.25,646889,5.49E+06,0,12.5227,0.52556,2.5,1.8,1.5,0,vtype0
159,flow0.26,646890,5.49E+06,0,12.4785,-0.123143,2.5,1.8,1.5,0,vtype0
159,flow0.27,646890,5.49E+06,0,12.5984,-0.00391762,2.5,1.8,1.5,0,vtype0
159,flow0.28,646889,5.49E+06,0,12.803,-0.471532,2.5,1.8,1.5,0,vtype0
159,flow0.29,646887,5.49E+06,0,13.5433,-0.223264,2.5,1.8,1.5,0,vtype0
159,flow0.3,646330,5.49E+06,0,13.9701,0.0706112,2.5,1.8,1.5,0,vtype0
159,flow0.30,646885,5.49E+06,0,13.8867,0.108793,2.5,1.8,1.5,0,vtype0
159,flow0.31,646884,5.49E+06,0,13.978,0.589761,2.5,1.8,1.5,0,vtype0
159,flow0.32,646882,5.49E+06,0,13.9446,-0.399489,2.5,1.8,1.5,0,vtype0
159,flow0.33,646880,5.49E+06,0,13.9195,-0.642836,2.5,1.8,1.5,0,vtype0
159,flow0.34,646879,5.49E+06,0,13.9029,-0.208285,2.5,1.8,1.5,0,vtype0
159,flow0.35,646876,5.49E+06,0,13.8958,-0.393881,2.5,1.8,1.5,0,vtype0
159,flow0.36,646872,5.49E+06,0,11.5547,2.25796,2.5,1.8,1.5,0,vtype0
159,flow0.37,646867,5.49E+06,0,7.77684,2.11945,2.5,1.8,1.5,0,vtype0
159,flow0.38,646854,5.49E+06,0,7.4823,1.08789,2.5,1.8,1.5,1,vtype0
159,flow0.39,646842,5.49E+06,0,7.47288,1.02988,2.5,1.8,1.5,1,vtype0
159,flow0.4,646380,5.49E+06,0,13.9893,0.991416,2.5,1.8,1.5,0,vtype0
159,flow0.40,646829,5.49E+06,0,7.52722,0.816361,2.5,1.8,1.5,1,vtype0
159,flow0.41,646816,5.49E+06,0,7.5729,0.776742,2.5,1.8,1.5,0,vtype0
159,flow0.42,646803,5.49E+06,0,7.63795,-0.574038,2.5,1.8,1.5,0,vtype0
159,flow0.43,646793,5.49E+06,0,7.69986,0.366017,2.5,1.8,1.5,0,vtype0
159,flow0.44,646783,5.49E+06,0,7.72195,0.518248,2.5,1.8,1.5,0,vtype0
159,flow0.45,646774,5.49E+06,0,7.77962,-0.649711,2.5,1.8,1.5,0,vtype0
159,flow0.46,646775,5.49E+06,0,7.85617,0.461241,2.5,1.8,1.5,2,vtype0
159,flow0.47,646784,5.49E+06,0,7.81537,0.436122,2.5,1.8,1.5,2,vtype0
159,flow0.48,646793,5.49E+06,0,7.77641,0.443005,2.5,1.8,1.5,2,vtype0
159,flow0.49,646801,5.49E+06,0,7.63167,-1.20013,2.5,1.8,1.5,10,vtype0
159,flow0.5,646403,5.49E+06,0,13.9262,-0.488039,2.5,1.8,1.5,0,vtype0
159,flow0.50,646810,5.49E+06,0,7.60018,-1.0802,2.5,1.8,1.5,10,vtype0
159,flow0.51,646820,5.49E+06,0,7.80977,-0.235771,2.5,1.8,1.5,2,vtype0
159,flow0.52,646832,5.49E+06,0,9.59052,0.196597,2.5,1.8,1.5,2,vtype0
159,flow0.6,646431,5.49E+06,0,13.8956,0.00330074,2.5,1.8,1.5,0,vtype0
159,flow0.7,646517,5.49E+06,0,13.9716,-0.108097,2.5,1.8,1.5,0,vtype0
159,flow0.8,646537,5.49E+06,0,13.9729,0.576255,2.5,1.8,1.5,0,vtype0
159,flow0.9,646555,5.49E+06,0,13.9595,-0.162661,2.5,1.8,1.5,0,vtype0
160,flow0.0,646229,5.49E+06,0,13.9258,-0.492743,2.5,1.8,1.5,0,vtype0
160,flow0.1,646262,5.49E+06,0,13.9366,0.233165,2.5,1.8,1.5,0,vtype0
160,flow0.10,646563,5.49E+06,0,12.2505,1.41624,2.5,1.8,1.5,0,vtype0
160,flow0.11,646576,5.49E+06,0,9.21318,2.44446,2.5,1.8,1.5,0,vtype0
160,flow0.12,646588,5.49E+06,0,8.80912,1.87277,2.5,1.8,1.5,0,vtype0
160,flow0.13,646601,5.49E+06,0,9.03843,0.47083,2.5,1.8,1.5,0,vtype0
160,flow0.14,646619,5.49E+06,0,11.1848,0.0951976,2.5,1.8,1.5,0,vtype0
160,flow0.15,646656,5.49E+06,0,13.8856,-0.233531,2.5,1.8,1.5,0,vtype0
160,flow0.16,646696,5.49E+06,0,13.9777,-0.0648834,2.5,1.8,1.5,0,vtype0
160,flow0.17,646863,5.49E+06,0,13.9741,0.977511,2.5,1.8,1.5,0,vtype0
160,flow0.18,646876,5.49E+06,0,13.7066,-0.540578,2.5,1.8,1.5,0,vtype0
160,flow0.19,646879,5.49E+06,0,13.4733,1.02339,2.5,1.8,1.5,0,vtype0
160,flow0.2,646291,5.49E+06,0,13.8871,0.161234,2.5,1.8,1.5,0,vtype0
160,flow0.20,646880,5.49E+06,0,13.2318,0.380714,2.5,1.8,1.5,0,vtype0
160,flow0.21,646881,5.49E+06,0,12.9516,-1.63501,2.5,1.8,1.5,8,vtype0
160,flow0.22,646882,5.49E+06,0,12.9845,0.586779,2.5,1.8,1.5,0,vtype0
160,flow0.23,646885,5.49E+06,0,12.4555,0.388234,2.5,1.8,1.5,0,vtype0
160,flow0.24,646886,5.49E+06,0,12.4847,0.100789,2.5,1.8,1.5,0,vtype0
160,flow0.25,646888,5.49E+06,0,12.4758,-0.0340526,2.5,1.8,1.5,0,vtype0
160,flow0.26,646889,5.49E+06,0,12.458,-0.6101,2.5,1.8,1.5,0,vtype0
160,flow0.27,646891,5.49E+06,0,12.5869,0.660544,2.5,1.8,1.5,0,vtype0
160,flow0.28,646890,5.49E+06,0,12.7922,-0.399725,2.5,1.8,1.5,0,vtype0
160,flow0.29,646888,5.49E+06,0,13.3818,0.357669,2.5,1.8,1.5,0,vtype0
160,flow0.3,646321,5.49E+06,0,13.9302,-0.137095,2.5,1.8,1.5,0,vtype0
160,flow0.30,646886,5.49E+06,0,13.9192,0.0310515,2.5,1.8,1.5,0,vtype0
160,flow0.31,646885,5.49E+06,0,13.9409,0.0997513,2.5,1.8,1.5,0,vtype0
160,flow0.32,646883,5.49E+06,0,13.8901,-0.395381,2.5,1.8,1.5,0,vtype0
160,flow0.33,646881,5.49E+06,0,13.9412,0.220402,2.5,1.8,1.5,0,vtype0
160,flow0.34,646879,5.49E+06,0,13.9908,0.221141,2.5,1.8,1.5,0,vtype0
160,flow0.35,646878,5.49E+06,0,13.9627,0.367207,2.5,1.8,1.5,0,vtype0
160,flow0.36,646874,5.49E+06,0,13.4615,2.33717,2.5,1.8,1.5,0,vtype0
160,flow0.37,646871,5.49E+06,0,9.7136,2.56362,2.5,1.8,1.5,0,vtype0
160,flow0.38,646862,5.49E+06,0,6.71746,-4.5,2.5,1.8,1.5,9,vtype0
160,flow0.39,646849,5.49E+06,0,7.34749,-3.16353,2.5,1.8,1.5,9,vtype0
160,flow0.4,646370,5.49E+06,0,13.9739,0.40843,2.5,1.8,1.5,0,vtype0
160,flow0.40,646837,5.49E+06,0,7.70151,-1.14907,2.5,1.8,1.5,9,vtype0
160,flow0.41,646824,5.49E+06,0,7.80626,-0.459033,2.5,1.8,1.5,0,vtype0
160,flow0.42,646811,5.49E+06,0,7.83856,0.897803,2.5,1.8,1.5,0,vtype0
160,flow0.43,646799,5.49E+06,0,7.73652,0.0543489,2.5,1.8,1.5,0,vtype0
160,flow0.44,646789,5.49E+06,0,7.77149,-0.599388,2.5,1.8,1.5,0,vtype0
160,flow0.45,646779,5.49E+06,0,7.77119,0.166641,2.5,1.8,1.5,0,vtype0
160,flow0.46,646774,5.49E+06,0,7.79127,0.573193,2.5,1.8,1.5,2,vtype0
160,flow0.47,646779,5.49E+06,0,7.72522,-1.46117,2.5,1.8,1.5,10,vtype0
160,flow0.48,646787,5.49E+06,0,7.75781,0.825907,2.5,1.8,1.5,2,vtype0
160,flow0.49,646796,5.49E+06,0,7.71094,0.159491,2.5,1.8,1.5,2,vtype0
160,flow0.5,646393,5.49E+06,0,13.9077,-0.273945,2.5,1.8,1.5,0,vtype0
160,flow0.50,646805,5.49E+06,0,7.6615,0.0305159,2.5,1.8,1.5,2,vtype0
160,flow0.51,646814,5.49E+06,0,7.72534,-0.106964,2.5,1.8,1.5,2,vtype0
160,flow0.52,646826,5.49E+06,0,8.97059,-1.19974,2.5,1.8,1.5,10,vtype0
160,flow0.53,646846,5.49E+06,0,12.2004,0.366803,2.5,1.8,1.5,0,vtype0
160,flow0.6,646421,5.49E+06,0,13.8751,-0.739072,2.5,1.8,1.5,0,vtype0
160,flow0.7,646508,5.49E+06,0,13.9518,0.244107,2.5,1.8,1.5,0,vtype0
160,flow0.8,646527,5.49E+06,0,13.9646,0.500989,2.5,1.8,1.5,0,vtype0
160,flow0.9,646545,5.49E+06,0,13.9096,0.00960707,2.5,1.8,1.5,0,vtype0
161,flow0.0,646219,5.49E+06,0,13.9522,-0.349972,2.5,1.8,1.5,0,vtype0
161,flow0.1,646252,5.49E+06,0,13.9027,-0.259368,2.5,1.8,1.5,0,vtype0
161,flow0.10,646554,5.49E+06,0,13.8799,-0.200304,2.5,1.8,1.5,0,vtype0
161,flow0.11,646569,5.49E+06,0,11.1668,1.77946,2.5,1.8,1.5,0,vtype0
161,flow0.12,646581,5.49E+06,0,7.27335,2.6,2.5,1.8,1.5,0,vtype0
161,flow0.13,646594,5.49E+06,0,7.75501,1.05048,2.5,1.8,1.5,0,vtype0
161,flow0.14,646610,5.49E+06,0,9.78635,0.183494,2.5,1.8,1.5,0,vtype0
161,flow0.15,646643,5.49E+06,0,13.9027,-0.0458454,2.5,1.8,1.5,0,vtype0
161,flow0.16,646683,5.49E+06,0,13.9129,-0.422059,2.5,1.8,1.5,0,vtype0
161,flow0.17,646850,5.49E+06,0,13.9747,0.132002,2.5,1.8,1.5,0,vtype0
161,flow0.18,646867,5.49E+06,0,13.7603,0.677906,2.5,1.8,1.5,0,vtype0
161,flow0.19,646877,5.49E+06,0,13.536,-0.429588,2.5,1.8,1.5,0,vtype0
161,flow0.2,646281,5.49E+06,0,13.9817,0.575685,2.5,1.8,1.5,0,vtype0
161,flow0.20,646879,5.49E+06,0,13.333,-1.74319,2.5,1.8,1.5,8,vtype0
161,flow0.21,646880,5.49E+06,0,13.2686,1.34,2.5,1.8,1.5,0,vtype0
161,flow0.22,646881,5.49E+06,0,12.9461,-0.0679364,2.5,1.8,1.5,0,vtype0
161,flow0.23,646884,5.49E+06,0,12.4558,0.786228,2.5,1.8,1.5,0,vtype0
161,flow0.24,646885,5.49E+06,0,12.4013,-0.853524,2.5,1.8,1.5,0,vtype0
161,flow0.25,646887,5.49E+06,0,12.4211,-0.128927,2.5,1.8,1.5,0,vtype0
161,flow0.26,646888,5.49E+06,0,12.4986,-0.266681,2.5,1.8,1.5,0,vtype0
161,flow0.27,646890,5.49E+06,0,12.519,0.0357611,2.5,1.8,1.5,0,vtype0
161,flow0.28,646890,5.49E+06,0,12.6542,-0.418869,2.5,1.8,1.5,0,vtype0
161,flow0.29,646889,5.49E+06,0,13.1189,-0.612067,2.5,1.8,1.5,0,vtype0
161,flow0.3,646311,5.49E+06,0,13.9086,-0.533297,2.5,1.8,1.5,0,vtype0
161,flow0.30,646887,5.49E+06,0,13.895,-0.960432,2.5,1.8,1.5,0,vtype0
161,flow0.31,646886,5.49E+06,0,13.9168,0.199699,2.5,1.8,1.5,0,vtype0
161,flow0.32,646884,5.49E+06,0,13.9905,0.592279,2.5,1.8,1.5,0,vtype0
161,flow0.33,646882,5.49E+06,0,13.8981,-0.465962,2.5,1.8,1.5,0,vtype0
161,flow0.34,646880,5.49E+06,0,13.8873,-0.680392,2.5,1.8,1.5,0,vtype0
161,flow0.35,646879,5.49E+06,0,13.9937,0.986477,2.5,1.8,1.5,0,vtype0
161,flow0.36,646876,5.49E+06,0,13.8881,-0.719353,2.5,1.8,1.5,0,vtype0
161,flow0.37,646873,5.49E+06,0,11.7254,1.71347,2.5,1.8,1.5,0,vtype0
161,flow0.38,646869,5.49E+06,0,8.28392,1.68328,2.5,1.8,1.5,0,vtype0
161,flow0.39,646857,5.49E+06,0,7.92351,1.85362,2.5,1.8,1.5,1,vtype0
161,flow0.4,646360,5.49E+06,0,13.872,-0.397259,2.5,1.8,1.5,0,vtype0
161,flow0.40,646844,5.49E+06,0,7.64628,0.664899,2.5,1.8,1.5,1,vtype0
161,flow0.41,646831,5.49E+06,0,7.61661,0.716859,2.5,1.8,1.5,1,vtype0
161,flow0.42,646818,5.49E+06,0,7.62964,0.826918,2.5,1.8,1.5,0,vtype0
161,flow0.43,646806,5.49E+06,0,7.5577,-0.123601,2.5,1.8,1.5,0,vtype0
161,flow0.44,646795,5.49E+06,0,7.59119,0.147263,2.5,1.8,1.5,0,vtype0
161,flow0.45,646785,5.49E+06,0,7.63347,-0.296724,2.5,1.8,1.5,0,vtype0
161,flow0.46,646775,5.49E+06,0,7.64873,-0.93365,2.5,1.8,1.5,8,vtype0
161,flow0.47,646775,5.49E+06,0,7.76216,0.239143,2.5,1.8,1.5,2,vtype0
161,flow0.48,646782,5.49E+06,0,7.72195,-0.466451,2.5,1.8,1.5,2,vtype0
161,flow0.49,646791,5.49E+06,0,7.69927,-0.146124,2.5,1.8,1.5,2,vtype0
161,flow0.5,646383,5.49E+06,0,13.9299,0.028005,2.5,1.8,1.5,0,vtype0
161,flow0.50,646800,5.49E+06,0,7.6295,0.116024,2.5,1.8,1.5,2,vtype0
161,flow0.51,646809,5.49E+06,0,7.69083,-0.600598,2.5,1.8,1.5,2,vtype0
161,flow0.52,646820,5.49E+06,0,8.67182,0.281493,2.5,1.8,1.5,2,vtype0
161,flow0.53,646838,5.49E+06,0,12.2412,0.879173,2.5,1.8,1.5,0,vtype0
161,flow0.6,646411,5.49E+06,0,13.9741,0.890839,2.5,1.8,1.5,0,vtype0
161,flow0.7,646498,5.49E+06,0,13.9845,0.8158,2.5,1.8,1.5,0,vtype0
161,flow0.8,646518,5.49E+06,0,13.9234,-0.0494028,2.5,1.8,1.5,0,vtype0
161,flow0.9,646536,5.49E+06,0,13.9428,0.174627,2.5,1.8,1.5,0,vtype0
162,flow0.0,646209,5.49E+06,0,13.9657,-0.260255,2.5,1.8,1.5,0,vtype0
162,flow0.1,646242,5.49E+06,0,13.9783,0.523929,2.5,1.8,1.5,0,vtype0
162,flow0.10,646545,5.49E+06,0,13.8846,-0.11047,2.5,1.8,1.5,0,vtype0
162,flow0.11,646561,5.49E+06,0,13.1024,1.81206,2.5,1.8,1.5,0,vtype0
162,flow0.12,646575,5.49E+06,0,9.23943,1.92621,2.5,1.8,1.5,0,vtype0
162,flow0.13,646586,5.49E+06,0,8.07266,-4.42904,2.5,1.8,1.5,8,vtype0
162,flow0.14,646601,5.49E+06,0,9.77488,-0.880103,2.5,1.8,1.5,0,vtype0
162,flow0.15,646629,5.49E+06,0,13.9669,0.0365254,2.5,1.8,1.5,0,vtype0
162,flow0.16,646669,5.49E+06,0,13.9033,-0.303744,2.5,1.8,1.5,0,vtype0
162,flow0.17,646836,5.49E+06,0,13.9765,0.0141056,2.5,1.8,1.5,0,vtype0
162,flow0.18,646855,5.49E+06,0,13.8571,0.126803,2.5,1.8,1.5,0,vtype0
162,flow0.19,646871,5.49E+06,0,13.6143,-0.801667,2.5,1.8,1.5,0,vtype0
162,flow0.2,646271,5.49E+06,0,13.8734,-1.05195,2.5,1.8,1.5,0,vtype0
162,flow0.20,646878,5.49E+06,0,13.4953,-0.092931,2.5,1.8,1.5,0,vtype0
162,flow0.21,646879,5.49E+06,0,13.331,0.155556,2.5,1.8,1.5,0,vtype0
162,flow0.22,646880,5.49E+06,0,13.178,-0.384538,2.5,1.8,1.5,0,vtype0
162,flow0.23,646883,5.49E+06,0,12.406,-0.65199,2.5,1.8,1.5,0,vtype0
162,flow0.24,646884,5.49E+06,0,12.4691,0.0456892,2.5,1.8,1.5,0,vtype0
162,flow0.25,646886,5.49E+06,0,12.4868,0.370409,2.5,1.8,1.5,0,vtype0
162,flow0.26,646887,5.49E+06,0,12.436,0.30642,2.5,1.8,1.5,0,vtype0
162,flow0.27,646889,5.49E+06,0,12.512,0.444226,2.5,1.8,1.5,0,vtype0
162,flow0.28,646890,5.49E+06,0,12.6201,0.230707,2.5,1.8,1.5,0,vtype0
162,flow0.29,646890,5.49E+06,0,12.8915,-0.952654,2.5,1.8,1.5,0,vtype0
162,flow0.3,646301,5.49E+06,0,13.8719,-1.06085,2.5,1.8,1.5,0,vtype0
162,flow0.30,646888,5.49E+06,0,13.82,-0.682075,2.5,1.8,1.5,0,vtype0
162,flow0.31,646887,5.49E+06,0,13.9064,0.251904,2.5,1.8,1.5,0,vtype0
162,flow0.32,646885,5.49E+06,0,13.891,-0.349078,2.5,1.8,1.5,0,vtype0
162,flow0.33,646883,5.49E+06,0,13.9445,-0.202131,2.5,1.8,1.5,0,vtype0
162,flow0.34,646881,5.49E+06,0,13.9388,0.100362,2.5,1.8,1.5,0,vtype0
162,flow0.35,646880,5.49E+06,0,13.9473,-0.146372,2.5,1.8,1.5,0,vtype0
162,flow0.36,646878,5.49E+06,0,13.9178,0.218012,2.5,1.8,1.5,0,vtype0
162,flow0.37,646875,5.49E+06,0,13.8469,1.60441,2.5,1.8,1.5,0,vtype0
162,flow0.38,646872,5.49E+06,0,10.2106,1.8268,2.5,1.8,1.5,0,vtype0
162,flow0.39,646864,5.49E+06,0,6.79514,2.6,2.5,1.8,1.5,1,vtype0
162,flow0.4,646351,5.49E+06,0,13.8994,-0.270741,2.5,1.8,1.5,0,vtype0
162,flow0.40,646851,5.49E+06,0,6.89822,1.54711,2.5,1.8,1.5,1,vtype0
162,flow0.41,646839,5.49E+06,0,7.06084,-1.62215,2.5,1.8,1.5,9,vtype0
162,flow0.42,646826,5.49E+06,0,7.44373,-0.744681,2.5,1.8,1.5,8,vtype0
162,flow0.43,646813,5.49E+06,0,7.60481,-0.753562,2.5,1.8,1.5,8,vtype0
162,flow0.44,646801,5.49E+06,0,7.63329,-0.584199,2.5,1.8,1.5,0,vtype0
162,flow0.45,646791,5.49E+06,0,7.77519,-0.173023,2.5,1.8,1.5,0,vtype0
162,flow0.46,646781,5.49E+06,0,7.73718,-0.65553,2.5,1.8,1.5,0,vtype0
162,flow0.47,646774,5.49E+06,0,7.73882,-0.47081,2.5,1.8,1.5,0,vtype0
162,flow0.48,646777,5.49E+06,0,7.78398,0.652934,2.5,1.8,1.5,2,vtype0
162,flow0.49,646785,5.49E+06,0,7.76133,0.613107,2.5,1.8,1.5,2,vtype0
162,flow0.5,646373,5.49E+06,0,13.881,-0.66616,2.5,1.8,1.5,0,vtype0
162,flow0.50,646794,5.49E+06,0,7.68891,-0.134588,2.5,1.8,1.5,2,vtype0
162,flow0.51,646803,5.49E+06,0,7.80507,-0.128569,2.5,1.8,1.5,2,vtype0
162,flow0.52,646814,5.49E+06,0,8.3673,-0.503834,2.5,1.8,1.5,2,vtype0
162,flow0.53,646829,5.49E+06,0,11.3481,0.0937169,2.5,1.8,1.5,0,vtype0
162,flow0.6,646401,5.49E+06,0,13.9678,0.243882,2.5,1.8,1.5,0,vtype0
162,flow0.7,646488,5.49E+06,0,13.9424,-0.0151606,2.5,1.8,1.5,0,vtype0
162,flow0.8,646508,5.49E+06,0,13.9955,0.755542,2.5,1.8,1.5,0,vtype0
162,flow0.9,646526,5.49E+06,0,13.9183,0.474075,2.5,1.8,1.5,0,vtype0
163,flow0.0,646199,5.49E+06,0,13.9752,-0.0724434,2.5,1.8,1.5,0,vtype0
163,flow0.1,646232,5.49E+06,0,13.8972,-0.417713,2.5,1.8,1.5,0,vtype0
163,flow0.10,646535,5.49E+06,0,13.9199,0.252322,2.5,1.8,1.5,0,vtype0
163,flow0.11,646552,5.49E+06,0,13.9993,1.2923,2.5,1.8,1.5,0,vtype0
163,flow0.12,646568,5.49E+06,0,11.256,2.14939,2.5,1.8,1.5,0,vtype0
163,flow0.13,646580,5.49E+06,0,7.90013,2.6,2.5,1.8,1.5,0,vtype0
163,flow0.14,646594,5.49E+06,0,8.68814,0.652933,2.5,1.8,1.5,0,vtype0
163,flow0.15,646617,5.49E+06,0,12.5917,-0.422967,2.5,1.8,1.5,0,vtype0
163,flow0.16,646655,5.49E+06,0,13.9221,0.308754,2.5,1.8,1.5,0,vtype0
163,flow0.17,646822,5.49E+06,0,13.947,-0.29885,2.5,1.8,1.5,0,vtype0
163,flow0.18,646841,5.49E+06,0,13.8283,0.0488077,2.5,1.8,1.5,0,vtype0
163,flow0.19,646859,5.49E+06,0,13.7124,1.10163,2.5,1.8,1.5,0,vtype0
163,flow0.2,646261,5.49E+06,0,13.8962,0.253055,2.5,1.8,1.5,0,vtype0
163,flow0.20,646873,5.49E+06,0,13.4436,-1.36602,2.5,1.8,1.5,0,vtype0
163,flow0.21,646879,5.49E+06,0,13.4691,0.40708,2.5,1.8,1.5,0,vtype0
163,flow0.22,646879,5.49E+06,0,13.2896,0.107017,2.5,1.8,1.5,0,vtype0
163,flow0.23,646882,5.49E+06,0,12.4791,0.150498,2.5,1.8,1.5,0,vtype0
163,flow0.24,646883,5.49E+06,0,12.426,0.0634131,2.5,1.8,1.5,0,vtype0
163,flow0.25,646885,5.49E+06,0,12.4131,-0.161264,2.5,1.8,1.5,0,vtype0
163,flow0.26,646886,5.49E+06,0,12.4763,0.56682,2.5,1.8,1.5,0,vtype0
163,flow0.27,646888,5.49E+06,0,12.4266,-0.648179,2.5,1.8,1.5,0,vtype0
163,flow0.28,646889,5.49E+06,0,12.6366,-0.366392,2.5,1.8,1.5,0,vtype0
163,flow0.29,646891,5.49E+06,0,12.9678,1.02744,2.5,1.8,1.5,0,vtype0
163,flow0.3,646291,5.49E+06,0,13.8977,0.00281536,2.5,1.8,1.5,0,vtype0
163,flow0.30,646889,5.49E+06,0,13.5526,-0.0581303,2.5,1.8,1.5,0,vtype0
163,flow0.31,646888,5.49E+06,0,13.9008,-0.774376,2.5,1.8,1.5,0,vtype0
163,flow0.32,646886,5.49E+06,0,13.9399,-0.150525,2.5,1.8,1.5,0,vtype0
163,flow0.33,646884,5.49E+06,0,13.9309,-0.334626,2.5,1.8,1.5,0,vtype0
163,flow0.34,646882,5.49E+06,0,13.9056,-0.184849,2.5,1.8,1.5,0,vtype0
163,flow0.35,646881,5.49E+06,0,13.9455,0.654297,2.5,1.8,1.5,0,vtype0
163,flow0.36,646879,5.49E+06,0,13.8955,-0.143155,2.5,1.8,1.5,0,vtype0
163,flow0.37,646877,5.49E+06,0,13.8902,-0.139215,2.5,1.8,1.5,0,vtype0
163,flow0.38,646873,5.49E+06,0,12.0137,1.80698,2.5,1.8,1.5,0,vtype0
163,flow0.39,646871,5.49E+06,0,8.95817,2.33157,2.5,1.8,1.5,0,vtype0
163,flow0.4,646341,5.49E+06,0,13.899,0.265054,2.5,1.8,1.5,0,vtype0
163,flow0.40,646859,5.49E+06,0,8.39985,1.05766,2.5,1.8,1.5,1,vtype0
163,flow0.41,646846,5.49E+06,0,8.0521,2.12757,2.5,1.8,1.5,1,vtype0
163,flow0.42,646833,5.49E+06,0,7.72574,0.554518,2.5,1.8,1.5,1,vtype0
163,flow0.43,646821,5.49E+06,0,7.6417,-0.704818,2.5,1.8,1.5,8,vtype0
163,flow0.44,646808,5.49E+06,0,7.75756,1.09319,2.5,1.8,1.5,0,vtype0
163,flow0.45,646797,5.49E+06,0,7.60996,-0.315857,2.5,1.8,1.5,0,vtype0
163,flow0.46,646787,5.49E+06,0,7.70638,-0.350417,2.5,1.8,1.5,0,vtype0
163,flow0.47,646777,5.49E+06,0,7.68961,-0.0807623,2.5,1.8,1.5,0,vtype0
163,flow0.48,646775,5.49E+06,0,7.76553,1.35865,2.5,1.8,1.5,2,vtype0
163,flow0.49,646780,5.49E+06,0,7.64174,-0.909053,2.5,1.8,1.5,10,vtype0
163,flow0.5,646364,5.49E+06,0,13.9789,0.795218,2.5,1.8,1.5,0,vtype0
163,flow0.50,646789,5.49E+06,0,7.63301,-0.651337,2.5,1.8,1.5,2,vtype0
163,flow0.51,646798,5.49E+06,0,7.72308,-0.341148,2.5,1.8,1.5,2,vtype0
163,flow0.52,646808,5.49E+06,0,8.24617,-0.0716286,2.5,1.8,1.5,2,vtype0
163,flow0.53,646822,5.49E+06,0,10.4649,0.0735548,2.5,1.8,1.5,2,vtype0
163,flow0.54,646846,5.49E+06,0,12.6902,-0.0569818,2.5,1.8,1.5,0,vtype0
163,flow0.6,646391,5.49E+06,0,13.9145,0.258252,2.5,1.8,1.5,0,vtype0
163,flow0.7,646478,5.49E+06,0,13.9178,0.360348,2.5,1.8,1.5,0,vtype0
163,flow0.8,646498,5.49E+06,0,13.8967,-0.601916,2.5,1.8,1.5,0,vtype0
163,flow0.9,646517,5.49E+06,0,13.9936,0.924025,2.5,1.8,1.5,0,vtype0
164,flow0.0,646189,5.49E+06,0,13.906,-0.921117,2.5,1.8,1.5,0,vtype0
164,flow0.1,646222,5.49E+06,0,13.954,0.395948,2.5,1.8,1.5,0,vtype0
164,flow0.10,646526,5.49E+06,0,13.8714,-1.20895,2.5,1.8,1.5,0,vtype0
164,flow0.11,646542,5.49E+06,0,13.9613,0.795484,2.5,1.8,1.5,0,vtype0
164,flow0.12,646560,5.49E+06,0,13.3116,1.77495,2.5,1.8,1.5,0,vtype0
164,flow0.13,646574,5.49E+06,0,9.88247,1.61385,2.5,1.8,1.5,0,vtype0
164,flow0.14,646586,5.49E+06,0,8.02123,-4.5,2.5,1.8,1.5,8,vtype0
164,flow0.15,646606,5.49E+06,0,11.5976,-3.43472,2.5,1.8,1.5,8,vtype0
164,flow0.16,646642,5.49E+06,0,13.993,0.107191,2.5,1.8,1.5,0,vtype0
164,flow0.17,646808,5.49E+06,0,13.9983,0.167917,2.5,1.8,1.5,0,vtype0
164,flow0.18,646827,5.49E+06,0,13.9419,0.861605,2.5,1.8,1.5,0,vtype0
164,flow0.19,646846,5.49E+06,0,13.7148,-0.245102,2.5,1.8,1.5,0,vtype0
164,flow0.2,646251,5.49E+06,0,13.9552,0.268167,2.5,1.8,1.5,0,vtype0
164,flow0.20,646864,5.49E+06,0,13.6536,0.505561,2.5,1.8,1.5,0,vtype0
164,flow0.21,646876,5.49E+06,0,13.5048,0.556001,2.5,1.8,1.5,0,vtype0
164,flow0.22,646879,5.49E+06,0,13.2996,-0.832704,2.5,1.8,1.5,0,vtype0
164,flow0.23,646881,5.49E+06,0,12.4101,0.310254,2.5,1.8,1.5,0,vtype0
164,flow0.24,646882,5.49E+06,0,12.4346,-0.996756,2.5,1.8,1.5,0,vtype0
164,flow0.25,646884,5.49E+06,0,12.589,1.52699,2.5,1.8,1.5,0,vtype0
164,flow0.26,646885,5.49E+06,0,12.4351,0.729029,2.5,1.8,1.5,0,vtype0
164,flow0.27,646887,5.49E+06,0,12.4401,0.177891,2.5,1.8,1.5,0,vtype0
164,flow0.28,646888,5.49E+06,0,12.5056,0.0845421,2.5,1.8,1.5,0,vtype0
164,flow0.29,646890,5.49E+06,0,12.7049,-2.0459,2.5,1.8,1.5,8,vtype0
164,flow0.3,646282,5.49E+06,0,13.9043,-0.752706,2.5,1.8,1.5,0,vtype0
164,flow0.30,646890,5.49E+06,0,13.3747,-0.450443,2.5,1.8,1.5,0,vtype0
164,flow0.31,646889,5.49E+06,0,13.931,-0.616579,2.5,1.8,1.5,0,vtype0
164,flow0.32,646887,5.49E+06,0,13.9731,0.247066,2.5,1.8,1.5,0,vtype0
164,flow0.33,646885,5.49E+06,0,13.9574,0.0503888,2.5,1.8,1.5,0,vtype0
164,flow0.34,646883,5.49E+06,0,13.9976,1.00884,2.5,1.8,1.5,0,vtype0
164,flow0.35,646882,5.49E+06,0,13.8935,-0.289671,2.5,1.8,1.5,0,vtype0
164,flow0.36,646880,5.49E+06,0,13.9242,-0.0109885,2.5,1.8,1.5,0,vtype0
164,flow0.37,646879,5.49E+06,0,13.9958,0.911985,2.5,1.8,1.5,0,vtype0
164,flow0.38,646875,5.49E+06,0,13.9815,1.78659,2.5,1.8,1.5,0,vtype0
164,flow0.39,646872,5.49E+06,0,10.8604,1.57754,2.5,1.8,1.5,0,vtype0
164,flow0.4,646331,5.49E+06,0,13.9973,1.11292,2.5,1.8,1.5,0,vtype0
164,flow0.40,646866,5.49E+06,0,7.54467,2.6,2.5,1.8,1.5,1,vtype0
164,flow0.41,646853,5.49E+06,0,7.30498,0.852405,2.5,1.8,1.5,1,vtype0
164,flow0.42,646841,5.49E+06,0,7.27779,0.432541,2.5,1.8,1.5,1,vtype0
164,flow0.43,646828,5.49E+06,0,7.31679,0.247461,2.5,1.8,1.5,1,vtype0
164,flow0.44,646816,5.49E+06,0,7.43777,0.0731004,2.5,1.8,1.5,0,vtype0
164,flow0.45,646803,5.49E+06,0,7.5317,-0.570964,2.5,1.8,1.5,0,vtype0
164,flow0.46,646793,5.49E+06,0,7.6045,-0.18692,2.5,1.8,1.5,0,vtype0
164,flow0.47,646783,5.49E+06,0,7.70618,0.965401,2.5,1.8,1.5,0,vtype0
164,flow0.48,646774,5.49E+06,0,7.68209,-0.0992182,2.5,1.8,1.5,0,vtype0
164,flow0.49,646775,5.49E+06,0,7.69375,-0.482548,2.5,1.8,1.5,2,vtype0
164,flow0.5,646354,5.49E+06,0,13.9635,0.364557,2.5,1.8,1.5,0,vtype0
164,flow0.50,646783,5.49E+06,0,7.77317,1.05847,2.5,1.8,1.5,2,vtype0
164,flow0.51,646792,5.49E+06,0,7.70943,0.865026,2.5,1.8,1.5,2,vtype0
164,flow0.52,646802,5.49E+06,0,7.91563,-1.17581,2.5,1.8,1.5,10,vtype0
164,flow0.53,646815,5.49E+06,0,9.74014,0.416294,2.5,1.8,1.5,2,vtype0
164,flow0.54,646837,5.49E+06,0,12.6701,-1.14144,2.5,1.8,1.5,0,vtype0
164,flow0.6,646381,5.49E+06,0,13.9465,-0.059289,2.5,1.8,1.5,0,vtype0
164,flow0.7,646469,5.49E+06,0,13.9612,0.271385,2.5,1.8,1.5,0,vtype0
164,flow0.8,646489,5.49E+06,0,13.8973,-0.985287,2.5,1.8,1.5,0,vtype0
164,flow0.9,646507,5.49E+06,0,13.9857,0.933346,2.5,1.8,1.5,0,vtype0
165,flow0.0,646179,5.49E+06,0,13.9579,0.243368,2.5,1.8,1.5,0,vtype0
165,flow0.1,646212,5.49E+06,0,13.8925,-0.620959,2.5,1.8,1.5,0,vtype0
165,flow0.10,646516,5.49E+06,0,13.9958,0.138152,2.5,1.8,1.5,0,vtype0
165,flow0.11,646532,5.49E+06,0,13.9886,0.353531,2.5,1.8,1.5,0,vtype0
165,flow0.12,646550,5.49E+06,0,13.9776,0.34606,2.5,1.8,1.5,0,vtype0
165,flow0.13,646566,5.49E+06,0,11.8796,2.19712,2.5,1.8,1.5,0,vtype0
165,flow0.14,646580,5.49E+06,0,7.7086,1.87375,2.5,1.8,1.5,0,vtype0
165,flow0.15,646597,5.49E+06,0,10.0591,0.540573,2.5,1.8,1.5,0,vtype0
165,flow0.16,646629,5.49E+06,0,13.9063,0.135629,2.5,1.8,1.5,0,vtype0
165,flow0.17,646795,5.49E+06,0,13.9916,0.512145,2.5,1.8,1.5,0,vtype0
165,flow0.18,646813,5.49E+06,0,13.814,-1.03747,2.5,1.8,1.5,0,vtype0
165,flow0.19,646832,5.49E+06,0,13.8109,0.496625,2.5,1.8,1.5,0,vtype0
165,flow0.2,646241,5.49E+06,0,13.9178,0.466151,2.5,1.8,1.5,0,vtype0
165,flow0.20,646851,5.49E+06,0,13.6285,-0.661396,2.5,1.8,1.5,0,vtype0
165,flow0.21,646868,5.49E+06,0,13.5279,-0.911219,2.5,1.8,1.5,0,vtype0
165,flow0.22,646877,5.49E+06,0,13.4876,-0.112648,2.5,1.8,1.5,0,vtype0
165,flow0.23,646880,5.49E+06,0,12.4859,0.834599,2.5,1.8,1.5,0,vtype0
165,flow0.24,646881,5.49E+06,0,12.4381,0.526784,2.5,1.8,1.5,0,vtype0
165,flow0.25,646883,5.49E+06,0,12.4594,1.05466,2.5,1.8,1.5,0,vtype0
165,flow0.26,646884,5.49E+06,0,12.3349,-1.31355,2.5,1.8,1.5,0,vtype0
165,flow0.27,646886,5.49E+06,0,12.505,0.136407,2.5,1.8,1.5,0,vtype0
165,flow0.28,646887,5.49E+06,0,12.6054,0.562055,2.5,1.8,1.5,0,vtype0
165,flow0.29,646889,5.49E+06,0,12.7431,0.93992,2.5,1.8,1.5,0,vtype0
165,flow0.3,646272,5.49E+06,0,13.8952,-0.331355,2.5,1.8,1.5,0,vtype0
165,flow0.30,646890,5.49E+06,0,13.1345,-0.168722,2.5,1.8,1.5,0,vtype0
165,flow0.31,646890,5.49E+06,0,13.8694,-0.973136,2.5,1.8,1.5,0,vtype0
165,flow0.32,646888,5.49E+06,0,13.8993,-0.743341,2.5,1.8,1.5,0,vtype0
165,flow0.33,646886,5.49E+06,0,13.9707,0.382792,2.5,1.8,1.5,0,vtype0
165,flow0.34,646885,5.49E+06,0,13.9333,0.442391,2.5,1.8,1.5,0,vtype0
165,flow0.35,646883,5.49E+06,0,13.9321,-0.305923,2.5,1.8,1.5,0,vtype0
165,flow0.36,646881,5.49E+06,0,13.9989,0.6095,2.5,1.8,1.5,0,vtype0
165,flow0.37,646879,5.49E+06,0,13.9492,-0.343251,2.5,1.8,1.5,0,vtype0
165,flow0.38,646877,5.49E+06,0,13.953,0.705518,2.5,1.8,1.5,0,vtype0
165,flow0.39,646874,5.49E+06,0,12.7862,2.39844,2.5,1.8,1.5,0,vtype0
165,flow0.4,646321,5.49E+06,0,13.932,0.456805,2.5,1.8,1.5,0,vtype0
165,flow0.40,646871,5.49E+06,0,9.49289,1.78024,2.5,1.8,1.5,0,vtype0
165,flow0.41,646861,5.49E+06,0,7.12588,-4.5,2.5,1.8,1.5,9,vtype0
165,flow0.42,646849,5.49E+06,0,7.60822,-3.37962,2.5,1.8,1.5,9,vtype0
165,flow0.43,646836,5.49E+06,0,7.77299,-1.64998,2.5,1.8,1.5,9,vtype0
165,flow0.44,646823,5.49E+06,0,7.87436,1.38328,2.5,1.8,1.5,0,vtype0
165,flow0.45,646810,5.49E+06,0,7.65367,-0.957977,2.5,1.8,1.5,8,vtype0
165,flow0.46,646799,5.49E+06,0,7.71861,0.446796,2.5,1.8,1.5,0,vtype0
165,flow0.47,646789,5.49E+06,0,7.735,0.0458309,2.5,1.8,1.5,0,vtype0
165,flow0.48,646779,5.49E+06,0,7.66043,0.640502,2.5,1.8,1.5,0,vtype0
165,flow0.49,646774,5.49E+06,0,7.57442,-1.27432,2.5,1.8,1.5,10,vtype0
165,flow0.5,646344,5.49E+06,0,13.9997,0.940294,2.5,1.8,1.5,0,vtype0
165,flow0.50,646779,5.49E+06,0,7.71172,1.04346,2.5,1.8,1.5,2,vtype0
165,flow0.51,646787,5.49E+06,0,7.61867,-0.288424,2.5,1.8,1.5,2,vtype0
165,flow0.52,646796,5.49E+06,0,7.83514,-1.20832,2.5,1.8,1.5,10,vtype0
165,flow0.53,646808,5.49E+06,0,9.22167,0.622799,2.5,1.8,1.5,2,vtype0
165,flow0.54,646828,5.49E+06,0,12.7858,0.691471,2.5,1.8,1.5,2,vtype0
165,flow0.6,646371,5.49E+06,0,13.9395,-0.444712,2.5,1.8,1.5,0,vtype0
165,flow0.7,646459,5.49E+06,0,13.9608,0.371146,2.5,1.8,1.5,0,vtype0
165,flow0.8,646479,5.49E+06,0,13.9085,-0.0725377,2.5,1.8,1.5,0,vtype0
165,flow0.9,646498,5.49E+06,0,13.9821,1.1162,2.5,1.8,1.5,0,vtype0
166,flow0.0,646169,5.49E+06,0,13.9498,0.777615,2.5,1.8,1.5,0,vtype0
166,flow0.1,646202,5.49E+06,0,13.9742,0.729375,2.5,1.8,1.5,0,vtype0
166,flow0.10,646507,5.49E+06,0,13.9179,0.136743,2.5,1.8,1.5,0,vtype0
166,flow0.11,646523,5.49E+06,0,13.9007,0.0109789,2.5,1.8,1.5,0,vtype0
166,flow0.12,646541,5.49E+06,0,13.9738,0.03801,2.5,1.8,1.5,0,vtype0
166,flow0.13,646558,5.49E+06,0,13.8624,1.7547,2.5,1.8,1.5,0,vtype0
166,flow0.14,646574,5.49E+06,0,9.79431,2.31989,2.5,1.8,1.5,0,vtype0
166,flow0.15,646589,5.49E+06,0,9.47068,-4.1447,2.5,1.8,1.5,8,vtype0
166,flow0.16,646616,5.49E+06,0,13.9119,-0.0631427,2.5,1.8,1.5,0,vtype0
166,flow0.17,646781,5.49E+06,0,13.9523,-0.330519,2.5,1.8,1.5,0,vtype0
166,flow0.18,646800,5.49E+06,0,13.9786,0.892116,2.5,1.8,1.5,0,vtype0
166,flow0.19,646818,5.49E+06,0,13.7912,-0.405917,2.5,1.8,1.5,0,vtype0
166,flow0.2,646231,5.49E+06,0,13.8805,-0.216091,2.5,1.8,1.5,0,vtype0
166,flow0.20,646837,5.49E+06,0,13.73,-0.290321,2.5,1.8,1.5,0,vtype0
166,flow0.21,646856,5.49E+06,0,13.6418,0.259892,2.5,1.8,1.5,0,vtype0
166,flow0.22,646871,5.49E+06,0,13.567,1.07228,2.5,1.8,1.5,0,vtype0
166,flow0.23,646879,5.49E+06,0,12.4489,0.488437,2.5,1.8,1.5,0,vtype0
166,flow0.24,646880,5.49E+06,0,12.4228,-0.616892,2.5,1.8,1.5,0,vtype0
166,flow0.25,646882,5.49E+06,0,12.4931,-0.595622,2.5,1.8,1.5,0,vtype0
166,flow0.26,646883,5.49E+06,0,12.4708,-0.442742,2.5,1.8,1.5,0,vtype0
166,flow0.27,646885,5.49E+06,0,12.5102,0.549153,2.5,1.8,1.5,0,vtype0
166,flow0.28,646886,5.49E+06,0,12.5413,0.61315,2.5,1.8,1.5,0,vtype0
166,flow0.29,646888,5.49E+06,0,12.6557,0.566406,2.5,1.8,1.5,0,vtype0
166,flow0.3,646262,5.49E+06,0,13.9864,0.799197,2.5,1.8,1.5,0,vtype0
166,flow0.30,646889,5.49E+06,0,13.0002,-0.45757,2.5,1.8,1.5,0,vtype0
166,flow0.31,646891,5.49E+06,0,13.7264,1.38776,2.5,1.8,1.5,0,vtype0
166,flow0.32,646889,5.49E+06,0,13.96,-0.216526,2.5,1.8,1.5,0,vtype0
166,flow0.33,646887,5.49E+06,0,13.8743,-0.28315,2.5,1.8,1.5,0,vtype0
166,flow0.34,646886,5.49E+06,0,13.9582,0.513563,2.5,1.8,1.5,0,vtype0
166,flow0.35,646884,5.49E+06,0,13.9115,-0.732833,2.5,1.8,1.5,0,vtype0
166,flow0.36,646882,5.49E+06,0,13.939,0.246068,2.5,1.8,1.5,0,vtype0
166,flow0.37,646880,5.49E+06,0,13.9206,-0.73671,2.5,1.8,1.5,0,vtype0
166,flow0.38,646879,5.49E+06,0,13.9671,0.247896,2.5,1.8,1.5,0,vtype0
166,flow0.39,646876,5.49E+06,0,13.8796,-0.159311,2.5,1.8,1.5,0,vtype0
166,flow0.4,646312,5.49E+06,0,13.9667,0.275425,2.5,1.8,1.5,0,vtype0
166,flow0.40,646873,5.49E+06,0,11.4232,1.37988,2.5,1.8,1.5,0,vtype0
166,flow0.41,646868,5.49E+06,0,8.10215,1.77043,2.5,1.8,1.5,0,vtype0
166,flow0.42,646856,5.49E+06,0,7.70455,0.907064,2.5,1.8,1.5,1,vtype0
166,flow0.43,646843,5.49E+06,0,7.59039,1.2249,2.5,1.8,1.5,1,vtype0
166,flow0.44,646831,5.49E+06,0,7.52267,0.393582,2.5,1.8,1.5,1,vtype0
166,flow0.45,646818,5.49E+06,0,7.56027,0.983692,2.5,1.8,1.5,0,vtype0
166,flow0.46,646805,5.49E+06,0,7.4995,-0.374799,2.5,1.8,1.5,0,vtype0
166,flow0.47,646795,5.49E+06,0,7.59176,0.199852,2.5,1.8,1.5,0,vtype0
166,flow0.48,646785,5.49E+06,0,7.5784,-0.886423,2.5,1.8,1.5,8,vtype0
166,flow0.49,646775,5.49E+06,0,7.69596,0.455181,2.5,1.8,1.5,0,vtype0
166,flow0.5,646335,5.49E+06,0,13.9686,0.740181,2.5,1.8,1.5,0,vtype0
166,flow0.50,646775,5.49E+06,0,7.70834,0.3811,2.5,1.8,1.5,2,vtype0
166,flow0.51,646782,5.49E+06,0,7.71571,0.245989,2.5,1.8,1.5,2,vtype0
166,flow0.52,646791,5.49E+06,0,7.76564,-0.823624,2.5,1.8,1.5,10,vtype0
166,flow0.53,646802,5.49E+06,0,8.80362,-0.48032,2.5,1.8,1.5,2,vtype0
166,flow0.54,646819,5.49E+06,0,12.2073,-0.514903,2.5,1.8,1.5,2,vtype0
166,flow0.55,646845,5.49E+06,0,13.935,-0.0378436,2.5,1.8,1.5,0,vtype0
166,flow0.6,646361,5.49E+06,0,13.965,-0.202736,2.5,1.8,1.5,0,vtype0
166,flow0.7,646449,5.49E+06,0,13.9486,-0.223848,2.5,1.8,1.5,0,vtype0
166,flow0.8,646469,5.49E+06,0,13.9543,0.408457,2.5,1.8,1.5,0,vtype0
166,flow0.9,646488,5.49E+06,0,13.9102,0.194588,2.5,1.8,1.5,0,vtype0
167,flow0.0,646159,5.49E+06,0,13.9938,1.01672,2.5,1.8,1.5,0,vtype0
167,flow0.1,646192,5.49E+06,0,13.957,-0.106801,2.5,1.8,1.5,0,vtype0
167,flow0.10,646497,5.49E+06,0,13.9312,-0.183996,2.5,1.8,1.5,0,vtype0
167,flow0.11,646513,5.49E+06,0,13.9558,0.068477,2.5,1.8,1.5,0,vtype0
167,flow0.12,646531,5.49E+06,0,13.8957,-0.434774,2.5,1.8,1.5,0,vtype0
167,flow0.13,646548,5.49E+06,0,13.994,0.220388,2.5,1.8,1.5,0,vtype0
167,flow0.14,646567,5.49E+06,0,11.6911,2.51531,2.5,1.8,1.5,0,vtype0
167,flow0.15,646582,5.49E+06,0,7.15842,2.6,2.5,1.8,1.5,0,vtype0
167,flow0.16,646605,5.49E+06,0,11.6671,-0.94262,2.5,1.8,1.5,0,vtype0
167,flow0.17,646767,5.49E+06,0,13.9118,-0.371551,2.5,1.8,1.5,0,vtype0
167,flow0.18,646786,5.49E+06,0,13.9529,0.520977,2.5,1.8,1.5,0,vtype0
167,flow0.19,646805,5.49E+06,0,13.7931,-1.31135,2.5,1.8,1.5,0,vtype0
167,flow0.2,646221,5.49E+06,0,13.998,0.390989,2.5,1.8,1.5,0,vtype0
167,flow0.20,646823,5.49E+06,0,13.8622,0.875756,2.5,1.8,1.5,0,vtype0
167,flow0.21,646842,5.49E+06,0,13.6834,0.204231,2.5,1.8,1.5,0,vtype0
167,flow0.22,646860,5.49E+06,0,13.5672,-0.15286,2.5,1.8,1.5,0,vtype0
167,flow0.23,646879,5.49E+06,0,13.2361,1.92426,2.5,1.8,1.5,0,vtype0
167,flow0.24,646880,5.49E+06,0,12.8436,0.982492,2.5,1.8,1.5,0,vtype0
167,flow0.25,646881,5.49E+06,0,12.6258,0.779357,2.5,1.8,1.5,0,vtype0
167,flow0.26,646882,5.49E+06,0,12.5334,0.47871,2.5,1.8,1.5,0,vtype0
167,flow0.27,646884,5.49E+06,0,12.4978,0.374052,2.5,1.8,1.5,0,vtype0
167,flow0.28,646885,5.49E+06,0,12.5279,0.77726,2.5,1.8,1.5,0,vtype0
167,flow0.29,646887,5.49E+06,0,12.6198,0.370894,2.5,1.8,1.5,0,vtype0
167,flow0.3,646252,5.49E+06,0,13.9263,-0.152134,2.5,1.8,1.5,0,vtype0
167,flow0.30,646888,5.49E+06,0,12.9138,0.0225407,2.5,1.8,1.5,0,vtype0
167,flow0.31,646890,5.49E+06,0,13.427,-0.049067,2.5,1.8,1.5,0,vtype0
167,flow0.32,646890,5.49E+06,0,13.9147,-0.279837,2.5,1.8,1.5,0,vtype0
167,flow0.33,646888,5.49E+06,0,13.9035,-0.175569,2.5,1.8,1.5,0,vtype0
167,flow0.34,646887,5.49E+06,0,13.9956,0.91726,2.5,1.8,1.5,0,vtype0
167,flow0.35,646885,5.49E+06,0,13.8971,0.114638,2.5,1.8,1.5,0,vtype0
167,flow0.36,646883,5.49E+06,0,13.929,-0.669442,2.5,1.8,1.5,0,vtype0
167,flow0.37,646881,5.49E+06,0,13.9076,-0.375092,2.5,1.8,1.5,0,vtype0
167,flow0.38,646880,5.49E+06,0,13.8864,-0.0154802,2.5,1.8,1.5,0,vtype0
167,flow0.39,646878,5.49E+06,0,13.9747,-0.00820175,2.5,1.8,1.5,0,vtype0
167,flow0.4,646302,5.49E+06,0,13.9513,-0.409055,2.5,1.8,1.5,0,vtype0
167,flow0.40,646875,5.49E+06,0,13.44,2.41433,2.5,1.8,1.5,0,vtype0
167,flow0.41,646872,5.49E+06,0,9.79845,1.38889,2.5,1.8,1.5,0,vtype0
167,flow0.42,646863,5.49E+06,0,6.50528,2.6,2.5,1.8,1.5,1,vtype0
167,flow0.43,646851,5.49E+06,0,6.7537,-3.00348,2.5,1.8,1.5,9,vtype0
167,flow0.44,646838,5.49E+06,0,7.18753,-2.42067,2.5,1.8,1.5,9,vtype0
167,flow0.45,646825,5.49E+06,0,7.45954,-0.74671,2.5,1.8,1.5,8,vtype0
167,flow0.46,646813,5.49E+06,0,7.6172,-0.927817,2.5,1.8,1.5,8,vtype0
167,flow0.47,646800,5.49E+06,0,7.64228,-0.484974,2.5,1.8,1.5,0,vtype0
167,flow0.48,646791,5.49E+06,0,7.69242,0.0880146,2.5,1.8,1.5,0,vtype0
167,flow0.49,646781,5.49E+06,0,7.74237,0.8646,2.5,1.8,1.5,0,vtype0
167,flow0.5,646325,5.49E+06,0,13.9459,-0.0681901,2.5,1.8,1.5,0,vtype0
167,flow0.50,646774,5.49E+06,0,7.60067,-1.14472,2.5,1.8,1.5,8,vtype0
167,flow0.51,646777,5.49E+06,0,7.69698,-0.906364,2.5,1.8,1.5,10,vtype0
167,flow0.52,646785,5.49E+06,0,7.83601,1.32127,2.5,1.8,1.5,2,vtype0
167,flow0.53,646796,5.49E+06,0,8.3565,-0.489046,2.5,1.8,1.5,2,vtype0
167,flow0.54,646811,5.49E+06,0,11.1263,-0.610764,2.5,1.8,1.5,2,vtype0
167,flow0.55,646835,5.49E+06,0,13.9308,-0.364106,2.5,1.8,1.5,2,vtype0
167,flow0.6,646351,5.49E+06,0,13.9347,-0.269226,2.5,1.8,1.5,0,vtype0
167,flow0.7,646439,5.49E+06,0,13.9068,-0.183841,2.5,1.8,1.5,0,vtype0
167,flow0.8,646459,5.49E+06,0,13.8959,-0.478823,2.5,1.8,1.5,0,vtype0
167,flow0.9,646478,5.49E+06,0,13.9453,0.00562633,2.5,1.8,1.5,0,vtype0
168,flow0.0,646149,5.49E+06,0,13.9821,0.501546,2.5,1.8,1.5,0,vtype0
168,flow0.1,646182,5.49E+06,0,13.9877,0.275489,2.5,1.8,1.5,0,vtype0
168,flow0.10,646487,5.49E+06,0,13.91,-0.491963,2.5,1.8,1.5,0,vtype0
168,flow0.11,646504,5.49E+06,0,13.9673,0.803324,2.5,1.8,1.5,0,vtype0
168,flow0.12,646522,5.49E+06,0,13.8756,-0.65443,2.5,1.8,1.5,0,vtype0
168,flow0.13,646538,5.49E+06,0,13.9146,-0.826502,2.5,1.8,1.5,0,vtype0
168,flow0.14,646558,5.49E+06,0,13.7763,2.16278,2.5,1.8,1.5,0,vtype0
168,flow0.15,646576,5.49E+06,0,9.19048,1.43743,2.5,1.8,1.5,0,vtype0
168,flow0.16,646595,5.49E+06,0,11.7595,0.00474857,2.5,1.8,1.5,0,vtype0
168,flow0.17,646753,5.49E+06,0,13.9708,0.305155,2.5,1.8,1.5,0,vtype0
168,flow0.18,646772,5.49E+06,0,13.9258,0.0745036,2.5,1.8,1.5,0,vtype0
168,flow0.19,646791,5.49E+06,0,13.8657,-0.102518,2.5,1.8,1.5,0,vtype0
168,flow0.2,646211,5.49E+06,0,13.9234,-0.145172,2.5,1.8,1.5,0,vtype0
168,flow0.20,646810,5.49E+06,0,13.7781,0.674969,2.5,1.8,1.5,0,vtype0
168,flow0.21,646828,5.49E+06,0,13.6291,-0.560355,2.5,1.8,1.5,0,vtype0
168,flow0.22,646847,5.49E+06,0,13.6733,0.801303,2.5,1.8,1.5,0,vtype0
168,flow0.23,646877,5.49E+06,0,13.9358,0.607129,2.5,1.8,1.5,0,vtype0
168,flow0.24,646879,5.49E+06,0,13.6791,-0.175888,2.5,1.8,1.5,0,vtype0
168,flow0.25,646880,5.49E+06,0,13.5135,0.562426,2.5,1.8,1.5,0,vtype0
168,flow0.26,646881,5.49E+06,0,13.3073,1.16866,2.5,1.8,1.5,0,vtype0
168,flow0.27,646883,5.49E+06,0,12.9882,0.255603,2.5,1.8,1.5,0,vtype0
168,flow0.28,646884,5.49E+06,0,12.9036,1.0217,2.5,1.8,1.5,0,vtype0
168,flow0.29,646886,5.49E+06,0,12.8502,-0.901337,2.5,1.8,1.5,0,vtype0
168,flow0.3,646242,5.49E+06,0,13.9192,0.474111,2.5,1.8,1.5,0,vtype0
168,flow0.30,646887,5.49E+06,0,13.1167,1.73339,2.5,1.8,1.5,0,vtype0
168,flow0.31,646889,5.49E+06,0,13.3183,0.0769581,2.5,1.8,1.5,0,vtype0
168,flow0.32,646890,5.49E+06,0,13.9284,0.34806,2.5,1.8,1.5,0,vtype0
168,flow0.33,646889,5.49E+06,0,13.8946,-0.454223,2.5,1.8,1.5,0,vtype0
168,flow0.34,646888,5.49E+06,0,13.8922,0.0446328,2.5,1.8,1.5,0,vtype0
168,flow0.35,646886,5.49E+06,0,13.9597,-0.278292,2.5,1.8,1.5,0,vtype0
168,flow0.36,646884,5.49E+06,0,13.9015,-0.187404,2.5,1.8,1.5,0,vtype0
168,flow0.37,646882,5.49E+06,0,13.9457,0.503378,2.5,1.8,1.5,0,vtype0
168,flow0.38,646881,5.49E+06,0,13.8831,-0.998359,2.5,1.8,1.5,0,vtype0
168,flow0.39,646879,5.49E+06,0,13.8899,-0.00796588,2.5,1.8,1.5,0,vtype0
168,flow0.4,646292,5.49E+06,0,13.9472,0.421075,2.5,1.8,1.5,0,vtype0
168,flow0.40,646877,5.49E+06,0,13.9283,-0.527253,2.5,1.8,1.5,0,vtype0
168,flow0.41,646873,5.49E+06,0,11.9027,2.03306,2.5,1.8,1.5,0,vtype0
168,flow0.42,646870,5.49E+06,0,8.86296,2.53444,2.5,1.8,1.5,0,vtype0
168,flow0.43,646858,5.49E+06,0,8.18294,1.90173,2.5,1.8,1.5,1,vtype0
168,flow0.44,646846,5.49E+06,0,7.85184,0.688559,2.5,1.8,1.5,1,vtype0
168,flow0.45,646833,5.49E+06,0,7.7192,1.73144,2.5,1.8,1.5,1,vtype0
168,flow0.46,646820,5.49E+06,0,7.61757,0.670112,2.5,1.8,1.5,0,vtype0
168,flow0.47,646807,5.49E+06,0,7.56672,-0.0983101,2.5,1.8,1.5,0,vtype0
168,flow0.48,646796,5.49E+06,0,7.61828,1.13384,2.5,1.8,1.5,0,vtype0
168,flow0.49,646787,5.49E+06,0,7.58641,-0.524487,2.5,1.8,1.5,0,vtype0
168,flow0.5,646315,5.49E+06,0,13.9968,-0.0229398,2.5,1.8,1.5,0,vtype0
168,flow0.50,646777,5.49E+06,0,7.60078,-0.267311,2.5,1.8,1.5,0,vtype0
168,flow0.51,646775,5.49E+06,0,7.58229,-1.1369,2.5,1.8,1.5,10,vtype0
168,flow0.52,646780,5.49E+06,0,7.74467,0.0149512,2.5,1.8,1.5,2,vtype0
168,flow0.53,646790,5.49E+06,0,8.21669,-0.948634,2.5,1.8,1.5,10,vtype0
168,flow0.54,646804,5.49E+06,0,10.2694,-0.186106,2.5,1.8,1.5,2,vtype0
168,flow0.55,646825,5.49E+06,0,13.9925,0.0348117,2.5,1.8,1.5,2,vtype0
168,flow0.6,646342,5.49E+06,0,13.9122,0.0537648,2.5,1.8,1.5,0,vtype0
168,flow0.7,646429,5.49E+06,0,13.8811,-0.334858,2.5,1.8,1.5,0,vtype0
168,flow0.8,646449,5.49E+06,0,13.8705,-0.49367,2.5,1.8,1.5,0,vtype0
168,flow0.9,646468,5.49E+06,0,13.9798,0.92815,2.5,1.8,1.5,0,vtype0
169,flow0.0,646139,5.49E+06,0,13.9072,-0.338561,2.5,1.8,1.5,0,vtype0
169,flow0.1,646173,5.49E+06,0,13.9784,0.966645,2.5,1.8,1.5,0,vtype0
169,flow0.10,646477,5.49E+06,0,13.9327,-0.239067,2.5,1.8,1.5,0,vtype0
169,flow0.11,646494,5.49E+06,0,13.9915,0.467853,2.5,1.8,1.5,0,vtype0
169,flow0.12,646512,5.49E+06,0,13.9641,0.309096,2.5,1.8,1.5,0,vtype0
169,flow0.13,646529,5.49E+06,0,13.9465,0.37805,2.5,1.8,1.5,0,vtype0
169,flow0.14,646548,5.49E+06,0,13.9608,0.797747,2.5,1.8,1.5,0,vtype0
169,flow0.15,646569,5.49E+06,0,11.0354,1.53414,2.5,1.8,1.5,0,vtype0
169,flow0.16,646586,5.49E+06,0,7.9455,-4.5,2.5,1.8,1.5,8,vtype0
169,flow0.17,646739,5.49E+06,0,13.9021,0.255569,2.5,1.8,1.5,0,vtype0
169,flow0.18,646758,5.49E+06,0,13.8275,-0.828975,2.5,1.8,1.5,0,vtype0
169,flow0.19,646777,5.49E+06,0,13.9415,1.13029,2.5,1.8,1.5,0,vtype0
169,flow0.2,646201,5.49E+06,0,13.9015,0.157762,2.5,1.8,1.5,0,vtype0
169,flow0.20,646796,5.49E+06,0,13.8393,-0.620776,2.5,1.8,1.5,0,vtype0
169,flow0.21,646815,5.49E+06,0,13.8692,1.52851,2.5,1.8,1.5,0,vtype0
169,flow0.22,646833,5.49E+06,0,13.7231,0.555111,2.5,1.8,1.5,0,vtype0
169,flow0.23,646868,5.49E+06,0,13.9468,-0.00281855,2.5,1.8,1.5,0,vtype0
169,flow0.24,646878,5.49E+06,0,13.6875,-1.01493,2.5,1.8,1.5,0,vtype0
169,flow0.25,646879,5.49E+06,0,13.605,1.14859,2.5,1.8,1.5,0,vtype0
169,flow0.26,646880,5.49E+06,0,13.2677,-0.030044,2.5,1.8,1.5,0,vtype0
169,flow0.27,646882,5.49E+06,0,13.1255,-0.814088,2.5,1.8,1.5,0,vtype0
169,flow0.28,646883,5.49E+06,0,13.0958,-0.779346,2.5,1.8,1.5,0,vtype0
169,flow0.29,646884,5.49E+06,0,13.089,0.91867,2.5,1.8,1.5,0,vtype0
169,flow0.3,646232,5.49E+06,0,13.999,1.11488,2.5,1.8,1.5,0,vtype0
169,flow0.30,646886,5.49E+06,0,13.1182,-0.799781,2.5,1.8,1.5,0,vtype0
169,flow0.31,646887,5.49E+06,0,13.4983,1.55095,2.5,1.8,1.5,0,vtype0
169,flow0.32,646889,5.49E+06,0,13.97,0.646202,2.5,1.8,1.5,0,vtype0
169,flow0.33,646890,5.49E+06,0,13.9883,1.16081,2.5,1.8,1.5,0,vtype0
169,flow0.34,646889,5.49E+06,0,13.8969,-0.227463,2.5,1.8,1.5,0,vtype0
169,flow0.35,646887,5.49E+06,0,13.9658,-0.0793433,2.5,1.8,1.5,0,vtype0
169,flow0.36,646885,5.49E+06,0,13.9545,0.0684788,2.5,1.8,1.5,0,vtype0
169,flow0.37,646883,5.49E+06,0,13.8822,-0.267759,2.5,1.8,1.5,0,vtype0
169,flow0.38,646882,5.49E+06,0,13.9182,-0.806649,2.5,1.8,1.5,0,vtype0
169,flow0.39,646880,5.49E+06,0,13.9648,0.369568,2.5,1.8,1.5,0,vtype0
169,flow0.4,646282,5.49E+06,0,13.9845,0.874656,2.5,1.8,1.5,0,vtype0
169,flow0.40,646878,5.49E+06,0,13.9886,0.34631,2.5,1.8,1.5,0,vtype0
169,flow0.41,646875,5.49E+06,0,13.7979,1.86655,2.5,1.8,1.5,0,vtype0
169,flow0.42,646872,5.49E+06,0,10.8894,1.44541,2.5,1.8,1.5,0,vtype0
169,flow0.43,646865,5.49E+06,0,7.29134,2.6,2.5,1.8,1.5,1,vtype0
169,flow0.44,646853,5.49E+06,0,7.2279,2.23414,2.5,1.8,1.5,1,vtype0
169,flow0.45,646840,5.49E+06,0,7.21751,1.19941,2.5,1.8,1.5,1,vtype0
169,flow0.46,646828,5.49E+06,0,7.21941,0.139361,2.5,1.8,1.5,1,vtype0
169,flow0.47,646815,5.49E+06,0,7.354,0.0484345,2.5,1.8,1.5,0,vtype0
169,flow0.48,646802,5.49E+06,0,7.47815,-0.75959,2.5,1.8,1.5,8,vtype0
169,flow0.49,646793,5.49E+06,0,7.57536,-0.067079,2.5,1.8,1.5,0,vtype0
169,flow0.5,646305,5.49E+06,0,13.9492,0.510255,2.5,1.8,1.5,0,vtype0
169,flow0.50,646783,5.49E+06,0,7.63091,0.0467429,2.5,1.8,1.5,0,vtype0
169,flow0.51,646774,5.49E+06,0,7.589,-0.81856,2.5,1.8,1.5,8,vtype0
169,flow0.52,646776,5.49E+06,0,7.70277,-0.834401,2.5,1.8,1.5,10,vtype0
169,flow0.53,646784,5.49E+06,0,8.04938,0.421987,2.5,1.8,1.5,2,vtype0
169,flow0.54,646797,5.49E+06,0,9.55363,-0.793083,2.5,1.8,1.5,2,vtype0
169,flow0.55,646816,5.49E+06,0,13.3296,-0.823172,2.5,1.8,1.5,2,vtype0
169,flow0.56,646848,5.49E+06,0,9.42872,-0.228588,2.5,1.8,1.5,0,vtype0
169,flow0.6,646332,5.49E+06,0,13.9593,0.850774,2.5,1.8,1.5,0,vtype0
169,flow0.7,646419,5.49E+06,0,13.8836,-0.023114,2.5,1.8,1.5,0,vtype0
169,flow0.8,646439,5.49E+06,0,13.9289,-0.51113,2.5,1.8,1.5,0,vtype0
169,flow0.9,646458,5.49E+06,0,13.9478,0.417913,2.5,1.8,1.5,0,vtype0
170,flow0.0,646129,5.49E+06,0,13.9523,0.146553,2.5,1.8,1.5,0,vtype0
170,flow0.1,646163,5.49E+06,0,13.99,0.612631,2.5,1.8,1.5,0,vtype0
170,flow0.10,646467,5.49E+06,0,13.9541,0.637751,2.5,1.8,1.5,0,vtype0
170,flow0.11,646485,5.49E+06,0,13.9221,0.145464,2.5,1.8,1.5,0,vtype0
170,flow0.12,646503,5.49E+06,0,13.9094,0.0315324,2.5,1.8,1.5,0,vtype0
170,flow0.13,646519,5.49E+06,0,13.9091,0.37734,2.5,1.8,1.5,0,vtype0
170,flow0.14,646539,5.49E+06,0,13.9721,0.896786,2.5,1.8,1.5,0,vtype0
170,flow0.15,646561,5.49E+06,0,12.9534,2.1837,2.5,1.8,1.5,0,vtype0
170,flow0.16,646580,5.49E+06,0,7.59667,1.5117,2.5,1.8,1.5,0,vtype0
170,flow0.17,646725,5.49E+06,0,13.9853,0.599136,2.5,1.8,1.5,0,vtype0
170,flow0.18,646744,5.49E+06,0,13.9603,0.962172,2.5,1.8,1.5,0,vtype0
170,flow0.19,646763,5.49E+06,0,13.879,-0.416552,2.5,1.8,1.5,0,vtype0
170,flow0.2,646191,5.49E+06,0,13.9145,0.0496046,2.5,1.8,1.5,0,vtype0
170,flow0.20,646782,5.49E+06,0,13.9078,1.25965,2.5,1.8,1.5,0,vtype0
170,flow0.21,646801,5.49E+06,0,13.7898,-0.280711,2.5,1.8,1.5,0,vtype0
170,flow0.22,646820,5.49E+06,0,13.7899,0.860949,2.5,1.8,1.5,0,vtype0
170,flow0.23,646856,5.49E+06,0,13.9314,0.590862,2.5,1.8,1.5,0,vtype0
170,flow0.24,646872,5.49E+06,0,13.6702,-1.08628,2.5,1.8,1.5,0,vtype0
170,flow0.25,646878,5.49E+06,0,13.6694,0.957826,2.5,1.8,1.5,0,vtype0
170,flow0.26,646879,5.49E+06,0,13.4769,0.107322,2.5,1.8,1.5,0,vtype0
170,flow0.27,646881,5.49E+06,0,13.323,0.0850967,2.5,1.8,1.5,0,vtype0
170,flow0.28,646882,5.49E+06,0,13.1652,0.517942,2.5,1.8,1.5,0,vtype0
170,flow0.29,646883,5.49E+06,0,13.0344,-0.489548,2.5,1.8,1.5,0,vtype0
170,flow0.3,646222,5.49E+06,0,13.9936,0.670887,2.5,1.8,1.5,0,vtype0
170,flow0.30,646885,5.49E+06,0,13.1715,0.100596,2.5,1.8,1.5,0,vtype0
170,flow0.31,646886,5.49E+06,0,13.3739,0.445781,2.5,1.8,1.5,0,vtype0
170,flow0.32,646888,5.49E+06,0,13.9942,0.451394,2.5,1.8,1.5,0,vtype0
170,flow0.33,646890,5.49E+06,0,13.8918,-1.00064,2.5,1.8,1.5,0,vtype0
170,flow0.34,646890,5.49E+06,0,13.8722,-1.15763,2.5,1.8,1.5,0,vtype0
170,flow0.35,646888,5.49E+06,0,13.9052,-0.566642,2.5,1.8,1.5,0,vtype0
170,flow0.36,646886,5.49E+06,0,13.9256,0.512378,2.5,1.8,1.5,0,vtype0
170,flow0.37,646884,5.49E+06,0,13.8837,-0.109192,2.5,1.8,1.5,0,vtype0
170,flow0.38,646883,5.49E+06,0,13.8769,-0.7898,2.5,1.8,1.5,0,vtype0
170,flow0.39,646881,5.49E+06,0,13.9109,-0.341385,2.5,1.8,1.5,0,vtype0
170,flow0.4,646272,5.49E+06,0,13.9938,1.05504,2.5,1.8,1.5,0,vtype0
170,flow0.40,646879,5.49E+06,0,13.9597,0.609339,2.5,1.8,1.5,0,vtype0
170,flow0.41,646877,5.49E+06,0,13.9834,0.563788,2.5,1.8,1.5,0,vtype0
170,flow0.42,646874,5.49E+06,0,12.8115,1.33618,2.5,1.8,1.5,0,vtype0
170,flow0.43,646871,5.49E+06,0,9.38493,2.33492,2.5,1.8,1.5,0,vtype0
170,flow0.44,646861,5.49E+06,0,7.55134,-3.83201,2.5,1.8,1.5,9,vtype0
170,flow0.45,646848,5.49E+06,0,7.80909,-3.23298,2.5,1.8,1.5,9,vtype0
170,flow0.46,646835,5.49E+06,0,7.88192,0.203759,2.5,1.8,1.5,1,vtype0
170,flow0.47,646822,5.49E+06,0,7.79728,0.93852,2.5,1.8,1.5,0,vtype0
170,flow0.48,646810,5.49E+06,0,7.71739,1.80816,2.5,1.8,1.5,0,vtype0
170,flow0.49,646798,5.49E+06,0,7.57712,0.106862,2.5,1.8,1.5,0,vtype0
170,flow0.5,646296,5.49E+06,0,13.9367,0.470603,2.5,1.8,1.5,0,vtype0
170,flow0.50,646789,5.49E+06,0,7.57495,0.103985,2.5,1.8,1.5,0,vtype0
170,flow0.51,646779,5.49E+06,0,7.5848,0.410558,2.5,1.8,1.5,0,vtype0
170,flow0.52,646774,5.49E+06,0,7.5852,-0.289478,2.5,1.8,1.5,2,vtype0
170,flow0.53,646779,5.49E+06,0,7.81694,-1.59439,2.5,1.8,1.5,10,vtype0
170,flow0.54,646790,5.49E+06,0,9.10995,0.487502,2.5,1.8,1.5,2,vtype0
170,flow0.55,646807,5.49E+06,0,12.0206,-2.63446,2.5,1.8,1.5,10,vtype0
170,flow0.56,646841,5.49E+06,0,9.45534,0.57281,2.5,1.8,1.5,0,vtype0
170,flow0.6,646322,5.49E+06,0,13.9623,-0.026677,2.5,1.8,1.5,0,vtype0
170,flow0.7,646409,5.49E+06,0,13.9608,0.778676,2.5,1.8,1.5,0,vtype0
170,flow0.8,646429,5.49E+06,0,13.8812,-0.501683,2.5,1.8,1.5,0,vtype0
170,flow0.9,646448,5.49E+06,0,13.9636,0.585231,2.5,1.8,1.5,0,vtype0
171,flow0.0,646119,5.49E+06,0,13.8897,-0.231863,2.5,1.8,1.5,0,vtype0
171,flow0.1,646153,5.49E+06,0,13.9615,0.526714,2.5,1.8,1.5,0,vtype0
171,flow0.10,646457,5.49E+06,0,13.957,0.828907,2.5,1.8,1.5,0,vtype0
171,flow0.11,646475,5.49E+06,0,13.988,0.00643746,2.5,1.8,1.5,0,vtype0
171,flow0.12,646493,5.49E+06,0,13.9412,0.478956,2.5,1.8,1.5,0,vtype0
171,flow0.13,646510,5.49E+06,0,13.9526,0.313909,2.5,1.8,1.5,0,vtype0
171,flow0.14,646529,5.49E+06,0,13.9485,-0.165888,2.5,1.8,1.5,0,vtype0
171,flow0.15,646551,5.49E+06,0,13.9649,0.841349,2.5,1.8,1.5,0,vtype0
171,flow0.16,646574,5.49E+06,0,9.34653,1.39422,2.5,1.8,1.5,0,vtype0
171,flow0.17,646711,5.49E+06,0,13.9952,0.908404,2.5,1.8,1.5,0,vtype0
171,flow0.18,646730,5.49E+06,0,13.923,0.0577477,2.5,1.8,1.5,0,vtype0
171,flow0.19,646749,5.49E+06,0,13.907,0.422514,2.5,1.8,1.5,0,vtype0
171,flow0.2,646181,5.49E+06,0,13.9129,-0.236056,2.5,1.8,1.5,0,vtype0
171,flow0.20,646768,5.49E+06,0,13.7695,-0.617725,2.5,1.8,1.5,0,vtype0
171,flow0.21,646787,5.49E+06,0,13.7841,-1.0812,2.5,1.8,1.5,0,vtype0
171,flow0.22,646806,5.49E+06,0,13.7862,-0.468725,2.5,1.8,1.5,0,vtype0
171,flow0.23,646842,5.49E+06,0,13.9788,-0.0829994,2.5,1.8,1.5,0,vtype0
171,flow0.24,646861,5.49E+06,0,13.8939,0.610838,2.5,1.8,1.5,0,vtype0
171,flow0.25,646874,5.49E+06,0,13.7489,1.33409,2.5,1.8,1.5,0,vtype0
171,flow0.26,646879,5.49E+06,0,13.4775,-1.00372,2.5,1.8,1.5,0,vtype0
171,flow0.27,646880,5.49E+06,0,13.4246,0.550905,2.5,1.8,1.5,0,vtype0
171,flow0.28,646881,5.49E+06,0,13.3318,-0.150955,2.5,1.8,1.5,0,vtype0
171,flow0.29,646882,5.49E+06,0,13.2883,0.00115495,2.5,1.8,1.5,0,vtype0
171,flow0.3,646212,5.49E+06,0,13.9406,0.100444,2.5,1.8,1.5,0,vtype0
171,flow0.30,646884,5.49E+06,0,13.3017,0.57321,2.5,1.8,1.5,0,vtype0
171,flow0.31,646885,5.49E+06,0,13.3776,0.756447,2.5,1.8,1.5,0,vtype0
171,flow0.32,646887,5.49E+06,0,13.874,-0.42902,2.5,1.8,1.5,0,vtype0
171,flow0.33,646889,5.49E+06,0,13.9414,-0.535405,2.5,1.8,1.5,0,vtype0
171,flow0.34,646891,5.49E+06,0,13.9654,-0.319195,2.5,1.8,1.5,0,vtype0
171,flow0.35,646889,5.49E+06,0,13.9573,0.6839,2.5,1.8,1.5,0,vtype0
171,flow0.36,646887,5.49E+06,0,13.9601,0.809405,2.5,1.8,1.5,0,vtype0
171,flow0.37,646885,5.49E+06,0,13.9439,0.695947,2.5,1.8,1.5,0,vtype0
171,flow0.38,646884,5.49E+06,0,13.9503,-0.104432,2.5,1.8,1.5,0,vtype0
171,flow0.39,646882,5.49E+06,0,13.9189,-0.246178,2.5,1.8,1.5,0,vtype0
171,flow0.4,646262,5.49E+06,0,13.9494,0.576513,2.5,1.8,1.5,0,vtype0
171,flow0.40,646880,5.49E+06,0,13.8838,-0.198341,2.5,1.8,1.5,0,vtype0
171,flow0.41,646879,5.49E+06,0,13.9412,0.0629468,2.5,1.8,1.5,0,vtype0
171,flow0.42,646876,5.49E+06,0,13.9783,0.328709,2.5,1.8,1.5,0,vtype0
171,flow0.43,646873,5.49E+06,0,11.3101,1.40056,2.5,1.8,1.5,0,vtype0
171,flow0.44,646868,5.49E+06,0,8.01547,2.28184,2.5,1.8,1.5,0,vtype0
171,flow0.45,646855,5.49E+06,0,7.6125,1.37061,2.5,1.8,1.5,1,vtype0
171,flow0.46,646842,5.49E+06,0,7.51029,1.5935,2.5,1.8,1.5,1,vtype0
171,flow0.47,646830,5.49E+06,0,7.34586,1.10671,2.5,1.8,1.5,1,vtype0
171,flow0.48,646817,5.49E+06,0,7.41391,0.472725,2.5,1.8,1.5,0,vtype0
171,flow0.49,646805,5.49E+06,0,7.42021,0.154669,2.5,1.8,1.5,0,vtype0
171,flow0.5,646286,5.49E+06,0,13.9044,-0.250543,2.5,1.8,1.5,0,vtype0
171,flow0.50,646794,5.49E+06,0,7.52969,0.13903,2.5,1.8,1.5,0,vtype0
171,flow0.51,646785,5.49E+06,0,7.52084,-0.224851,2.5,1.8,1.5,0,vtype0
171,flow0.52,646775,5.49E+06,0,7.53468,-0.968795,2.5,1.8,1.5,8,vtype0
171,flow0.53,646775,5.49E+06,0,7.81018,0.145587,2.5,1.8,1.5,2,vtype0
171,flow0.54,646784,5.49E+06,0,8.68008,-0.0115846,2.5,1.8,1.5,2,vtype0
171,flow0.55,646799,5.49E+06,0,11.1523,-0.337483,2.5,1.8,1.5,2,vtype0
171,flow0.56,646835,5.49E+06,0,9.43129,0.281753,2.5,1.8,1.5,0,vtype0
171,flow0.6,646312,5.49E+06,0,13.9462,-0.377846,2.5,1.8,1.5,0,vtype0
171,flow0.7,646399,5.49E+06,0,13.9843,0.134013,2.5,1.8,1.5,0,vtype0
171,flow0.8,646419,5.49E+06,0,13.8846,-0.960038,2.5,1.8,1.5,0,vtype0
171,flow0.9,646438,5.49E+06,0,13.8719,-0.516526,2.5,1.8,1.5,0,vtype0
172,flow0.0,646109,5.49E+06,0,13.9781,0.970403,2.5,1.8,1.5,0,vtype0
172,flow0.1,646143,5.49E+06,0,13.9888,0.350794,2.5,1.8,1.5,0,vtype0
172,flow0.10,646448,5.49E+06,0,13.9991,0.0580868,2.5,1.8,1.5,0,vtype0
172,flow0.11,646465,5.49E+06,0,13.9006,-0.844794,2.5,1.8,1.5,0,vtype0
172,flow0.12,646483,5.49E+06,0,13.874,-0.638185,2.5,1.8,1.5,0,vtype0
172,flow0.13,646500,5.49E+06,0,13.9933,0.22275,2.5,1.8,1.5,0,vtype0
172,flow0.14,646520,5.49E+06,0,13.9999,0.981368,2.5,1.8,1.5,0,vtype0
172,flow0.15,646542,5.49E+06,0,13.9533,-0.183336,2.5,1.8,1.5,0,vtype0
172,flow0.16,646567,5.49E+06,0,11.2108,1.70493,2.5,1.8,1.5,0,vtype0
172,flow0.17,646697,5.49E+06,0,13.9576,0.0770416,2.5,1.8,1.5,0,vtype0
172,flow0.18,646716,5.49E+06,0,13.9522,0.68248,2.5,1.8,1.5,0,vtype0
172,flow0.19,646735,5.49E+06,0,13.8339,-0.854352,2.5,1.8,1.5,0,vtype0
172,flow0.2,646172,5.49E+06,0,13.9613,0.112362,2.5,1.8,1.5,0,vtype0
172,flow0.20,646754,5.49E+06,0,13.8478,0.107066,2.5,1.8,1.5,0,vtype0
172,flow0.21,646773,5.49E+06,0,13.8551,0.332257,2.5,1.8,1.5,0,vtype0
172,flow0.22,646792,5.49E+06,0,13.7333,0.159302,2.5,1.8,1.5,0,vtype0
172,flow0.23,646829,5.49E+06,0,13.9469,0.0838922,2.5,1.8,1.5,0,vtype0
172,flow0.24,646847,5.49E+06,0,13.8403,-0.512388,2.5,1.8,1.5,0,vtype0
172,flow0.25,646865,5.49E+06,0,13.7434,0.197059,2.5,1.8,1.5,0,vtype0
172,flow0.26,646877,5.49E+06,0,13.5619,0.217233,2.5,1.8,1.5,0,vtype0
172,flow0.27,646879,5.49E+06,0,13.4348,1.08065,2.5,1.8,1.5,0,vtype0
172,flow0.28,646880,5.49E+06,0,13.3106,-1.2395,2.5,1.8,1.5,0,vtype0
172,flow0.29,646881,5.49E+06,0,13.3999,1.37136,2.5,1.8,1.5,0,vtype0
172,flow0.3,646202,5.49E+06,0,13.9027,-0.477338,2.5,1.8,1.5,0,vtype0
172,flow0.30,646883,5.49E+06,0,13.2242,-1.48782,2.5,1.8,1.5,0,vtype0
172,flow0.31,646884,5.49E+06,0,13.3991,0.458971,2.5,1.8,1.5,0,vtype0
172,flow0.32,646886,5.49E+06,0,13.935,0.615326,2.5,1.8,1.5,0,vtype0
172,flow0.33,646888,5.49E+06,0,13.9295,-0.557139,2.5,1.8,1.5,0,vtype0
172,flow0.34,646890,5.49E+06,0,13.9827,0.0050179,2.5,1.8,1.5,0,vtype0
172,flow0.35,646890,5.49E+06,0,13.932,-0.284734,2.5,1.8,1.5,0,vtype0
172,flow0.36,646888,5.49E+06,0,13.9595,0.71627,2.5,1.8,1.5,0,vtype0
172,flow0.37,646886,5.49E+06,0,13.9914,1.16236,2.5,1.8,1.5,0,vtype0
172,flow0.38,646885,5.49E+06,0,13.9176,-0.733214,2.5,1.8,1.5,0,vtype0
172,flow0.39,646883,5.49E+06,0,13.9638,0.388578,2.5,1.8,1.5,0,vtype0
172,flow0.4,646252,5.49E+06,0,13.9378,-0.314974,2.5,1.8,1.5,0,vtype0
172,flow0.40,646881,5.49E+06,0,13.9655,-0.218306,2.5,1.8,1.5,0,vtype0
172,flow0.41,646880,5.49E+06,0,13.8889,0.0608877,2.5,1.8,1.5,0,vtype0
172,flow0.42,646878,5.49E+06,0,13.9562,0.674484,2.5,1.8,1.5,0,vtype0
172,flow0.43,646874,5.49E+06,0,13.1513,2.33648,2.5,1.8,1.5,0,vtype0
172,flow0.44,646871,5.49E+06,0,9.81035,1.30182,2.5,1.8,1.5,0,vtype0
172,flow0.45,646863,5.49E+06,0,6.20476,-4.5,2.5,1.8,1.5,9,vtype0
172,flow0.46,646850,5.49E+06,0,7.01933,-2.30276,2.5,1.8,1.5,9,vtype0
172,flow0.47,646837,5.49E+06,0,7.29758,-2.63527,2.5,1.8,1.5,9,vtype0
172,flow0.48,646825,5.49E+06,0,7.61779,-0.214854,2.5,1.8,1.5,0,vtype0
172,flow0.49,646812,5.49E+06,0,7.61982,-0.902987,2.5,1.8,1.5,8,vtype0
172,flow0.5,646276,5.49E+06,0,13.9752,0.18548,2.5,1.8,1.5,0,vtype0
172,flow0.50,646800,5.49E+06,0,7.63778,0.459035,2.5,1.8,1.5,0,vtype0
172,flow0.51,646790,5.49E+06,0,7.55519,-0.898145,2.5,1.8,1.5,8,vtype0
172,flow0.52,646781,5.49E+06,0,7.63861,0.687757,2.5,1.8,1.5,0,vtype0
172,flow0.53,646774,5.49E+06,0,7.71272,-0.205967,2.5,1.8,1.5,0,vtype0
172,flow0.54,646779,5.49E+06,0,8.34769,-0.25141,2.5,1.8,1.5,2,vtype0
172,flow0.55,646791,5.49E+06,0,10.2206,-0.844616,2.5,1.8,1.5,2,vtype0
172,flow0.56,646828,5.49E+06,0,9.47226,-0.0251574,2.5,1.8,1.5,0,vtype0
172,flow0.57,646846,5.49E+06,0,12.6326,-0.688991,2.5,1.8,1.5,0,vtype0
172,flow0.6,646303,5.49E+06,0,13.935,0.276884,2.5,1.8,1.5,0,vtype0
172,flow0.7,646389,5.49E+06,0,13.9457,0.590024,2.5,1.8,1.5,0,vtype0
172,flow0.8,646409,5.49E+06,0,13.9411,0.0152319,2.5,1.8,1.5,0,vtype0
172,flow0.9,646428,5.49E+06,0,13.9532,-0.111025,2.5,1.8,1.5,0,vtype0
173,flow0.0,646099,5.49E+06,0,13.9896,0.448971,2.5,1.8,1.5,0,vtype0
173,flow0.1,646133,5.49E+06,0,13.9195,-0.175214,2.5,1.8,1.5,0,vtype0
173,flow0.10,646437,5.49E+06,0,13.9265,-0.403103,2.5,1.8,1.5,0,vtype0
173,flow0.11,646455,5.49E+06,0,13.9729,0.0496229,2.5,1.8,1.5,0,vtype0
173,flow0.12,646473,5.49E+06,0,13.9908,-0.00525903,2.5,1.8,1.5,0,vtype0
173,flow0.13,646491,5.49E+06,0,13.9512,0.324246,2.5,1.8,1.5,0,vtype0
173,flow0.14,646510,5.49E+06,0,13.9545,0.520307,2.5,1.8,1.5,0,vtype0
173,flow0.15,646532,5.49E+06,0,13.983,0.811233,2.5,1.8,1.5,0,vtype0
173,flow0.16,646558,5.49E+06,0,13.0957,1.9314,2.5,1.8,1.5,0,vtype0
173,flow0.17,646683,5.49E+06,0,13.9152,0.00259292,2.5,1.8,1.5,0,vtype0
173,flow0.18,646702,5.49E+06,0,13.9614,0.902124,2.5,1.8,1.5,0,vtype0
173,flow0.19,646721,5.49E+06,0,13.8734,0.169953,2.5,1.8,1.5,0,vtype0
173,flow0.2,646162,5.49E+06,0,13.8807,-0.358471,2.5,1.8,1.5,0,vtype0
173,flow0.20,646741,5.49E+06,0,13.8589,-0.996387,2.5,1.8,1.5,0,vtype0
173,flow0.21,646760,5.49E+06,0,13.9254,0.699924,2.5,1.8,1.5,0,vtype0
173,flow0.22,646778,5.49E+06,0,13.8403,0.69356,2.5,1.8,1.5,0,vtype0
173,flow0.23,646815,5.49E+06,0,13.9173,-0.760628,2.5,1.8,1.5,0,vtype0
173,flow0.24,646834,5.49E+06,0,13.8645,0.359358,2.5,1.8,1.5,0,vtype0
173,flow0.25,646852,5.49E+06,0,13.7837,1.01299,2.5,1.8,1.5,0,vtype0
173,flow0.26,646869,5.49E+06,0,13.5963,-0.427259,2.5,1.8,1.5,0,vtype0
173,flow0.27,646878,5.49E+06,0,13.6107,0.180143,2.5,1.8,1.5,0,vtype0
173,flow0.28,646879,5.49E+06,0,13.4908,0.0679844,2.5,1.8,1.5,0,vtype0
173,flow0.29,646880,5.49E+06,0,13.3784,-0.344931,2.5,1.8,1.5,0,vtype0
173,flow0.3,646192,5.49E+06,0,13.8763,-0.514354,2.5,1.8,1.5,0,vtype0
173,flow0.30,646882,5.49E+06,0,13.3972,1.38131,2.5,1.8,1.5,0,vtype0
173,flow0.31,646883,5.49E+06,0,13.4007,-0.119541,2.5,1.8,1.5,0,vtype0
173,flow0.32,646885,5.49E+06,0,13.8218,-0.11681,2.5,1.8,1.5,0,vtype0
173,flow0.33,646887,5.49E+06,0,13.9952,0.970493,2.5,1.8,1.5,0,vtype0
173,flow0.34,646889,5.49E+06,0,13.9162,0.373768,2.5,1.8,1.5,0,vtype0
173,flow0.35,646891,5.49E+06,0,13.8778,-0.929264,2.5,1.8,1.5,0,vtype0
173,flow0.36,646889,5.49E+06,0,13.9291,-0.620232,2.5,1.8,1.5,0,vtype0
173,flow0.37,646888,5.49E+06,0,13.9585,0.851235,2.5,1.8,1.5,0,vtype0
173,flow0.38,646886,5.49E+06,0,13.9118,0.217693,2.5,1.8,1.5,0,vtype0
173,flow0.39,646884,5.49E+06,0,13.9218,-0.428109,2.5,1.8,1.5,0,vtype0
173,flow0.4,646242,5.49E+06,0,13.9858,0.950712,2.5,1.8,1.5,0,vtype0
173,flow0.40,646882,5.49E+06,0,13.9388,-0.544342,2.5,1.8,1.5,0,vtype0
173,flow0.41,646881,5.49E+06,0,13.9942,0.438108,2.5,1.8,1.5,0,vtype0
173,flow0.42,646879,5.49E+06,0,13.961,0.367198,2.5,1.8,1.5,0,vtype0
173,flow0.43,646876,5.49E+06,0,13.9887,0.34519,2.5,1.8,1.5,0,vtype0
173,flow0.44,646873,5.49E+06,0,11.6378,1.73958,2.5,1.8,1.5,0,vtype0
173,flow0.45,646870,5.49E+06,0,8.52345,2.07975,2.5,1.8,1.5,0,vtype0
173,flow0.46,646857,5.49E+06,0,8.0238,1.56842,2.5,1.8,1.5,1,vtype0
173,flow0.47,646845,5.49E+06,0,7.68373,0.0965556,2.5,1.8,1.5,1,vtype0
173,flow0.48,646832,5.49E+06,0,7.64378,0.633879,2.5,1.8,1.5,1,vtype0
173,flow0.49,646820,5.49E+06,0,7.54275,0.363587,2.5,1.8,1.5,0,vtype0
173,flow0.5,646266,5.49E+06,0,13.9686,-0.0238428,2.5,1.8,1.5,0,vtype0
173,flow0.50,646807,5.49E+06,0,7.47276,0.0653813,2.5,1.8,1.5,0,vtype0
173,flow0.51,646796,5.49E+06,0,7.5133,-0.0127285,2.5,1.8,1.5,0,vtype0
173,flow0.52,646787,5.49E+06,0,7.58675,0.787176,2.5,1.8,1.5,0,vtype0
173,flow0.53,646777,5.49E+06,0,7.58321,-1.02629,2.5,1.8,1.5,8,vtype0
173,flow0.54,646775,5.49E+06,0,8.09739,-0.443596,2.5,1.8,1.5,2,vtype0
173,flow0.55,646784,5.49E+06,0,9.58046,-1.32891,2.5,1.8,1.5,10,vtype0
173,flow0.56,646821,5.49E+06,0,9.42617,-0.0308066,2.5,1.8,1.5,0,vtype0
173,flow0.57,646837,5.49E+06,0,11.8295,-0.413427,2.5,1.8,1.5,2,vtype0
173,flow0.6,646293,5.49E+06,0,13.9059,-0.150597,2.5,1.8,1.5,0,vtype0
173,flow0.7,646379,5.49E+06,0,13.9103,0.206708,2.5,1.8,1.5,0,vtype0
173,flow0.8,646399,5.49E+06,0,13.9193,0.0698616,2.5,1.8,1.5,0,vtype0
173,flow0.9,646418,5.49E+06,0,13.9391,0.425234,2.5,1.8,1.5,0,vtype0
174,flow0.0,646089,5.49E+06,0,13.9964,0.580931,2.5,1.8,1.5,0,vtype0
174,flow0.1,646123,5.49E+06,0,13.9124,0.266303,2.5,1.8,1.5,0,vtype0
174,flow0.10,646427,5.49E+06,0,13.9349,-0.216105,2.5,1.8,1.5,0,vtype0
174,flow0.11,646445,5.49E+06,0,13.9961,0.425882,2.5,1.8,1.5,0,vtype0
174,flow0.12,646463,5.49E+06,0,13.9722,0.053535,2.5,1.8,1.5,0,vtype0
174,flow0.13,646481,5.49E+06,0,13.873,-0.870711,2.5,1.8,1.5,0,vtype0
174,flow0.14,646501,5.49E+06,0,13.9195,-0.0152066,2.5,1.8,1.5,0,vtype0
174,flow0.15,646523,5.49E+06,0,13.9704,-0.108157,2.5,1.8,1.5,0,vtype0
174,flow0.16,646549,5.49E+06,0,13.8989,0.288575,2.5,1.8,1.5,0,vtype0
174,flow0.17,646669,5.49E+06,0,13.884,-1.11201,2.5,1.8,1.5,0,vtype0
174,flow0.18,646688,5.49E+06,0,13.9149,0.216102,2.5,1.8,1.5,0,vtype0
174,flow0.19,646708,5.49E+06,0,13.914,-0.140919,2.5,1.8,1.5,0,vtype0
174,flow0.2,646152,5.49E+06,0,13.9595,0.27705,2.5,1.8,1.5,0,vtype0
174,flow0.20,646727,5.49E+06,0,13.8727,0.80966,2.5,1.8,1.5,0,vtype0
174,flow0.21,646746,5.49E+06,0,13.798,-1.44604,2.5,1.8,1.5,0,vtype0
174,flow0.22,646765,5.49E+06,0,13.906,0.495116,2.5,1.8,1.5,0,vtype0
174,flow0.23,646801,5.49E+06,0,13.8871,-0.610283,2.5,1.8,1.5,0,vtype0
174,flow0.24,646820,5.49E+06,0,13.9074,0.283991,2.5,1.8,1.5,0,vtype0
174,flow0.25,646839,5.49E+06,0,13.7818,0.479502,2.5,1.8,1.5,0,vtype0
174,flow0.26,646857,5.49E+06,0,13.6066,-1.25738,2.5,1.8,1.5,0,vtype0
174,flow0.27,646872,5.49E+06,0,13.6391,0.342736,2.5,1.8,1.5,0,vtype0
174,flow0.28,646878,5.49E+06,0,13.5556,0.958702,2.5,1.8,1.5,0,vtype0
174,flow0.29,646879,5.49E+06,0,13.3774,-1.80648,2.5,1.8,1.5,8,vtype0
174,flow0.3,646182,5.49E+06,0,13.9475,0.768154,2.5,1.8,1.5,0,vtype0
174,flow0.30,646881,5.49E+06,0,13.5437,0.171453,2.5,1.8,1.5,0,vtype0
174,flow0.31,646882,5.49E+06,0,13.4745,-0.0406825,2.5,1.8,1.5,0,vtype0
174,flow0.32,646884,5.49E+06,0,13.7794,-1.15739,2.5,1.8,1.5,0,vtype0
174,flow0.33,646886,5.49E+06,0,13.8843,-0.99472,2.5,1.8,1.5,0,vtype0
174,flow0.34,646888,5.49E+06,0,13.9266,-0.603862,2.5,1.8,1.5,0,vtype0
174,flow0.35,646889,5.49E+06,0,13.9638,0.420136,2.5,1.8,1.5,0,vtype0
174,flow0.36,646890,5.49E+06,0,13.8897,0.132926,2.5,1.8,1.5,0,vtype0
174,flow0.37,646889,5.49E+06,0,13.9869,-0.0472764,2.5,1.8,1.5,0,vtype0
174,flow0.38,646887,5.49E+06,0,13.8927,-0.444933,2.5,1.8,1.5,0,vtype0
174,flow0.39,646885,5.49E+06,0,13.9895,0.0108594,2.5,1.8,1.5,0,vtype0
174,flow0.4,646232,5.49E+06,0,13.9105,0.398167,2.5,1.8,1.5,0,vtype0
174,flow0.40,646883,5.49E+06,0,13.9499,-0.43304,2.5,1.8,1.5,0,vtype0
174,flow0.41,646882,5.49E+06,0,13.9354,0.392314,2.5,1.8,1.5,0,vtype0
174,flow0.42,646880,5.49E+06,0,13.964,0.196697,2.5,1.8,1.5,0,vtype0
174,flow0.43,646878,5.49E+06,0,13.8976,-0.730139,2.5,1.8,1.5,0,vtype0
174,flow0.44,646875,5.49E+06,0,13.9502,2.52251,2.5,1.8,1.5,0,vtype0
174,flow0.45,646872,5.49E+06,0,10.4344,1.67433,2.5,1.8,1.5,0,vtype0
174,flow0.46,646865,5.49E+06,0,6.98813,2.6,2.5,1.8,1.5,1,vtype0
174,flow0.47,646852,5.49E+06,0,7.0125,2.03444,2.5,1.8,1.5,1,vtype0
174,flow0.48,646840,5.49E+06,0,7.01051,0.593761,2.5,1.8,1.5,1,vtype0
174,flow0.49,646827,5.49E+06,0,7.18966,-1.2614,2.5,1.8,1.5,9,vtype0
174,flow0.5,646256,5.49E+06,0,13.9029,-0.665545,2.5,1.8,1.5,0,vtype0
174,flow0.50,646814,5.49E+06,0,7.38591,-0.74893,2.5,1.8,1.5,8,vtype0
174,flow0.51,646802,5.49E+06,0,7.48209,-1.23841,2.5,1.8,1.5,8,vtype0
174,flow0.52,646792,5.49E+06,0,7.67254,1.34225,2.5,1.8,1.5,0,vtype0
174,flow0.53,646782,5.49E+06,0,7.65795,-0.538268,2.5,1.8,1.5,0,vtype0
174,flow0.54,646774,5.49E+06,0,8.04981,1.02041,2.5,1.8,1.5,0,vtype0
174,flow0.55,646779,5.49E+06,0,9.01941,-1.25372,2.5,1.8,1.5,10,vtype0
174,flow0.56,646815,5.49E+06,0,9.45501,-0.353624,2.5,1.8,1.5,2,vtype0
174,flow0.57,646829,5.49E+06,0,11.2559,-1.01569,2.5,1.8,1.5,2,vtype0
174,flow0.6,646283,5.49E+06,0,13.9489,-0.463269,2.5,1.8,1.5,0,vtype0
174,flow0.7,646369,5.49E+06,0,13.9806,0.971376,2.5,1.8,1.5,0,vtype0
174,flow0.8,646389,5.49E+06,0,13.9627,0.0941823,2.5,1.8,1.5,0,vtype0
174,flow0.9,646408,5.49E+06,0,13.873,-1.14015,2.5,1.8,1.5,0,vtype0
175,flow0.0,646079,5.49E+06,0,13.9683,0.182759,2.5,1.8,1.5,0,vtype0
175,flow0.1,646113,5.49E+06,0,13.9688,0.983645,2.5,1.8,1.5,0,vtype0
175,flow0.10,646417,5.49E+06,0,13.9031,-0.152926,2.5,1.8,1.5,0,vtype0
175,flow0.11,646435,5.49E+06,0,13.9999,0.785089,2.5,1.8,1.5,0,vtype0
175,flow0.12,646453,5.49E+06,0,13.9633,0.666135,2.5,1.8,1.5,0,vtype0
175,flow0.13,646471,5.49E+06,0,13.9606,0.149008,2.5,1.8,1.5,0,vtype0
175,flow0.14,646491,5.49E+06,0,13.9843,0.884979,2.5,1.8,1.5,0,vtype0
175,flow0.15,646513,5.49E+06,0,13.8889,0.0865767,2.5,1.8,1.5,0,vtype0
175,flow0.16,646539,5.49E+06,0,13.9673,-0.00660565,2.5,1.8,1.5,0,vtype0
175,flow0.17,646656,5.49E+06,0,13.9678,0.679633,2.5,1.8,1.5,0,vtype0
175,flow0.18,646675,5.49E+06,0,13.8787,-0.339877,2.5,1.8,1.5,0,vtype0
175,flow0.19,646694,5.49E+06,0,13.9228,-0.0123115,2.5,1.8,1.5,0,vtype0
175,flow0.2,646142,5.49E+06,0,13.8741,-0.656539,2.5,1.8,1.5,0,vtype0
175,flow0.20,646713,5.49E+06,0,13.9569,0.956431,2.5,1.8,1.5,0,vtype0
175,flow0.21,646732,5.49E+06,0,13.7888,-0.840878,2.5,1.8,1.5,0,vtype0
175,flow0.22,646751,5.49E+06,0,13.8892,-0.0891242,2.5,1.8,1.5,0,vtype0
175,flow0.23,646787,5.49E+06,0,13.9156,-0.00622152,2.5,1.8,1.5,0,vtype0
175,flow0.24,646806,5.49E+06,0,13.8487,0.435613,2.5,1.8,1.5,0,vtype0
175,flow0.25,646825,5.49E+06,0,13.819,0.715377,2.5,1.8,1.5,0,vtype0
175,flow0.26,646844,5.49E+06,0,13.6754,-0.766161,2.5,1.8,1.5,0,vtype0
175,flow0.27,646862,5.49E+06,0,13.6336,-0.657584,2.5,1.8,1.5,0,vtype0
175,flow0.28,646875,5.49E+06,0,13.6005,0.243616,2.5,1.8,1.5,0,vtype0
175,flow0.29,646879,5.49E+06,0,13.5166,-1.16292,2.5,1.8,1.5,0,vtype0
175,flow0.3,646172,5.49E+06,0,13.9131,-0.295875,2.5,1.8,1.5,0,vtype0
175,flow0.30,646880,5.49E+06,0,13.5369,1.63365,2.5,1.8,1.5,0,vtype0
175,flow0.31,646881,5.49E+06,0,13.4434,-0.43162,2.5,1.8,1.5,0,vtype0
175,flow0.32,646883,5.49E+06,0,13.7381,-0.560256,2.5,1.8,1.5,0,vtype0
175,flow0.33,646885,5.49E+06,0,13.9038,-0.131725,2.5,1.8,1.5,0,vtype0
175,flow0.34,646886,5.49E+06,0,13.993,1.05622,2.5,1.8,1.5,0,vtype0
175,flow0.35,646888,5.49E+06,0,13.9606,0.101596,2.5,1.8,1.5,0,vtype0
175,flow0.36,646890,5.49E+06,0,13.8872,-0.616824,2.5,1.8,1.5,0,vtype0
175,flow0.37,646890,5.49E+06,0,13.8729,-0.502971,2.5,1.8,1.5,0,vtype0
175,flow0.38,646888,5.49E+06,0,13.8901,-0.284858,2.5,1.8,1.5,0,vtype0
175,flow0.39,646886,5.49E+06,0,13.9114,-0.647231,2.5,1.8,1.5,0,vtype0
175,flow0.4,646222,5.49E+06,0,13.9733,0.424808,2.5,1.8,1.5,0,vtype0
175,flow0.40,646884,5.49E+06,0,13.9408,0.0207079,2.5,1.8,1.5,0,vtype0
175,flow0.41,646883,5.49E+06,0,13.9178,-0.773779,2.5,1.8,1.5,0,vtype0
175,flow0.42,646881,5.49E+06,0,13.8868,-0.860452,2.5,1.8,1.5,0,vtype0
175,flow0.43,646879,5.49E+06,0,13.9282,-0.65674,2.5,1.8,1.5,0,vtype0
175,flow0.44,646877,5.49E+06,0,13.9902,0.391921,2.5,1.8,1.5,0,vtype0
175,flow0.45,646874,5.49E+06,0,12.2566,1.4563,2.5,1.8,1.5,0,vtype0
175,flow0.46,646871,5.49E+06,0,9.112,1.39161,2.5,1.8,1.5,0,vtype0
175,flow0.47,646860,5.49E+06,0,7.96822,-3.70394,2.5,1.8,1.5,9,vtype0
175,flow0.48,646847,5.49E+06,0,8.07677,1.50311,2.5,1.8,1.5,1,vtype0
175,flow0.49,646835,5.49E+06,0,7.73823,-0.490195,2.5,1.8,1.5,1,vtype0
175,flow0.5,646246,5.49E+06,0,13.9301,-0.337491,2.5,1.8,1.5,0,vtype0
175,flow0.50,646822,5.49E+06,0,7.67771,1.06131,2.5,1.8,1.5,0,vtype0
175,flow0.51,646809,5.49E+06,0,7.54918,0.336808,2.5,1.8,1.5,0,vtype0
175,flow0.52,646798,5.49E+06,0,7.54799,0.076351,2.5,1.8,1.5,0,vtype0
175,flow0.53,646788,5.49E+06,0,7.53744,-0.818651,2.5,1.8,1.5,8,vtype0
175,flow0.54,646778,5.49E+06,0,7.90208,0.322701,2.5,1.8,1.5,0,vtype0
175,flow0.55,646775,5.49E+06,0,8.62685,-0.69396,2.5,1.8,1.5,2,vtype0
175,flow0.56,646808,5.49E+06,0,9.38829,-0.381871,2.5,1.8,1.5,2,vtype0
175,flow0.57,646821,5.49E+06,0,10.782,0.0207203,2.5,1.8,1.5,2,vtype0
175,flow0.58,646846,5.49E+06,0,13.0823,-0.44358,2.5,1.8,1.5,0,vtype0
175,flow0.6,646273,5.49E+06,0,13.9358,-0.480355,2.5,1.8,1.5,0,vtype0
175,flow0.7,646359,5.49E+06,0,13.9593,0.0798091,2.5,1.8,1.5,0,vtype0
175,flow0.8,646379,5.49E+06,0,13.9517,0.694904,2.5,1.8,1.5,0,vtype0
175,flow0.9,646398,5.49E+06,0,13.8708,-0.114858,2.5,1.8,1.5,0,vtype0
176,flow0.0,646069,5.49E+06,0,13.9199,-0.726087,2.5,1.8,1.5,0,vtype0
176,flow0.1,646103,5.49E+06,0,13.9217,-0.0392984,2.5,1.8,1.5,0,vtype0
176,flow0.10,646408,5.49E+06,0,13.8775,-0.759038,2.5,1.8,1.5,0,vtype0
176,flow0.11,646425,5.49E+06,0,13.9628,-0.0098584,2.5,1.8,1.5,0,vtype0
176,flow0.12,646443,5.49E+06,0,13.8806,-0.755184,2.5,1.8,1.5,0,vtype0
176,flow0.13,646461,5.49E+06,0,13.8765,-0.509762,2.5,1.8,1.5,0,vtype0
176,flow0.14,646481,5.49E+06,0,13.9923,1.05875,2.5,1.8,1.5,0,vtype0
176,flow0.15,646503,5.49E+06,0,13.8854,-0.0840378,2.5,1.8,1.5,0,vtype0
176,flow0.16,646530,5.49E+06,0,13.9649,0.36051,2.5,1.8,1.5,0,vtype0
176,flow0.17,646642,5.49E+06,0,13.9489,-0.184436,2.5,1.8,1.5,0,vtype0
176,flow0.18,646661,5.49E+06,0,13.9999,0.899913,2.5,1.8,1.5,0,vtype0
176,flow0.19,646680,5.49E+06,0,13.841,-1.24902,2.5,1.8,1.5,0,vtype0
176,flow0.2,646132,5.49E+06,0,13.9129,0.163831,2.5,1.8,1.5,0,vtype0
176,flow0.20,646699,5.49E+06,0,13.956,0.740246,2.5,1.8,1.5,0,vtype0
176,flow0.21,646718,5.49E+06,0,13.9038,-0.176499,2.5,1.8,1.5,0,vtype0
176,flow0.22,646737,5.49E+06,0,13.8884,-0.361725,2.5,1.8,1.5,0,vtype0
176,flow0.23,646773,5.49E+06,0,13.9201,-0.0976341,2.5,1.8,1.5,0,vtype0
176,flow0.24,646792,5.49E+06,0,13.9495,-0.480987,2.5,1.8,1.5,0,vtype0
176,flow0.25,646811,5.49E+06,0,13.9486,0.808864,2.5,1.8,1.5,0,vtype0
176,flow0.26,646830,5.49E+06,0,13.7504,-0.377141,2.5,1.8,1.5,0,vtype0
176,flow0.27,646849,5.49E+06,0,13.6707,-0.727219,2.5,1.8,1.5,0,vtype0
176,flow0.28,646866,5.49E+06,0,13.7157,0.316156,2.5,1.8,1.5,0,vtype0
176,flow0.29,646877,5.49E+06,0,13.6747,0.904227,2.5,1.8,1.5,0,vtype0
176,flow0.3,646162,5.49E+06,0,13.9957,0.989042,2.5,1.8,1.5,0,vtype0
176,flow0.30,646879,5.49E+06,0,13.5959,-0.0454527,2.5,1.8,1.5,0,vtype0
176,flow0.31,646880,5.49E+06,0,13.6318,1.51308,2.5,1.8,1.5,0,vtype0
176,flow0.32,646882,5.49E+06,0,13.6486,-0.916981,2.5,1.8,1.5,0,vtype0
176,flow0.33,646883,5.49E+06,0,13.9084,-0.636074,2.5,1.8,1.5,0,vtype0
176,flow0.34,646885,5.49E+06,0,13.9612,0.912056,2.5,1.8,1.5,0,vtype0
176,flow0.35,646887,5.49E+06,0,13.8898,-0.105048,2.5,1.8,1.5,0,vtype0
176,flow0.36,646889,5.49E+06,0,13.9139,-0.268158,2.5,1.8,1.5,0,vtype0
176,flow0.37,646891,5.49E+06,0,13.9937,0.634342,2.5,1.8,1.5,0,vtype0
176,flow0.38,646889,5.49E+06,0,13.8716,-0.0932104,2.5,1.8,1.5,0,vtype0
176,flow0.39,646887,5.49E+06,0,13.9744,-0.0894416,2.5,1.8,1.5,0,vtype0
176,flow0.4,646212,5.49E+06,0,13.9229,-0.263771,2.5,1.8,1.5,0,vtype0
176,flow0.40,646885,5.49E+06,0,13.9516,0.784849,2.5,1.8,1.5,0,vtype0
176,flow0.41,646884,5.49E+06,0,13.945,-0.170586,2.5,1.8,1.5,0,vtype0
176,flow0.42,646882,5.49E+06,0,13.898,-0.914182,2.5,1.8,1.5,0,vtype0
176,flow0.43,646880,5.49E+06,0,13.8956,-0.651577,2.5,1.8,1.5,0,vtype0
176,flow0.44,646879,5.49E+06,0,13.8812,-0.53271,2.5,1.8,1.5,0,vtype0
176,flow0.45,646876,5.49E+06,0,13.9929,-0.0062626,2.5,1.8,1.5,0,vtype0
176,flow0.46,646872,5.49E+06,0,10.8717,2.19836,2.5,1.8,1.5,0,vtype0
176,flow0.47,646867,5.49E+06,0,7.70547,1.86732,2.5,1.8,1.5,0,vtype0
176,flow0.48,646854,5.49E+06,0,7.38106,1.34752,2.5,1.8,1.5,1,vtype0
176,flow0.49,646842,5.49E+06,0,7.3397,0.970379,2.5,1.8,1.5,1,vtype0
176,flow0.5,646236,5.49E+06,0,13.9647,0.21707,2.5,1.8,1.5,0,vtype0
176,flow0.50,646829,5.49E+06,0,7.33303,0.265416,2.5,1.8,1.5,1,vtype0
176,flow0.51,646817,5.49E+06,0,7.43424,0.91642,2.5,1.8,1.5,0,vtype0
176,flow0.52,646804,5.49E+06,0,7.4764,1.43579,2.5,1.8,1.5,0,vtype0
176,flow0.53,646794,5.49E+06,0,7.40881,-1.41577,2.5,1.8,1.5,8,vtype0
176,flow0.54,646784,5.49E+06,0,7.68083,-0.175266,2.5,1.8,1.5,0,vtype0
176,flow0.55,646774,5.49E+06,0,8.38166,0.0938252,2.5,1.8,1.5,0,vtype0
176,flow0.56,646801,5.49E+06,0,9.50583,0.305787,2.5,1.8,1.5,2,vtype0
176,flow0.57,646814,5.49E+06,0,10.4982,-0.117763,2.5,1.8,1.5,2,vtype0
176,flow0.58,646836,5.49E+06,0,13.1135,0.123226,2.5,1.8,1.5,0,vtype0
176,flow0.6,646263,5.49E+06,0,13.9891,-0.0801629,2.5,1.8,1.5,0,vtype0
176,flow0.7,646349,5.49E+06,0,13.9733,0.14341,2.5,1.8,1.5,0,vtype0
176,flow0.8,646369,5.49E+06,0,13.9494,0.637316,2.5,1.8,1.5,0,vtype0
176,flow0.9,646388,5.49E+06,0,13.901,-0.852289,2.5,1.8,1.5,0,vtype0
177,flow0.0,646059,5.49E+06,0,13.9695,0.342787,2.5,1.8,1.5,0,vtype0
177,flow0.1,646093,5.49E+06,0,13.9035,-0.590124,2.5,1.8,1.5,0,vtype0
177,flow0.10,646398,5.49E+06,0,13.8779,-1.03335,2.5,1.8,1.5,0,vtype0
177,flow0.11,646415,5.49E+06,0,13.9224,0.247562,2.5,1.8,1.5,0,vtype0
177,flow0.12,646433,5.49E+06,0,13.9997,0.724581,2.5,1.8,1.5,0,vtype0
177,flow0.13,646451,5.49E+06,0,13.9614,0.465498,2.5,1.8,1.5,0,vtype0
177,flow0.14,646471,5.49E+06,0,13.9004,-0.609837,2.5,1.8,1.5,0,vtype0
177,flow0.15,646494,5.49E+06,0,13.9693,0.540582,2.5,1.8,1.5,0,vtype0
177,flow0.16,646520,5.49E+06,0,13.8884,-0.520357,2.5,1.8,1.5,0,vtype0
177,flow0.17,646629,5.49E+06,0,13.9942,1.18851,2.5,1.8,1.5,0,vtype0
177,flow0.18,646647,5.49E+06,0,13.875,-0.0307734,2.5,1.8,1.5,0,vtype0
177,flow0.19,646666,5.49E+06,0,13.902,-0.107746,2.5,1.8,1.5,0,vtype0
177,flow0.2,646122,5.49E+06,0,13.9549,0.448881,2.5,1.8,1.5,0,vtype0
177,flow0.20,646685,5.49E+06,0,13.9488,0.911947,2.5,1.8,1.5,0,vtype0
177,flow0.21,646704,5.49E+06,0,13.8126,-0.360595,2.5,1.8,1.5,0,vtype0
177,flow0.22,646723,5.49E+06,0,13.8606,0.0983866,2.5,1.8,1.5,0,vtype0
177,flow0.23,646759,5.49E+06,0,13.8898,0.117712,2.5,1.8,1.5,0,vtype0
177,flow0.24,646778,5.49E+06,0,13.8942,0.942449,2.5,1.8,1.5,0,vtype0
177,flow0.25,646797,5.49E+06,0,13.7765,-1.95072,2.5,1.8,1.5,8,vtype0
177,flow0.26,646816,5.49E+06,0,13.8881,0.717386,2.5,1.8,1.5,0,vtype0
177,flow0.27,646835,5.49E+06,0,13.7703,-0.907078,2.5,1.8,1.5,0,vtype0
177,flow0.28,646853,5.49E+06,0,13.7275,0.0278758,2.5,1.8,1.5,0,vtype0
177,flow0.29,646870,5.49E+06,0,13.6383,-0.0118372,2.5,1.8,1.5,0,vtype0
177,flow0.3,646152,5.49E+06,0,13.9113,-0.250588,2.5,1.8,1.5,0,vtype0
177,flow0.30,646878,5.49E+06,0,13.5664,0.308679,2.5,1.8,1.5,0,vtype0
177,flow0.31,646879,5.49E+06,0,13.5026,-0.0053325,2.5,1.8,1.5,0,vtype0
177,flow0.32,646880,5.49E+06,0,13.6786,-0.411904,2.5,1.8,1.5,0,vtype0
177,flow0.33,646882,5.49E+06,0,13.9339,0.155278,2.5,1.8,1.5,0,vtype0
177,flow0.34,646884,5.49E+06,0,13.9825,0.134828,2.5,1.8,1.5,0,vtype0
177,flow0.35,646886,5.49E+06,0,13.9828,0.103661,2.5,1.8,1.5,0,vtype0
177,flow0.36,646888,5.49E+06,0,13.9394,0.185903,2.5,1.8,1.5,0,vtype0
177,flow0.37,646890,5.49E+06,0,13.892,0.00329891,2.5,1.8,1.5,0,vtype0
177,flow0.38,646890,5.49E+06,0,13.8979,-0.560272,2.5,1.8,1.5,0,vtype0
177,flow0.39,646888,5.49E+06,0,13.9498,0.154848,2.5,1.8,1.5,0,vtype0
177,flow0.4,646202,5.49E+06,0,13.9428,0.420491,2.5,1.8,1.5,0,vtype0
177,flow0.40,646886,5.49E+06,0,13.8957,0.205494,2.5,1.8,1.5,0,vtype0
177,flow0.41,646885,5.49E+06,0,13.9779,1.0279,2.5,1.8,1.5,0,vtype0
177,flow0.42,646883,5.49E+06,0,13.9602,0.699501,2.5,1.8,1.5,0,vtype0
177,flow0.43,646881,5.49E+06,0,13.9829,0.257759,2.5,1.8,1.5,0,vtype0
177,flow0.44,646879,5.49E+06,0,13.9478,-0.46616,2.5,1.8,1.5,0,vtype0
177,flow0.45,646878,5.49E+06,0,13.9224,-0.768928,2.5,1.8,1.5,0,vtype0
177,flow0.46,646874,5.49E+06,0,12.8838,1.60997,2.5,1.8,1.5,0,vtype0
177,flow0.47,646871,5.49E+06,0,9.81003,2.01369,2.5,1.8,1.5,0,vtype0
177,flow0.48,646862,5.49E+06,0,6.65603,-4.5,2.5,1.8,1.5,9,vtype0
177,flow0.49,646849,5.49E+06,0,7.25256,-2.65023,2.5,1.8,1.5,9,vtype0
177,flow0.5,646226,5.49E+06,0,13.9234,-0.664769,2.5,1.8,1.5,0,vtype0
177,flow0.50,646837,5.49E+06,0,7.58584,-1.07307,2.5,1.8,1.5,9,vtype0
177,flow0.51,646824,5.49E+06,0,7.69763,-1.17009,2.5,1.8,1.5,8,vtype0
177,flow0.52,646812,5.49E+06,0,7.77098,0.875197,2.5,1.8,1.5,0,vtype0
177,flow0.53,646800,5.49E+06,0,7.65869,0.712237,2.5,1.8,1.5,0,vtype0
177,flow0.54,646790,5.49E+06,0,7.65386,-0.781617,2.5,1.8,1.5,8,vtype0
177,flow0.55,646779,5.49E+06,0,8.11522,-0.76162,2.5,1.8,1.5,8,vtype0
177,flow0.56,646795,5.49E+06,0,9.40178,-0.742451,2.5,1.8,1.5,2,vtype0
177,flow0.57,646807,5.49E+06,0,10.1526,-0.313942,2.5,1.8,1.5,2,vtype0
177,flow0.58,646827,5.49E+06,0,13.0607,-0.10446,2.5,1.8,1.5,2,vtype0
177,flow0.6,646253,5.49E+06,0,13.9497,0.693663,2.5,1.8,1.5,0,vtype0
177,flow0.7,646340,5.49E+06,0,13.9848,0.70122,2.5,1.8,1.5,0,vtype0
177,flow0.8,646360,5.49E+06,0,13.8864,-0.132334,2.5,1.8,1.5,0,vtype0
177,flow0.9,646378,5.49E+06,0,13.9494,0.314422,2.5,1.8,1.5,0,vtype0
178,flow0.0,646050,5.49E+06,0,13.9361,0.0104724,2.5,1.8,1.5,0,vtype0
178,flow0.1,646083,5.49E+06,0,13.8858,-0.0262211,2.5,1.8,1.5,0,vtype0
178,flow0.10,646388,5.49E+06,0,13.9993,0.272623,2.5,1.8,1.5,0,vtype0
178,flow0.11,646405,5.49E+06,0,13.9646,0.0595684,2.5,1.8,1.5,0,vtype0
178,flow0.12,646423,5.49E+06,0,13.9238,-0.44707,2.5,1.8,1.5,0,vtype0
178,flow0.13,646441,5.49E+06,0,13.9379,0.312606,2.5,1.8,1.5,0,vtype0
178,flow0.14,646461,5.49E+06,0,13.9658,0.234576,2.5,1.8,1.5,0,vtype0
178,flow0.15,646484,5.49E+06,0,13.9745,0.420402,2.5,1.8,1.5,0,vtype0
178,flow0.16,646511,5.49E+06,0,13.9712,-0.206155,2.5,1.8,1.5,0,vtype0
178,flow0.17,646616,5.49E+06,0,13.8938,-0.321588,2.5,1.8,1.5,0,vtype0
178,flow0.18,646634,5.49E+06,0,13.9908,1.20096,2.5,1.8,1.5,0,vtype0
178,flow0.19,646652,5.49E+06,0,13.9044,0.160563,2.5,1.8,1.5,0,vtype0
178,flow0.2,646112,5.49E+06,0,13.9194,-0.690159,2.5,1.8,1.5,0,vtype0
178,flow0.20,646671,5.49E+06,0,13.9292,0.285255,2.5,1.8,1.5,0,vtype0
178,flow0.21,646690,5.49E+06,0,13.9261,0.157977,2.5,1.8,1.5,0,vtype0
178,flow0.22,646709,5.49E+06,0,13.8759,-0.423033,2.5,1.8,1.5,0,vtype0
178,flow0.23,646745,5.49E+06,0,13.9558,-0.159028,2.5,1.8,1.5,0,vtype0
178,flow0.24,646764,5.49E+06,0,13.9224,0.102931,2.5,1.8,1.5,0,vtype0
178,flow0.25,646783,5.49E+06,0,13.9319,0.999436,2.5,1.8,1.5,0,vtype0
178,flow0.26,646802,5.49E+06,0,13.8591,-0.00110939,2.5,1.8,1.5,0,vtype0
178,flow0.27,646821,5.49E+06,0,13.7503,-0.311738,2.5,1.8,1.5,0,vtype0
178,flow0.28,646840,5.49E+06,0,13.7349,0.297311,2.5,1.8,1.5,0,vtype0
178,flow0.29,646858,5.49E+06,0,13.6553,0.441085,2.5,1.8,1.5,0,vtype0
178,flow0.3,646142,5.49E+06,0,13.8854,-0.4015,2.5,1.8,1.5,0,vtype0
178,flow0.30,646873,5.49E+06,0,13.5669,-1.07516,2.5,1.8,1.5,0,vtype0
178,flow0.31,646879,5.49E+06,0,13.5938,-0.099171,2.5,1.8,1.5,0,vtype0
178,flow0.32,646880,5.49E+06,0,13.7258,0.151014,2.5,1.8,1.5,0,vtype0
178,flow0.33,646881,5.49E+06,0,13.8812,-1.13035,2.5,1.8,1.5,0,vtype0
178,flow0.34,646883,5.49E+06,0,13.9515,-0.0459277,2.5,1.8,1.5,0,vtype0
178,flow0.35,646885,5.49E+06,0,13.8805,-0.385937,2.5,1.8,1.5,0,vtype0
178,flow0.36,646887,5.49E+06,0,13.9612,-0.111896,2.5,1.8,1.5,0,vtype0
178,flow0.37,646889,5.49E+06,0,13.9791,0.985077,2.5,1.8,1.5,0,vtype0
178,flow0.38,646891,5.49E+06,0,13.989,0.339949,2.5,1.8,1.5,0,vtype0
178,flow0.39,646889,5.49E+06,0,13.9344,-0.319947,2.5,1.8,1.5,0,vtype0
178,flow0.4,646192,5.49E+06,0,13.9787,0.318577,2.5,1.8,1.5,0,vtype0
178,flow0.40,646887,5.49E+06,0,13.8768,-0.276111,2.5,1.8,1.5,0,vtype0
178,flow0.41,646886,5.49E+06,0,13.8947,-0.300323,2.5,1.8,1.5,0,vtype0
178,flow0.42,646884,5.49E+06,0,13.8973,-0.996881,2.5,1.8,1.5,0,vtype0
178,flow0.43,646882,5.49E+06,0,13.9822,0.406946,2.5,1.8,1.5,0,vtype0
178,flow0.44,646881,5.49E+06,0,13.9089,-0.358996,2.5,1.8,1.5,0,vtype0
178,flow0.45,646879,5.49E+06,0,13.9538,0.779373,2.5,1.8,1.5,0,vtype0
178,flow0.46,646876,5.49E+06,0,13.892,-0.847406,2.5,1.8,1.5,0,vtype0
178,flow0.47,646873,5.49E+06,0,11.6424,1.34885,2.5,1.8,1.5,0,vtype0
178,flow0.48,646869,5.49E+06,0,8.19771,1.50839,2.5,1.8,1.5,0,vtype0
178,flow0.49,646857,5.49E+06,0,7.85534,1.73695,2.5,1.8,1.5,1,vtype0
178,flow0.5,646216,5.49E+06,0,13.8997,-0.416627,2.5,1.8,1.5,0,vtype0
178,flow0.50,646844,5.49E+06,0,7.53908,-0.735229,2.5,1.8,1.5,9,vtype0
178,flow0.51,646832,5.49E+06,0,7.57275,0.991439,2.5,1.8,1.5,1,vtype0
178,flow0.52,646819,5.49E+06,0,7.48196,1.09125,2.5,1.8,1.5,0,vtype0
178,flow0.53,646806,5.49E+06,0,7.41681,-0.643237,2.5,1.8,1.5,0,vtype0
178,flow0.54,646795,5.49E+06,0,7.62187,0.571699,2.5,1.8,1.5,0,vtype0
178,flow0.55,646785,5.49E+06,0,7.93193,1.2014,2.5,1.8,1.5,0,vtype0
178,flow0.56,646788,5.49E+06,0,9.38476,-0.432945,2.5,1.8,1.5,2,vtype0
178,flow0.57,646800,5.49E+06,0,9.91764,-0.447937,2.5,1.8,1.5,2,vtype0
178,flow0.58,646818,5.49E+06,0,13.0787,-0.446966,2.5,1.8,1.5,2,vtype0
178,flow0.59,646846,5.49E+06,0,12.6839,0.271666,2.5,1.8,1.5,0,vtype0
178,flow0.6,646243,5.49E+06,0,13.9338,-0.34913,2.5,1.8,1.5,0,vtype0
178,flow0.7,646330,5.49E+06,0,13.9515,0.176744,2.5,1.8,1.5,0,vtype0
178,flow0.8,646350,5.49E+06,0,13.9902,0.839801,2.5,1.8,1.5,0,vtype0
178,flow0.9,646368,5.49E+06,0,13.9094,-0.492807,2.5,1.8,1.5,0,vtype0
179,flow0.0,646040,5.49E+06,0,13.9392,-0.212772,2.5,1.8,1.5,0,vtype0
179,flow0.1,646073,5.49E+06,0,13.9116,-0.650798,2.5,1.8,1.5,0,vtype0
179,flow0.10,646378,5.49E+06,0,13.932,-0.255834,2.5,1.8,1.5,0,vtype0
179,flow0.11,646395,5.49E+06,0,13.9934,0.871716,2.5,1.8,1.5,0,vtype0
179,flow0.12,646413,5.49E+06,0,13.878,-0.460919,2.5,1.8,1.5,0,vtype0
179,flow0.13,646431,5.49E+06,0,13.9742,0.507041,2.5,1.8,1.5,0,vtype0
179,flow0.14,646451,5.49E+06,0,13.8752,0.0158842,2.5,1.8,1.5,0,vtype0
179,flow0.15,646474,5.49E+06,0,13.9795,0.137779,2.5,1.8,1.5,0,vtype0
179,flow0.16,646501,5.49E+06,0,13.8715,-0.881675,2.5,1.8,1.5,0,vtype0
179,flow0.17,646604,5.49E+06,0,13.9152,-0.544591,2.5,1.8,1.5,0,vtype0
179,flow0.18,646621,5.49E+06,0,13.9218,0.692075,2.5,1.8,1.5,0,vtype0
179,flow0.19,646639,5.49E+06,0,13.8246,-0.962986,2.5,1.8,1.5,0,vtype0
179,flow0.2,646102,5.49E+06,0,13.9281,-0.462641,2.5,1.8,1.5,0,vtype0
179,flow0.20,646657,5.49E+06,0,13.9302,-0.0517479,2.5,1.8,1.5,0,vtype0
179,flow0.21,646676,5.49E+06,0,13.9456,0.267806,2.5,1.8,1.5,0,vtype0
179,flow0.22,646695,5.49E+06,0,13.9502,0.219209,2.5,1.8,1.5,0,vtype0
179,flow0.23,646731,5.49E+06,0,13.9893,1.14241,2.5,1.8,1.5,0,vtype0
179,flow0.24,646750,5.49E+06,0,13.9372,-0.481837,2.5,1.8,1.5,0,vtype0
179,flow0.25,646769,5.49E+06,0,13.8912,0.0763614,2.5,1.8,1.5,0,vtype0
179,flow0.26,646788,5.49E+06,0,13.8132,-0.947353,2.5,1.8,1.5,0,vtype0
179,flow0.27,646807,5.49E+06,0,13.8914,0.545948,2.5,1.8,1.5,0,vtype0
179,flow0.28,646826,5.49E+06,0,13.8078,-0.354861,2.5,1.8,1.5,0,vtype0
179,flow0.29,646845,5.49E+06,0,13.7901,1.33819,2.5,1.8,1.5,0,vtype0
179,flow0.3,646132,5.49E+06,0,13.9589,0.845645,2.5,1.8,1.5,0,vtype0
179,flow0.30,646863,5.49E+06,0,13.6375,-0.095113,2.5,1.8,1.5,0,vtype0
179,flow0.31,646876,5.49E+06,0,13.5732,-1.36786,2.5,1.8,1.5,0,vtype0
179,flow0.32,646879,5.49E+06,0,13.7553,-0.0773484,2.5,1.8,1.5,0,vtype0
179,flow0.33,646880,5.49E+06,0,13.9814,0.907426,2.5,1.8,1.5,0,vtype0
179,flow0.34,646882,5.49E+06,0,13.9262,0.145755,2.5,1.8,1.5,0,vtype0
179,flow0.35,646884,5.49E+06,0,13.8822,-0.335889,2.5,1.8,1.5,0,vtype0
179,flow0.36,646886,5.49E+06,0,13.9928,0.483372,2.5,1.8,1.5,0,vtype0
179,flow0.37,646888,5.49E+06,0,13.8758,-0.0975115,2.5,1.8,1.5,0,vtype0
179,flow0.38,646890,5.49E+06,0,13.9031,-0.534172,2.5,1.8,1.5,0,vtype0
179,flow0.39,646890,5.49E+06,0,13.8736,-0.295505,2.5,1.8,1.5,0,vtype0
179,flow0.4,646182,5.49E+06,0,13.9602,0.659889,2.5,1.8,1.5,0,vtype0
179,flow0.40,646888,5.49E+06,0,13.9093,-0.751826,2.5,1.8,1.5,0,vtype0
179,flow0.41,646887,5.49E+06,0,13.9015,-0.307206,2.5,1.8,1.5,0,vtype0
179,flow0.42,646885,5.49E+06,0,13.9005,-0.918801,2.5,1.8,1.5,0,vtype0
179,flow0.43,646883,5.49E+06,0,13.9679,-0.114499,2.5,1.8,1.5,0,vtype0
179,flow0.44,646882,5.49E+06,0,13.9475,0.764095,2.5,1.8,1.5,0,vtype0
179,flow0.45,646880,5.49E+06,0,13.9314,-0.517797,2.5,1.8,1.5,0,vtype0
179,flow0.46,646878,5.49E+06,0,13.9326,-0.095595,2.5,1.8,1.5,0,vtype0
179,flow0.47,646875,5.49E+06,0,12.4149,0.0141841,2.5,1.8,1.5,0,vtype0
179,flow0.48,646872,5.49E+06,0,10.2337,2.15435,2.5,1.8,1.5,0,vtype0
179,flow0.49,646864,5.49E+06,0,6.72188,2.6,2.5,1.8,1.5,1,vtype0
179,flow0.5,646206,5.49E+06,0,13.9276,-0.6362,2.5,1.8,1.5,0,vtype0
179,flow0.50,646851,5.49E+06,0,6.8894,2.1338,2.5,1.8,1.5,1,vtype0
179,flow0.51,646839,5.49E+06,0,6.91949,-2.22199,2.5,1.8,1.5,9,vtype0
179,flow0.52,646826,5.49E+06,0,7.23731,-1.39954,2.5,1.8,1.5,8,vtype0
179,flow0.53,646814,5.49E+06,0,7.49851,-0.836991,2.5,1.8,1.5,8,vtype0
179,flow0.54,646801,5.49E+06,0,7.62841,-0.410185,2.5,1.8,1.5,0,vtype0
179,flow0.55,646791,5.49E+06,0,7.87896,-0.0384667,2.5,1.8,1.5,0,vtype0
179,flow0.56,646782,5.49E+06,0,9.49286,0.93226,2.5,1.8,1.5,2,vtype0
179,flow0.57,646793,5.49E+06,0,9.843,-0.279833,2.5,1.8,1.5,2,vtype0
179,flow0.58,646809,5.49E+06,0,12.3769,-0.781903,2.5,1.8,1.5,2,vtype0
179,flow0.59,646837,5.49E+06,0,12.6137,0.0702998,2.5,1.8,1.5,0,vtype0
179,flow0.6,646233,5.49E+06,0,13.9447,0.669433,2.5,1.8,1.5,0,vtype0
179,flow0.7,646320,5.49E+06,0,13.9919,0.153072,2.5,1.8,1.5,0,vtype0
179,flow0.8,646340,5.49E+06,0,13.9256,-0.0146437,2.5,1.8,1.5,0,vtype0
179,flow0.9,646359,5.49E+06,0,13.9311,-0.145443,2.5,1.8,1.5,0,vtype0
180,flow0.0,646030,5.49E+06,0,13.924,-0.170802,2.5,1.8,1.5,0,vtype0
180,flow0.1,646063,5.49E+06,0,13.983,-0.110282,2.5,1.8,1.5,0,vtype0
180,flow0.10,646368,5.49E+06,0,13.9688,0.617443,2.5,1.8,1.5,0,vtype0
180,flow0.11,646385,5.49E+06,0,13.9982,0.577804,2.5,1.8,1.5,0,vtype0
180,flow0.12,646403,5.49E+06,0,13.9425,-0.183568,2.5,1.8,1.5,0,vtype0
180,flow0.13,646421,5.49E+06,0,13.9899,1.0433,2.5,1.8,1.5,0,vtype0
180,flow0.14,646441,5.49E+06,0,13.9689,0.560007,2.5,1.8,1.5,0,vtype0
180,flow0.15,646464,5.49E+06,0,13.8956,-0.0899346,2.5,1.8,1.5,0,vtype0
180,flow0.16,646492,5.49E+06,0,13.9218,-0.680532,2.5,1.8,1.5,0,vtype0
180,flow0.17,646593,5.49E+06,0,11.6004,-4.5,2.5,1.8,1.5,8,vtype0
180,flow0.18,646609,5.49E+06,0,12.4839,-3.16977,2.5,1.8,1.5,8,vtype0
180,flow0.19,646626,5.49E+06,0,13.1051,-2.87529,2.5,1.8,1.5,8,vtype0
180,flow0.2,646092,5.49E+06,0,13.8982,-0.253523,2.5,1.8,1.5,0,vtype0
180,flow0.20,646644,5.49E+06,0,13.5047,-2.48037,2.5,1.8,1.5,8,vtype0
180,flow0.21,646663,5.49E+06,0,13.7341,-2.28846,2.5,1.8,1.5,8,vtype0
180,flow0.22,646682,5.49E+06,0,13.898,-0.0104995,2.5,1.8,1.5,0,vtype0
180,flow0.23,646717,5.49E+06,0,13.8872,0.0679375,2.5,1.8,1.5,0,vtype0
180,flow0.24,646736,5.49E+06,0,13.8914,-0.113129,2.5,1.8,1.5,0,vtype0
180,flow0.25,646755,5.49E+06,0,13.9264,0.914251,2.5,1.8,1.5,0,vtype0
180,flow0.26,646774,5.49E+06,0,13.7627,-0.723489,2.5,1.8,1.5,0,vtype0
180,flow0.27,646793,5.49E+06,0,13.8717,-0.407676,2.5,1.8,1.5,0,vtype0
180,flow0.28,646812,5.49E+06,0,13.8882,0.442846,2.5,1.8,1.5,0,vtype0
180,flow0.29,646831,5.49E+06,0,13.7474,0.778909,2.5,1.8,1.5,0,vtype0
180,flow0.3,646122,5.49E+06,0,13.9612,-0.0533999,2.5,1.8,1.5,0,vtype0
180,flow0.30,646850,5.49E+06,0,13.6456,-0.565051,2.5,1.8,1.5,0,vtype0
180,flow0.31,646867,5.49E+06,0,13.644,0.414215,2.5,1.8,1.5,0,vtype0
180,flow0.32,646877,5.49E+06,0,13.6392,-0.894451,2.5,1.8,1.5,0,vtype0
180,flow0.33,646879,5.49E+06,0,13.901,-0.930556,2.5,1.8,1.5,0,vtype0
180,flow0.34,646881,5.49E+06,0,13.9451,-0.541305,2.5,1.8,1.5,0,vtype0
180,flow0.35,646883,5.49E+06,0,13.9956,0.635626,2.5,1.8,1.5,0,vtype0
180,flow0.36,646885,5.49E+06,0,13.8935,-1.04355,2.5,1.8,1.5,0,vtype0
180,flow0.37,646887,5.49E+06,0,13.9526,-0.422493,2.5,1.8,1.5,0,vtype0
180,flow0.38,646888,5.49E+06,0,13.8785,-0.117955,2.5,1.8,1.5,0,vtype0
180,flow0.39,646890,5.49E+06,0,13.9497,0.0607307,2.5,1.8,1.5,0,vtype0
180,flow0.4,646173,5.49E+06,0,13.933,-0.490109,2.5,1.8,1.5,0,vtype0
180,flow0.40,646889,5.49E+06,0,13.9549,0.837862,2.5,1.8,1.5,0,vtype0
180,flow0.41,646888,5.49E+06,0,13.9569,-0.210693,2.5,1.8,1.5,0,vtype0
180,flow0.42,646886,5.49E+06,0,13.9341,-0.0602768,2.5,1.8,1.5,0,vtype0
180,flow0.43,646884,5.49E+06,0,13.9492,0.644563,2.5,1.8,1.5,0,vtype0
180,flow0.44,646883,5.49E+06,0,13.994,1.02371,2.5,1.8,1.5,0,vtype0
180,flow0.45,646881,5.49E+06,0,13.891,-0.0855219,2.5,1.8,1.5,0,vtype0
180,flow0.46,646879,5.49E+06,0,13.892,-0.708434,2.5,1.8,1.5,0,vtype0
180,flow0.47,646877,5.49E+06,0,12.4513,0.347746,2.5,1.8,1.5,0,vtype0
180,flow0.48,646873,5.49E+06,0,12.009,1.55641,2.5,1.8,1.5,0,vtype0
180,flow0.49,646871,5.49E+06,0,8.9432,2.20414,2.5,1.8,1.5,0,vtype0
180,flow0.5,646196,5.49E+06,0,13.9824,0.803351,2.5,1.8,1.5,0,vtype0
180,flow0.50,646859,5.49E+06,0,8.3615,1.86336,2.5,1.8,1.5,1,vtype0
180,flow0.51,646846,5.49E+06,0,7.99349,1.1024,2.5,1.8,1.5,1,vtype0
180,flow0.52,646834,5.49E+06,0,7.78579,2.22829,2.5,1.8,1.5,1,vtype0
180,flow0.53,646821,5.49E+06,0,7.55657,0.881628,2.5,1.8,1.5,0,vtype0
180,flow0.54,646809,5.49E+06,0,7.50425,-0.434394,2.5,1.8,1.5,0,vtype0
180,flow0.55,646797,5.49E+06,0,7.7043,0.472289,2.5,1.8,1.5,0,vtype0
180,flow0.56,646776,5.49E+06,0,9.3773,-1.28761,2.5,1.8,1.5,10,vtype0
180,flow0.57,646786,5.49E+06,0,9.79874,0.694968,2.5,1.8,1.5,2,vtype0
180,flow0.58,646801,5.49E+06,0,11.603,-0.323577,2.5,1.8,1.5,2,vtype0
180,flow0.59,646828,5.49E+06,0,12.5939,-0.949724,2.5,1.8,1.5,2,vtype0
180,flow0.6,646223,5.49E+06,0,13.9715,0.699545,2.5,1.8,1.5,0,vtype0
180,flow0.7,646310,5.49E+06,0,13.9165,0.426493,2.5,1.8,1.5,0,vtype0
180,flow0.8,646330,5.49E+06,0,13.8881,-0.0107007,2.5,1.8,1.5,0,vtype0
180,flow0.9,646349,5.49E+06,0,13.9224,-0.477473,2.5,1.8,1.5,0,vtype0
181,flow0.0,646020,5.49E+06,0,13.9075,0.0106749,2.5,1.8,1.5,0,vtype0
181,flow0.1,646053,5.49E+06,0,13.8995,-0.873407,2.5,1.8,1.5,0,vtype0
181,flow0.10,646358,5.49E+06,0,13.9852,0.662029,2.5,1.8,1.5,0,vtype0
181,flow0.11,646375,5.49E+06,0,13.9863,0.513963,2.5,1.8,1.5,0,vtype0
181,flow0.12,646393,5.49E+06,0,13.96,-0.337544,2.5,1.8,1.5,0,vtype0
181,flow0.13,646411,5.49E+06,0,13.945,-0.436115,2.5,1.8,1.5,0,vtype0
181,flow0.14,646431,5.49E+06,0,13.9644,0.215442,2.5,1.8,1.5,0,vtype0
181,flow0.15,646454,5.49E+06,0,13.9254,0.405874,2.5,1.8,1.5,0,vtype0
181,flow0.16,646482,5.49E+06,0,13.9976,0.205279,2.5,1.8,1.5,0,vtype0
181,flow0.17,646585,5.49E+06,0,7.1299,-4.5,2.5,1.8,1.5,8,vtype0
181,flow0.18,646600,5.49E+06,0,9.28503,-3.14573,2.5,1.8,1.5,8,vtype0
181,flow0.19,646615,5.49E+06,0,10.585,-2.95506,2.5,1.8,1.5,8,vtype0
181,flow0.2,646082,5.49E+06,0,13.9031,-0.913787,2.5,1.8,1.5,0,vtype0
181,flow0.20,646632,5.49E+06,0,11.6316,-1.00934,2.5,1.8,1.5,0,vtype0
181,flow0.21,646650,5.49E+06,0,12.1595,-2.26123,2.5,1.8,1.5,8,vtype0
181,flow0.22,646668,5.49E+06,0,12.6881,-0.50717,2.5,1.8,1.5,0,vtype0
181,flow0.23,646703,5.49E+06,0,13.8791,-1.17851,2.5,1.8,1.5,0,vtype0
181,flow0.24,646722,5.49E+06,0,13.9319,0.390644,2.5,1.8,1.5,0,vtype0
181,flow0.25,646742,5.49E+06,0,13.8875,-0.327414,2.5,1.8,1.5,0,vtype0
181,flow0.26,646761,5.49E+06,0,13.8473,0.377283,2.5,1.8,1.5,0,vtype0
181,flow0.27,646780,5.49E+06,0,13.7475,0.145856,2.5,1.8,1.5,0,vtype0
181,flow0.28,646799,5.49E+06,0,13.6604,-1.34388,2.5,1.8,1.5,0,vtype0
181,flow0.29,646817,5.49E+06,0,13.8136,0.612517,2.5,1.8,1.5,0,vtype0
181,flow0.3,646112,5.49E+06,0,13.9031,-0.806789,2.5,1.8,1.5,0,vtype0
181,flow0.30,646836,5.49E+06,0,13.6768,0.00945976,2.5,1.8,1.5,0,vtype0
181,flow0.31,646855,5.49E+06,0,13.7169,-0.823261,2.5,1.8,1.5,0,vtype0
181,flow0.32,646871,5.49E+06,0,13.8405,0.607788,2.5,1.8,1.5,0,vtype0
181,flow0.33,646879,5.49E+06,0,13.927,-0.511166,2.5,1.8,1.5,0,vtype0
181,flow0.34,646880,5.49E+06,0,13.8723,-0.550229,2.5,1.8,1.5,0,vtype0
181,flow0.35,646882,5.49E+06,0,13.9575,0.0671556,2.5,1.8,1.5,0,vtype0
181,flow0.36,646883,5.49E+06,0,13.9531,0.152352,2.5,1.8,1.5,0,vtype0
181,flow0.37,646885,5.49E+06,0,13.9996,0.512241,2.5,1.8,1.5,0,vtype0
181,flow0.38,646887,5.49E+06,0,13.9964,0.742287,2.5,1.8,1.5,0,vtype0
181,flow0.39,646889,5.49E+06,0,13.9547,-0.0557975,2.5,1.8,1.5,0,vtype0
181,flow0.4,646163,5.49E+06,0,13.8772,-0.698507,2.5,1.8,1.5,0,vtype0
181,flow0.40,646890,5.49E+06,0,13.9181,0.315814,2.5,1.8,1.5,0,vtype0
181,flow0.41,646889,5.49E+06,0,13.9869,0.547228,2.5,1.8,1.5,0,vtype0
181,flow0.42,646887,5.49E+06,0,13.9508,0.353709,2.5,1.8,1.5,0,vtype0
181,flow0.43,646885,5.49E+06,0,13.8933,-0.0614907,2.5,1.8,1.5,0,vtype0
181,flow0.44,646884,5.49E+06,0,13.8879,-0.15907,2.5,1.8,1.5,0,vtype0
181,flow0.45,646882,5.49E+06,0,13.9874,1.11646,2.5,1.8,1.5,0,vtype0
181,flow0.46,646880,5.49E+06,0,13.9811,1.06289,2.5,1.8,1.5,0,vtype0
181,flow0.47,646878,5.49E+06,0,12.4723,0.903481,2.5,1.8,1.5,0,vtype0
181,flow0.48,646875,5.49E+06,0,13.3586,-0.0223535,2.5,1.8,1.5,0,vtype0
181,flow0.49,646872,5.49E+06,0,10.9256,2.25104,2.5,1.8,1.5,0,vtype0
181,flow0.5,646186,5.49E+06,0,13.9319,0.407497,2.5,1.8,1.5,0,vtype0
181,flow0.50,646866,5.49E+06,0,7.49698,2.6,2.5,1.8,1.5,1,vtype0
181,flow0.51,646854,5.49E+06,0,7.32478,1.47638,2.5,1.8,1.5,1,vtype0
181,flow0.52,646841,5.49E+06,0,7.27602,2.23875,2.5,1.8,1.5,1,vtype0
181,flow0.53,646829,5.49E+06,0,7.19494,-0.341053,2.5,1.8,1.5,1,vtype0
181,flow0.54,646816,5.49E+06,0,7.38436,0.912809,2.5,1.8,1.5,0,vtype0
181,flow0.55,646803,5.49E+06,0,7.48296,-0.389743,2.5,1.8,1.5,0,vtype0
181,flow0.56,646774,5.49E+06,0,9.3768,-1.02547,2.5,1.8,1.5,8,vtype0
181,flow0.57,646780,5.49E+06,0,9.67797,0.227426,2.5,1.8,1.5,2,vtype0
181,flow0.58,646793,5.49E+06,0,11.1307,-0.532138,2.5,1.8,1.5,2,vtype0
181,flow0.59,646819,5.49E+06,0,12.6384,0.0153085,2.5,1.8,1.5,2,vtype0
181,flow0.6,646213,5.49E+06,0,13.9533,-0.155177,2.5,1.8,1.5,0,vtype0
181,flow0.60,646847,5.49E+06,0,11.1512,-0.322145,2.5,1.8,1.5,0,vtype0
181,flow0.7,646301,5.49E+06,0,13.9468,-0.273645,2.5,1.8,1.5,0,vtype0
181,flow0.8,646321,5.49E+06,0,13.873,-0.830029,2.5,1.8,1.5,0,vtype0
181,flow0.9,646339,5.49E+06,0,13.8902,-0.733121,2.5,1.8,1.5,0,vtype0
182,flow0.0,646010,5.49E+06,0,13.8757,-1.06144,2.5,1.8,1.5,0,vtype0
182,flow0.1,646043,5.49E+06,0,13.9954,0.260547,2.5,1.8,1.5,0,vtype0
182,flow0.10,646348,5.49E+06,0,13.8791,-1.19244,2.5,1.8,1.5,0,vtype0
182,flow0.11,646365,5.49E+06,0,13.88,-1.10977,2.5,1.8,1.5,0,vtype0
182,flow0.12,646383,5.49E+06,0,13.9238,-0.183464,2.5,1.8,1.5,0,vtype0
182,flow0.13,646401,5.49E+06,0,13.9302,-0.65417,2.5,1.8,1.5,0,vtype0
182,flow0.14,646421,5.49E+06,0,13.8813,-0.374036,2.5,1.8,1.5,0,vtype0
182,flow0.15,646444,5.49E+06,0,13.9942,0.783745,2.5,1.8,1.5,0,vtype0
182,flow0.16,646472,5.49E+06,0,13.9901,0.514298,2.5,1.8,1.5,0,vtype0
182,flow0.17,646579,5.49E+06,0,8.19237,2.47303,2.5,1.8,1.5,0,vtype0
182,flow0.18,646592,5.49E+06,0,8.89897,0.480543,2.5,1.8,1.5,0,vtype0
182,flow0.19,646607,5.49E+06,0,9.73823,-0.662518,2.5,1.8,1.5,0,vtype0
182,flow0.2,646072,5.49E+06,0,13.9505,-0.270722,2.5,1.8,1.5,0,vtype0
182,flow0.20,646622,5.49E+06,0,10.6395,1.35087,2.5,1.8,1.5,0,vtype0
182,flow0.21,646639,5.49E+06,0,11.1675,0.182516,2.5,1.8,1.5,0,vtype0
182,flow0.22,646656,5.49E+06,0,11.6795,-1.42254,2.5,1.8,1.5,8,vtype0
182,flow0.23,646689,5.49E+06,0,13.9348,0.00237775,2.5,1.8,1.5,0,vtype0
182,flow0.24,646708,5.49E+06,0,13.9771,0.550607,2.5,1.8,1.5,0,vtype0
182,flow0.25,646728,5.49E+06,0,13.8629,-0.288555,2.5,1.8,1.5,0,vtype0
182,flow0.26,646747,5.49E+06,0,13.8918,-0.252127,2.5,1.8,1.5,0,vtype0
182,flow0.27,646766,5.49E+06,0,13.8304,-0.0624101,2.5,1.8,1.5,0,vtype0
182,flow0.28,646785,5.49E+06,0,13.8198,0.360213,2.5,1.8,1.5,0,vtype0
182,flow0.29,646804,5.49E+06,0,13.7832,-0.188422,2.5,1.8,1.5,0,vtype0
182,flow0.3,646102,5.49E+06,0,13.9249,-0.479325,2.5,1.8,1.5,0,vtype0
182,flow0.30,646823,5.49E+06,0,13.7485,0.423236,2.5,1.8,1.5,0,vtype0
182,flow0.31,646842,5.49E+06,0,13.7255,-0.0762725,2.5,1.8,1.5,0,vtype0
182,flow0.32,646860,5.49E+06,0,13.7067,-1.01457,2.5,1.8,1.5,0,vtype0
182,flow0.33,646876,5.49E+06,0,13.9412,-0.227855,2.5,1.8,1.5,0,vtype0
182,flow0.34,646879,5.49E+06,0,13.8823,-0.149608,2.5,1.8,1.5,0,vtype0
182,flow0.35,646881,5.49E+06,0,13.9655,0.83534,2.5,1.8,1.5,0,vtype0
182,flow0.36,646882,5.49E+06,0,13.9956,0.336637,2.5,1.8,1.5,0,vtype0
182,flow0.37,646884,5.49E+06,0,13.9629,0.058226,2.5,1.8,1.5,0,vtype0
182,flow0.38,646886,5.49E+06,0,13.8876,-0.367593,2.5,1.8,1.5,0,vtype0
182,flow0.39,646888,5.49E+06,0,13.9203,0.298024,2.5,1.8,1.5,0,vtype0
182,flow0.4,646153,5.49E+06,0,13.9822,0.0246828,2.5,1.8,1.5,0,vtype0
182,flow0.40,646890,5.49E+06,0,13.9438,-0.427803,2.5,1.8,1.5,0,vtype0
182,flow0.41,646890,5.49E+06,0,13.9776,0.117605,2.5,1.8,1.5,0,vtype0
182,flow0.42,646888,5.49E+06,0,13.9844,0.457887,2.5,1.8,1.5,0,vtype0
182,flow0.43,646886,5.49E+06,0,13.9264,-0.351564,2.5,1.8,1.5,0,vtype0
182,flow0.44,646885,5.49E+06,0,13.9459,0.281921,2.5,1.8,1.5,0,vtype0
182,flow0.45,646883,5.49E+06,0,13.9802,0.907845,2.5,1.8,1.5,0,vtype0
182,flow0.46,646881,5.49E+06,0,13.9373,0.345,2.5,1.8,1.5,0,vtype0
182,flow0.47,646879,5.49E+06,0,12.4058,-0.640741,2.5,1.8,1.5,0,vtype0
182,flow0.48,646877,5.49E+06,0,13.1878,1.35972,2.5,1.8,1.5,0,vtype0
182,flow0.49,646874,5.49E+06,0,12.9676,1.72896,2.5,1.8,1.5,0,vtype0
182,flow0.5,646176,5.49E+06,0,13.8701,-0.223797,2.5,1.8,1.5,0,vtype0
182,flow0.50,646871,5.49E+06,0,9.39466,2.35724,2.5,1.8,1.5,0,vtype0
182,flow0.51,646861,5.49E+06,0,7.13439,-3.69315,2.5,1.8,1.5,9,vtype0
182,flow0.52,646849,5.49E+06,0,7.57126,-1.5446,2.5,1.8,1.5,9,vtype0
182,flow0.53,646836,5.49E+06,0,7.68568,-0.485157,2.5,1.8,1.5,1,vtype0
182,flow0.54,646823,5.49E+06,0,7.67033,0.237792,2.5,1.8,1.5,0,vtype0
182,flow0.55,646811,5.49E+06,0,7.64289,0.488588,2.5,1.8,1.5,0,vtype0
182,flow0.56,646777,5.49E+06,0,9.47261,0.264011,2.5,1.8,1.5,0,vtype0
182,flow0.57,646775,5.49E+06,0,9.54562,-0.344111,2.5,1.8,1.5,2,vtype0
182,flow0.58,646785,5.49E+06,0,10.6973,-0.888532,2.5,1.8,1.5,2,vtype0
182,flow0.59,646810,5.49E+06,0,12.6542,0.851029,2.5,1.8,1.5,2,vtype0
182,flow0.6,646203,5.49E+06,0,13.9137,-0.118268,2.5,1.8,1.5,0,vtype0
182,flow0.60,646839,5.49E+06,0,11.2706,0.29551,2.5,1.8,1.5,0,vtype0
182,flow0.7,646291,5.49E+06,0,13.9395,-0.21198,2.5,1.8,1.5,0,vtype0
182,flow0.8,646311,5.49E+06,0,13.9324,0.378455,2.5,1.8,1.5,0,vtype0
182,flow0.9,646330,5.49E+06,0,13.928,0.020875,2.5,1.8,1.5,0,vtype0
183,flow0.0,646000,5.49E+06,0,13.8999,-0.286943,2.5,1.8,1.5,0,vtype0
183,flow0.1,646034,5.49E+06,0,13.9047,-0.551873,2.5,1.8,1.5,0,vtype0
183,flow0.10,646339,5.49E+06,0,13.949,0.330897,2.5,1.8,1.5,0,vtype0
183,flow0.11,646355,5.49E+06,0,13.8904,-0.31111,2.5,1.8,1.5,0,vtype0
183,flow0.12,646373,5.49E+06,0,13.9185,-0.273242,2.5,1.8,1.5,0,vtype0
183,flow0.13,646391,5.49E+06,0,13.9907,1.06274,2.5,1.8,1.5,0,vtype0
183,flow0.14,646411,5.49E+06,0,13.9134,-0.193036,2.5,1.8,1.5,0,vtype0
183,flow0.15,646434,5.49E+06,0,13.8902,-0.477737,2.5,1.8,1.5,0,vtype0
183,flow0.16,646462,5.49E+06,0,13.9797,0.541277,2.5,1.8,1.5,0,vtype0
183,flow0.17,646572,5.49E+06,0,10.1214,2.26306,2.5,1.8,1.5,0,vtype0
183,flow0.18,646585,5.49E+06,0,7.11651,-4.5,2.5,1.8,1.5,8,vtype0
183,flow0.19,646599,5.49E+06,0,8.65334,-3.75545,2.5,1.8,1.5,8,vtype0
183,flow0.2,646062,5.49E+06,0,13.9147,0.0435695,2.5,1.8,1.5,0,vtype0
183,flow0.20,646613,5.49E+06,0,9.848,-2.27173,2.5,1.8,1.5,8,vtype0
183,flow0.21,646629,5.49E+06,0,10.6984,-1.58504,2.5,1.8,1.5,8,vtype0
183,flow0.22,646645,5.49E+06,0,11.3773,-2.12451,2.5,1.8,1.5,8,vtype0
183,flow0.23,646675,5.49E+06,0,13.9239,-0.625184,2.5,1.8,1.5,0,vtype0
183,flow0.24,646695,5.49E+06,0,13.9277,-0.424481,2.5,1.8,1.5,0,vtype0
183,flow0.25,646714,5.49E+06,0,13.875,-0.278333,2.5,1.8,1.5,0,vtype0
183,flow0.26,646733,5.49E+06,0,13.953,0.0342702,2.5,1.8,1.5,0,vtype0
183,flow0.27,646752,5.49E+06,0,13.8717,-0.41553,2.5,1.8,1.5,0,vtype0
183,flow0.28,646771,5.49E+06,0,13.8615,-0.308841,2.5,1.8,1.5,0,vtype0
183,flow0.29,646790,5.49E+06,0,13.8282,1.19044,2.5,1.8,1.5,0,vtype0
183,flow0.3,646092,5.49E+06,0,13.8737,-0.141153,2.5,1.8,1.5,0,vtype0
183,flow0.30,646809,5.49E+06,0,13.6817,-0.0227702,2.5,1.8,1.5,0,vtype0
183,flow0.31,646828,5.49E+06,0,13.7055,-0.107977,2.5,1.8,1.5,0,vtype0
183,flow0.32,646847,5.49E+06,0,13.792,1.1628,2.5,1.8,1.5,0,vtype0
183,flow0.33,646867,5.49E+06,0,13.9968,1.25769,2.5,1.8,1.5,0,vtype0
183,flow0.34,646878,5.49E+06,0,13.9033,-0.410464,2.5,1.8,1.5,0,vtype0
183,flow0.35,646880,5.49E+06,0,13.9242,0.465287,2.5,1.8,1.5,0,vtype0
183,flow0.36,646881,5.49E+06,0,13.9076,-0.733729,2.5,1.8,1.5,0,vtype0
183,flow0.37,646883,5.49E+06,0,13.9287,0.458259,2.5,1.8,1.5,0,vtype0
183,flow0.38,646885,5.49E+06,0,13.9606,0.644597,2.5,1.8,1.5,0,vtype0
183,flow0.39,646887,5.49E+06,0,13.9353,-0.366912,2.5,1.8,1.5,0,vtype0
183,flow0.4,646143,5.49E+06,0,13.9001,-0.727128,2.5,1.8,1.5,0,vtype0
183,flow0.40,646889,5.49E+06,0,13.8757,-0.289352,2.5,1.8,1.5,0,vtype0
183,flow0.41,646891,5.49E+06,0,13.9485,-0.128929,2.5,1.8,1.5,0,vtype0
183,flow0.42,646889,5.49E+06,0,13.966,0.13661,2.5,1.8,1.5,0,vtype0
183,flow0.43,646887,5.49E+06,0,13.9132,-0.127616,2.5,1.8,1.5,0,vtype0
183,flow0.44,646886,5.49E+06,0,13.939,0.355265,2.5,1.8,1.5,0,vtype0
183,flow0.45,646884,5.49E+06,0,13.9763,1.05172,2.5,1.8,1.5,0,vtype0
183,flow0.46,646882,5.49E+06,0,13.9258,-0.224757,2.5,1.8,1.5,0,vtype0
183,flow0.47,646880,5.49E+06,0,12.4461,0.759077,2.5,1.8,1.5,0,vtype0
183,flow0.48,646879,5.49E+06,0,12.8716,-0.681048,2.5,1.8,1.5,0,vtype0
183,flow0.49,646876,5.49E+06,0,13.7065,-0.810762,2.5,1.8,1.5,0,vtype0
183,flow0.5,646166,5.49E+06,0,13.8848,0.147353,2.5,1.8,1.5,0,vtype0
183,flow0.50,646873,5.49E+06,0,11.4245,1.79162,2.5,1.8,1.5,0,vtype0
183,flow0.51,646868,5.49E+06,0,8.12203,2.34624,2.5,1.8,1.5,0,vtype0
183,flow0.52,646856,5.49E+06,0,7.73523,1.55135,2.5,1.8,1.5,1,vtype0
183,flow0.53,646843,5.49E+06,0,7.57123,1.26573,2.5,1.8,1.5,1,vtype0
183,flow0.54,646831,5.49E+06,0,7.50255,1.157,2.5,1.8,1.5,1,vtype0
183,flow0.55,646818,5.49E+06,0,7.43226,-0.221673,2.5,1.8,1.5,0,vtype0
183,flow0.56,646785,5.49E+06,0,9.48881,0.784036,2.5,1.8,1.5,0,vtype0
183,flow0.57,646774,5.49E+06,0,9.4702,0.154837,2.5,1.8,1.5,0,vtype0
183,flow0.58,646778,5.49E+06,0,10.2915,-1.48592,2.5,1.8,1.5,10,vtype0
183,flow0.59,646802,5.49E+06,0,12.6861,0.26761,2.5,1.8,1.5,2,vtype0
183,flow0.6,646193,5.49E+06,0,13.9864,-0.0021666,2.5,1.8,1.5,0,vtype0
183,flow0.60,646831,5.49E+06,0,11.1976,-0.384832,2.5,1.8,1.5,0,vtype0
183,flow0.7,646281,5.49E+06,0,13.9228,0.505144,2.5,1.8,1.5,0,vtype0
183,flow0.8,646301,5.49E+06,0,13.9111,-0.32699,2.5,1.8,1.5,0,vtype0
183,flow0.9,646320,5.49E+06,0,13.9113,-0.721404,2.5,1.8,1.5,0,vtype0
184,flow0.0,645990,5.49E+06,0,13.9664,0.809427,2.5,1.8,1.5,0,vtype0
184,flow0.1,646024,5.49E+06,0,13.8993,-0.00769197,2.5,1.8,1.5,0,vtype0
184,flow0.10,646329,5.49E+06,0,13.9773,0.138991,2.5,1.8,1.5,0,vtype0
184,flow0.11,646346,5.49E+06,0,13.9708,0.474694,2.5,1.8,1.5,0,vtype0
184,flow0.12,646364,5.49E+06,0,13.9163,-0.169783,2.5,1.8,1.5,0,vtype0
184,flow0.13,646381,5.49E+06,0,13.8889,-0.878864,2.5,1.8,1.5,0,vtype0
184,flow0.14,646401,5.49E+06,0,13.9565,-0.0877869,2.5,1.8,1.5,0,vtype0
184,flow0.15,646424,5.49E+06,0,13.9254,0.276964,2.5,1.8,1.5,0,vtype0
184,flow0.16,646452,5.49E+06,0,13.9847,0.157708,2.5,1.8,1.5,0,vtype0
184,flow0.17,646565,5.49E+06,0,11.9613,2.44528,2.5,1.8,1.5,0,vtype0
184,flow0.18,646579,5.49E+06,0,8.19477,2.0278,2.5,1.8,1.5,0,vtype0
184,flow0.19,646592,5.49E+06,0,8.56675,1.35217,2.5,1.8,1.5,0,vtype0
184,flow0.2,646052,5.49E+06,0,13.9651,-0.129079,2.5,1.8,1.5,0,vtype0
184,flow0.20,646605,5.49E+06,0,9.19807,0.255528,2.5,1.8,1.5,0,vtype0
184,flow0.21,646619,5.49E+06,0,9.91542,0.475573,2.5,1.8,1.5,0,vtype0
184,flow0.22,646635,5.49E+06,0,10.5306,1.19573,2.5,1.8,1.5,0,vtype0
184,flow0.23,646662,5.49E+06,0,13.8365,-0.14827,2.5,1.8,1.5,0,vtype0
184,flow0.24,646681,5.49E+06,0,13.9243,-0.364695,2.5,1.8,1.5,0,vtype0
184,flow0.25,646700,5.49E+06,0,13.9053,0.512639,2.5,1.8,1.5,0,vtype0
184,flow0.26,646719,5.49E+06,0,13.9139,-0.117653,2.5,1.8,1.5,0,vtype0
184,flow0.27,646738,5.49E+06,0,13.9422,1.13199,2.5,1.8,1.5,0,vtype0
184,flow0.28,646757,5.49E+06,0,13.8727,-0.400403,2.5,1.8,1.5,0,vtype0
184,flow0.29,646776,5.49E+06,0,13.9035,-0.447863,2.5,1.8,1.5,0,vtype0
184,flow0.3,646082,5.49E+06,0,13.9591,-0.0797516,2.5,1.8,1.5,0,vtype0
184,flow0.30,646795,5.49E+06,0,13.8529,1.82684,2.5,1.8,1.5,0,vtype0
184,flow0.31,646814,5.49E+06,0,13.6366,-0.640887,2.5,1.8,1.5,0,vtype0
184,flow0.32,646833,5.49E+06,0,13.6783,-1.82586,2.5,1.8,1.5,8,vtype0
184,flow0.33,646855,5.49E+06,0,13.9278,0.230723,2.5,1.8,1.5,0,vtype0
184,flow0.34,646874,5.49E+06,0,13.9052,0.21041,2.5,1.8,1.5,0,vtype0
184,flow0.35,646879,5.49E+06,0,13.9758,0.812443,2.5,1.8,1.5,0,vtype0
184,flow0.36,646880,5.49E+06,0,13.9879,0.952978,2.5,1.8,1.5,0,vtype0
184,flow0.37,646882,5.49E+06,0,13.9658,-0.275093,2.5,1.8,1.5,0,vtype0
184,flow0.38,646884,5.49E+06,0,13.9868,0.567414,2.5,1.8,1.5,0,vtype0
184,flow0.39,646886,5.49E+06,0,13.9489,-0.0785267,2.5,1.8,1.5,0,vtype0
184,flow0.4,646133,5.49E+06,0,13.9974,0.36417,2.5,1.8,1.5,0,vtype0
184,flow0.40,646888,5.49E+06,0,13.9397,0.199624,2.5,1.8,1.5,0,vtype0
184,flow0.41,646890,5.49E+06,0,13.9653,0.229889,2.5,1.8,1.5,0,vtype0
184,flow0.42,646890,5.49E+06,0,13.9596,0.578081,2.5,1.8,1.5,0,vtype0
184,flow0.43,646888,5.49E+06,0,13.8889,-0.0091061,2.5,1.8,1.5,0,vtype0
184,flow0.44,646887,5.49E+06,0,13.8731,-0.804231,2.5,1.8,1.5,0,vtype0
184,flow0.45,646885,5.49E+06,0,13.8738,-0.0729917,2.5,1.8,1.5,0,vtype0
184,flow0.46,646883,5.49E+06,0,13.9946,0.956941,2.5,1.8,1.5,0,vtype0
184,flow0.47,646881,5.49E+06,0,12.4462,0.635532,2.5,1.8,1.5,0,vtype0
184,flow0.48,646879,5.49E+06,0,12.8387,0.157279,2.5,1.8,1.5,0,vtype0
184,flow0.49,646878,5.49E+06,0,13.4268,-0.1853,2.5,1.8,1.5,0,vtype0
184,flow0.5,646156,5.49E+06,0,13.9877,0.533312,2.5,1.8,1.5,0,vtype0
184,flow0.50,646875,5.49E+06,0,13.1272,1.41894,2.5,1.8,1.5,0,vtype0
184,flow0.51,646872,5.49E+06,0,10.072,1.80399,2.5,1.8,1.5,0,vtype0
184,flow0.52,646863,5.49E+06,0,6.47128,2.6,2.5,1.8,1.5,1,vtype0
184,flow0.53,646851,5.49E+06,0,6.64642,-3.11014,2.5,1.8,1.5,9,vtype0
184,flow0.54,646838,5.49E+06,0,7.1549,-1.47162,2.5,1.8,1.5,9,vtype0
184,flow0.55,646826,5.49E+06,0,7.37829,-1.60235,2.5,1.8,1.5,8,vtype0
184,flow0.56,646792,5.49E+06,0,9.38919,-1.0036,2.5,1.8,1.5,8,vtype0
184,flow0.57,646780,5.49E+06,0,9.51324,0.360989,2.5,1.8,1.5,0,vtype0
184,flow0.58,646775,5.49E+06,0,10.1232,0.390491,2.5,1.8,1.5,2,vtype0
184,flow0.59,646793,5.49E+06,0,12.6299,-0.379137,2.5,1.8,1.5,2,vtype0
184,flow0.6,646183,5.49E+06,0,13.8841,-0.195334,2.5,1.8,1.5,0,vtype0
184,flow0.60,646823,5.49E+06,0,11.1864,0.398344,2.5,1.8,1.5,2,vtype0
184,flow0.61,646846,5.49E+06,0,12.7895,-0.965124,2.5,1.8,1.5,0,vtype0
184,flow0.7,646271,5.49E+06,0,13.881,-0.98286,2.5,1.8,1.5,0,vtype0
184,flow0.8,646291,5.49E+06,0,13.9853,1.11058,2.5,1.8,1.5,0,vtype0
184,flow0.9,646310,5.49E+06,0,13.9397,-0.215035,2.5,1.8,1.5,0,vtype0
185,flow0.0,645979,5.49E+06,0,13.9422,0.629243,2.5,1.8,1.5,0,vtype0
185,flow0.1,646014,5.49E+06,0,13.954,0.486775,2.5,1.8,1.5,0,vtype0
185,flow0.10,646319,5.49E+06,0,13.997,0.869793,2.5,1.8,1.5,0,vtype0
185,flow0.11,646336,5.49E+06,0,13.9815,0.809238,2.5,1.8,1.5,0,vtype0
185,flow0.12,646354,5.49E+06,0,13.9789,-0.182412,2.5,1.8,1.5,0,vtype0
185,flow0.13,646371,5.49E+06,0,13.981,0.407273,2.5,1.8,1.5,0,vtype0
185,flow0.14,646391,5.49E+06,0,13.9722,0.99691,2.5,1.8,1.5,0,vtype0
185,flow0.15,646414,5.49E+06,0,13.9617,-0.038601,2.5,1.8,1.5,0,vtype0
185,flow0.16,646442,5.49E+06,0,13.8758,-0.844331,2.5,1.8,1.5,0,vtype0
185,flow0.17,646556,5.49E+06,0,13.9525,2.51013,2.5,1.8,1.5,0,vtype0
185,flow0.18,646572,5.49E+06,0,10.1658,2.58994,2.5,1.8,1.5,0,vtype0
185,flow0.19,646584,5.49E+06,0,6.70725,-4.5,2.5,1.8,1.5,8,vtype0
185,flow0.2,646042,5.49E+06,0,13.9378,0.670368,2.5,1.8,1.5,0,vtype0
185,flow0.20,646597,5.49E+06,0,8.14715,-2.96182,2.5,1.8,1.5,8,vtype0
185,flow0.21,646611,5.49E+06,0,9.20865,-1.55695,2.5,1.8,1.5,8,vtype0
185,flow0.22,646626,5.49E+06,0,9.96009,-2.12522,2.5,1.8,1.5,8,vtype0
185,flow0.23,646649,5.49E+06,0,12.893,-0.441751,2.5,1.8,1.5,0,vtype0
185,flow0.24,646667,5.49E+06,0,13.0951,-2.46267,2.5,1.8,1.5,8,vtype0
185,flow0.25,646686,5.49E+06,0,13.4801,0.0633311,2.5,1.8,1.5,0,vtype0
185,flow0.26,646705,5.49E+06,0,13.5268,-2.01097,2.5,1.8,1.5,8,vtype0
185,flow0.27,646724,5.49E+06,0,13.767,0.620174,2.5,1.8,1.5,0,vtype0
185,flow0.28,646743,5.49E+06,0,13.7608,0.00805808,2.5,1.8,1.5,0,vtype0
185,flow0.29,646762,5.49E+06,0,13.733,0.890356,2.5,1.8,1.5,0,vtype0
185,flow0.3,646072,5.49E+06,0,13.9413,0.70092,2.5,1.8,1.5,0,vtype0
185,flow0.30,646781,5.49E+06,0,13.6532,-2.23862,2.5,1.8,1.5,8,vtype0
185,flow0.31,646800,5.49E+06,0,13.7942,-0.0510488,2.5,1.8,1.5,0,vtype0
185,flow0.32,646819,5.49E+06,0,13.7316,-1.05677,2.5,1.8,1.5,0,vtype0
185,flow0.33,646841,5.49E+06,0,13.8852,-1.12244,2.5,1.8,1.5,0,vtype0
185,flow0.34,646864,5.49E+06,0,13.9734,0.746311,2.5,1.8,1.5,0,vtype0
185,flow0.35,646877,5.49E+06,0,13.9764,-0.0323235,2.5,1.8,1.5,0,vtype0
185,flow0.36,646879,5.49E+06,0,13.9106,-0.175692,2.5,1.8,1.5,0,vtype0
185,flow0.37,646881,5.49E+06,0,13.9083,-0.0336304,2.5,1.8,1.5,0,vtype0
185,flow0.38,646883,5.49E+06,0,13.9084,-0.790328,2.5,1.8,1.5,0,vtype0
185,flow0.39,646885,5.49E+06,0,13.9574,-0.00902112,2.5,1.8,1.5,0,vtype0
185,flow0.4,646123,5.49E+06,0,13.9985,0.0554083,2.5,1.8,1.5,0,vtype0
185,flow0.40,646887,5.49E+06,0,13.9774,-0.190181,2.5,1.8,1.5,0,vtype0
185,flow0.41,646889,5.49E+06,0,13.916,-0.767533,2.5,1.8,1.5,0,vtype0
185,flow0.42,646890,5.49E+06,0,13.9771,0.236317,2.5,1.8,1.5,0,vtype0
185,flow0.43,646889,5.49E+06,0,13.9103,-0.825421,2.5,1.8,1.5,0,vtype0
185,flow0.44,646888,5.49E+06,0,13.9192,-0.373664,2.5,1.8,1.5,0,vtype0
185,flow0.45,646886,5.49E+06,0,13.9408,0.374442,2.5,1.8,1.5,0,vtype0
185,flow0.46,646884,5.49E+06,0,13.9925,0.65931,2.5,1.8,1.5,0,vtype0
185,flow0.47,646882,5.49E+06,0,12.4239,-0.503964,2.5,1.8,1.5,0,vtype0
185,flow0.48,646880,5.49E+06,0,12.7353,0.0891233,2.5,1.8,1.5,0,vtype0
185,flow0.49,646879,5.49E+06,0,13.2212,-0.594778,2.5,1.8,1.5,0,vtype0
185,flow0.5,646146,5.49E+06,0,13.955,0.035008,2.5,1.8,1.5,0,vtype0
185,flow0.50,646877,5.49E+06,0,13.8891,-0.900926,2.5,1.8,1.5,0,vtype0
185,flow0.51,646873,5.49E+06,0,11.825,1.54791,2.5,1.8,1.5,0,vtype0
185,flow0.52,646870,5.49E+06,0,8.56162,1.49098,2.5,1.8,1.5,0,vtype0
185,flow0.53,646858,5.49E+06,0,8.03579,0.619148,2.5,1.8,1.5,1,vtype0
185,flow0.54,646846,5.49E+06,0,7.79474,0.604314,2.5,1.8,1.5,1,vtype0
185,flow0.55,646833,5.49E+06,0,7.6442,0.227449,2.5,1.8,1.5,1,vtype0
185,flow0.56,646799,5.49E+06,0,9.45234,0.344264,2.5,1.8,1.5,0,vtype0
185,flow0.57,646788,5.49E+06,0,9.50634,-0.0484118,2.5,1.8,1.5,0,vtype0
185,flow0.58,646775,5.49E+06,0,9.91464,-0.378849,2.5,1.8,1.5,0,vtype0
185,flow0.59,646784,5.49E+06,0,12.6078,0.0852242,2.5,1.8,1.5,2,vtype0
185,flow0.6,646173,5.49E+06,0,13.9532,0.0266161,2.5,1.8,1.5,0,vtype0
185,flow0.60,646815,5.49E+06,0,11.2493,1.01307,2.5,1.8,1.5,2,vtype0
185,flow0.61,646837,5.49E+06,0,12.809,-0.0951017,2.5,1.8,1.5,0,vtype0
185,flow0.7,646261,5.49E+06,0,13.916,-0.510161,2.5,1.8,1.5,0,vtype0
185,flow0.8,646282,5.49E+06,0,13.9629,-0.308737,2.5,1.8,1.5,0,vtype0
185,flow0.9,646300,5.49E+06,0,13.9829,1.00775,2.5,1.8,1.5,0,vtype0
186,flow0.0,645969,5.49E+06,0,13.9141,-0.279539,2.5,1.8,1.5,0,vtype0
186,flow0.1,646004,5.49E+06,0,13.9729,-0.00604199,2.5,1.8,1.5,0,vtype0
186,flow0.10,646309,5.49E+06,0,13.9155,-0.0819625,2.5,1.8,1.5,0,vtype0
186,flow0.11,646326,5.49E+06,0,13.95,0.321775,2.5,1.8,1.5,0,vtype0
186,flow0.12,646344,5.49E+06,0,13.9804,0.246136,2.5,1.8,1.5,0,vtype0
186,flow0.13,646361,5.49E+06,0,13.9503,0.479584,2.5,1.8,1.5,0,vtype0
186,flow0.14,646381,5.49E+06,0,13.958,0.709583,2.5,1.8,1.5,0,vtype0
186,flow0.15,646404,5.49E+06,0,13.9668,0.454845,2.5,1.8,1.5,0,vtype0
186,flow0.16,646432,5.49E+06,0,13.9733,0.431609,2.5,1.8,1.5,0,vtype0
186,flow0.17,646546,5.49E+06,0,13.9643,-0.221815,2.5,1.8,1.5,0,vtype0
186,flow0.18,646565,5.49E+06,0,12.0081,2.31385,2.5,1.8,1.5,0,vtype0
186,flow0.19,646578,5.49E+06,0,8.32355,1.51685,2.5,1.8,1.5,0,vtype0
186,flow0.2,646033,5.49E+06,0,13.8812,-0.882062,2.5,1.8,1.5,0,vtype0
186,flow0.20,646590,5.49E+06,0,8.51991,0.859045,2.5,1.8,1.5,0,vtype0
186,flow0.21,646603,5.49E+06,0,8.9061,0.749724,2.5,1.8,1.5,0,vtype0
186,flow0.22,646617,5.49E+06,0,9.40584,0.908626,2.5,1.8,1.5,0,vtype0
186,flow0.23,646637,5.49E+06,0,11.6647,0.0314963,2.5,1.8,1.5,0,vtype0
186,flow0.24,646655,5.49E+06,0,12.1529,-0.927103,2.5,1.8,1.5,0,vtype0
186,flow0.25,646673,5.49E+06,0,12.521,-0.107553,2.5,1.8,1.5,0,vtype0
186,flow0.26,646692,5.49E+06,0,12.7466,-1.84126,2.5,1.8,1.5,8,vtype0
186,flow0.27,646711,5.49E+06,0,13.0831,-1.72081,2.5,1.8,1.5,8,vtype0
186,flow0.28,646730,5.49E+06,0,13.312,-0.0396267,2.5,1.8,1.5,0,vtype0
186,flow0.29,646749,5.49E+06,0,13.443,-0.123153,2.5,1.8,1.5,0,vtype0
186,flow0.3,646063,5.49E+06,0,13.9544,0.268769,2.5,1.8,1.5,0,vtype0
186,flow0.30,646768,5.49E+06,0,13.5314,-0.969411,2.5,1.8,1.5,0,vtype0
186,flow0.31,646787,5.49E+06,0,13.6408,0.241854,2.5,1.8,1.5,0,vtype0
186,flow0.32,646806,5.49E+06,0,13.6865,0.244282,2.5,1.8,1.5,0,vtype0
186,flow0.33,646827,5.49E+06,0,13.973,0.292995,2.5,1.8,1.5,0,vtype0
186,flow0.34,646851,5.49E+06,0,13.9791,0.132182,2.5,1.8,1.5,0,vtype0
186,flow0.35,646871,5.49E+06,0,13.9022,-0.00765041,2.5,1.8,1.5,0,vtype0
186,flow0.36,646879,5.49E+06,0,13.9724,-0.158738,2.5,1.8,1.5,0,vtype0
186,flow0.37,646880,5.49E+06,0,13.9535,-0.111946,2.5,1.8,1.5,0,vtype0
186,flow0.38,646882,5.49E+06,0,13.9034,0.259309,2.5,1.8,1.5,0,vtype0
186,flow0.39,646884,5.49E+06,0,13.9637,0.158719,2.5,1.8,1.5,0,vtype0
186,flow0.4,646113,5.49E+06,0,13.9439,-0.295091,2.5,1.8,1.5,0,vtype0
186,flow0.40,646886,5.49E+06,0,13.9339,0.362118,2.5,1.8,1.5,0,vtype0
186,flow0.41,646887,5.49E+06,0,13.9404,0.0426209,2.5,1.8,1.5,0,vtype0
186,flow0.42,646889,5.49E+06,0,13.894,0.0237972,2.5,1.8,1.5,0,vtype0
186,flow0.43,646890,5.49E+06,0,13.9662,-0.00105445,2.5,1.8,1.5,0,vtype0
186,flow0.44,646889,5.49E+06,0,13.882,-0.273843,2.5,1.8,1.5,0,vtype0
186,flow0.45,646887,5.49E+06,0,13.9291,0.5155,2.5,1.8,1.5,0,vtype0
186,flow0.46,646885,5.49E+06,0,13.9686,0.417224,2.5,1.8,1.5,0,vtype0
186,flow0.47,646883,5.49E+06,0,12.4384,-0.0315027,2.5,1.8,1.5,0,vtype0
186,flow0.48,646881,5.49E+06,0,12.6694,-0.48586,2.5,1.8,1.5,0,vtype0
186,flow0.49,646880,5.49E+06,0,13.1421,-0.257321,2.5,1.8,1.5,0,vtype0
186,flow0.5,646136,5.49E+06,0,13.8833,-0.810936,2.5,1.8,1.5,0,vtype0
186,flow0.50,646878,5.49E+06,0,13.9028,-0.520575,2.5,1.8,1.5,0,vtype0
186,flow0.51,646875,5.49E+06,0,13.777,2.29913,2.5,1.8,1.5,0,vtype0
186,flow0.52,646872,5.49E+06,0,10.3391,1.59806,2.5,1.8,1.5,0,vtype0
186,flow0.53,646865,5.49E+06,0,7.22381,2.6,2.5,1.8,1.5,1,vtype0
186,flow0.54,646853,5.49E+06,0,7.09416,0.817865,2.5,1.8,1.5,1,vtype0
186,flow0.55,646840,5.49E+06,0,7.13907,0.61808,2.5,1.8,1.5,1,vtype0
186,flow0.56,646807,5.49E+06,0,9.40341,-0.472516,2.5,1.8,1.5,0,vtype0
186,flow0.57,646795,5.49E+06,0,9.54628,0.289559,2.5,1.8,1.5,0,vtype0
186,flow0.58,646783,5.49E+06,0,9.83918,-0.297565,2.5,1.8,1.5,0,vtype0
186,flow0.59,646776,5.49E+06,0,12.6259,-0.544109,2.5,1.8,1.5,2,vtype0
186,flow0.6,646163,5.49E+06,0,13.9303,-0.374482,2.5,1.8,1.5,0,vtype0
186,flow0.60,646807,5.49E+06,0,11.2136,-0.0577396,2.5,1.8,1.5,2,vtype0
186,flow0.61,646828,5.49E+06,0,12.8309,-0.535871,2.5,1.8,1.5,2,vtype0
186,flow0.7,646251,5.49E+06,0,13.9312,-0.112727,2.5,1.8,1.5,0,vtype0
186,flow0.8,646272,5.49E+06,0,13.9768,0.227521,2.5,1.8,1.5,0,vtype0
186,flow0.9,646291,5.49E+06,0,13.8889,-0.604304,2.5,1.8,1.5,0,vtype0
187,flow0.0,645958,5.49E+06,0,13.8824,-0.446576,2.5,1.8,1.5,0,vtype0
187,flow0.1,645994,5.49E+06,0,13.9358,-0.0897386,2.5,1.8,1.5,0,vtype0
187,flow0.10,646300,5.49E+06,0,13.9369,-0.227686,2.5,1.8,1.5,0,vtype0
187,flow0.11,646316,5.49E+06,0,13.943,0.509231,2.5,1.8,1.5,0,vtype0
187,flow0.12,646335,5.49E+06,0,13.907,-0.479175,2.5,1.8,1.5,0,vtype0
187,flow0.13,646352,5.49E+06,0,13.9619,0.88563,2.5,1.8,1.5,0,vtype0
187,flow0.14,646371,5.49E+06,0,13.9277,-0.132057,2.5,1.8,1.5,0,vtype0
187,flow0.15,646394,5.49E+06,0,13.9379,-0.368334,2.5,1.8,1.5,0,vtype0
187,flow0.16,646422,5.49E+06,0,13.9688,0.7808,2.5,1.8,1.5,0,vtype0
187,flow0.17,646537,5.49E+06,0,13.9935,0.827888,2.5,1.8,1.5,0,vtype0
187,flow0.18,646556,5.49E+06,0,13.9613,1.99724,2.5,1.8,1.5,0,vtype0
187,flow0.19,646572,5.49E+06,0,10.4095,1.60458,2.5,1.8,1.5,0,vtype0
187,flow0.2,646023,5.49E+06,0,13.9912,1.03888,2.5,1.8,1.5,0,vtype0
187,flow0.20,646584,5.49E+06,0,6.74356,2.6,2.5,1.8,1.5,0,vtype0
187,flow0.21,646596,5.49E+06,0,7.61053,-1.91926,2.5,1.8,1.5,8,vtype0
187,flow0.22,646609,5.49E+06,0,8.53548,-2.5138,2.5,1.8,1.5,8,vtype0
187,flow0.23,646627,5.49E+06,0,10.778,-1.89471,2.5,1.8,1.5,8,vtype0
187,flow0.24,646644,5.49E+06,0,11.5044,-1.86084,2.5,1.8,1.5,8,vtype0
187,flow0.25,646661,5.49E+06,0,12.0912,-1.19305,2.5,1.8,1.5,0,vtype0
187,flow0.26,646679,5.49E+06,0,12.5069,0.852536,2.5,1.8,1.5,0,vtype0
187,flow0.27,646698,5.49E+06,0,12.6672,-0.182897,2.5,1.8,1.5,0,vtype0
187,flow0.28,646717,5.49E+06,0,12.9424,-0.268268,2.5,1.8,1.5,0,vtype0
187,flow0.29,646735,5.49E+06,0,13.0527,-1.66172,2.5,1.8,1.5,8,vtype0
187,flow0.3,646053,5.49E+06,0,13.9303,0.0547646,2.5,1.8,1.5,0,vtype0
187,flow0.30,646754,5.49E+06,0,13.2683,-0.649601,2.5,1.8,1.5,0,vtype0
187,flow0.31,646773,5.49E+06,0,13.4222,-0.277843,2.5,1.8,1.5,0,vtype0
187,flow0.32,646792,5.49E+06,0,13.4931,-0.714435,2.5,1.8,1.5,0,vtype0
187,flow0.33,646813,5.49E+06,0,13.9709,0.183979,2.5,1.8,1.5,0,vtype0
187,flow0.34,646838,5.49E+06,0,13.9688,0.219588,2.5,1.8,1.5,0,vtype0
187,flow0.35,646860,5.49E+06,0,13.8844,-1.00781,2.5,1.8,1.5,0,vtype0
187,flow0.36,646876,5.49E+06,0,13.9411,0.161746,2.5,1.8,1.5,0,vtype0
187,flow0.37,646879,5.49E+06,0,13.9008,-0.550238,2.5,1.8,1.5,0,vtype0
187,flow0.38,646881,5.49E+06,0,13.9257,0.236821,2.5,1.8,1.5,0,vtype0
187,flow0.39,646883,5.49E+06,0,13.8723,-1.17679,2.5,1.8,1.5,0,vtype0
187,flow0.4,646103,5.49E+06,0,13.9985,0.592566,2.5,1.8,1.5,0,vtype0
187,flow0.40,646884,5.49E+06,0,13.8805,-0.79557,2.5,1.8,1.5,0,vtype0
187,flow0.41,646886,5.49E+06,0,13.9951,0.161884,2.5,1.8,1.5,0,vtype0
187,flow0.42,646888,5.49E+06,0,13.9491,-0.0446153,2.5,1.8,1.5,0,vtype0
187,flow0.43,646890,5.49E+06,0,13.9456,-0.328473,2.5,1.8,1.5,0,vtype0
187,flow0.44,646890,5.49E+06,0,13.9422,0.703521,2.5,1.8,1.5,0,vtype0
187,flow0.45,646888,5.49E+06,0,13.9231,-0.0853687,2.5,1.8,1.5,0,vtype0
187,flow0.46,646886,5.49E+06,0,13.9429,0.572404,2.5,1.8,1.5,0,vtype0
187,flow0.47,646884,5.49E+06,0,12.395,0.104132,2.5,1.8,1.5,0,vtype0
187,flow0.48,646882,5.49E+06,0,12.6239,0.840442,2.5,1.8,1.5,0,vtype0
187,flow0.49,646881,5.49E+06,0,12.8639,-0.262565,2.5,1.8,1.5,0,vtype0
187,flow0.5,646126,5.49E+06,0,13.9214,-0.682201,2.5,1.8,1.5,0,vtype0
187,flow0.50,646879,5.49E+06,0,13.7487,-2.11742,2.5,1.8,1.5,8,vtype0
187,flow0.51,646877,5.49E+06,0,13.9153,0.336426,2.5,1.8,1.5,0,vtype0
187,flow0.52,646874,5.49E+06,0,12.3171,2.59678,2.5,1.8,1.5,0,vtype0
187,flow0.53,646871,5.49E+06,0,9.05967,1.83095,2.5,1.8,1.5,0,vtype0
187,flow0.54,646861,5.49E+06,0,7.53548,-4.5,2.5,1.8,1.5,9,vtype0
187,flow0.55,646848,5.49E+06,0,7.78025,-2.49097,2.5,1.8,1.5,9,vtype0
187,flow0.56,646817,5.49E+06,0,9.39328,-1.08118,2.5,1.8,1.5,8,vtype0
187,flow0.57,646802,5.49E+06,0,9.4628,-0.0133435,2.5,1.8,1.5,0,vtype0
187,flow0.58,646790,5.49E+06,0,9.66343,0.00669257,2.5,1.8,1.5,0,vtype0
187,flow0.59,646774,5.49E+06,0,12.2391,-0.913678,2.5,1.8,1.5,0,vtype0
187,flow0.6,646154,5.49E+06,0,13.9145,-0.609674,2.5,1.8,1.5,0,vtype0
187,flow0.60,646800,5.49E+06,0,11.2267,-0.290068,2.5,1.8,1.5,2,vtype0
187,flow0.61,646819,5.49E+06,0,12.826,0.664192,2.5,1.8,1.5,2,vtype0
187,flow0.62,646845,5.49E+06,0,13.3041,-0.227185,2.5,1.8,1.5,0,vtype0
187,flow0.7,646241,5.49E+06,0,13.9198,-0.239387,2.5,1.8,1.5,0,vtype0
187,flow0.8,646262,5.49E+06,0,13.8814,-0.943219,2.5,1.8,1.5,0,vtype0
187,flow0.9,646281,5.49E+06,0,13.9508,-0.271232,2.5,1.8,1.5,0,vtype0
188,flow0.0,645948,5.49E+06,0,13.9313,0.333775,2.5,1.8,1.5,0,vtype0
188,flow0.1,645983,5.49E+06,0,13.893,-0.482905,2.5,1.8,1.5,0,vtype0
188,flow0.10,646290,5.49E+06,0,13.9542,0.697468,2.5,1.8,1.5,0,vtype0
188,flow0.11,646307,5.49E+06,0,13.914,-0.529034,2.5,1.8,1.5,0,vtype0
188,flow0.12,646325,5.49E+06,0,13.8796,0.0928478,2.5,1.8,1.5,0,vtype0
188,flow0.13,646342,5.49E+06,0,13.8963,-0.494966,2.5,1.8,1.5,0,vtype0
188,flow0.14,646362,5.49E+06,0,13.8897,-0.0907541,2.5,1.8,1.5,0,vtype0
188,flow0.15,646384,5.49E+06,0,13.989,-0.0229266,2.5,1.8,1.5,0,vtype0
188,flow0.16,646412,5.49E+06,0,13.9601,0.502846,2.5,1.8,1.5,0,vtype0
188,flow0.17,646527,5.49E+06,0,13.9674,0.584547,2.5,1.8,1.5,0,vtype0
188,flow0.18,646546,5.49E+06,0,13.9621,0.451218,2.5,1.8,1.5,0,vtype0
188,flow0.19,646564,5.49E+06,0,12.4142,2.20718,2.5,1.8,1.5,0,vtype0
188,flow0.2,646013,5.49E+06,0,13.8738,-0.725192,2.5,1.8,1.5,0,vtype0
188,flow0.20,646577,5.49E+06,0,9.05639,2.26359,2.5,1.8,1.5,0,vtype0
188,flow0.21,646589,5.49E+06,0,8.89215,2.27031,2.5,1.8,1.5,0,vtype0
188,flow0.22,646601,5.49E+06,0,8.95752,0.230324,2.5,1.8,1.5,0,vtype0
188,flow0.23,646617,5.49E+06,0,10.3071,0.161858,2.5,1.8,1.5,0,vtype0
188,flow0.24,646633,5.49E+06,0,10.7964,0.188384,2.5,1.8,1.5,0,vtype0
188,flow0.25,646650,5.49E+06,0,11.246,-0.174226,2.5,1.8,1.5,0,vtype0
188,flow0.26,646668,5.49E+06,0,11.6852,-1.22399,2.5,1.8,1.5,0,vtype0
188,flow0.27,646686,5.49E+06,0,12.2186,0.394894,2.5,1.8,1.5,0,vtype0
188,flow0.28,646704,5.49E+06,0,12.4417,-0.879137,2.5,1.8,1.5,0,vtype0
188,flow0.29,646723,5.49E+06,0,12.6729,-0.811319,2.5,1.8,1.5,0,vtype0
188,flow0.3,646043,5.49E+06,0,13.8749,-0.672249,2.5,1.8,1.5,0,vtype0
188,flow0.30,646741,5.49E+06,0,12.9864,0.0650432,2.5,1.8,1.5,0,vtype0
188,flow0.31,646760,5.49E+06,0,13.0678,0.0791884,2.5,1.8,1.5,0,vtype0
188,flow0.32,646779,5.49E+06,0,13.1422,-1.90086,2.5,1.8,1.5,8,vtype0
188,flow0.33,646799,5.49E+06,0,13.8544,-0.467554,2.5,1.8,1.5,0,vtype0
188,flow0.34,646824,5.49E+06,0,13.9423,-0.397256,2.5,1.8,1.5,0,vtype0
188,flow0.35,646847,5.49E+06,0,13.9333,-0.434472,2.5,1.8,1.5,0,vtype0
188,flow0.36,646868,5.49E+06,0,13.941,0.0952893,2.5,1.8,1.5,0,vtype0
188,flow0.37,646878,5.49E+06,0,13.9615,0.097498,2.5,1.8,1.5,0,vtype0
188,flow0.38,646880,5.49E+06,0,13.9251,-0.287346,2.5,1.8,1.5,0,vtype0
188,flow0.39,646881,5.49E+06,0,13.9874,1.03262,2.5,1.8,1.5,0,vtype0
188,flow0.4,646093,5.49E+06,0,13.9061,-0.914882,2.5,1.8,1.5,0,vtype0
188,flow0.40,646883,5.49E+06,0,13.9882,0.958811,2.5,1.8,1.5,0,vtype0
188,flow0.41,646885,5.49E+06,0,13.8856,-0.0797344,2.5,1.8,1.5,0,vtype0
188,flow0.42,646887,5.49E+06,0,13.9097,-0.0863727,2.5,1.8,1.5,0,vtype0
188,flow0.43,646889,5.49E+06,0,13.9527,0.120134,2.5,1.8,1.5,0,vtype0
188,flow0.44,646891,5.49E+06,0,13.9166,-0.205784,2.5,1.8,1.5,0,vtype0
188,flow0.45,646889,5.49E+06,0,13.8872,0.10127,2.5,1.8,1.5,0,vtype0
188,flow0.46,646887,5.49E+06,0,13.969,0.933718,2.5,1.8,1.5,0,vtype0
188,flow0.47,646884,5.49E+06,0,12.4588,0.271551,2.5,1.8,1.5,0,vtype0
188,flow0.48,646883,5.49E+06,0,12.5242,-0.491814,2.5,1.8,1.5,0,vtype0
188,flow0.49,646882,5.49E+06,0,12.8487,-0.415026,2.5,1.8,1.5,0,vtype0
188,flow0.5,646116,5.49E+06,0,13.9177,0.422743,2.5,1.8,1.5,0,vtype0
188,flow0.50,646880,5.49E+06,0,13.6388,0.180873,2.5,1.8,1.5,0,vtype0
188,flow0.51,646879,5.49E+06,0,13.9181,-0.140924,2.5,1.8,1.5,0,vtype0
188,flow0.52,646876,5.49E+06,0,13.9011,-0.0663006,2.5,1.8,1.5,0,vtype0
188,flow0.53,646872,5.49E+06,0,11.1641,1.62577,2.5,1.8,1.5,0,vtype0
188,flow0.54,646868,5.49E+06,0,7.98847,2.23849,2.5,1.8,1.5,0,vtype0
188,flow0.55,646855,5.49E+06,0,7.68244,1.92724,2.5,1.8,1.5,1,vtype0
188,flow0.56,646826,5.49E+06,0,9.46563,-0.39264,2.5,1.8,1.5,0,vtype0
188,flow0.57,646811,5.49E+06,0,9.46069,-0.549987,2.5,1.8,1.5,0,vtype0
188,flow0.58,646797,5.49E+06,0,9.71917,0.79957,2.5,1.8,1.5,0,vtype0
188,flow0.59,646782,5.49E+06,0,11.5677,-0.490191,2.5,1.8,1.5,0,vtype0
188,flow0.6,646144,5.49E+06,0,13.9197,-0.283016,2.5,1.8,1.5,0,vtype0
188,flow0.60,646792,5.49E+06,0,11.1489,-0.371291,2.5,1.8,1.5,2,vtype0
188,flow0.61,646810,5.49E+06,0,12.8221,0.469229,2.5,1.8,1.5,2,vtype0
188,flow0.62,646836,5.49E+06,0,13.3308,0.65122,2.5,1.8,1.5,0,vtype0
188,flow0.7,646231,5.49E+06,0,13.9269,0.124717,2.5,1.8,1.5,0,vtype0
188,flow0.8,646252,5.49E+06,0,13.8772,-0.123032,2.5,1.8,1.5,0,vtype0
188,flow0.9,646271,5.49E+06,0,13.9476,0.292036,2.5,1.8,1.5,0,vtype0
189,flow0.0,645937,5.49E+06,0,13.9797,0.481764,2.5,1.8,1.5,0,vtype0
189,flow0.1,645973,5.49E+06,0,13.9231,0.0619931,2.5,1.8,1.5,0,vtype0
189,flow0.10,646280,5.49E+06,0,13.971,0.619004,2.5,1.8,1.5,0,vtype0
189,flow0.11,646297,5.49E+06,0,13.9247,-0.178051,2.5,1.8,1.5,0,vtype0
189,flow0.12,646315,5.49E+06,0,13.9876,-0.112663,2.5,1.8,1.5,0,vtype0
189,flow0.13,646332,5.49E+06,0,13.9165,-0.0214257,2.5,1.8,1.5,0,vtype0
189,flow0.14,646352,5.49E+06,0,13.9941,0.564806,2.5,1.8,1.5,0,vtype0
189,flow0.15,646374,5.49E+06,0,13.987,0.505941,2.5,1.8,1.5,0,vtype0
189,flow0.16,646402,5.49E+06,0,13.8852,-1.08598,2.5,1.8,1.5,0,vtype0
189,flow0.17,646518,5.49E+06,0,13.8825,-0.482799,2.5,1.8,1.5,0,vtype0
189,flow0.18,646537,5.49E+06,0,13.9972,0.957714,2.5,1.8,1.5,0,vtype0
189,flow0.19,646555,5.49E+06,0,13.9325,-0.494683,2.5,1.8,1.5,0,vtype0
189,flow0.2,646003,5.49E+06,0,13.9656,0.332096,2.5,1.8,1.5,0,vtype0
189,flow0.20,646570,5.49E+06,0,11.0421,2.38409,2.5,1.8,1.5,0,vtype0
189,flow0.21,646582,5.49E+06,0,7.1993,2.6,2.5,1.8,1.5,0,vtype0
189,flow0.22,646594,5.49E+06,0,7.64479,1.41666,2.5,1.8,1.5,0,vtype0
189,flow0.23,646609,5.49E+06,0,9.05147,1.34413,2.5,1.8,1.5,0,vtype0
189,flow0.24,646623,5.49E+06,0,9.73696,-2.23059,2.5,1.8,1.5,8,vtype0
189,flow0.25,646640,5.49E+06,0,10.5882,-0.227127,2.5,1.8,1.5,0,vtype0
189,flow0.26,646656,5.49E+06,0,11.0713,-2.01741,2.5,1.8,1.5,8,vtype0
189,flow0.27,646674,5.49E+06,0,11.6669,-0.296004,2.5,1.8,1.5,0,vtype0
189,flow0.28,646692,5.49E+06,0,12.0212,-0.664333,2.5,1.8,1.5,0,vtype0
189,flow0.29,646710,5.49E+06,0,12.4045,-0.394179,2.5,1.8,1.5,0,vtype0
189,flow0.3,646033,5.49E+06,0,13.9343,0.00488019,2.5,1.8,1.5,0,vtype0
189,flow0.30,646728,5.49E+06,0,12.6928,0.172468,2.5,1.8,1.5,0,vtype0
189,flow0.31,646747,5.49E+06,0,12.8641,-1.20778,2.5,1.8,1.5,0,vtype0
189,flow0.32,646766,5.49E+06,0,13.1118,1.27192,2.5,1.8,1.5,0,vtype0
189,flow0.33,646786,5.49E+06,0,13.5048,0.750654,2.5,1.8,1.5,0,vtype0
189,flow0.34,646810,5.49E+06,0,13.9036,-0.426709,2.5,1.8,1.5,0,vtype0
189,flow0.35,646833,5.49E+06,0,13.889,-0.910368,2.5,1.8,1.5,0,vtype0
189,flow0.36,646855,5.49E+06,0,13.8828,-0.262253,2.5,1.8,1.5,0,vtype0
189,flow0.37,646874,5.49E+06,0,13.9423,0.0709703,2.5,1.8,1.5,0,vtype0
189,flow0.38,646879,5.49E+06,0,13.9906,1.04935,2.5,1.8,1.5,0,vtype0
189,flow0.39,646880,5.49E+06,0,13.8993,-0.883431,2.5,1.8,1.5,0,vtype0
189,flow0.4,646083,5.49E+06,0,13.9953,0.0624361,2.5,1.8,1.5,0,vtype0
189,flow0.40,646882,5.49E+06,0,13.9692,-0.110613,2.5,1.8,1.5,0,vtype0
189,flow0.41,646884,5.49E+06,0,13.871,-0.274226,2.5,1.8,1.5,0,vtype0
189,flow0.42,646886,5.49E+06,0,13.9454,0.609555,2.5,1.8,1.5,0,vtype0
189,flow0.43,646888,5.49E+06,0,13.988,0.605674,2.5,1.8,1.5,0,vtype0
189,flow0.44,646890,5.49E+06,0,13.9132,-0.78326,2.5,1.8,1.5,0,vtype0
189,flow0.45,646890,5.49E+06,0,13.9964,0.136747,2.5,1.8,1.5,0,vtype0
189,flow0.46,646888,5.49E+06,0,13.8883,-0.203562,2.5,1.8,1.5,0,vtype0
189,flow0.47,646885,5.49E+06,0,12.3779,-0.823201,2.5,1.8,1.5,0,vtype0
189,flow0.48,646884,5.49E+06,0,12.5574,0.763924,2.5,1.8,1.5,0,vtype0
189,flow0.49,646883,5.49E+06,0,12.6586,-1.06506,2.5,1.8,1.5,0,vtype0
189,flow0.5,646106,5.49E+06,0,13.9331,0.0561691,2.5,1.8,1.5,0,vtype0
189,flow0.50,646881,5.49E+06,0,13.326,-0.81183,2.5,1.8,1.5,0,vtype0
189,flow0.51,646880,5.49E+06,0,13.9607,0.897204,2.5,1.8,1.5,0,vtype0
189,flow0.52,646878,5.49E+06,0,13.926,-0.242207,2.5,1.8,1.5,0,vtype0
189,flow0.53,646874,5.49E+06,0,12.981,2.01173,2.5,1.8,1.5,0,vtype0
189,flow0.54,646871,5.49E+06,0,10.0348,1.31371,2.5,1.8,1.5,0,vtype0
189,flow0.55,646863,5.49E+06,0,6.17411,-4.5,2.5,1.8,1.5,9,vtype0
189,flow0.56,646835,5.49E+06,0,9.453,0.739894,2.5,1.8,1.5,1,vtype0
189,flow0.57,646821,5.49E+06,0,9.48224,0.000385197,2.5,1.8,1.5,0,vtype0
189,flow0.58,646806,5.49E+06,0,9.5919,0.198616,2.5,1.8,1.5,0,vtype0
189,flow0.59,646790,5.49E+06,0,11.0991,0.250402,2.5,1.8,1.5,0,vtype0
189,flow0.6,646134,5.49E+06,0,13.9275,0.134949,2.5,1.8,1.5,0,vtype0
189,flow0.60,646784,5.49E+06,0,11.1862,0.0799768,2.5,1.8,1.5,2,vtype0
189,flow0.61,646801,5.49E+06,0,12.7734,-0.954531,2.5,1.8,1.5,2,vtype0
189,flow0.62,646827,5.49E+06,0,13.3534,0.869142,2.5,1.8,1.5,2,vtype0
189,flow0.7,646221,5.49E+06,0,13.8949,-0.739316,2.5,1.8,1.5,0,vtype0
189,flow0.8,646242,5.49E+06,0,13.8943,-0.708544,2.5,1.8,1.5,0,vtype0
189,flow0.9,646261,5.49E+06,0,13.9201,-0.426994,2.5,1.8,1.5,0,vtype0
190,flow0.0,645925,5.49E+06,0,13.9864,0.138037,2.5,1.8,1.5,0,vtype0
190,flow0.1,645962,5.49E+06,0,13.9324,-0.373639,2.5,1.8,1.5,0,vtype0
190,flow0.10,646270,5.49E+06,0,13.9864,0.37096,2.5,1.8,1.5,0,vtype0
190,flow0.11,646287,5.49E+06,0,13.9081,0.210822,2.5,1.8,1.5,0,vtype0
190,flow0.12,646305,5.49E+06,0,13.999,0.903242,2.5,1.8,1.5,0,vtype0
190,flow0.13,646323,5.49E+06,0,13.9935,0.393316,2.5,1.8,1.5,0,vtype0
190,flow0.14,646342,5.49E+06,0,13.8726,-1.10813,2.5,1.8,1.5,0,vtype0
190,flow0.15,646365,5.49E+06,0,13.8789,-0.665181,2.5,1.8,1.5,0,vtype0
190,flow0.16,646392,5.49E+06,0,13.8816,-0.247826,2.5,1.8,1.5,0,vtype0
190,flow0.17,646508,5.49E+06,0,13.9598,0.160939,2.5,1.8,1.5,0,vtype0
190,flow0.18,646527,5.49E+06,0,13.9769,-0.0406817,2.5,1.8,1.5,0,vtype0
190,flow0.19,646545,5.49E+06,0,13.911,-0.606152,2.5,1.8,1.5,0,vtype0
190,flow0.2,645993,5.49E+06,0,13.9759,0.533775,2.5,1.8,1.5,0,vtype0
190,flow0.20,646562,5.49E+06,0,12.9742,1.86556,2.5,1.8,1.5,0,vtype0
190,flow0.21,646576,5.49E+06,0,9.3659,1.79449,2.5,1.8,1.5,0,vtype0
190,flow0.22,646587,5.49E+06,0,8.49528,-3.19564,2.5,1.8,1.5,8,vtype0
190,flow0.23,646601,5.49E+06,0,9.40516,-0.711666,2.5,1.8,1.5,0,vtype0
190,flow0.24,646614,5.49E+06,0,9.88972,-0.0527785,2.5,1.8,1.5,0,vtype0
190,flow0.25,646630,5.49E+06,0,10.353,-0.322171,2.5,1.8,1.5,0,vtype0
190,flow0.26,646646,5.49E+06,0,10.8025,0.491987,2.5,1.8,1.5,0,vtype0
190,flow0.27,646663,5.49E+06,0,11.216,0.258994,2.5,1.8,1.5,0,vtype0
190,flow0.28,646680,5.49E+06,0,11.5477,-0.572717,2.5,1.8,1.5,0,vtype0
190,flow0.29,646698,5.49E+06,0,11.8902,-0.341901,2.5,1.8,1.5,0,vtype0
190,flow0.3,646023,5.49E+06,0,13.9837,0.502667,2.5,1.8,1.5,0,vtype0
190,flow0.30,646716,5.49E+06,0,12.2531,0.444499,2.5,1.8,1.5,0,vtype0
190,flow0.31,646734,5.49E+06,0,12.4975,0.29611,2.5,1.8,1.5,0,vtype0
190,flow0.32,646753,5.49E+06,0,12.6504,-1.48959,2.5,1.8,1.5,8,vtype0
190,flow0.33,646772,5.49E+06,0,13.1641,-0.0187927,2.5,1.8,1.5,0,vtype0
190,flow0.34,646796,5.49E+06,0,13.9611,0.669986,2.5,1.8,1.5,0,vtype0
190,flow0.35,646819,5.49E+06,0,13.9792,0.443544,2.5,1.8,1.5,0,vtype0
190,flow0.36,646841,5.49E+06,0,13.974,-0.108814,2.5,1.8,1.5,0,vtype0
190,flow0.37,646865,5.49E+06,0,13.9253,-0.206259,2.5,1.8,1.5,0,vtype0
190,flow0.38,646878,5.49E+06,0,13.9603,-0.296862,2.5,1.8,1.5,0,vtype0
190,flow0.39,646879,5.49E+06,0,13.9177,-0.633277,2.5,1.8,1.5,0,vtype0
190,flow0.4,646073,5.49E+06,0,13.9384,0.388077,2.5,1.8,1.5,0,vtype0
190,flow0.40,646881,5.49E+06,0,13.9121,-0.337319,2.5,1.8,1.5,0,vtype0
190,flow0.41,646883,5.49E+06,0,13.8997,0.280544,2.5,1.8,1.5,0,vtype0
190,flow0.42,646885,5.49E+06,0,13.9149,0.136769,2.5,1.8,1.5,0,vtype0
190,flow0.43,646887,5.49E+06,0,13.9187,-0.230571,2.5,1.8,1.5,0,vtype0
190,flow0.44,646889,5.49E+06,0,13.8748,-0.273054,2.5,1.8,1.5,0,vtype0
190,flow0.45,646891,5.49E+06,0,13.9524,0.549549,2.5,1.8,1.5,0,vtype0
190,flow0.46,646889,5.49E+06,0,13.982,0.00885985,2.5,1.8,1.5,0,vtype0
190,flow0.47,646886,5.49E+06,0,12.4742,0.448469,2.5,1.8,1.5,0,vtype0
190,flow0.48,646885,5.49E+06,0,12.5397,0.0465857,2.5,1.8,1.5,0,vtype0
190,flow0.49,646884,5.49E+06,0,12.7584,0.79089,2.5,1.8,1.5,0,vtype0
190,flow0.5,646097,5.49E+06,0,13.8864,-0.29339,2.5,1.8,1.5,0,vtype0
190,flow0.50,646882,5.49E+06,0,13.0768,-0.775886,2.5,1.8,1.5,0,vtype0
190,flow0.51,646881,5.49E+06,0,13.9875,-0.0193545,2.5,1.8,1.5,0,vtype0
190,flow0.52,646879,5.49E+06,0,13.9933,1.20363,2.5,1.8,1.5,0,vtype0
190,flow0.53,646876,5.49E+06,0,13.8818,-0.375162,2.5,1.8,1.5,0,vtype0
190,flow0.54,646873,5.49E+06,0,11.7895,2.43956,2.5,1.8,1.5,0,vtype0
190,flow0.55,646870,5.49E+06,0,8.45017,1.59877,2.5,1.8,1.5,0,vtype0
190,flow0.56,646845,5.49E+06,0,9.38819,-0.883776,2.5,1.8,1.5,1,vtype0
190,flow0.57,646830,5.49E+06,0,9.42755,0.0123701,2.5,1.8,1.5,1,vtype0
190,flow0.58,646815,5.49E+06,0,9.5658,-0.36985,2.5,1.8,1.5,0,vtype0
190,flow0.59,646798,5.49E+06,0,10.7191,-0.0806481,2.5,1.8,1.5,0,vtype0
190,flow0.6,646124,5.49E+06,0,13.9193,-0.148851,2.5,1.8,1.5,0,vtype0
190,flow0.60,646777,5.49E+06,0,11.2481,0.425572,2.5,1.8,1.5,2,vtype0
190,flow0.61,646792,5.49E+06,0,12.7615,-0.908348,2.5,1.8,1.5,2,vtype0
190,flow0.62,646817,5.49E+06,0,13.3392,-0.261788,2.5,1.8,1.5,2,vtype0
190,flow0.63,646845,5.49E+06,0,13.5776,0.0275282,2.5,1.8,1.5,0,vtype0
190,flow0.7,646211,5.49E+06,0,13.9557,-0.21776,2.5,1.8,1.5,0,vtype0
190,flow0.8,646232,5.49E+06,0,13.8721,-0.902518,2.5,1.8,1.5,0,vtype0
190,flow0.9,646251,5.49E+06,0,13.9763,-0.0327512,2.5,1.8,1.5,0,vtype0
191,flow0.0,645914,5.49E+06,0,13.9137,-0.715428,2.5,1.8,1.5,0,vtype0
191,flow0.1,645952,5.49E+06,0,13.9446,0.649578,2.5,1.8,1.5,0,vtype0
191,flow0.10,646260,5.49E+06,0,13.9689,-0.193078,2.5,1.8,1.5,0,vtype0
191,flow0.11,646277,5.49E+06,0,13.9309,-0.504066,2.5,1.8,1.5,0,vtype0
191,flow0.12,646296,5.49E+06,0,13.9728,0.0451344,2.5,1.8,1.5,0,vtype0
191,flow0.13,646313,5.49E+06,0,13.8738,-0.886378,2.5,1.8,1.5,0,vtype0
191,flow0.14,646333,5.49E+06,0,13.8941,-0.742284,2.5,1.8,1.5,0,vtype0
191,flow0.15,646355,5.49E+06,0,13.909,-0.640895,2.5,1.8,1.5,0,vtype0
191,flow0.16,646382,5.49E+06,0,13.9977,0.600277,2.5,1.8,1.5,0,vtype0
191,flow0.17,646499,5.49E+06,0,13.9122,-0.515891,2.5,1.8,1.5,0,vtype0
191,flow0.18,646518,5.49E+06,0,13.8971,0.0162901,2.5,1.8,1.5,0,vtype0
191,flow0.19,646536,5.49E+06,0,13.8847,-1.04234,2.5,1.8,1.5,0,vtype0
191,flow0.2,645982,5.49E+06,0,13.9241,-0.176603,2.5,1.8,1.5,0,vtype0
191,flow0.20,646552,5.49E+06,0,13.9302,-0.325699,2.5,1.8,1.5,0,vtype0
191,flow0.21,646569,5.49E+06,0,11.3265,1.70457,2.5,1.8,1.5,0,vtype0
191,flow0.22,646581,5.49E+06,0,7.61113,2.6,2.5,1.8,1.5,0,vtype0
191,flow0.23,646594,5.49E+06,0,8.13902,0.759389,2.5,1.8,1.5,0,vtype0
191,flow0.24,646607,5.49E+06,0,8.77918,0.00802462,2.5,1.8,1.5,0,vtype0
191,flow0.25,646620,5.49E+06,0,9.3941,-0.526164,2.5,1.8,1.5,0,vtype0
191,flow0.26,646636,5.49E+06,0,10.0511,1.09001,2.5,1.8,1.5,0,vtype0
191,flow0.27,646652,5.49E+06,0,10.447,-2.18271,2.5,1.8,1.5,8,vtype0
191,flow0.28,646669,5.49E+06,0,11.0583,-0.73577,2.5,1.8,1.5,0,vtype0
191,flow0.29,646686,5.49E+06,0,11.4466,-1.36089,2.5,1.8,1.5,8,vtype0
191,flow0.3,646013,5.49E+06,0,13.9068,-0.0064899,2.5,1.8,1.5,0,vtype0
191,flow0.30,646704,5.49E+06,0,11.9298,1.42511,2.5,1.8,1.5,0,vtype0
191,flow0.31,646722,5.49E+06,0,12.0868,-0.53114,2.5,1.8,1.5,0,vtype0
191,flow0.32,646740,5.49E+06,0,12.3738,-0.596969,2.5,1.8,1.5,0,vtype0
191,flow0.33,646759,5.49E+06,0,12.7748,-0.545247,2.5,1.8,1.5,0,vtype0
191,flow0.34,646782,5.49E+06,0,13.9383,-0.381941,2.5,1.8,1.5,0,vtype0
191,flow0.35,646805,5.49E+06,0,13.9084,-0.0942485,2.5,1.8,1.5,0,vtype0
191,flow0.36,646828,5.49E+06,0,13.8893,-0.67431,2.5,1.8,1.5,0,vtype0
191,flow0.37,646852,5.49E+06,0,13.894,0.114804,2.5,1.8,1.5,0,vtype0
191,flow0.38,646872,5.49E+06,0,13.8876,-1.09067,2.5,1.8,1.5,0,vtype0
191,flow0.39,646879,5.49E+06,0,13.9675,0.399632,2.5,1.8,1.5,0,vtype0
191,flow0.4,646063,5.49E+06,0,13.9846,0.470844,2.5,1.8,1.5,0,vtype0
191,flow0.40,646880,5.49E+06,0,13.9179,-0.65356,2.5,1.8,1.5,0,vtype0
191,flow0.41,646882,5.49E+06,0,13.9014,0.0411568,2.5,1.8,1.5,0,vtype0
191,flow0.42,646884,5.49E+06,0,13.9643,-0.24606,2.5,1.8,1.5,0,vtype0
191,flow0.43,646886,5.49E+06,0,13.9356,0.445747,2.5,1.8,1.5,0,vtype0
191,flow0.44,646888,5.49E+06,0,13.9844,0.623657,2.5,1.8,1.5,0,vtype0
191,flow0.45,646889,5.49E+06,0,13.9057,-0.922,2.5,1.8,1.5,0,vtype0
191,flow0.46,646890,5.49E+06,0,13.9776,0.978641,2.5,1.8,1.5,0,vtype0
191,flow0.47,646887,5.49E+06,0,12.3521,-0.67574,2.5,1.8,1.5,0,vtype0
191,flow0.48,646886,5.49E+06,0,12.504,-0.185391,2.5,1.8,1.5,0,vtype0
191,flow0.49,646885,5.49E+06,0,12.6067,0.751444,2.5,1.8,1.5,0,vtype0
191,flow0.5,646087,5.49E+06,0,13.8719,-0.842577,2.5,1.8,1.5,0,vtype0
191,flow0.50,646883,5.49E+06,0,12.9669,0.0611532,2.5,1.8,1.5,0,vtype0
191,flow0.51,646882,5.49E+06,0,13.7238,-0.60918,2.5,1.8,1.5,0,vtype0
191,flow0.52,646880,5.49E+06,0,13.9984,0.653195,2.5,1.8,1.5,0,vtype0
191,flow0.53,646878,5.49E+06,0,13.9177,-0.50424,2.5,1.8,1.5,0,vtype0
191,flow0.54,646875,5.49E+06,0,13.7731,2.37538,2.5,1.8,1.5,0,vtype0
191,flow0.55,646872,5.49E+06,0,10.5506,2.23598,2.5,1.8,1.5,0,vtype0
191,flow0.56,646854,5.49E+06,0,9.44199,-0.183733,2.5,1.8,1.5,1,vtype0
191,flow0.57,646839,5.49E+06,0,9.42514,-0.0420352,2.5,1.8,1.5,1,vtype0
191,flow0.58,646825,5.49E+06,0,9.53522,0.431379,2.5,1.8,1.5,0,vtype0
191,flow0.59,646808,5.49E+06,0,10.3798,0.0553555,2.5,1.8,1.5,0,vtype0
191,flow0.6,646114,5.49E+06,0,13.8844,0.00307487,2.5,1.8,1.5,0,vtype0
191,flow0.60,646774,5.49E+06,0,11.2371,0.845431,2.5,1.8,1.5,0,vtype0
191,flow0.61,646783,5.49E+06,0,12.4769,-0.876577,2.5,1.8,1.5,2,vtype0
191,flow0.62,646808,5.49E+06,0,13.2887,-0.667813,2.5,1.8,1.5,2,vtype0
191,flow0.63,646836,5.49E+06,0,13.6029,-0.544086,2.5,1.8,1.5,2,vtype0
191,flow0.7,646201,5.49E+06,0,13.9623,0.289354,2.5,1.8,1.5,0,vtype0
191,flow0.8,646222,5.49E+06,0,13.889,-0.107905,2.5,1.8,1.5,0,vtype0
191,flow0.9,646241,5.49E+06,0,13.9988,-0.00659647,2.5,1.8,1.5,0,vtype0
192,flow0.0,645902,5.49E+06,0,13.928,-0.091371,2.5,1.8,1.5,0,vtype0
192,flow0.1,645941,5.49E+06,0,13.9546,0.834476,2.5,1.8,1.5,0,vtype0
192,flow0.10,646250,5.49E+06,0,13.9149,0.309019,2.5,1.8,1.5,0,vtype0
192,flow0.11,646267,5.49E+06,0,13.9241,0.284338,2.5,1.8,1.5,0,vtype0
192,flow0.12,646286,5.49E+06,0,13.9345,-0.138265,2.5,1.8,1.5,0,vtype0
192,flow0.13,646303,5.49E+06,0,13.9344,-0.577571,2.5,1.8,1.5,0,vtype0
192,flow0.14,646323,5.49E+06,0,13.9399,0.198664,2.5,1.8,1.5,0,vtype0
192,flow0.15,646345,5.49E+06,0,13.9327,0.526874,2.5,1.8,1.5,0,vtype0
192,flow0.16,646372,5.49E+06,0,13.9292,-0.351379,2.5,1.8,1.5,0,vtype0
192,flow0.17,646489,5.49E+06,0,13.8988,0.139577,2.5,1.8,1.5,0,vtype0
192,flow0.18,646508,5.49E+06,0,13.8883,-0.401676,2.5,1.8,1.5,0,vtype0
192,flow0.19,646526,5.49E+06,0,13.9254,-0.167388,2.5,1.8,1.5,0,vtype0
192,flow0.2,645972,5.49E+06,0,13.8784,-0.717225,2.5,1.8,1.5,0,vtype0
192,flow0.20,646543,5.49E+06,0,13.9717,0.425579,2.5,1.8,1.5,0,vtype0
192,flow0.21,646560,5.49E+06,0,13.2723,1.34214,2.5,1.8,1.5,0,vtype0
192,flow0.22,646574,5.49E+06,0,9.74727,2.37712,2.5,1.8,1.5,0,vtype0
192,flow0.23,646586,5.49E+06,0,7.95467,-4.5,2.5,1.8,1.5,8,vtype0
192,flow0.24,646599,5.49E+06,0,8.76847,-3.55274,2.5,1.8,1.5,8,vtype0
192,flow0.25,646612,5.49E+06,0,9.46252,-0.935403,2.5,1.8,1.5,8,vtype0
192,flow0.26,646627,5.49E+06,0,9.93039,0.852012,2.5,1.8,1.5,0,vtype0
192,flow0.27,646642,5.49E+06,0,10.3129,-0.102442,2.5,1.8,1.5,0,vtype0
192,flow0.28,646658,5.49E+06,0,10.7397,-0.939465,2.5,1.8,1.5,0,vtype0
192,flow0.29,646675,5.49E+06,0,11.1234,-0.444475,2.5,1.8,1.5,0,vtype0
192,flow0.3,646004,5.49E+06,0,13.9534,0.597426,2.5,1.8,1.5,0,vtype0
192,flow0.30,646692,5.49E+06,0,11.43,-0.742636,2.5,1.8,1.5,0,vtype0
192,flow0.31,646710,5.49E+06,0,11.8477,0.670741,2.5,1.8,1.5,0,vtype0
192,flow0.32,646728,5.49E+06,0,12.0376,-0.338006,2.5,1.8,1.5,0,vtype0
192,flow0.33,646747,5.49E+06,0,12.4357,-0.807738,2.5,1.8,1.5,0,vtype0
192,flow0.34,646768,5.49E+06,0,13.5518,0.674164,2.5,1.8,1.5,0,vtype0
192,flow0.35,646791,5.49E+06,0,13.8967,0.0127378,2.5,1.8,1.5,0,vtype0
192,flow0.36,646814,5.49E+06,0,13.9805,-0.167858,2.5,1.8,1.5,0,vtype0
192,flow0.37,646838,5.49E+06,0,13.998,0.983273,2.5,1.8,1.5,0,vtype0
192,flow0.38,646862,5.49E+06,0,13.9582,-0.0577259,2.5,1.8,1.5,0,vtype0
192,flow0.39,646877,5.49E+06,0,13.8896,-0.206957,2.5,1.8,1.5,0,vtype0
192,flow0.4,646053,5.49E+06,0,13.878,0.0164831,2.5,1.8,1.5,0,vtype0
192,flow0.40,646879,5.49E+06,0,13.8746,-0.968102,2.5,1.8,1.5,0,vtype0
192,flow0.41,646881,5.49E+06,0,13.9791,0.815728,2.5,1.8,1.5,0,vtype0
192,flow0.42,646883,5.49E+06,0,13.8981,-0.508627,2.5,1.8,1.5,0,vtype0
192,flow0.43,646885,5.49E+06,0,13.9244,0.221509,2.5,1.8,1.5,0,vtype0
192,flow0.44,646886,5.49E+06,0,13.9938,1.21777,2.5,1.8,1.5,0,vtype0
192,flow0.45,646888,5.49E+06,0,13.8734,-0.677758,2.5,1.8,1.5,0,vtype0
192,flow0.46,646890,5.49E+06,0,13.9351,0.0423455,2.5,1.8,1.5,0,vtype0
192,flow0.47,646888,5.49E+06,0,12.4261,0.398605,2.5,1.8,1.5,0,vtype0
192,flow0.48,646887,5.49E+06,0,12.3969,-0.914064,2.5,1.8,1.5,0,vtype0
192,flow0.49,646885,5.49E+06,0,12.6327,-0.204126,2.5,1.8,1.5,0,vtype0
192,flow0.5,646077,5.49E+06,0,13.9041,-0.519759,2.5,1.8,1.5,0,vtype0
192,flow0.50,646884,5.49E+06,0,12.9067,0.791378,2.5,1.8,1.5,0,vtype0
192,flow0.51,646883,5.49E+06,0,13.4708,-1.32158,2.5,1.8,1.5,0,vtype0
192,flow0.52,646881,5.49E+06,0,13.97,0.318589,2.5,1.8,1.5,0,vtype0
192,flow0.53,646879,5.49E+06,0,13.965,0.512082,2.5,1.8,1.5,0,vtype0
192,flow0.54,646877,5.49E+06,0,13.9414,-0.0112795,2.5,1.8,1.5,0,vtype0
192,flow0.55,646874,5.49E+06,0,12.4652,2.48661,2.5,1.8,1.5,0,vtype0
192,flow0.56,646862,5.49E+06,0,6.472,-4.5,2.5,1.8,1.5,9,vtype0
192,flow0.57,646848,5.49E+06,0,7.76393,-3.09318,2.5,1.8,1.5,9,vtype0
192,flow0.58,646834,5.49E+06,0,8.53302,-2.52366,2.5,1.8,1.5,9,vtype0
192,flow0.59,646818,5.49E+06,0,9.57688,-1.16281,2.5,1.8,1.5,8,vtype0
192,flow0.6,646104,5.49E+06,0,13.9307,0.48976,2.5,1.8,1.5,0,vtype0
192,flow0.60,646779,5.49E+06,0,11.192,0.295513,2.5,1.8,1.5,0,vtype0
192,flow0.61,646775,5.49E+06,0,12.1192,-1.15802,2.5,1.8,1.5,2,vtype0
192,flow0.62,646799,5.49E+06,0,13.2783,-0.516209,2.5,1.8,1.5,2,vtype0
192,flow0.63,646826,5.49E+06,0,13.5713,0.149776,2.5,1.8,1.5,2,vtype0
192,flow0.7,646191,5.49E+06,0,13.897,-0.195241,2.5,1.8,1.5,0,vtype0
192,flow0.8,646212,5.49E+06,0,13.9897,0.9126,2.5,1.8,1.5,0,vtype0
192,flow0.9,646231,5.49E+06,0,13.9401,-0.136515,2.5,1.8,1.5,0,vtype0
193,flow0.0,645891,5.49E+06,0,13.9025,-0.879941,2.5,1.8,1.5,0,vtype0
193,flow0.1,645929,5.49E+06,0,13.9809,0.196788,2.5,1.8,1.5,0,vtype0
193,flow0.10,646240,5.49E+06,0,13.8932,-0.657377,2.5,1.8,1.5,0,vtype0
193,flow0.11,646257,5.49E+06,0,13.9509,0.371998,2.5,1.8,1.5,0,vtype0
193,flow0.12,646276,5.49E+06,0,13.9976,0.773133,2.5,1.8,1.5,0,vtype0
193,flow0.13,646293,5.49E+06,0,13.936,0.0431476,2.5,1.8,1.5,0,vtype0
193,flow0.14,646313,5.49E+06,0,13.9373,0.0750652,2.5,1.8,1.5,0,vtype0
193,flow0.15,646335,5.49E+06,0,13.9741,0.661934,2.5,1.8,1.5,0,vtype0
193,flow0.16,646363,5.49E+06,0,13.9096,0.00206122,2.5,1.8,1.5,0,vtype0
193,flow0.17,646479,5.49E+06,0,13.8929,-0.369247,2.5,1.8,1.5,0,vtype0
193,flow0.18,646499,5.49E+06,0,13.8745,-1.21051,2.5,1.8,1.5,0,vtype0
193,flow0.19,646517,5.49E+06,0,13.9538,0.122754,2.5,1.8,1.5,0,vtype0
193,flow0.2,645961,5.49E+06,0,13.9664,-0.267628,2.5,1.8,1.5,0,vtype0
193,flow0.20,646533,5.49E+06,0,13.8933,-1.0006,2.5,1.8,1.5,0,vtype0
193,flow0.21,646551,5.49E+06,0,13.9497,0.376208,2.5,1.8,1.5,0,vtype0
193,flow0.22,646567,5.49E+06,0,11.5957,2.29246,2.5,1.8,1.5,0,vtype0
193,flow0.23,646580,5.49E+06,0,7.70509,2.50415,2.5,1.8,1.5,0,vtype0
193,flow0.24,646592,5.49E+06,0,7.93847,1.78952,2.5,1.8,1.5,0,vtype0
193,flow0.25,646605,5.49E+06,0,8.37927,0.127994,2.5,1.8,1.5,0,vtype0
193,flow0.26,646618,5.49E+06,0,9.01654,0.721863,2.5,1.8,1.5,0,vtype0
193,flow0.27,646633,5.49E+06,0,9.46696,-0.260162,2.5,1.8,1.5,0,vtype0
193,flow0.28,646648,5.49E+06,0,10.0568,-0.668225,2.5,1.8,1.5,0,vtype0
193,flow0.29,646664,5.49E+06,0,10.5846,0.73723,2.5,1.8,1.5,0,vtype0
193,flow0.3,645993,5.49E+06,0,13.9324,-0.548539,2.5,1.8,1.5,0,vtype0
193,flow0.30,646681,5.49E+06,0,10.863,-2.64451,2.5,1.8,1.5,8,vtype0
193,flow0.31,646698,5.49E+06,0,11.3751,-0.099787,2.5,1.8,1.5,0,vtype0
193,flow0.32,646716,5.49E+06,0,11.6779,-1.21353,2.5,1.8,1.5,0,vtype0
193,flow0.33,646734,5.49E+06,0,12.1801,-0.438163,2.5,1.8,1.5,0,vtype0
193,flow0.34,646755,5.49E+06,0,13.1202,0.518911,2.5,1.8,1.5,0,vtype0
193,flow0.35,646777,5.49E+06,0,13.9673,0.653181,2.5,1.8,1.5,0,vtype0
193,flow0.36,646800,5.49E+06,0,13.9048,-0.92453,2.5,1.8,1.5,0,vtype0
193,flow0.37,646824,5.49E+06,0,13.8778,-0.0260618,2.5,1.8,1.5,0,vtype0
193,flow0.38,646848,5.49E+06,0,13.9887,-0.110391,2.5,1.8,1.5,0,vtype0
193,flow0.39,646870,5.49E+06,0,13.9808,0.518599,2.5,1.8,1.5,0,vtype0
193,flow0.4,646043,5.49E+06,0,13.9483,0.0552071,2.5,1.8,1.5,0,vtype0
193,flow0.40,646879,5.49E+06,0,13.8897,-0.353257,2.5,1.8,1.5,0,vtype0
193,flow0.41,646880,5.49E+06,0,13.9818,0.363988,2.5,1.8,1.5,0,vtype0
193,flow0.42,646882,5.49E+06,0,13.9186,0.07736,2.5,1.8,1.5,0,vtype0
193,flow0.43,646883,5.49E+06,0,13.9676,0.560019,2.5,1.8,1.5,0,vtype0
193,flow0.44,646885,5.49E+06,0,13.872,-0.199929,2.5,1.8,1.5,0,vtype0
193,flow0.45,646887,5.49E+06,0,13.9774,-0.142629,2.5,1.8,1.5,0,vtype0
193,flow0.46,646889,5.49E+06,0,13.8887,-0.860135,2.5,1.8,1.5,0,vtype0
193,flow0.47,646889,5.49E+06,0,12.3647,-0.360728,2.5,1.8,1.5,0,vtype0
193,flow0.48,646888,5.49E+06,0,12.4441,0.639695,2.5,1.8,1.5,0,vtype0
193,flow0.49,646886,5.49E+06,0,12.5468,-0.337287,2.5,1.8,1.5,0,vtype0
193,flow0.5,646067,5.49E+06,0,13.9618,0.260749,2.5,1.8,1.5,0,vtype0
193,flow0.50,646885,5.49E+06,0,12.7835,0.539317,2.5,1.8,1.5,0,vtype0
193,flow0.51,646884,5.49E+06,0,13.2204,-0.545038,2.5,1.8,1.5,0,vtype0
193,flow0.52,646882,5.49E+06,0,13.9722,0.684826,2.5,1.8,1.5,0,vtype0
193,flow0.53,646880,5.49E+06,0,13.8798,-0.207216,2.5,1.8,1.5,0,vtype0
193,flow0.54,646879,5.49E+06,0,13.8897,-0.3814,2.5,1.8,1.5,0,vtype0
193,flow0.55,646876,5.49E+06,0,13.8854,0.138153,2.5,1.8,1.5,0,vtype0
193,flow0.56,646870,5.49E+06,0,8.91353,1.7924,2.5,1.8,1.5,0,vtype0
193,flow0.57,646856,5.49E+06,0,8.68654,0.741854,2.5,1.8,1.5,1,vtype0
193,flow0.58,646842,5.49E+06,0,8.71205,0.927663,2.5,1.8,1.5,1,vtype0
193,flow0.59,646827,5.49E+06,0,9.20829,0.564528,2.5,1.8,1.5,1,vtype0
193,flow0.6,646094,5.49E+06,0,13.8969,-0.0405973,2.5,1.8,1.5,0,vtype0
193,flow0.60,646787,5.49E+06,0,11.1686,0.194079,2.5,1.8,1.5,0,vtype0
193,flow0.61,646774,5.49E+06,0,11.9798,0.518291,2.5,1.8,1.5,0,vtype0
193,flow0.62,646789,5.49E+06,0,13.3311,-0.127485,2.5,1.8,1.5,2,vtype0
193,flow0.63,646817,5.49E+06,0,13.6338,0.857434,2.5,1.8,1.5,2,vtype0
193,flow0.64,646845,5.49E+06,0,13.9092,-0.0309808,2.5,1.8,1.5,0,vtype0
193,flow0.7,646181,5.49E+06,0,13.9635,-0.176975,2.5,1.8,1.5,0,vtype0
193,flow0.8,646202,5.49E+06,0,13.9678,-0.0640611,2.5,1.8,1.5,0,vtype0
193,flow0.9,646221,5.49E+06,0,13.8945,-0.905483,2.5,1.8,1.5,0,vtype0
194,flow0.0,645878,5.49E+06,0,13.9596,0.857506,2.5,1.8,1.5,0,vtype0
194,flow0.1,645918,5.49E+06,0,13.9218,0.433046,2.5,1.8,1.5,0,vtype0
194,flow0.10,646230,5.49E+06,0,13.9391,0.08172,2.5,1.8,1.5,0,vtype0
194,flow0.11,646247,5.49E+06,0,13.8821,-0.786863,2.5,1.8,1.5,0,vtype0
194,flow0.12,646266,5.49E+06,0,13.9545,0.824443,2.5,1.8,1.5,0,vtype0
194,flow0.13,646284,5.49E+06,0,13.9396,0.365226,2.5,1.8,1.5,0,vtype0
194,flow0.14,646303,5.49E+06,0,13.9738,0.266225,2.5,1.8,1.5,0,vtype0
194,flow0.15,646326,5.49E+06,0,13.9131,-0.343551,2.5,1.8,1.5,0,vtype0
194,flow0.16,646353,5.49E+06,0,13.8754,-0.842482,2.5,1.8,1.5,0,vtype0
194,flow0.17,646469,5.49E+06,0,13.983,0.680334,2.5,1.8,1.5,0,vtype0
194,flow0.18,646489,5.49E+06,0,13.8931,0.0615034,2.5,1.8,1.5,0,vtype0
194,flow0.19,646507,5.49E+06,0,13.976,0.903719,2.5,1.8,1.5,0,vtype0
194,flow0.2,645951,5.49E+06,0,13.9562,0.502438,2.5,1.8,1.5,0,vtype0
194,flow0.20,646524,5.49E+06,0,13.9638,-0.28216,2.5,1.8,1.5,0,vtype0
194,flow0.21,646541,5.49E+06,0,13.9949,0.18738,2.5,1.8,1.5,0,vtype0
194,flow0.22,646558,5.49E+06,0,13.5612,2.39288,2.5,1.8,1.5,0,vtype0
194,flow0.23,646574,5.49E+06,0,9.80896,1.57403,2.5,1.8,1.5,0,vtype0
194,flow0.24,646585,5.49E+06,0,7.18852,-4.5,2.5,1.8,1.5,8,vtype0
194,flow0.25,646597,5.49E+06,0,8.11187,-4.06892,2.5,1.8,1.5,8,vtype0
194,flow0.26,646610,5.49E+06,0,8.94843,-1.44866,2.5,1.8,1.5,8,vtype0
194,flow0.27,646624,5.49E+06,0,9.51212,-0.157003,2.5,1.8,1.5,0,vtype0
194,flow0.28,646639,5.49E+06,0,9.90702,0.529149,2.5,1.8,1.5,0,vtype0
194,flow0.29,646654,5.49E+06,0,10.2872,0.506122,2.5,1.8,1.5,0,vtype0
194,flow0.3,645983,5.49E+06,0,13.9861,0.608138,2.5,1.8,1.5,0,vtype0
194,flow0.30,646671,5.49E+06,0,10.5954,-0.0713026,2.5,1.8,1.5,0,vtype0
194,flow0.31,646687,5.49E+06,0,10.9501,-1.80127,2.5,1.8,1.5,8,vtype0
194,flow0.32,646705,5.49E+06,0,11.4386,0.342955,2.5,1.8,1.5,0,vtype0
194,flow0.33,646722,5.49E+06,0,11.7075,-1.02221,2.5,1.8,1.5,0,vtype0
194,flow0.34,646742,5.49E+06,0,12.5684,-0.578841,2.5,1.8,1.5,0,vtype0
194,flow0.35,646763,5.49E+06,0,13.4795,0.0596446,2.5,1.8,1.5,0,vtype0
194,flow0.36,646786,5.49E+06,0,13.9758,0.180625,2.5,1.8,1.5,0,vtype0
194,flow0.37,646810,5.49E+06,0,13.9365,0.120626,2.5,1.8,1.5,0,vtype0
194,flow0.38,646834,5.49E+06,0,13.9906,0.906242,2.5,1.8,1.5,0,vtype0
194,flow0.39,646858,5.49E+06,0,13.992,0.420418,2.5,1.8,1.5,0,vtype0
194,flow0.4,646034,5.49E+06,0,13.9309,-0.64955,2.5,1.8,1.5,0,vtype0
194,flow0.40,646875,5.49E+06,0,13.8719,-0.731289,2.5,1.8,1.5,0,vtype0
194,flow0.41,646879,5.49E+06,0,13.9182,-0.372346,2.5,1.8,1.5,0,vtype0
194,flow0.42,646880,5.49E+06,0,13.9159,-0.116766,2.5,1.8,1.5,0,vtype0
194,flow0.43,646882,5.49E+06,0,13.9035,-0.665895,2.5,1.8,1.5,0,vtype0
194,flow0.44,646884,5.49E+06,0,13.8725,-1.13192,2.5,1.8,1.5,0,vtype0
194,flow0.45,646886,5.49E+06,0,13.8945,-0.937295,2.5,1.8,1.5,0,vtype0
194,flow0.46,646888,5.49E+06,0,13.9273,0.0454325,2.5,1.8,1.5,0,vtype0
194,flow0.47,646890,5.49E+06,0,12.4074,-0.157242,2.5,1.8,1.5,0,vtype0
194,flow0.48,646889,5.49E+06,0,12.3941,-0.647321,2.5,1.8,1.5,0,vtype0
194,flow0.49,646887,5.49E+06,0,12.5489,0.106048,2.5,1.8,1.5,0,vtype0
194,flow0.5,646057,5.49E+06,0,13.9898,0.727351,2.5,1.8,1.5,0,vtype0
194,flow0.50,646886,5.49E+06,0,12.7837,0.166383,2.5,1.8,1.5,0,vtype0
194,flow0.51,646885,5.49E+06,0,13.2316,1.24107,2.5,1.8,1.5,0,vtype0
194,flow0.52,646883,5.49E+06,0,13.9038,-0.470752,2.5,1.8,1.5,0,vtype0
194,flow0.53,646881,5.49E+06,0,13.9443,-0.512019,2.5,1.8,1.5,0,vtype0
194,flow0.54,646879,5.49E+06,0,13.89,-0.175159,2.5,1.8,1.5,0,vtype0
194,flow0.55,646878,5.49E+06,0,13.8759,-0.809413,2.5,1.8,1.5,0,vtype0
194,flow0.56,646872,5.49E+06,0,10.9582,2.35901,2.5,1.8,1.5,0,vtype0
194,flow0.57,646864,5.49E+06,0,6.81905,2.6,2.5,1.8,1.5,1,vtype0
194,flow0.58,646850,5.49E+06,0,7.35313,1.2365,2.5,1.8,1.5,1,vtype0
194,flow0.59,646836,5.49E+06,0,8.23083,-0.972726,2.5,1.8,1.5,9,vtype0
194,flow0.6,646084,5.49E+06,0,13.9712,0.349663,2.5,1.8,1.5,0,vtype0
194,flow0.60,646796,5.49E+06,0,11.2084,0.501283,2.5,1.8,1.5,0,vtype0
194,flow0.61,646782,5.49E+06,0,11.7438,-0.239068,2.5,1.8,1.5,0,vtype0
194,flow0.62,646780,5.49E+06,0,13.3301,0.152157,2.5,1.8,1.5,2,vtype0
194,flow0.63,646807,5.49E+06,0,13.5574,-0.0384462,2.5,1.8,1.5,2,vtype0
194,flow0.64,646835,5.49E+06,0,13.9414,-0.446177,2.5,1.8,1.5,2,vtype0
194,flow0.7,646171,5.49E+06,0,13.9778,0.912678,2.5,1.8,1.5,0,vtype0
194,flow0.8,646192,5.49E+06,0,13.9871,0.95419,2.5,1.8,1.5,0,vtype0
194,flow0.9,646211,5.49E+06,0,13.8916,-0.614695,2.5,1.8,1.5,0,vtype0
195,flow0.0,645866,5.49E+06,0,13.9321,-0.092157,2.5,1.8,1.5,0,vtype0
195,flow0.1,645907,5.49E+06,0,13.9826,0.495696,2.5,1.8,1.5,0,vtype0
195,flow0.10,646220,5.49E+06,0,13.9673,0.328505,2.5,1.8,1.5,0,vtype0
195,flow0.11,646237,5.49E+06,0,13.9415,0.437806,2.5,1.8,1.5,0,vtype0
195,flow0.12,646256,5.49E+06,0,13.9319,-0.404046,2.5,1.8,1.5,0,vtype0
195,flow0.13,646274,5.49E+06,0,13.99,0.30295,2.5,1.8,1.5,0,vtype0
195,flow0.14,646294,5.49E+06,0,13.9005,-0.0493168,2.5,1.8,1.5,0,vtype0
195,flow0.15,646316,5.49E+06,0,13.9255,-0.114049,2.5,1.8,1.5,0,vtype0
195,flow0.16,646343,5.49E+06,0,13.9487,-0.434112,2.5,1.8,1.5,0,vtype0
195,flow0.17,646459,5.49E+06,0,13.8893,-0.927136,2.5,1.8,1.5,0,vtype0
195,flow0.18,646479,5.49E+06,0,13.8915,-0.607172,2.5,1.8,1.5,0,vtype0
195,flow0.19,646497,5.49E+06,0,13.9757,-0.0919455,2.5,1.8,1.5,0,vtype0
195,flow0.2,645940,5.49E+06,0,13.9547,0.132651,2.5,1.8,1.5,0,vtype0
195,flow0.20,646514,5.49E+06,0,13.9922,0.344462,2.5,1.8,1.5,0,vtype0
195,flow0.21,646532,5.49E+06,0,13.9944,0.890876,2.5,1.8,1.5,0,vtype0
195,flow0.22,646549,5.49E+06,0,13.9402,0.570316,2.5,1.8,1.5,0,vtype0
195,flow0.23,646566,5.49E+06,0,11.6871,1.48038,2.5,1.8,1.5,0,vtype0
195,flow0.24,646579,5.49E+06,0,8.15878,2.01532,2.5,1.8,1.5,0,vtype0
195,flow0.25,646591,5.49E+06,0,8.11399,0.821708,2.5,1.8,1.5,0,vtype0
195,flow0.26,646603,5.49E+06,0,8.43046,-0.010975,2.5,1.8,1.5,0,vtype0
195,flow0.27,646616,5.49E+06,0,8.80922,-0.184235,2.5,1.8,1.5,0,vtype0
195,flow0.28,646630,5.49E+06,0,9.31736,1.25408,2.5,1.8,1.5,0,vtype0
195,flow0.29,646645,5.49E+06,0,9.71192,0.622927,2.5,1.8,1.5,0,vtype0
195,flow0.3,645972,5.49E+06,0,13.9835,0.673858,2.5,1.8,1.5,0,vtype0
195,flow0.30,646660,5.49E+06,0,10.0212,-1.4096,2.5,1.8,1.5,8,vtype0
195,flow0.31,646677,5.49E+06,0,10.5907,0.202171,2.5,1.8,1.5,0,vtype0
195,flow0.32,646693,5.49E+06,0,10.9756,-0.154197,2.5,1.8,1.5,0,vtype0
195,flow0.33,646711,5.49E+06,0,11.3906,-0.69154,2.5,1.8,1.5,0,vtype0
195,flow0.34,646730,5.49E+06,0,12.1224,0.60129,2.5,1.8,1.5,0,vtype0
195,flow0.35,646750,5.49E+06,0,12.8747,-0.900339,2.5,1.8,1.5,0,vtype0
195,flow0.36,646772,5.49E+06,0,13.8886,-0.214419,2.5,1.8,1.5,0,vtype0
195,flow0.37,646796,5.49E+06,0,13.9627,0.625977,2.5,1.8,1.5,0,vtype0
195,flow0.38,646821,5.49E+06,0,13.8704,-0.367745,2.5,1.8,1.5,0,vtype0
195,flow0.39,646844,5.49E+06,0,13.916,-0.456225,2.5,1.8,1.5,0,vtype0
195,flow0.4,646024,5.49E+06,0,13.9182,-0.745075,2.5,1.8,1.5,0,vtype0
195,flow0.40,646866,5.49E+06,0,13.9569,0.638169,2.5,1.8,1.5,0,vtype0
195,flow0.41,646878,5.49E+06,0,13.8747,-0.277643,2.5,1.8,1.5,0,vtype0
195,flow0.42,646879,5.49E+06,0,13.9793,0.509157,2.5,1.8,1.5,0,vtype0
195,flow0.43,646881,5.49E+06,0,13.9035,0.127459,2.5,1.8,1.5,0,vtype0
195,flow0.44,646883,5.49E+06,0,13.9733,0.95138,2.5,1.8,1.5,0,vtype0
195,flow0.45,646885,5.49E+06,0,13.9279,-0.010355,2.5,1.8,1.5,0,vtype0
195,flow0.46,646887,5.49E+06,0,13.9897,0.9581,2.5,1.8,1.5,0,vtype0
195,flow0.47,646891,5.49E+06,0,12.4071,0.550286,2.5,1.8,1.5,0,vtype0
195,flow0.48,646889,5.49E+06,0,12.3369,-1.03268,2.5,1.8,1.5,0,vtype0
195,flow0.49,646888,5.49E+06,0,12.5233,0.0951523,2.5,1.8,1.5,0,vtype0
195,flow0.5,646047,5.49E+06,0,13.9981,0.306831,2.5,1.8,1.5,0,vtype0
195,flow0.50,646887,5.49E+06,0,12.7113,0.587262,2.5,1.8,1.5,0,vtype0
195,flow0.51,646885,5.49E+06,0,12.9988,-0.415486,2.5,1.8,1.5,0,vtype0
195,flow0.52,646884,5.49E+06,0,13.9178,-0.0801518,2.5,1.8,1.5,0,vtype0
195,flow0.53,646882,5.49E+06,0,13.969,0.637227,2.5,1.8,1.5,0,vtype0
195,flow0.54,646881,5.49E+06,0,13.9905,0.51393,2.5,1.8,1.5,0,vtype0
195,flow0.55,646879,5.49E+06,0,13.9142,-0.0544328,2.5,1.8,1.5,0,vtype0
195,flow0.56,646874,5.49E+06,0,11.3535,-0.459829,2.5,1.8,1.5,0,vtype0
195,flow0.57,646871,5.49E+06,0,9.16539,2.1979,2.5,1.8,1.5,0,vtype0
195,flow0.58,646858,5.49E+06,0,8.76064,1.0367,2.5,1.8,1.5,1,vtype0
195,flow0.59,646844,5.49E+06,0,8.83206,0.259467,2.5,1.8,1.5,1,vtype0
195,flow0.6,646074,5.49E+06,0,13.965,0.298277,2.5,1.8,1.5,0,vtype0
195,flow0.60,646805,5.49E+06,0,11.1759,0.058676,2.5,1.8,1.5,0,vtype0
195,flow0.61,646791,5.49E+06,0,11.555,-0.0926093,2.5,1.8,1.5,0,vtype0
195,flow0.62,646775,5.49E+06,0,13.3034,-0.237687,2.5,1.8,1.5,2,vtype0
195,flow0.63,646797,5.49E+06,0,13.5706,-0.586735,2.5,1.8,1.5,2,vtype0
195,flow0.64,646826,5.49E+06,0,13.9077,0.116517,2.5,1.8,1.5,2,vtype0
195,flow0.7,646161,5.49E+06,0,13.9913,1.07807,2.5,1.8,1.5,0,vtype0
195,flow0.8,646182,5.49E+06,0,13.9505,-0.351498,2.5,1.8,1.5,0,vtype0
195,flow0.9,646201,5.49E+06,0,13.8731,-0.983231,2.5,1.8,1.5,0,vtype0
196,flow0.0,645853,5.49E+06,0,13.9243,-0.333417,2.5,1.8,1.5,0,vtype0
196,flow0.1,645895,5.49E+06,0,13.8925,-0.473335,2.5,1.8,1.5,0,vtype0
196,flow0.10,646210,5.49E+06,0,13.8775,-0.467083,2.5,1.8,1.5,0,vtype0
196,flow0.11,646227,5.49E+06,0,13.99,0.633315,2.5,1.8,1.5,0,vtype0
196,flow0.12,646246,5.49E+06,0,13.9598,-0.331018,2.5,1.8,1.5,0,vtype0
196,flow0.13,646264,5.49E+06,0,13.8892,-0.6961,2.5,1.8,1.5,0,vtype0
196,flow0.14,646284,5.49E+06,0,13.9629,-0.154389,2.5,1.8,1.5,0,vtype0
196,flow0.15,646306,5.49E+06,0,13.9303,-0.433303,2.5,1.8,1.5,0,vtype0
196,flow0.16,646333,5.49E+06,0,13.9451,0.0513796,2.5,1.8,1.5,0,vtype0
196,flow0.17,646449,5.49E+06,0,13.9114,-0.433367,2.5,1.8,1.5,0,vtype0
196,flow0.18,646469,5.49E+06,0,13.8999,-0.467343,2.5,1.8,1.5,0,vtype0
196,flow0.19,646488,5.49E+06,0,13.8875,-0.636735,2.5,1.8,1.5,0,vtype0
196,flow0.2,645928,5.49E+06,0,13.9955,0.58303,2.5,1.8,1.5,0,vtype0
196,flow0.20,646505,5.49E+06,0,13.9323,0.274454,2.5,1.8,1.5,0,vtype0
196,flow0.21,646522,5.49E+06,0,13.8757,-1.12752,2.5,1.8,1.5,0,vtype0
196,flow0.22,646539,5.49E+06,0,13.8971,-0.801635,2.5,1.8,1.5,0,vtype0
196,flow0.23,646558,5.49E+06,0,13.5919,1.52117,2.5,1.8,1.5,0,vtype0
196,flow0.24,646573,5.49E+06,0,9.97769,1.53506,2.5,1.8,1.5,0,vtype0
196,flow0.25,646584,5.49E+06,0,6.23769,-4.15894,2.5,1.8,1.5,8,vtype0
196,flow0.26,646596,5.49E+06,0,7.42267,-3.10462,2.5,1.8,1.5,8,vtype0
196,flow0.27,646608,5.49E+06,0,8.24374,-2.9488,2.5,1.8,1.5,8,vtype0
196,flow0.28,646621,5.49E+06,0,8.97811,-1.20673,2.5,1.8,1.5,8,vtype0
196,flow0.29,646636,5.49E+06,0,9.53051,0.153581,2.5,1.8,1.5,0,vtype0
196,flow0.3,645962,5.49E+06,0,13.9736,0.0222321,2.5,1.8,1.5,0,vtype0
196,flow0.30,646651,5.49E+06,0,9.81667,-1.42592,2.5,1.8,1.5,8,vtype0
196,flow0.31,646666,5.49E+06,0,10.2253,-1.68542,2.5,1.8,1.5,8,vtype0
196,flow0.32,646683,5.49E+06,0,10.6981,1.63152,2.5,1.8,1.5,0,vtype0
196,flow0.33,646700,5.49E+06,0,11.0005,-0.133045,2.5,1.8,1.5,0,vtype0
196,flow0.34,646718,5.49E+06,0,11.5793,-0.317167,2.5,1.8,1.5,0,vtype0
196,flow0.35,646738,5.49E+06,0,12.3948,-0.399998,2.5,1.8,1.5,0,vtype0
196,flow0.36,646758,5.49E+06,0,13.2564,-0.191145,2.5,1.8,1.5,0,vtype0
196,flow0.37,646782,5.49E+06,0,13.8841,-1.10135,2.5,1.8,1.5,0,vtype0
196,flow0.38,646807,5.49E+06,0,13.9147,-0.654606,2.5,1.8,1.5,0,vtype0
196,flow0.39,646830,5.49E+06,0,13.9168,-0.138151,2.5,1.8,1.5,0,vtype0
196,flow0.4,646014,5.49E+06,0,13.9022,-0.307632,2.5,1.8,1.5,0,vtype0
196,flow0.40,646854,5.49E+06,0,13.9514,-0.141465,2.5,1.8,1.5,0,vtype0
196,flow0.41,646873,5.49E+06,0,13.9734,-0.179632,2.5,1.8,1.5,0,vtype0
196,flow0.42,646879,5.49E+06,0,13.979,0.018761,2.5,1.8,1.5,0,vtype0
196,flow0.43,646880,5.49E+06,0,13.9741,-0.24602,2.5,1.8,1.5,0,vtype0
196,flow0.44,646882,5.49E+06,0,13.9726,0.569566,2.5,1.8,1.5,0,vtype0
196,flow0.45,646884,5.49E+06,0,13.9554,0.81392,2.5,1.8,1.5,0,vtype0
196,flow0.46,646886,5.49E+06,0,13.9656,-0.133003,2.5,1.8,1.5,0,vtype0
196,flow0.47,646890,5.49E+06,0,12.4663,0.85313,2.5,1.8,1.5,0,vtype0
196,flow0.48,646890,5.49E+06,0,12.4033,0.114603,2.5,1.8,1.5,0,vtype0
196,flow0.49,646889,5.49E+06,0,12.4398,0.0122404,2.5,1.8,1.5,0,vtype0
196,flow0.5,646037,5.49E+06,0,13.9222,0.00119476,2.5,1.8,1.5,0,vtype0
196,flow0.50,646888,5.49E+06,0,12.6069,0.694806,2.5,1.8,1.5,0,vtype0
196,flow0.51,646886,5.49E+06,0,12.8761,0.900205,2.5,1.8,1.5,0,vtype0
196,flow0.52,646885,5.49E+06,0,13.5281,-1.27059,2.5,1.8,1.5,0,vtype0
196,flow0.53,646883,5.49E+06,0,13.8935,-0.252944,2.5,1.8,1.5,0,vtype0
196,flow0.54,646882,5.49E+06,0,13.9647,-0.0918194,2.5,1.8,1.5,0,vtype0
196,flow0.55,646880,5.49E+06,0,13.955,-0.124217,2.5,1.8,1.5,0,vtype0
196,flow0.56,646875,5.49E+06,0,11.3663,-0.208664,2.5,1.8,1.5,0,vtype0
196,flow0.57,646872,5.49E+06,0,11.2516,1.33838,2.5,1.8,1.5,0,vtype0
196,flow0.58,646865,5.49E+06,0,7.17491,2.6,2.5,1.8,1.5,1,vtype0
196,flow0.59,646852,5.49E+06,0,7.51437,0.626468,2.5,1.8,1.5,1,vtype0
196,flow0.6,646064,5.49E+06,0,13.8892,-0.852265,2.5,1.8,1.5,0,vtype0
196,flow0.60,646816,5.49E+06,0,11.2495,0.205555,2.5,1.8,1.5,0,vtype0
196,flow0.61,646799,5.49E+06,0,11.5061,-0.0340598,2.5,1.8,1.5,0,vtype0
196,flow0.62,646778,5.49E+06,0,13.3751,0.879923,2.5,1.8,1.5,0,vtype0
196,flow0.63,646788,5.49E+06,0,13.5571,0.135533,2.5,1.8,1.5,2,vtype0
196,flow0.64,646816,5.49E+06,0,13.919,-0.261004,2.5,1.8,1.5,2,vtype0
196,flow0.65,646845,5.49E+06,0,13.9919,0.970586,2.5,1.8,1.5,0,vtype0
196,flow0.7,646152,5.49E+06,0,13.9903,1.05757,2.5,1.8,1.5,0,vtype0
196,flow0.8,646172,5.49E+06,0,13.9512,0.480451,2.5,1.8,1.5,0,vtype0
196,flow0.9,646191,5.49E+06,0,13.9177,0.148664,2.5,1.8,1.5,0,vtype0
197,flow0.0,645840,5.49E+06,0,13.9369,-0.0562754,2.5,1.8,1.5,0,vtype0
197,flow0.1,645883,5.49E+06,0,13.8863,-0.92769,2.5,1.8,1.5,0,vtype0
197,flow0.10,646200,5.49E+06,0,13.9313,-0.417312,2.5,1.8,1.5,0,vtype0
197,flow0.11,646217,5.49E+06,0,13.8785,-0.869217,2.5,1.8,1.5,0,vtype0
197,flow0.12,646236,5.49E+06,0,13.9945,1.06329,2.5,1.8,1.5,0,vtype0
197,flow0.13,646254,5.49E+06,0,13.9935,0.616904,2.5,1.8,1.5,0,vtype0
197,flow0.14,646274,5.49E+06,0,13.8931,-0.344558,2.5,1.8,1.5,0,vtype0
197,flow0.15,646297,5.49E+06,0,13.8763,0.00999728,2.5,1.8,1.5,0,vtype0
197,flow0.16,646324,5.49E+06,0,13.9914,0.350811,2.5,1.8,1.5,0,vtype0
197,flow0.17,646439,5.49E+06,0,13.9598,-0.134387,2.5,1.8,1.5,0,vtype0
197,flow0.18,646459,5.49E+06,0,13.9335,-0.538396,2.5,1.8,1.5,0,vtype0
197,flow0.19,646478,5.49E+06,0,13.8788,-0.344375,2.5,1.8,1.5,0,vtype0
197,flow0.2,645917,5.49E+06,0,13.9591,0.376757,2.5,1.8,1.5,0,vtype0
197,flow0.20,646495,5.49E+06,0,13.925,-0.542837,2.5,1.8,1.5,0,vtype0
197,flow0.21,646512,5.49E+06,0,13.9415,0.533248,2.5,1.8,1.5,0,vtype0
197,flow0.22,646530,5.49E+06,0,13.9626,0.339042,2.5,1.8,1.5,0,vtype0
197,flow0.23,646548,5.49E+06,0,13.9958,1.09705,2.5,1.8,1.5,0,vtype0
197,flow0.24,646565,5.49E+06,0,11.8874,1.77587,2.5,1.8,1.5,0,vtype0
197,flow0.25,646578,5.49E+06,0,8.37881,1.40156,2.5,1.8,1.5,0,vtype0
197,flow0.26,646589,5.49E+06,0,8.27945,1.14007,2.5,1.8,1.5,0,vtype0
197,flow0.27,646601,5.49E+06,0,8.32143,0.497577,2.5,1.8,1.5,0,vtype0
197,flow0.28,646613,5.49E+06,0,8.63621,0.659249,2.5,1.8,1.5,0,vtype0
197,flow0.29,646627,5.49E+06,0,8.99704,-0.177428,2.5,1.8,1.5,0,vtype0
197,flow0.3,645951,5.49E+06,0,13.9819,0.944905,2.5,1.8,1.5,0,vtype0
197,flow0.30,646642,5.49E+06,0,9.43893,0.146029,2.5,1.8,1.5,0,vtype0
197,flow0.31,646656,5.49E+06,0,9.85094,0.0691125,2.5,1.8,1.5,0,vtype0
197,flow0.32,646672,5.49E+06,0,10.246,-0.105692,2.5,1.8,1.5,0,vtype0
197,flow0.33,646689,5.49E+06,0,10.6518,0.418784,2.5,1.8,1.5,0,vtype0
197,flow0.34,646707,5.49E+06,0,11.1269,-1.33046,2.5,1.8,1.5,8,vtype0
197,flow0.35,646725,5.49E+06,0,11.9234,-1.08487,2.5,1.8,1.5,0,vtype0
197,flow0.36,646745,5.49E+06,0,12.7819,0.107675,2.5,1.8,1.5,0,vtype0
197,flow0.37,646768,5.49E+06,0,13.9055,0.02541,2.5,1.8,1.5,0,vtype0
197,flow0.38,646793,5.49E+06,0,13.8809,0.0701137,2.5,1.8,1.5,0,vtype0
197,flow0.39,646816,5.49E+06,0,13.9794,0.548667,2.5,1.8,1.5,0,vtype0
197,flow0.4,646004,5.49E+06,0,13.9256,0.0716428,2.5,1.8,1.5,0,vtype0
197,flow0.40,646840,5.49E+06,0,13.9706,0.93148,2.5,1.8,1.5,0,vtype0
197,flow0.41,646863,5.49E+06,0,13.8773,-1.03879,2.5,1.8,1.5,0,vtype0
197,flow0.42,646877,5.49E+06,0,13.9991,0.758604,2.5,1.8,1.5,0,vtype0
197,flow0.43,646879,5.49E+06,0,13.9468,0.0118028,2.5,1.8,1.5,0,vtype0
197,flow0.44,646881,5.49E+06,0,13.965,0.670386,2.5,1.8,1.5,0,vtype0
197,flow0.45,646883,5.49E+06,0,13.9287,0.524839,2.5,1.8,1.5,0,vtype0
197,flow0.46,646885,5.49E+06,0,13.9161,-0.166047,2.5,1.8,1.5,0,vtype0
197,flow0.47,646889,5.49E+06,0,12.4525,-0.234034,2.5,1.8,1.5,0,vtype0
197,flow0.48,646890,5.49E+06,0,12.446,0.846978,2.5,1.8,1.5,0,vtype0
197,flow0.49,646890,5.49E+06,0,12.3848,-0.567838,2.5,1.8,1.5,0,vtype0
197,flow0.5,646027,5.49E+06,0,13.9531,0.0482041,2.5,1.8,1.5,0,vtype0
197,flow0.50,646889,5.49E+06,0,12.5371,-0.860075,2.5,1.8,1.5,0,vtype0
197,flow0.51,646887,5.49E+06,0,12.7913,-0.670915,2.5,1.8,1.5,0,vtype0
197,flow0.52,646886,5.49E+06,0,13.4692,0.462619,2.5,1.8,1.5,0,vtype0
197,flow0.53,646884,5.49E+06,0,13.9102,-0.563861,2.5,1.8,1.5,0,vtype0
197,flow0.54,646883,5.49E+06,0,13.9565,-0.317297,2.5,1.8,1.5,0,vtype0
197,flow0.55,646881,5.49E+06,0,13.9749,0.535909,2.5,1.8,1.5,0,vtype0
197,flow0.56,646877,5.49E+06,0,11.317,-0.314447,2.5,1.8,1.5,0,vtype0
197,flow0.57,646874,5.49E+06,0,12.1706,-0.873714,2.5,1.8,1.5,0,vtype0
197,flow0.58,646871,5.49E+06,0,9.01576,1.67287,2.5,1.8,1.5,0,vtype0
197,flow0.59,646860,5.49E+06,0,7.98087,-4.5,2.5,1.8,1.5,9,vtype0
197,flow0.6,646054,5.49E+06,0,13.8737,-1.23781,2.5,1.8,1.5,0,vtype0
197,flow0.60,646827,5.49E+06,0,11.2619,0.421898,2.5,1.8,1.5,1,vtype0
197,flow0.61,646810,5.49E+06,0,11.4535,0.129743,2.5,1.8,1.5,0,vtype0
197,flow0.62,646788,5.49E+06,0,13.3408,-0.429524,2.5,1.8,1.5,0,vtype0
197,flow0.63,646779,5.49E+06,0,13.5408,-0.142891,2.5,1.8,1.5,2,vtype0
197,flow0.64,646806,5.49E+06,0,13.9735,0.786286,2.5,1.8,1.5,2,vtype0
197,flow0.65,646835,5.49E+06,0,13.9554,0.335724,2.5,1.8,1.5,2,vtype0
197,flow0.7,646142,5.49E+06,0,13.912,-0.262559,2.5,1.8,1.5,0,vtype0
197,flow0.8,646162,5.49E+06,0,13.9681,0.042904,2.5,1.8,1.5,0,vtype0
197,flow0.9,646181,5.49E+06,0,13.95,0.545073,2.5,1.8,1.5,0,vtype0
198,flow0.0,645827,5.49E+06,0,13.9213,-0.508736,2.5,1.8,1.5,0,vtype0
198,flow0.1,645871,5.49E+06,0,13.9892,-0.0835734,2.5,1.8,1.5,0,vtype0
198,flow0.10,646190,5.49E+06,0,13.9759,-0.191323,2.5,1.8,1.5,0,vtype0
198,flow0.11,646207,5.49E+06,0,13.9344,-0.00341816,2.5,1.8,1.5,0,vtype0
198,flow0.12,646226,5.49E+06,0,13.9752,0.308991,2.5,1.8,1.5,0,vtype0
198,flow0.13,646244,5.49E+06,0,13.9835,0.0406847,2.5,1.8,1.5,0,vtype0
198,flow0.14,646264,5.49E+06,0,13.9604,0.801941,2.5,1.8,1.5,0,vtype0
198,flow0.15,646287,5.49E+06,0,13.9835,0.309249,2.5,1.8,1.5,0,vtype0
198,flow0.16,646314,5.49E+06,0,13.9173,0.394496,2.5,1.8,1.5,0,vtype0
198,flow0.17,646429,5.49E+06,0,13.9971,0.161518,2.5,1.8,1.5,0,vtype0
198,flow0.18,646449,5.49E+06,0,13.8878,-0.758288,2.5,1.8,1.5,0,vtype0
198,flow0.19,646468,5.49E+06,0,13.8871,-0.492481,2.5,1.8,1.5,0,vtype0
198,flow0.2,645906,5.49E+06,0,13.9675,0.380006,2.5,1.8,1.5,0,vtype0
198,flow0.20,646486,5.49E+06,0,13.9462,-0.289029,2.5,1.8,1.5,0,vtype0
198,flow0.21,646503,5.49E+06,0,13.9196,-0.545016,2.5,1.8,1.5,0,vtype0
198,flow0.22,646520,5.49E+06,0,13.9366,0.0683258,2.5,1.8,1.5,0,vtype0
198,flow0.23,646539,5.49E+06,0,13.9696,0.132368,2.5,1.8,1.5,0,vtype0
198,flow0.24,646556,5.49E+06,0,13.8435,2.35766,2.5,1.8,1.5,0,vtype0
198,flow0.25,646571,5.49E+06,0,10.2313,1.48606,2.5,1.8,1.5,0,vtype0
198,flow0.26,646583,5.49E+06,0,6.71054,2.6,2.5,1.8,1.5,0,vtype0
198,flow0.27,646594,5.49E+06,0,7.17539,1.60743,2.5,1.8,1.5,0,vtype0
198,flow0.28,646606,5.49E+06,0,7.64329,-2.80014,2.5,1.8,1.5,8,vtype0
198,flow0.29,646619,5.49E+06,0,8.41737,-1.30354,2.5,1.8,1.5,8,vtype0
198,flow0.3,645940,5.49E+06,0,13.9156,-0.00109839,2.5,1.8,1.5,0,vtype0
198,flow0.30,646633,5.49E+06,0,8.97953,-0.0394335,2.5,1.8,1.5,0,vtype0
198,flow0.31,646647,5.49E+06,0,9.3605,-1.82001,2.5,1.8,1.5,8,vtype0
198,flow0.32,646663,5.49E+06,0,9.90385,-0.325449,2.5,1.8,1.5,0,vtype0
198,flow0.33,646679,5.49E+06,0,10.3494,-0.119392,2.5,1.8,1.5,0,vtype0
198,flow0.34,646696,5.49E+06,0,10.8991,1.06143,2.5,1.8,1.5,0,vtype0
198,flow0.35,646714,5.49E+06,0,11.4079,-1.67174,2.5,1.8,1.5,8,vtype0
198,flow0.36,646733,5.49E+06,0,12.321,0.0736777,2.5,1.8,1.5,0,vtype0
198,flow0.37,646755,5.49E+06,0,13.4834,0.598099,2.5,1.8,1.5,0,vtype0
198,flow0.38,646779,5.49E+06,0,13.9179,-0.0912962,2.5,1.8,1.5,0,vtype0
198,flow0.39,646802,5.49E+06,0,13.9105,0.21714,2.5,1.8,1.5,0,vtype0
198,flow0.4,645994,5.49E+06,0,13.9384,0.152674,2.5,1.8,1.5,0,vtype0
198,flow0.40,646826,5.49E+06,0,13.9363,0.474236,2.5,1.8,1.5,0,vtype0
198,flow0.41,646850,5.49E+06,0,13.9884,1.12139,2.5,1.8,1.5,0,vtype0
198,flow0.42,646870,5.49E+06,0,13.9607,0.0938685,2.5,1.8,1.5,0,vtype0
198,flow0.43,646879,5.49E+06,0,13.9981,1.00259,2.5,1.8,1.5,0,vtype0
198,flow0.44,646880,5.49E+06,0,13.9233,0.346529,2.5,1.8,1.5,0,vtype0
198,flow0.45,646882,5.49E+06,0,13.9524,-0.390341,2.5,1.8,1.5,0,vtype0
198,flow0.46,646884,5.49E+06,0,13.9103,0.0427655,2.5,1.8,1.5,0,vtype0
198,flow0.47,646888,5.49E+06,0,12.393,0.0178001,2.5,1.8,1.5,0,vtype0
198,flow0.48,646889,5.49E+06,0,12.4506,1.18064,2.5,1.8,1.5,0,vtype0
198,flow0.49,646891,5.49E+06,0,12.4033,-0.693307,2.5,1.8,1.5,0,vtype0
198,flow0.5,646018,5.49E+06,0,13.8835,-0.0236858,2.5,1.8,1.5,0,vtype0
198,flow0.50,646890,5.49E+06,0,12.4969,0.172204,2.5,1.8,1.5,0,vtype0
198,flow0.51,646888,5.49E+06,0,12.7155,-0.38497,2.5,1.8,1.5,0,vtype0
198,flow0.52,646887,5.49E+06,0,13.237,-0.237708,2.5,1.8,1.5,0,vtype0
198,flow0.53,646885,5.49E+06,0,13.9453,0.660815,2.5,1.8,1.5,0,vtype0
198,flow0.54,646884,5.49E+06,0,13.9935,0.669134,2.5,1.8,1.5,0,vtype0
198,flow0.55,646882,5.49E+06,0,13.9121,-0.388852,2.5,1.8,1.5,0,vtype0
198,flow0.56,646878,5.49E+06,0,11.3189,-0.43469,2.5,1.8,1.5,0,vtype0
198,flow0.57,646876,5.49E+06,0,11.9943,-0.642668,2.5,1.8,1.5,0,vtype0
198,flow0.58,646872,5.49E+06,0,10.9548,2.08272,2.5,1.8,1.5,0,vtype0
198,flow0.59,646867,5.49E+06,0,7.68498,2.04115,2.5,1.8,1.5,0,vtype0
198,flow0.6,646044,5.49E+06,0,13.9821,0.264903,2.5,1.8,1.5,0,vtype0
198,flow0.60,646838,5.49E+06,0,11.1859,0.385389,2.5,1.8,1.5,1,vtype0
198,flow0.61,646822,5.49E+06,0,11.3811,-1.017,2.5,1.8,1.5,0,vtype0
198,flow0.62,646798,5.49E+06,0,13.3592,0.689466,2.5,1.8,1.5,0,vtype0
198,flow0.63,646774,5.49E+06,0,13.6562,0.180038,2.5,1.8,1.5,2,vtype0
198,flow0.64,646796,5.49E+06,0,13.9642,0.635237,2.5,1.8,1.5,2,vtype0
198,flow0.65,646825,5.49E+06,0,13.9076,-0.702917,2.5,1.8,1.5,2,vtype0
198,flow0.7,646132,5.49E+06,0,13.9553,0.764184,2.5,1.8,1.5,0,vtype0
198,flow0.8,646152,5.49E+06,0,13.8731,-0.926224,2.5,1.8,1.5,0,vtype0
198,flow0.9,646171,5.49E+06,0,13.9664,0.592611,2.5,1.8,1.5,0,vtype0
199,flow0.0,645814,5.49E+06,0,13.9601,0.687862,2.5,1.8,1.5,0,vtype0
199,flow0.1,645858,5.49E+06,0,13.8977,0.140617,2.5,1.8,1.5,0,vtype0
199,flow0.10,646180,5.49E+06,0,13.9729,0.299936,2.5,1.8,1.5,0,vtype0
199,flow0.11,646197,5.49E+06,0,13.9382,-0.3265,2.5,1.8,1.5,0,vtype0
199,flow0.12,646216,5.49E+06,0,13.9779,0.60842,2.5,1.8,1.5,0,vtype0
199,flow0.13,646234,5.49E+06,0,13.9755,0.49207,2.5,1.8,1.5,0,vtype0
199,flow0.14,646254,5.49E+06,0,13.9067,-0.909776,2.5,1.8,1.5,0,vtype0
199,flow0.15,646277,5.49E+06,0,13.9109,0.00297325,2.5,1.8,1.5,0,vtype0
199,flow0.16,646304,5.49E+06,0,13.9533,0.0711448,2.5,1.8,1.5,0,vtype0
199,flow0.17,646419,5.49E+06,0,13.9659,0.718908,2.5,1.8,1.5,0,vtype0
199,flow0.18,646439,5.49E+06,0,13.9348,0.231888,2.5,1.8,1.5,0,vtype0
199,flow0.19,646458,5.49E+06,0,13.895,-0.10245,2.5,1.8,1.5,0,vtype0
199,flow0.2,645894,5.49E+06,0,13.922,-0.255025,2.5,1.8,1.5,0,vtype0
199,flow0.20,646476,5.49E+06,0,13.9133,0.18343,2.5,1.8,1.5,0,vtype0
199,flow0.21,646493,5.49E+06,0,13.9913,0.124592,2.5,1.8,1.5,0,vtype0
199,flow0.22,646511,5.49E+06,0,13.9672,0.81597,2.5,1.8,1.5,0,vtype0
199,flow0.23,646529,5.49E+06,0,13.9558,-0.0431564,2.5,1.8,1.5,0,vtype0
199,flow0.24,646547,5.49E+06,0,13.973,0.818457,2.5,1.8,1.5,0,vtype0
199,flow0.25,646564,5.49E+06,0,12.1982,2.28408,2.5,1.8,1.5,0,vtype0
199,flow0.26,646576,5.49E+06,0,8.98979,2.11299,2.5,1.8,1.5,0,vtype0
199,flow0.27,646587,5.49E+06,0,8.5831,1.06075,2.5,1.8,1.5,0,vtype0
199,flow0.28,646599,5.49E+06,0,8.46776,0.877548,2.5,1.8,1.5,0,vtype0
199,flow0.29,646611,5.49E+06,0,8.50918,-0.598052,2.5,1.8,1.5,0,vtype0
199,flow0.3,645929,5.49E+06,0,13.8714,-1.0314,2.5,1.8,1.5,0,vtype0
199,flow0.30,646625,5.49E+06,0,8.82146,0.616075,2.5,1.8,1.5,0,vtype0
199,flow0.31,646639,5.49E+06,0,9.06643,0.291005,2.5,1.8,1.5,0,vtype0
199,flow0.32,646653,5.49E+06,0,9.40806,-0.975755,2.5,1.8,1.5,8,vtype0
199,flow0.33,646669,5.49E+06,0,9.84225,-0.472651,2.5,1.8,1.5,0,vtype0
199,flow0.34,646685,5.49E+06,0,10.3619,-1.27584,2.5,1.8,1.5,8,vtype0
199,flow0.35,646703,5.49E+06,0,11.0332,0.85039,2.5,1.8,1.5,0,vtype0
199,flow0.36,646721,5.49E+06,0,11.6948,-1.13723,2.5,1.8,1.5,0,vtype0
199,flow0.37,646742,5.49E+06,0,12.7876,-0.473208,2.5,1.8,1.5,0,vtype0
199,flow0.38,646765,5.49E+06,0,13.9945,0.55459,2.5,1.8,1.5,0,vtype0
199,flow0.39,646788,5.49E+06,0,13.9001,-0.490345,2.5,1.8,1.5,0,vtype0
199,flow0.4,645983,5.49E+06,0,13.8854,-0.419587,2.5,1.8,1.5,0,vtype0
199,flow0.40,646812,5.49E+06,0,13.9129,-0.770018,2.5,1.8,1.5,0,vtype0
199,flow0.41,646836,5.49E+06,0,13.8724,-0.70767,2.5,1.8,1.5,0,vtype0
199,flow0.42,646858,5.49E+06,0,13.9718,0.259606,2.5,1.8,1.5,0,vtype0
199,flow0.43,646876,5.49E+06,0,13.9412,-0.502784,2.5,1.8,1.5,0,vtype0
199,flow0.44,646879,5.49E+06,0,13.9346,0.209112,2.5,1.8,1.5,0,vtype0
199,flow0.45,646881,5.49E+06,0,13.9386,0.557193,2.5,1.8,1.5,0,vtype0
199,flow0.46,646882,5.49E+06,0,13.9996,0.946896,2.5,1.8,1.5,0,vtype0
199,flow0.47,646887,5.49E+06,0,12.4465,0.581104,2.5,1.8,1.5,0,vtype0
199,flow0.48,646888,5.49E+06,0,12.3476,-0.641234,2.5,1.8,1.5,0,vtype0
199,flow0.49,646890,5.49E+06,0,12.4189,-0.0839531,2.5,1.8,1.5,0,vtype0
199,flow0.5,646008,5.49E+06,0,13.8819,-0.667047,2.5,1.8,1.5,0,vtype0
199,flow0.50,646890,5.49E+06,0,12.4222,-0.505114,2.5,1.8,1.5,0,vtype0
199,flow0.51,646889,5.49E+06,0,12.6073,-0.586064,2.5,1.8,1.5,0,vtype0
199,flow0.52,646888,5.49E+06,0,13.0725,0.7612,2.5,1.8,1.5,0,vtype0
199,flow0.53,646886,5.49E+06,0,13.7965,-0.287624,2.5,1.8,1.5,0,vtype0
199,flow0.54,646885,5.49E+06,0,13.9406,-0.237515,2.5,1.8,1.5,0,vtype0
199,flow0.55,646883,5.49E+06,0,13.9258,-0.275221,2.5,1.8,1.5,0,vtype0
199,flow0.56,646879,5.49E+06,0,11.3394,-0.52058,2.5,1.8,1.5,0,vtype0
199,flow0.57,646878,5.49E+06,0,11.8701,0.707149,2.5,1.8,1.5,0,vtype0
199,flow0.58,646874,5.49E+06,0,12.8622,1.91228,2.5,1.8,1.5,0,vtype0
199,flow0.59,646871,5.49E+06,0,9.68716,1.34043,2.5,1.8,1.5,0,vtype0
199,flow0.6,646034,5.49E+06,0,13.9375,0.545361,2.5,1.8,1.5,0,vtype0
199,flow0.60,646850,5.49E+06,0,11.2051,-0.433201,2.5,1.8,1.5,1,vtype0
199,flow0.61,646833,5.49E+06,0,11.318,-0.318749,2.5,1.8,1.5,1,vtype0
199,flow0.62,646810,5.49E+06,0,13.1597,-0.839049,2.5,1.8,1.5,0,vtype0
199,flow0.63,646780,5.49E+06,0,13.6173,0.634603,2.5,1.8,1.5,0,vtype0
199,flow0.64,646786,5.49E+06,0,13.8788,-0.399671,2.5,1.8,1.5,2,vtype0
199,flow0.65,646816,5.49E+06,0,13.9821,0.93144,2.5,1.8,1.5,2,vtype0
199,flow0.66,646847,5.49E+06,0,11.472,0.022555,2.5,1.8,1.5,0,vtype0
199,flow0.7,646122,5.49E+06,0,13.8807,-0.0978665,2.5,1.8,1.5,0,vtype0
199,flow0.8,646142,5.49E+06,0,13.8853,-0.759088,2.5,1.8,1.5,0,vtype0
199,flow0.9,646161,5.49E+06,0,13.8992,-0.255887,2.5,1.8,1.5,0,vtype0
200,flow0.0,645801,5.49E+06,0,13.9221,0.089748,2.5,1.8,1.5,0,vtype0
200,flow0.1,645845,5.49E+06,0,13.8864,-0.235879,2.5,1.8,1.5,0,vtype0
200,flow0.10,646170,5.49E+06,0,13.8856,-0.448925,2.5,1.8,1.5,0,vtype0
200,flow0.11,646187,5.49E+06,0,13.9482,-0.229888,2.5,1.8,1.5,0,vtype0
200,flow0.12,646206,5.49E+06,0,13.887,-0.633221,2.5,1.8,1.5,0,vtype0
200,flow0.13,646224,5.49E+06,0,13.9139,0.320899,2.5,1.8,1.5,0,vtype0
200,flow0.14,646244,5.49E+06,0,13.9112,0.31519,2.5,1.8,1.5,0,vtype0
200,flow0.15,646267,5.49E+06,0,13.9471,-0.0827251,2.5,1.8,1.5,0,vtype0
200,flow0.16,646294,5.49E+06,0,13.8875,-0.367052,2.5,1.8,1.5,0,vtype0
200,flow0.17,646409,5.49E+06,0,13.8952,0.226265,2.5,1.8,1.5,0,vtype0
200,flow0.18,646429,5.49E+06,0,13.8806,-0.428897,2.5,1.8,1.5,0,vtype0
200,flow0.19,646448,5.49E+06,0,13.8933,0.192203,2.5,1.8,1.5,0,vtype0
200,flow0.2,645882,5.49E+06,0,13.9745,0.182837,2.5,1.8,1.5,0,vtype0
200,flow0.20,646466,5.49E+06,0,13.9762,0.0362396,2.5,1.8,1.5,0,vtype0
200,flow0.21,646484,5.49E+06,0,13.8866,-0.178103,2.5,1.8,1.5,0,vtype0
200,flow0.22,646501,5.49E+06,0,13.9498,0.666535,2.5,1.8,1.5,0,vtype0
200,flow0.23,646520,5.49E+06,0,13.9772,0.589571,2.5,1.8,1.5,0,vtype0
200,flow0.24,646537,5.49E+06,0,13.9169,0.429324,2.5,1.8,1.5,0,vtype0
200,flow0.25,646554,5.49E+06,0,13.9524,0.506874,2.5,1.8,1.5,0,vtype0
200,flow0.26,646569,5.49E+06,0,10.9564,2.39682,2.5,1.8,1.5,0,vtype0
200,flow0.27,646581,5.49E+06,0,7.11273,2.6,2.5,1.8,1.5,0,vtype0
200,flow0.28,646593,5.49E+06,0,7.28862,0.480486,2.5,1.8,1.5,0,vtype0
200,flow0.29,646604,5.49E+06,0,7.69255,0.893716,2.5,1.8,1.5,0,vtype0
200,flow0.3,645917,5.49E+06,0,13.9312,-0.172599,2.5,1.8,1.5,0,vtype0
200,flow0.30,646617,5.49E+06,0,8.09494,0.175272,2.5,1.8,1.5,0,vtype0
200,flow0.31,646630,5.49E+06,0,8.61616,0.0334789,2.5,1.8,1.5,0,vtype0
200,flow0.32,646644,5.49E+06,0,8.95946,-0.985873,2.5,1.8,1.5,8,vtype0
200,flow0.33,646659,5.49E+06,0,9.41995,-2.33624,2.5,1.8,1.5,8,vtype0
200,flow0.34,646675,5.49E+06,0,10.1055,0.143755,2.5,1.8,1.5,0,vtype0
200,flow0.35,646692,5.49E+06,0,10.5823,-0.0960442,2.5,1.8,1.5,0,vtype0
200,flow0.36,646710,5.49E+06,0,11.2612,-0.91015,2.5,1.8,1.5,0,vtype0
200,flow0.37,646729,5.49E+06,0,12.2235,-0.0146864,2.5,1.8,1.5,0,vtype0
200,flow0.38,646751,5.49E+06,0,13.4556,-0.155263,2.5,1.8,1.5,0,vtype0
200,flow0.39,646774,5.49E+06,0,13.9328,0.00923523,2.5,1.8,1.5,0,vtype0
200,flow0.4,645973,5.49E+06,0,13.8714,-0.721211,2.5,1.8,1.5,0,vtype0
200,flow0.40,646798,5.49E+06,0,13.9125,-0.474358,2.5,1.8,1.5,0,vtype0
200,flow0.41,646822,5.49E+06,0,13.9175,-0.30844,2.5,1.8,1.5,0,vtype0
200,flow0.42,646845,5.49E+06,0,13.9314,0.306661,2.5,1.8,1.5,0,vtype0
200,flow0.43,646867,5.49E+06,0,13.9913,0.954172,2.5,1.8,1.5,0,vtype0
200,flow0.44,646878,5.49E+06,0,13.9025,-0.82306,2.5,1.8,1.5,0,vtype0
200,flow0.45,646880,5.49E+06,0,13.9559,0.0465356,2.5,1.8,1.5,0,vtype0
200,flow0.46,646881,5.49E+06,0,13.8708,-0.566844,2.5,1.8,1.5,0,vtype0
200,flow0.47,646886,5.49E+06,0,12.3541,-0.82965,2.5,1.8,1.5,0,vtype0
200,flow0.48,646887,5.49E+06,0,12.3864,0.475602,2.5,1.8,1.5,0,vtype0
200,flow0.49,646889,5.49E+06,0,12.3247,-1.13739,2.5,1.8,1.5,0,vtype0
200,flow0.5,645998,5.49E+06,0,13.9884,0.342511,2.5,1.8,1.5,0,vtype0
200,flow0.50,646890,5.49E+06,0,12.4885,-0.499445,2.5,1.8,1.5,0,vtype0
200,flow0.51,646890,5.49E+06,0,12.6956,0.909046,2.5,1.8,1.5,0,vtype0
200,flow0.52,646889,5.49E+06,0,12.9042,-1.13249,2.5,1.8,1.5,0,vtype0
200,flow0.53,646887,5.49E+06,0,13.6262,0.900017,2.5,1.8,1.5,0,vtype0
200,flow0.54,646886,5.49E+06,0,13.9927,0.836741,2.5,1.8,1.5,0,vtype0
200,flow0.55,646884,5.49E+06,0,13.9465,0.514132,2.5,1.8,1.5,0,vtype0
200,flow0.56,646880,5.49E+06,0,11.3568,0.410085,2.5,1.8,1.5,0,vtype0
200,flow0.57,646879,5.49E+06,0,11.6836,0.132837,2.5,1.8,1.5,0,vtype0
200,flow0.58,646876,5.49E+06,0,12.8721,-0.597565,2.5,1.8,1.5,0,vtype0
200,flow0.59,646873,5.49E+06,0,11.6521,1.8206,2.5,1.8,1.5,0,vtype0
200,flow0.6,646025,5.49E+06,0,13.9408,-0.477546,2.5,1.8,1.5,0,vtype0
200,flow0.60,646860,5.49E+06,0,8.17563,-4.5,2.5,1.8,1.5,9,vtype0
200,flow0.61,646843,5.49E+06,0,9.47527,-2.66305,2.5,1.8,1.5,9,vtype0
200,flow0.62,646822,5.49E+06,0,11.6563,-2.21253,2.5,1.8,1.5,8,vtype0
200,flow0.63,646790,5.49E+06,0,13.5499,0.0325875,2.5,1.8,1.5,0,vtype0
200,flow0.64,646777,5.49E+06,0,13.8814,-1.17501,2.5,1.8,1.5,2,vtype0
200,flow0.65,646806,5.49E+06,0,13.901,-0.347864,2.5,1.8,1.5,2,vtype0
200,flow0.66,646839,5.49E+06,0,11.4346,-0.362055,2.5,1.8,1.5,0,vtype0
200,flow0.7,646112,5.49E+06,0,13.9411,0.524709,2.5,1.8,1.5,0,vtype0
200,flow0.8,646132,5.49E+06,0,13.9112,-0.0642975,2.5,1.8,1.5,0,vtype0
200,flow0.9,646151,5.49E+06,0,13.8941,-0.944682,2.5,1.8,1.5,0,vtype0
