Time,VehicleID,X,Y,Z,Speed,Acceleration,Length,Width,Height,Signals,VehicleType
1,flow0.0,646845,5.49324e+06,0,13.986,0.341189,2.5,1.8,1.5,0,vtype0
2,flow0.0,646835,5.49323e+06,0,13.9191,-0.181593,2.5,1.8,1.5,2,vtype0
3,flow0.0,646825,5.49322e+06,0,13.9161,-0.636662,2.5,1.8,1.5,2,vtype0
4,flow0.1,646845,5.49324e+06,0,13.9199,-0.337196,2.5,1.8,1.5,0,vtype0
4,flow0.0,646816,5.49321e+06,0,13.9043,0.0854931,2.5,1.8,1.5,2,vtype0
5,flow0.0,646806,5.4932e+06,0,13.9127,-0.540404,2.5,1.8,1.5,2,vtype0
5,flow0.1,646835,5.49323e+06,0,13.9038,0.0620736,2.5,1.8,1.5,2,vtype0
6,flow0.0,646796,5.49319e+06,0,13.8714,-0.758254,2.5,1.8,1.5,2,vtype0
6,flow0.1,646825,5.49322e+06,0,13.9525,0.448393,2.5,1.8,1.5,2,vtype0
7,flow0.2,646845,5.49324e+06,0,13.8903,-0.583057,2.5,1.8,1.5,0,vtype0
7,flow0.0,646786,5.49318e+06,0,13.957,-0.10644,2.5,1.8,1.5,2,vtype0
7,flow0.1,646816,5.49321e+06,0,13.9272,-0.48226,2.5,1.8,1.5,2,vtype0
8,flow0.0,646777,5.49317e+06,0,13.9924,0.526595,2.5,1.8,1.5,2,vtype0
8,flow0.1,646806,5.4932e+06,0,13.947,0.383913,2.5,1.8,1.5,2,vtype0
8,flow0.2,646835,5.49323e+06,0,13.975,0.250665,2.5,1.8,1.5,2,vtype0
9,flow0.0,646774,5.49315e+06,0,13.9901,-0.0372135,2.5,1.8,1.5,0,vtype0
9,flow0.1,646796,5.49319e+06,0,13.8902,-0.239743,2.5,1.8,1.5,2,vtype0
9,flow0.2,646825,5.49322e+06,0,13.9156,-0.432766,2.5,1.8,1.5,2,vtype0
10,flow0.3,646845,5.49324e+06,0,13.9837,0.749234,2.5,1.8,1.5,0,vtype0
10,flow0.0,646782,5.49314e+06,0,13.8841,0.081746,2.5,1.8,1.5,0,vtype0
10,flow0.1,646786,5.49318e+06,0,13.9641,-0.327391,2.5,1.8,1.5,2,vtype0
10,flow0.2,646816,5.49321e+06,0,13.8964,0.0407572,2.5,1.8,1.5,2,vtype0
11,flow0.0,646793,5.49313e+06,0,13.9326,0.200661,2.5,1.8,1.5,0,vtype0
11,flow0.1,646777,5.49317e+06,0,13.9944,1.12679,2.5,1.8,1.5,2,vtype0
11,flow0.2,646806,5.4932e+06,0,13.9631,0.277479,2.5,1.8,1.5,2,vtype0
11,flow0.3,646835,5.49323e+06,0,13.8938,-0.182222,2.5,1.8,1.5,2,vtype0
12,flow0.0,646804,5.49313e+06,0,13.8982,-0.0620572,2.5,1.8,1.5,0,vtype0
12,flow0.1,646774,5.49315e+06,0,13.9585,-0.325023,2.5,1.8,1.5,0,vtype0
12,flow0.2,646796,5.49319e+06,0,13.9608,-0.0323426,2.5,1.8,1.5,2,vtype0
12,flow0.3,646825,5.49322e+06,0,13.9636,0.865763,2.5,1.8,1.5,2,vtype0
13,flow0.4,646846,5.49324e+06,0,12.1899,0.0560921,2.5,1.8,1.5,0,vtype0
13,flow0.0,646818,5.49312e+06,0,13.9669,-0.0202641,2.5,1.8,1.5,0,vtype0
13,flow0.1,646782,5.49314e+06,0,13.9646,0.263215,2.5,1.8,1.5,0,vtype0
13,flow0.2,646786,5.49318e+06,0,13.8728,-0.71499,2.5,1.8,1.5,2,vtype0
13,flow0.3,646816,5.49321e+06,0,13.9541,-0.167405,2.5,1.8,1.5,2,vtype0
14,flow0.0,646832,5.49312e+06,0,13.901,-0.430016,2.5,1.8,1.5,1,vtype0
14,flow0.1,646793,5.49313e+06,0,13.9411,0.41185,2.5,1.8,1.5,0,vtype0
14,flow0.2,646777,5.49317e+06,0,13.9654,0.799532,2.5,1.8,1.5,2,vtype0
14,flow0.3,646806,5.4932e+06,0,13.8929,-0.738319,2.5,1.8,1.5,2,vtype0
14,flow0.4,646838,5.49323e+06,0,12.2478,0.066743,2.5,1.8,1.5,0,vtype0
15,flow0.0,646845,5.49312e+06,0,13.9126,-0.821293,2.5,1.8,1.5,1,vtype0
15,flow0.1,646804,5.49313e+06,0,13.9585,0.232024,2.5,1.8,1.5,0,vtype0
15,flow0.2,646774,5.49315e+06,0,13.9059,0.0626981,2.5,1.8,1.5,0,vtype0
15,flow0.3,646796,5.49319e+06,0,13.9287,-0.362254,2.5,1.8,1.5,2,vtype0
15,flow0.4,646829,5.49322e+06,0,12.1756,-0.609319,2.5,1.8,1.5,0,vtype0
16,flow0.5,646845,5.49324e+06,0,13.9731,0.0194724,2.5,1.8,1.5,0,vtype0
16,flow0.0,646857,5.49312e+06,0,9.5465,-4.5,2.5,1.8,1.5,9,vtype0
16,flow0.1,646818,5.49312e+06,0,13.9884,0.457936,2.5,1.8,1.5,0,vtype0
16,flow0.2,646782,5.49314e+06,0,13.9336,-0.235865,2.5,1.8,1.5,0,vtype0
16,flow0.3,646786,5.49318e+06,0,13.9843,0.427605,2.5,1.8,1.5,2,vtype0
16,flow0.4,646820,5.49321e+06,0,12.2474,0.356349,2.5,1.8,1.5,2,vtype0
17,flow0.0,646864,5.49312e+06,0,7.1765,2.6,2.5,1.8,1.5,1,vtype0
17,flow0.1,646832,5.49312e+06,0,13.5982,-0.207247,2.5,1.8,1.5,1,vtype0
17,flow0.2,646793,5.49313e+06,0,13.9586,-0.350399,2.5,1.8,1.5,0,vtype0
17,flow0.3,646777,5.49317e+06,0,13.9766,0.500651,2.5,1.8,1.5,2,vtype0
17,flow0.4,646812,5.4932e+06,0,12.2519,0.697705,2.5,1.8,1.5,2,vtype0
17,flow0.5,646835,5.49323e+06,0,13.9056,0.0870689,2.5,1.8,1.5,2,vtype0
18,flow0.0,646871,5.49312e+06,0,9.335,2.38725,2.5,1.8,1.5,0,vtype0
18,flow0.1,646845,5.49312e+06,0,13.2189,0.0925216,2.5,1.8,1.5,1,vtype0
18,flow0.2,646804,5.49313e+06,0,13.9222,-0.393638,2.5,1.8,1.5,0,vtype0
18,flow0.3,646774,5.49315e+06,0,13.96,0.498837,2.5,1.8,1.5,0,vtype0
18,flow0.4,646803,5.49319e+06,0,12.2118,0.515955,2.5,1.8,1.5,2,vtype0
18,flow0.5,646825,5.49322e+06,0,13.9829,0.11324,2.5,1.8,1.5,2,vtype0
19,flow0.6,646846,5.49324e+06,0,13.0455,0.341443,2.5,1.8,1.5,0,vtype0
19,flow0.0,646872,5.49311e+06,0,11.5789,2.40214,2.5,1.8,1.5,0,vtype0
19,flow0.1,646856,5.49312e+06,0,9.76531,-4.5,2.5,1.8,1.5,9,vtype0
19,flow0.2,646818,5.49312e+06,0,13.8978,0.0232689,2.5,1.8,1.5,0,vtype0
19,flow0.3,646783,5.49314e+06,0,13.9745,0.998095,2.5,1.8,1.5,0,vtype0
19,flow0.4,646795,5.49319e+06,0,12.1462,-0.489305,2.5,1.8,1.5,2,vtype0
19,flow0.5,646816,5.49321e+06,0,13.9234,0.340459,2.5,1.8,1.5,2,vtype0
20,flow0.0,646874,5.49309e+06,0,13.3969,2.0289,2.5,1.8,1.5,0,vtype0
20,flow0.1,646864,5.49312e+06,0,6.72207,2.6,2.5,1.8,1.5,1,vtype0
20,flow0.2,646831,5.49312e+06,0,13.3394,-0.808873,2.5,1.8,1.5,1,vtype0
20,flow0.3,646793,5.49313e+06,0,13.8791,-0.540984,2.5,1.8,1.5,0,vtype0
20,flow0.4,646786,5.49318e+06,0,12.1917,-0.44115,2.5,1.8,1.5,2,vtype0
20,flow0.5,646806,5.4932e+06,0,13.9721,0.953798,2.5,1.8,1.5,2,vtype0
20,flow0.6,646836,5.49323e+06,0,13.1311,0.727333,2.5,1.8,1.5,0,vtype0
21,flow0.0,646876,5.49308e+06,0,13.9618,0.799809,2.5,1.8,1.5,0,vtype0
21,flow0.1,646871,5.49312e+06,0,8.67706,1.31072,2.5,1.8,1.5,0,vtype0
21,flow0.2,646844,5.49312e+06,0,12.8465,-0.397123,2.5,1.8,1.5,1,vtype0
21,flow0.3,646804,5.49313e+06,0,13.9564,0.575215,2.5,1.8,1.5,0,vtype0
21,flow0.4,646778,5.49317e+06,0,12.2159,0.15252,2.5,1.8,1.5,2,vtype0
21,flow0.5,646796,5.49319e+06,0,13.891,-0.316532,2.5,1.8,1.5,2,vtype0
21,flow0.6,646827,5.49322e+06,0,13.0491,0.134058,2.5,1.8,1.5,2,vtype0
22,flow0.7,646847,5.49324e+06,0,10.5064,-0.3893,2.5,1.8,1.5,0,vtype0
22,flow0.0,646878,5.49307e+06,0,13.9795,0.84077,2.5,1.8,1.5,0,vtype0
22,flow0.1,646872,5.49311e+06,0,10.5449,2.45254,2.5,1.8,1.5,0,vtype0
22,flow0.2,646856,5.49312e+06,0,9.94154,-4.5,2.5,1.8,1.5,9,vtype0
22,flow0.3,646818,5.49312e+06,0,13.948,-0.410769,2.5,1.8,1.5,0,vtype0
22,flow0.4,646774,5.49316e+06,0,12.2354,0.987332,2.5,1.8,1.5,2,vtype0
22,flow0.5,646786,5.49318e+06,0,13.8713,-1.27315,2.5,1.8,1.5,2,vtype0
22,flow0.6,646818,5.49321e+06,0,13.0886,-0.362066,2.5,1.8,1.5,2,vtype0
23,flow0.0,646879,5.49305e+06,0,13.9667,0.890382,2.5,1.8,1.5,0,vtype0
23,flow0.1,646874,5.4931e+06,0,12.652,1.4754,2.5,1.8,1.5,0,vtype0
23,flow0.2,646864,5.49312e+06,0,6.89741,2.6,2.5,1.8,1.5,1,vtype0
23,flow0.3,646831,5.49312e+06,0,13.2653,-0.787548,2.5,1.8,1.5,1,vtype0
23,flow0.4,646779,5.49315e+06,0,12.2194,0.351936,2.5,1.8,1.5,0,vtype0
23,flow0.5,646777,5.49317e+06,0,13.6663,-1.12807,2.5,1.8,1.5,2,vtype0
23,flow0.6,646809,5.4932e+06,0,13.0062,-0.0610671,2.5,1.8,1.5,2,vtype0
23,flow0.7,646840,5.49323e+06,0,10.562,-0.489256,2.5,1.8,1.5,0,vtype0
24,flow0.0,646880,5.49304e+06,0,13.9514,-0.158225,2.5,1.8,1.5,0,vtype0
24,flow0.1,646876,5.49308e+06,0,13.9738,0.690953,2.5,1.8,1.5,0,vtype0
24,flow0.2,646871,5.49312e+06,0,9.18698,2.02771,2.5,1.8,1.5,0,vtype0
24,flow0.3,646845,5.49312e+06,0,13.0616,0.791488,2.5,1.8,1.5,1,vtype0
24,flow0.4,646788,5.49314e+06,0,12.1406,-0.342113,2.5,1.8,1.5,0,vtype0
24,flow0.5,646774,5.49315e+06,0,13.3739,-0.655257,2.5,1.8,1.5,0,vtype0
24,flow0.6,646800,5.49319e+06,0,13.0244,-0.24783,2.5,1.8,1.5,2,vtype0
24,flow0.7,646832,5.49322e+06,0,10.595,0.944706,2.5,1.8,1.5,0,vtype0
25,flow0.8,646845,5.49324e+06,0,13.9816,0.914387,2.5,1.8,1.5,0,vtype0
25,flow0.0,646881,5.49302e+06,0,13.9861,0.797401,2.5,1.8,1.5,0,vtype0
25,flow0.1,646878,5.49307e+06,0,13.9312,0.515382,2.5,1.8,1.5,0,vtype0
25,flow0.2,646872,5.49311e+06,0,10.9836,1.31122,2.5,1.8,1.5,0,vtype0
25,flow0.3,646856,5.49312e+06,0,9.87874,-4.5,2.5,1.8,1.5,9,vtype0
25,flow0.4,646797,5.49313e+06,0,12.2274,0.515097,2.5,1.8,1.5,0,vtype0
25,flow0.5,646781,5.49314e+06,0,13.0831,-0.605308,2.5,1.8,1.5,0,vtype0
25,flow0.6,646791,5.49318e+06,0,13.0094,-0.401549,2.5,1.8,1.5,2,vtype0
25,flow0.7,646825,5.49322e+06,0,10.5747,0.869926,2.5,1.8,1.5,0,vtype0
26,flow0.0,646882,5.49301e+06,0,13.8858,-0.938118,2.5,1.8,1.5,0,vtype0
26,flow0.1,646879,5.49305e+06,0,13.8812,-0.665124,2.5,1.8,1.5,0,vtype0
26,flow0.2,646874,5.4931e+06,0,12.7659,2.00797,2.5,1.8,1.5,0,vtype0
26,flow0.3,646864,5.49312e+06,0,6.81694,2.6,2.5,1.8,1.5,1,vtype0
26,flow0.4,646808,5.49313e+06,0,12.2616,1.04436,2.5,1.8,1.5,0,vtype0
26,flow0.5,646791,5.49314e+06,0,12.8008,-1.27959,2.5,1.8,1.5,0,vtype0
26,flow0.6,646782,5.49317e+06,0,13.0323,-0.983483,2.5,1.8,1.5,2,vtype0
26,flow0.7,646818,5.49321e+06,0,10.5278,-0.723678,2.5,1.8,1.5,2,vtype0
26,flow0.8,646835,5.49323e+06,0,13.363,-0.0130928,2.5,1.8,1.5,2,vtype0
27,flow0.0,646883,5.493e+06,0,13.9031,-0.263062,2.5,1.8,1.5,0,vtype0
27,flow0.1,646880,5.49304e+06,0,13.9127,-0.615913,2.5,1.8,1.5,0,vtype0
27,flow0.2,646876,5.49308e+06,0,13.9649,0.450385,2.5,1.8,1.5,0,vtype0
27,flow0.3,646871,5.49312e+06,0,8.97342,1.60309,2.5,1.8,1.5,0,vtype0
27,flow0.4,646820,5.49312e+06,0,12.178,-0.0339572,2.5,1.8,1.5,0,vtype0
27,flow0.5,646801,5.49313e+06,0,12.7008,-0.310786,2.5,1.8,1.5,0,vtype0
27,flow0.6,646775,5.49316e+06,0,13.1206,0.617596,2.5,1.8,1.5,2,vtype0
27,flow0.7,646810,5.4932e+06,0,10.4985,-0.039125,2.5,1.8,1.5,2,vtype0
27,flow0.8,646826,5.49322e+06,0,12.6064,-1.35837,2.5,1.8,1.5,2,vtype0
28,flow0.9,646845,5.49324e+06,0,13.9534,-0.359694,2.5,1.8,1.5,0,vtype0
28,flow0.0,646884,5.49298e+06,0,13.9618,-0.0168949,2.5,1.8,1.5,0,vtype0
28,flow0.1,646881,5.49303e+06,0,13.9439,0.105976,2.5,1.8,1.5,0,vtype0
28,flow0.2,646878,5.49307e+06,0,13.9825,0.366435,2.5,1.8,1.5,0,vtype0
28,flow0.3,646872,5.49311e+06,0,11.187,2.53692,2.5,1.8,1.5,0,vtype0
28,flow0.4,646832,5.49312e+06,0,12.2313,0.409395,2.5,1.8,1.5,1,vtype0
28,flow0.5,646813,5.49313e+06,0,12.6214,0.319919,2.5,1.8,1.5,0,vtype0
28,flow0.6,646776,5.49315e+06,0,13.0112,-0.582461,2.5,1.8,1.5,0,vtype0
28,flow0.7,646803,5.49319e+06,0,10.5325,0.407205,2.5,1.8,1.5,2,vtype0
28,flow0.8,646818,5.49321e+06,0,12.1761,-0.99423,2.5,1.8,1.5,2,vtype0
29,flow0.0,646885,5.49297e+06,0,13.95,0.203658,2.5,1.8,1.5,0,vtype0
29,flow0.1,646882,5.49301e+06,0,13.8847,-0.86768,2.5,1.8,1.5,0,vtype0
29,flow0.2,646879,5.49305e+06,0,13.891,-0.237148,2.5,1.8,1.5,0,vtype0
29,flow0.3,646874,5.49309e+06,0,13.1753,1.73794,2.5,1.8,1.5,0,vtype0
29,flow0.4,646844,5.49312e+06,0,12.1814,0.0857408,2.5,1.8,1.5,1,vtype0
29,flow0.5,646826,5.49312e+06,0,12.5326,0.578373,2.5,1.8,1.5,0,vtype0
29,flow0.6,646786,5.49314e+06,0,13.0986,-0.224699,2.5,1.8,1.5,0,vtype0
29,flow0.7,646795,5.49319e+06,0,10.6097,0.362331,2.5,1.8,1.5,2,vtype0
29,flow0.8,646809,5.4932e+06,0,11.7558,-0.157616,2.5,1.8,1.5,2,vtype0
29,flow0.9,646835,5.49323e+06,0,13.9929,0.00619471,2.5,1.8,1.5,2,vtype0
30,flow0.0,646886,5.49295e+06,0,13.943,0.184971,2.5,1.8,1.5,0,vtype0
30,flow0.1,646883,5.493e+06,0,13.9579,0.814518,2.5,1.8,1.5,0,vtype0
30,flow0.2,646880,5.49304e+06,0,13.96,0.668562,2.5,1.8,1.5,0,vtype0
30,flow0.3,646876,5.49308e+06,0,13.991,0.797683,2.5,1.8,1.5,0,vtype0
30,flow0.4,646856,5.49312e+06,0,10.1319,-4.5,2.5,1.8,1.5,9,vtype0
30,flow0.5,646838,5.49312e+06,0,11.313,-2.53523,2.5,1.8,1.5,9,vtype0
30,flow0.6,646796,5.49313e+06,0,13.1206,0.932593,2.5,1.8,1.5,0,vtype0
30,flow0.7,646788,5.49318e+06,0,10.4896,-1.20034,2.5,1.8,1.5,10,vtype0
30,flow0.8,646801,5.49319e+06,0,11.5212,0.328286,2.5,1.8,1.5,2,vtype0
30,flow0.9,646825,5.49322e+06,0,13.9909,0.0535756,2.5,1.8,1.5,2,vtype0
31,flow0.10,646845,5.49324e+06,0,13.9968,0.516251,2.5,1.8,1.5,0,vtype0
31,flow0.0,646887,5.49294e+06,0,13.876,-0.398387,2.5,1.8,1.5,0,vtype0
31,flow0.1,646884,5.49299e+06,0,13.9298,0.212597,2.5,1.8,1.5,0,vtype0
31,flow0.2,646881,5.49303e+06,0,13.9478,-0.208265,2.5,1.8,1.5,0,vtype0
31,flow0.3,646878,5.49307e+06,0,13.9,-0.247565,2.5,1.8,1.5,0,vtype0
31,flow0.4,646863,5.49312e+06,0,6.37813,2.6,2.5,1.8,1.5,1,vtype0
31,flow0.5,646847,5.49312e+06,0,8.18786,-1.90219,2.5,1.8,1.5,9,vtype0
31,flow0.6,646807,5.49313e+06,0,13.0716,-0.198863,2.5,1.8,1.5,0,vtype0
31,flow0.7,646781,5.49317e+06,0,10.5953,-0.0222246,2.5,1.8,1.5,2,vtype0
31,flow0.8,646793,5.49318e+06,0,11.3253,0.734166,2.5,1.8,1.5,2,vtype0
31,flow0.9,646816,5.49321e+06,0,13.893,-0.649204,2.5,1.8,1.5,2,vtype0
32,flow0.0,646888,5.49293e+06,0,13.9649,0.22211,2.5,1.8,1.5,0,vtype0
32,flow0.1,646885,5.49297e+06,0,13.9697,0.541098,2.5,1.8,1.5,0,vtype0
32,flow0.2,646882,5.49301e+06,0,13.9957,0.35657,2.5,1.8,1.5,0,vtype0
32,flow0.3,646879,5.49305e+06,0,13.9361,-0.193546,2.5,1.8,1.5,0,vtype0
32,flow0.4,646870,5.49312e+06,0,8.59295,2.3455,2.5,1.8,1.5,0,vtype0
32,flow0.5,646856,5.49312e+06,0,8.93044,1.21483,2.5,1.8,1.5,1,vtype0
32,flow0.6,646820,5.49312e+06,0,13.0745,-0.215352,2.5,1.8,1.5,0,vtype0
32,flow0.7,646775,5.49316e+06,0,10.5296,-0.598947,2.5,1.8,1.5,2,vtype0
32,flow0.8,646785,5.49318e+06,0,11.0339,-0.761068,2.5,1.8,1.5,2,vtype0
32,flow0.9,646806,5.4932e+06,0,13.998,0.0094838,2.5,1.8,1.5,2,vtype0
32,flow0.10,646835,5.49323e+06,0,13.9449,-0.172389,2.5,1.8,1.5,2,vtype0
33,flow0.0,646889,5.49291e+06,0,13.9813,0.371136,2.5,1.8,1.5,0,vtype0
33,flow0.1,646886,5.49296e+06,0,13.8721,-1.05262,2.5,1.8,1.5,0,vtype0
33,flow0.2,646883,5.493e+06,0,13.9287,-0.614346,2.5,1.8,1.5,0,vtype0
33,flow0.3,646880,5.49304e+06,0,13.9312,0.0495968,2.5,1.8,1.5,0,vtype0
33,flow0.4,646872,5.49311e+06,0,10.3856,1.50915,2.5,1.8,1.5,0,vtype0
33,flow0.5,646863,5.49312e+06,0,6.36153,2.6,2.5,1.8,1.5,1,vtype0
33,flow0.6,646833,5.49312e+06,0,12.7191,-3.14838,2.5,1.8,1.5,9,vtype0
33,flow0.7,646774,5.49315e+06,0,10.5299,-0.790912,2.5,1.8,1.5,0,vtype0
33,flow0.8,646778,5.49317e+06,0,10.9334,0.311035,2.5,1.8,1.5,2,vtype0
33,flow0.9,646796,5.49319e+06,0,13.798,-0.512435,2.5,1.8,1.5,2,vtype0
33,flow0.10,646825,5.49322e+06,0,13.959,0.395785,2.5,1.8,1.5,2,vtype0
34,flow0.11,646846,5.49324e+06,0,13.0538,0.122598,2.5,1.8,1.5,0,vtype0
34,flow0.0,646890,5.4929e+06,0,13.9171,-0.388455,2.5,1.8,1.5,0,vtype0
34,flow0.1,646887,5.49294e+06,0,13.9577,0.633758,2.5,1.8,1.5,0,vtype0
34,flow0.2,646884,5.49298e+06,0,13.9774,0.619989,2.5,1.8,1.5,0,vtype0
34,flow0.3,646881,5.49303e+06,0,13.8897,-0.0162162,2.5,1.8,1.5,0,vtype0
34,flow0.4,646874,5.4931e+06,0,12.5202,1.87774,2.5,1.8,1.5,0,vtype0
34,flow0.5,646870,5.49312e+06,0,8.61574,1.47536,2.5,1.8,1.5,0,vtype0
34,flow0.6,646845,5.49312e+06,0,12.457,0.996131,2.5,1.8,1.5,1,vtype0
34,flow0.7,646781,5.49314e+06,0,10.5273,-0.172265,2.5,1.8,1.5,0,vtype0
34,flow0.8,646774,5.49316e+06,0,10.8072,-0.246242,2.5,1.8,1.5,2,vtype0
34,flow0.9,646787,5.49318e+06,0,13.058,-0.483768,2.5,1.8,1.5,2,vtype0
34,flow0.10,646816,5.49321e+06,0,13.9563,-0.316168,2.5,1.8,1.5,2,vtype0
35,flow0.0,646890,5.49289e+06,0,13.9035,0.106085,2.5,1.8,1.5,0,vtype0
35,flow0.1,646888,5.49293e+06,0,13.9271,-0.210365,2.5,1.8,1.5,0,vtype0
35,flow0.2,646885,5.49297e+06,0,13.9505,-0.249911,2.5,1.8,1.5,0,vtype0
35,flow0.3,646882,5.49301e+06,0,13.9397,-0.303711,2.5,1.8,1.5,0,vtype0
35,flow0.4,646876,5.49308e+06,0,13.9612,0.409677,2.5,1.8,1.5,0,vtype0
35,flow0.5,646872,5.49311e+06,0,10.332,2.1175,2.5,1.8,1.5,0,vtype0
35,flow0.6,646856,5.49312e+06,0,9.82618,-4.5,2.5,1.8,1.5,9,vtype0
35,flow0.7,646789,5.49314e+06,0,10.5143,-0.648931,2.5,1.8,1.5,0,vtype0
35,flow0.8,646777,5.49315e+06,0,10.7448,0.398523,2.5,1.8,1.5,0,vtype0
35,flow0.9,646778,5.49317e+06,0,12.4146,-1.78326,2.5,1.8,1.5,10,vtype0
35,flow0.10,646806,5.4932e+06,0,13.9654,0.567218,2.5,1.8,1.5,2,vtype0
35,flow0.11,646836,5.49323e+06,0,13.1075,0.228219,2.5,1.8,1.5,0,vtype0
36,flow0.0,646889,5.49287e+06,0,13.9445,0.719043,2.5,1.8,1.5,0,vtype0
36,flow0.1,646889,5.49292e+06,0,13.9174,-0.0401598,2.5,1.8,1.5,0,vtype0
36,flow0.2,646886,5.49296e+06,0,13.8877,-0.896194,2.5,1.8,1.5,0,vtype0
36,flow0.3,646883,5.493e+06,0,13.9222,-0.432617,2.5,1.8,1.5,0,vtype0
36,flow0.4,646878,5.49307e+06,0,13.9469,0.0708149,2.5,1.8,1.5,0,vtype0
36,flow0.5,646874,5.4931e+06,0,12.1926,1.6252,2.5,1.8,1.5,0,vtype0
36,flow0.6,646864,5.49312e+06,0,6.74618,2.6,2.5,1.8,1.5,1,vtype0
36,flow0.7,646797,5.49313e+06,0,10.5049,-0.168353,2.5,1.8,1.5,0,vtype0
36,flow0.8,646785,5.49314e+06,0,10.6741,0.428446,2.5,1.8,1.5,0,vtype0
36,flow0.9,646774,5.49316e+06,0,12.0418,0.278816,2.5,1.8,1.5,2,vtype0
36,flow0.10,646796,5.49319e+06,0,13.9993,0.272472,2.5,1.8,1.5,2,vtype0
36,flow0.11,646827,5.49322e+06,0,13.0659,-0.290825,2.5,1.8,1.5,2,vtype0
37,flow0.12,646846,5.49324e+06,0,12.9219,-0.149307,2.5,1.8,1.5,0,vtype0
37,flow0.0,646888,5.49286e+06,0,13.8787,-0.834612,2.5,1.8,1.5,0,vtype0
37,flow0.1,646890,5.4929e+06,0,13.9815,0.6464,2.5,1.8,1.5,0,vtype0
37,flow0.2,646887,5.49294e+06,0,13.9705,-0.284596,2.5,1.8,1.5,0,vtype0
37,flow0.3,646884,5.49298e+06,0,13.9325,-0.0406904,2.5,1.8,1.5,0,vtype0
37,flow0.4,646879,5.49306e+06,0,13.8864,-0.564684,2.5,1.8,1.5,0,vtype0
37,flow0.5,646876,5.49308e+06,0,13.933,-0.397727,2.5,1.8,1.5,0,vtype0
37,flow0.6,646871,5.49312e+06,0,9.00817,2.17938,2.5,1.8,1.5,0,vtype0
37,flow0.7,646806,5.49313e+06,0,10.5218,-0.0783505,2.5,1.8,1.5,0,vtype0
37,flow0.8,646793,5.49313e+06,0,10.6569,-0.447378,2.5,1.8,1.5,0,vtype0
37,flow0.9,646778,5.49315e+06,0,11.6407,-1.40502,2.5,1.8,1.5,8,vtype0
37,flow0.10,646786,5.49318e+06,0,13.8702,-0.575965,2.5,1.8,1.5,2,vtype0
37,flow0.11,646818,5.49321e+06,0,13.0769,0.684121,2.5,1.8,1.5,2,vtype0
38,flow0.0,646887,5.49284e+06,0,13.9704,0.618659,2.5,1.8,1.5,0,vtype0
38,flow0.1,646890,5.49289e+06,0,13.997,0.834748,2.5,1.8,1.5,0,vtype0
38,flow0.2,646888,5.49293e+06,0,13.977,0.375219,2.5,1.8,1.5,0,vtype0
38,flow0.3,646885,5.49297e+06,0,13.9649,-0.221639,2.5,1.8,1.5,0,vtype0
38,flow0.4,646880,5.49304e+06,0,13.8914,-0.912223,2.5,1.8,1.5,0,vtype0
38,flow0.5,646878,5.49307e+06,0,13.9201,-0.180223,2.5,1.8,1.5,0,vtype0
38,flow0.6,646872,5.49311e+06,0,10.8411,1.52341,2.5,1.8,1.5,0,vtype0
38,flow0.7,646816,5.49312e+06,0,10.5158,0.190891,2.5,1.8,1.5,0,vtype0
38,flow0.8,646801,5.49313e+06,0,10.6615,0.787566,2.5,1.8,1.5,0,vtype0
38,flow0.9,646787,5.49314e+06,0,11.392,-0.738284,2.5,1.8,1.5,0,vtype0
38,flow0.10,646777,5.49317e+06,0,13.872,-0.733746,2.5,1.8,1.5,2,vtype0
38,flow0.11,646809,5.4932e+06,0,13.009,-1.18173,2.5,1.8,1.5,2,vtype0
38,flow0.12,646837,5.49323e+06,0,12.9226,0.609916,2.5,1.8,1.5,0,vtype0
39,flow0.0,646886,5.49283e+06,0,13.9467,0.264362,2.5,1.8,1.5,0,vtype0
39,flow0.1,646889,5.49287e+06,0,13.8869,-0.505901,2.5,1.8,1.5,0,vtype0
39,flow0.2,646889,5.49291e+06,0,13.8945,-0.406085,2.5,1.8,1.5,0,vtype0
39,flow0.3,646886,5.49296e+06,0,13.8787,-0.736683,2.5,1.8,1.5,0,vtype0
39,flow0.4,646881,5.49303e+06,0,13.9335,-0.143587,2.5,1.8,1.5,0,vtype0
39,flow0.5,646879,5.49306e+06,0,13.9418,0.634387,2.5,1.8,1.5,0,vtype0
39,flow0.6,646874,5.4931e+06,0,12.8043,1.45969,2.5,1.8,1.5,0,vtype0
39,flow0.7,646827,5.49312e+06,0,10.6092,1.2098,2.5,1.8,1.5,1,vtype0
39,flow0.8,646811,5.49313e+06,0,10.5688,0.447448,2.5,1.8,1.5,0,vtype0
39,flow0.9,646795,5.49313e+06,0,11.0928,-1.05916,2.5,1.8,1.5,0,vtype0
39,flow0.10,646774,5.49315e+06,0,13.9024,0.117995,2.5,1.8,1.5,0,vtype0
39,flow0.11,646800,5.49319e+06,0,13.1025,0.513611,2.5,1.8,1.5,2,vtype0
39,flow0.12,646828,5.49322e+06,0,12.9121,-0.126708,2.5,1.8,1.5,2,vtype0
40,flow0.13,646845,5.49324e+06,0,13.6903,0.951941,2.5,1.8,1.5,0,vtype0
40,flow0.0,646885,5.49282e+06,0,13.9311,0.0405617,2.5,1.8,1.5,0,vtype0
40,flow0.1,646888,5.49286e+06,0,13.9124,0.0567454,2.5,1.8,1.5,0,vtype0
40,flow0.2,646890,5.4929e+06,0,13.8769,-1.22981,2.5,1.8,1.5,0,vtype0
40,flow0.3,646887,5.49294e+06,0,13.9139,-0.158868,2.5,1.8,1.5,0,vtype0
40,flow0.4,646882,5.49301e+06,0,13.8978,-0.883946,2.5,1.8,1.5,0,vtype0
40,flow0.5,646880,5.49304e+06,0,13.9868,1.16359,2.5,1.8,1.5,0,vtype0
40,flow0.6,646876,5.49308e+06,0,13.9644,0.792684,2.5,1.8,1.5,0,vtype0
40,flow0.7,646837,5.49312e+06,0,10.5013,-0.755584,2.5,1.8,1.5,1,vtype0
40,flow0.8,646822,5.49312e+06,0,10.5602,-0.307598,2.5,1.8,1.5,0,vtype0
40,flow0.9,646804,5.49313e+06,0,11.0204,0.0777096,2.5,1.8,1.5,0,vtype0
40,flow0.10,646782,5.49314e+06,0,13.8969,0.147385,2.5,1.8,1.5,0,vtype0
40,flow0.11,646791,5.49318e+06,0,13.0657,-0.116166,2.5,1.8,1.5,2,vtype0
40,flow0.12,646819,5.49321e+06,0,12.922,0.639162,2.5,1.8,1.5,2,vtype0
41,flow0.0,646883,5.4928e+06,0,13.9585,0.728097,2.5,1.8,1.5,0,vtype0
41,flow0.1,646887,5.49285e+06,0,13.9194,-0.574714,2.5,1.8,1.5,0,vtype0
41,flow0.2,646890,5.49289e+06,0,13.9341,-0.106714,2.5,1.8,1.5,0,vtype0
41,flow0.3,646888,5.49293e+06,0,13.9815,1.01358,2.5,1.8,1.5,0,vtype0
41,flow0.4,646883,5.493e+06,0,13.9813,0.136561,2.5,1.8,1.5,0,vtype0
41,flow0.5,646881,5.49303e+06,0,13.9624,-0.12216,2.5,1.8,1.5,0,vtype0
41,flow0.6,646878,5.49307e+06,0,13.9494,0.573331,2.5,1.8,1.5,0,vtype0
41,flow0.7,646848,5.49312e+06,0,10.5328,-0.70744,2.5,1.8,1.5,1,vtype0
41,flow0.8,646832,5.49312e+06,0,10.6555,0.0109667,2.5,1.8,1.5,1,vtype0
41,flow0.9,646815,5.49312e+06,0,10.9704,-0.372959,2.5,1.8,1.5,0,vtype0
41,flow0.10,646793,5.49313e+06,0,13.6034,-0.553098,2.5,1.8,1.5,0,vtype0
41,flow0.11,646782,5.49317e+06,0,13.0306,0.00570206,2.5,1.8,1.5,2,vtype0
41,flow0.12,646810,5.4932e+06,0,12.8254,-0.134751,2.5,1.8,1.5,2,vtype0
41,flow0.13,646836,5.49323e+06,0,13.6661,-0.219587,2.5,1.8,1.5,2,vtype0
42,flow0.0,646882,5.49279e+06,0,13.9156,-0.11511,2.5,1.8,1.5,0,vtype0
42,flow0.1,646886,5.49283e+06,0,13.9753,-0.13875,2.5,1.8,1.5,0,vtype0
42,flow0.2,646889,5.49287e+06,0,13.8888,-0.705984,2.5,1.8,1.5,0,vtype0
42,flow0.3,646889,5.49291e+06,0,13.8824,-1.08723,2.5,1.8,1.5,0,vtype0
42,flow0.4,646884,5.49299e+06,0,13.9541,0.649515,2.5,1.8,1.5,0,vtype0
42,flow0.5,646882,5.49301e+06,0,13.9879,0.312284,2.5,1.8,1.5,0,vtype0
42,flow0.6,646879,5.49305e+06,0,13.9618,0.514612,2.5,1.8,1.5,0,vtype0
42,flow0.7,646858,5.49312e+06,0,9.00945,-4.5,2.5,1.8,1.5,9,vtype0
42,flow0.8,646843,5.49312e+06,0,9.83793,-2.88129,2.5,1.8,1.5,9,vtype0
42,flow0.9,646826,5.49312e+06,0,10.4653,-2.24118,2.5,1.8,1.5,8,vtype0
42,flow0.10,646803,5.49313e+06,0,12.7495,-1.93911,2.5,1.8,1.5,8,vtype0
42,flow0.11,646775,5.49316e+06,0,13.0307,0.0140621,2.5,1.8,1.5,2,vtype0
42,flow0.12,646800,5.49319e+06,0,12.9037,0.315448,2.5,1.8,1.5,2,vtype0
42,flow0.13,646826,5.49322e+06,0,13.6344,0.390154,2.5,1.8,1.5,2,vtype0
43,flow0.14,646845,5.49324e+06,0,13.9046,-0.7789,2.5,1.8,1.5,0,vtype0
43,flow0.0,646881,5.49277e+06,0,13.9907,0.553247,2.5,1.8,1.5,0,vtype0
43,flow0.1,646885,5.49282e+06,0,13.9364,-0.419499,2.5,1.8,1.5,0,vtype0
43,flow0.2,646888,5.49286e+06,0,13.9779,0.534974,2.5,1.8,1.5,0,vtype0
43,flow0.3,646890,5.4929e+06,0,13.9453,-0.387406,2.5,1.8,1.5,0,vtype0
43,flow0.4,646885,5.49297e+06,0,13.8846,0.027363,2.5,1.8,1.5,0,vtype0
43,flow0.5,646883,5.493e+06,0,13.8935,-0.490703,2.5,1.8,1.5,0,vtype0
43,flow0.6,646880,5.49304e+06,0,13.922,0.146588,2.5,1.8,1.5,0,vtype0
43,flow0.7,646865,5.49312e+06,0,7.35225,2.6,2.5,1.8,1.5,1,vtype0
43,flow0.8,646851,5.49312e+06,0,7.93425,0.249339,2.5,1.8,1.5,1,vtype0
43,flow0.9,646835,5.49312e+06,0,8.75324,0.365603,2.5,1.8,1.5,1,vtype0
43,flow0.10,646815,5.49312e+06,0,10.9313,-1.377,2.5,1.8,1.5,8,vtype0
43,flow0.11,646776,5.49315e+06,0,13.084,0.703354,2.5,1.8,1.5,0,vtype0
43,flow0.12,646791,5.49318e+06,0,12.8699,0.386996,2.5,1.8,1.5,2,vtype0
43,flow0.13,646817,5.49321e+06,0,13.6797,-0.0750011,2.5,1.8,1.5,2,vtype0
44,flow0.0,646880,5.49276e+06,0,13.9761,0.26477,2.5,1.8,1.5,0,vtype0
44,flow0.1,646884,5.4928e+06,0,13.8704,-0.0305397,2.5,1.8,1.5,0,vtype0
44,flow0.2,646887,5.49285e+06,0,13.9226,-0.118836,2.5,1.8,1.5,0,vtype0
44,flow0.3,646890,5.49289e+06,0,13.9196,0.130433,2.5,1.8,1.5,0,vtype0
44,flow0.4,646886,5.49296e+06,0,13.9509,-0.490093,2.5,1.8,1.5,0,vtype0
44,flow0.5,646884,5.49299e+06,0,13.9827,0.846322,2.5,1.8,1.5,0,vtype0
44,flow0.6,646881,5.49303e+06,0,13.896,-0.280262,2.5,1.8,1.5,0,vtype0
44,flow0.7,646871,5.49312e+06,0,9.17305,1.86136,2.5,1.8,1.5,0,vtype0
44,flow0.8,646859,5.49312e+06,0,8.35338,-4.5,2.5,1.8,1.5,9,vtype0
44,flow0.9,646844,5.49312e+06,0,9.20163,0.251316,2.5,1.8,1.5,1,vtype0
44,flow0.10,646825,5.49312e+06,0,10.7143,0.0538609,2.5,1.8,1.5,0,vtype0
44,flow0.11,646786,5.49314e+06,0,13.0267,-0.501131,2.5,1.8,1.5,0,vtype0
44,flow0.12,646782,5.49317e+06,0,12.9212,-0.0940501,2.5,1.8,1.5,2,vtype0
44,flow0.13,646807,5.4932e+06,0,13.6358,0.470449,2.5,1.8,1.5,2,vtype0
44,flow0.14,646835,5.49323e+06,0,13.9847,0.562665,2.5,1.8,1.5,2,vtype0
45,flow0.0,646879,5.49275e+06,0,13.9784,0.542227,2.5,1.8,1.5,0,vtype0
45,flow0.1,646883,5.49279e+06,0,13.9613,0.885344,2.5,1.8,1.5,0,vtype0
45,flow0.2,646886,5.49283e+06,0,13.9361,-0.0210498,2.5,1.8,1.5,0,vtype0
45,flow0.3,646889,5.49287e+06,0,13.9045,-0.0125071,2.5,1.8,1.5,0,vtype0
45,flow0.4,646887,5.49294e+06,0,13.9793,0.419749,2.5,1.8,1.5,0,vtype0
45,flow0.5,646885,5.49297e+06,0,13.9587,0.273391,2.5,1.8,1.5,0,vtype0
45,flow0.6,646882,5.49301e+06,0,13.964,0.270271,2.5,1.8,1.5,0,vtype0
45,flow0.7,646873,5.49311e+06,0,11.1207,2.15655,2.5,1.8,1.5,0,vtype0
45,flow0.8,646866,5.49312e+06,0,7.40431,2.6,2.5,1.8,1.5,1,vtype0
45,flow0.9,646852,5.49312e+06,0,7.86245,1.41751,2.5,1.8,1.5,1,vtype0
45,flow0.10,646835,5.49312e+06,0,9.31461,0.279387,2.5,1.8,1.5,1,vtype0
45,flow0.11,646796,5.49313e+06,0,13.016,-0.176377,2.5,1.8,1.5,0,vtype0
45,flow0.12,646775,5.49316e+06,0,12.9178,0.223401,2.5,1.8,1.5,2,vtype0
45,flow0.13,646797,5.49319e+06,0,13.6792,1.016,2.5,1.8,1.5,2,vtype0
45,flow0.14,646825,5.49322e+06,0,13.9462,0.398853,2.5,1.8,1.5,2,vtype0
46,flow0.15,646845,5.49324e+06,0,13.8752,-1.09621,2.5,1.8,1.5,0,vtype0
46,flow0.0,646879,5.49273e+06,0,13.9357,-0.615989,2.5,1.8,1.5,0,vtype0
46,flow0.1,646882,5.49278e+06,0,13.8741,-0.443386,2.5,1.8,1.5,0,vtype0
46,flow0.2,646885,5.49282e+06,0,13.8842,-0.514847,2.5,1.8,1.5,0,vtype0
46,flow0.3,646888,5.49286e+06,0,13.8847,-0.00603874,2.5,1.8,1.5,0,vtype0
46,flow0.4,646888,5.49293e+06,0,13.9253,0.310638,2.5,1.8,1.5,0,vtype0
46,flow0.5,646886,5.49296e+06,0,13.9665,0.0746205,2.5,1.8,1.5,0,vtype0
46,flow0.6,646883,5.493e+06,0,13.9777,0.0166657,2.5,1.8,1.5,0,vtype0
46,flow0.7,646874,5.49309e+06,0,12.6596,-0.290005,2.5,1.8,1.5,0,vtype0
46,flow0.8,646871,5.49311e+06,0,9.4063,2.37994,2.5,1.8,1.5,0,vtype0
46,flow0.9,646860,5.49312e+06,0,7.62823,-4.28135,2.5,1.8,1.5,9,vtype0
46,flow0.10,646844,5.49312e+06,0,9.12712,-2.63827,2.5,1.8,1.5,9,vtype0
46,flow0.11,646807,5.49313e+06,0,13.0805,0.57824,2.5,1.8,1.5,0,vtype0
46,flow0.12,646775,5.49315e+06,0,12.8222,-0.0370513,2.5,1.8,1.5,0,vtype0
46,flow0.13,646788,5.49318e+06,0,13.5743,-0.023492,2.5,1.8,1.5,2,vtype0
46,flow0.14,646816,5.49321e+06,0,13.9544,-0.0755392,2.5,1.8,1.5,2,vtype0
47,flow0.0,646876,5.49272e+06,0,13.8749,-0.606372,2.5,1.8,1.5,0,vtype0
47,flow0.1,646880,5.49276e+06,0,13.9291,-0.45061,2.5,1.8,1.5,0,vtype0
47,flow0.2,646884,5.4928e+06,0,13.9891,0.425188,2.5,1.8,1.5,0,vtype0
47,flow0.3,646887,5.49285e+06,0,13.8865,-0.800888,2.5,1.8,1.5,0,vtype0
47,flow0.4,646889,5.49292e+06,0,13.879,-0.261638,2.5,1.8,1.5,0,vtype0
47,flow0.5,646887,5.49295e+06,0,13.9461,-0.152764,2.5,1.8,1.5,0,vtype0
47,flow0.6,646884,5.49298e+06,0,13.9715,0.48761,2.5,1.8,1.5,0,vtype0
47,flow0.7,646876,5.49308e+06,0,12.7358,0.248766,2.5,1.8,1.5,0,vtype0
47,flow0.8,646873,5.4931e+06,0,11.1752,2.34456,2.5,1.8,1.5,0,vtype0
47,flow0.9,646868,5.49312e+06,0,8.06567,1.76961,2.5,1.8,1.5,0,vtype0
47,flow0.10,646853,5.49312e+06,0,8.60042,1.59443,2.5,1.8,1.5,1,vtype0
47,flow0.11,646820,5.49312e+06,0,13.0555,-0.334096,2.5,1.8,1.5,0,vtype0
47,flow0.12,646784,5.49314e+06,0,12.9112,0.213437,2.5,1.8,1.5,0,vtype0
47,flow0.13,646779,5.49317e+06,0,13.5935,-0.462655,2.5,1.8,1.5,2,vtype0
47,flow0.14,646806,5.4932e+06,0,13.879,-0.716017,2.5,1.8,1.5,2,vtype0
47,flow0.15,646835,5.49323e+06,0,13.9866,0.253589,2.5,1.8,1.5,2,vtype0
48,flow0.0,646868,5.49271e+06,0,13.9545,0.0327545,2.5,1.8,1.5,0,vtype0
48,flow0.1,646879,5.49275e+06,0,13.8805,-1.17843,2.5,1.8,1.5,0,vtype0
48,flow0.2,646883,5.49279e+06,0,13.9899,0.889128,2.5,1.8,1.5,0,vtype0
48,flow0.3,646886,5.49283e+06,0,13.9578,0.625995,2.5,1.8,1.5,0,vtype0
48,flow0.4,646890,5.4929e+06,0,13.8978,0.152092,2.5,1.8,1.5,0,vtype0
48,flow0.5,646888,5.49293e+06,0,13.899,-0.441803,2.5,1.8,1.5,0,vtype0
48,flow0.6,646885,5.49297e+06,0,13.9888,0.341426,2.5,1.8,1.5,0,vtype0
48,flow0.7,646878,5.49307e+06,0,12.6596,-0.469499,2.5,1.8,1.5,0,vtype0
48,flow0.8,646875,5.49309e+06,0,13.3371,1.82473,2.5,1.8,1.5,0,vtype0
48,flow0.9,646871,5.49311e+06,0,10.0249,2.43007,2.5,1.8,1.5,0,vtype0
48,flow0.10,646861,5.49312e+06,0,7.17526,-4.36214,2.5,1.8,1.5,9,vtype0
48,flow0.11,646832,5.49312e+06,0,12.7507,-3.30707,2.5,1.8,1.5,9,vtype0
48,flow0.12,646794,5.49313e+06,0,12.916,0.706751,2.5,1.8,1.5,0,vtype0
48,flow0.13,646774,5.49316e+06,0,13.5938,0.204227,2.5,1.8,1.5,2,vtype0
48,flow0.14,646796,5.49319e+06,0,13.9011,-0.469507,2.5,1.8,1.5,2,vtype0
48,flow0.15,646825,5.49322e+06,0,13.9841,0.347518,2.5,1.8,1.5,2,vtype0
49,flow0.16,646845,5.49324e+06,0,13.872,-0.931355,2.5,1.8,1.5,0,vtype0
49,flow0.0,646856,5.4927e+06,0,13.8875,-0.913772,2.5,1.8,1.5,0,vtype0
49,flow0.1,646879,5.49274e+06,0,13.9242,-0.110259,2.5,1.8,1.5,0,vtype0
49,flow0.2,646881,5.49278e+06,0,13.9514,-0.351898,2.5,1.8,1.5,0,vtype0
49,flow0.3,646885,5.49282e+06,0,13.9053,-0.167861,2.5,1.8,1.5,0,vtype0
49,flow0.4,646890,5.49289e+06,0,13.9755,0.68077,2.5,1.8,1.5,0,vtype0
49,flow0.5,646889,5.49292e+06,0,13.9161,0.138281,2.5,1.8,1.5,0,vtype0
49,flow0.6,646886,5.49296e+06,0,13.876,-0.108859,2.5,1.8,1.5,0,vtype0
49,flow0.7,646879,5.49306e+06,0,12.6355,-0.237483,2.5,1.8,1.5,0,vtype0
49,flow0.8,646877,5.49308e+06,0,13.9453,0.182732,2.5,1.8,1.5,0,vtype0
49,flow0.9,646873,5.4931e+06,0,12.0145,1.67334,2.5,1.8,1.5,0,vtype0
49,flow0.10,646868,5.49312e+06,0,8.277,2.52629,2.5,1.8,1.5,0,vtype0
49,flow0.11,646844,5.49312e+06,0,11.6094,-1.119,2.5,1.8,1.5,1,vtype0
49,flow0.12,646804,5.49313e+06,0,12.9041,0.118028,2.5,1.8,1.5,0,vtype0
49,flow0.13,646780,5.49315e+06,0,13.6058,-0.479163,2.5,1.8,1.5,0,vtype0
49,flow0.14,646786,5.49318e+06,0,13.9875,0.213081,2.5,1.8,1.5,2,vtype0
49,flow0.15,646816,5.49321e+06,0,13.9212,-0.35438,2.5,1.8,1.5,2,vtype0
50,flow0.0,646842,5.4927e+06,0,13.8767,-1.19096,2.5,1.8,1.5,0,vtype0
50,flow0.1,646877,5.49272e+06,0,13.9683,0.638682,2.5,1.8,1.5,0,vtype0
50,flow0.2,646880,5.49276e+06,0,13.9689,0.520049,2.5,1.8,1.5,0,vtype0
50,flow0.3,646884,5.4928e+06,0,13.967,-0.294429,2.5,1.8,1.5,0,vtype0
50,flow0.4,646889,5.49288e+06,0,13.9632,0.553705,2.5,1.8,1.5,0,vtype0
50,flow0.5,646890,5.4929e+06,0,13.9794,0.5638,2.5,1.8,1.5,0,vtype0
50,flow0.6,646887,5.49294e+06,0,13.902,-0.546726,2.5,1.8,1.5,0,vtype0
50,flow0.7,646880,5.49304e+06,0,12.6569,0.3898,2.5,1.8,1.5,0,vtype0
50,flow0.8,646878,5.49306e+06,0,13.6583,0.143755,2.5,1.8,1.5,0,vtype0
50,flow0.9,646875,5.49309e+06,0,13.9674,1.50612,2.5,1.8,1.5,0,vtype0
50,flow0.10,646872,5.49311e+06,0,10.4105,2.42553,2.5,1.8,1.5,0,vtype0
50,flow0.11,646856,5.49312e+06,0,10.1883,-4.5,2.5,1.8,1.5,9,vtype0
50,flow0.12,646817,5.49312e+06,0,12.9243,1.04908,2.5,1.8,1.5,0,vtype0
50,flow0.13,646790,5.49314e+06,0,13.5776,-0.866958,2.5,1.8,1.5,0,vtype0
50,flow0.14,646777,5.49317e+06,0,13.8908,-0.231702,2.5,1.8,1.5,2,vtype0
50,flow0.15,646806,5.4932e+06,0,13.8731,-1.03451,2.5,1.8,1.5,2,vtype0
50,flow0.16,646835,5.49323e+06,0,13.962,0.430047,2.5,1.8,1.5,2,vtype0
51,flow0.0,646828,5.4927e+06,0,13.9981,0.459061,2.5,1.8,1.5,0,vtype0
51,flow0.1,646870,5.49271e+06,0,13.904,-0.50851,2.5,1.8,1.5,0,vtype0
51,flow0.2,646879,5.49275e+06,0,13.8707,-0.729776,2.5,1.8,1.5,0,vtype0
51,flow0.3,646882,5.49279e+06,0,13.9771,0.225542,2.5,1.8,1.5,0,vtype0
51,flow0.4,646888,5.49286e+06,0,13.973,0.89062,2.5,1.8,1.5,0,vtype0
51,flow0.5,646891,5.49289e+06,0,13.9476,0.541843,2.5,1.8,1.5,0,vtype0
51,flow0.6,646888,5.49293e+06,0,13.8937,-0.408786,2.5,1.8,1.5,0,vtype0
51,flow0.7,646881,5.49303e+06,0,12.6907,0.761147,2.5,1.8,1.5,0,vtype0
51,flow0.8,646879,5.49305e+06,0,13.4212,-1.04576,2.5,1.8,1.5,0,vtype0
51,flow0.9,646877,5.49307e+06,0,13.9727,0.725425,2.5,1.8,1.5,0,vtype0
51,flow0.10,646873,5.4931e+06,0,12.1558,2.17827,2.5,1.8,1.5,0,vtype0
51,flow0.11,646863,5.49312e+06,0,6.42415,2.6,2.5,1.8,1.5,1,vtype0
51,flow0.12,646830,5.49312e+06,0,12.8412,-0.946043,2.5,1.8,1.5,1,vtype0
51,flow0.13,646801,5.49313e+06,0,13.6977,1.23916,2.5,1.8,1.5,0,vtype0
51,flow0.14,646774,5.49315e+06,0,13.95,0.248194,2.5,1.8,1.5,0,vtype0
51,flow0.15,646796,5.49319e+06,0,13.8791,0.0616693,2.5,1.8,1.5,2,vtype0
51,flow0.16,646826,5.49322e+06,0,13.8833,-0.00801443,2.5,1.8,1.5,2,vtype0
52,flow0.17,646848,5.49324e+06,0,10.0351,0.863435,2.5,1.8,1.5,0,vtype0
52,flow0.0,646814,5.4927e+06,0,13.8903,-0.392068,2.5,1.8,1.5,0,vtype0
52,flow0.1,646858,5.4927e+06,0,13.9558,-0.173074,2.5,1.8,1.5,0,vtype0
52,flow0.2,646879,5.49273e+06,0,13.9885,0.227842,2.5,1.8,1.5,0,vtype0
52,flow0.3,646881,5.49278e+06,0,13.9535,0.128906,2.5,1.8,1.5,0,vtype0
52,flow0.4,646887,5.49285e+06,0,13.9272,-0.379412,2.5,1.8,1.5,0,vtype0
52,flow0.5,646889,5.49288e+06,0,13.8949,-0.435257,2.5,1.8,1.5,0,vtype0
52,flow0.6,646889,5.49292e+06,0,13.9841,0.572165,2.5,1.8,1.5,0,vtype0
52,flow0.7,646882,5.49302e+06,0,12.7279,0.600552,2.5,1.8,1.5,0,vtype0
52,flow0.8,646880,5.49304e+06,0,13.2136,-1.5661,2.5,1.8,1.5,8,vtype0
52,flow0.9,646879,5.49306e+06,0,13.8947,-0.195952,2.5,1.8,1.5,0,vtype0
52,flow0.10,646875,5.49309e+06,0,13.9793,0.616807,2.5,1.8,1.5,0,vtype0
52,flow0.11,646870,5.49312e+06,0,8.79672,2.50479,2.5,1.8,1.5,0,vtype0
52,flow0.12,646843,5.49312e+06,0,12.8622,-0.622606,2.5,1.8,1.5,1,vtype0
52,flow0.13,646814,5.49313e+06,0,13.6396,0.46204,2.5,1.8,1.5,0,vtype0
52,flow0.14,646783,5.49314e+06,0,13.9617,0.516056,2.5,1.8,1.5,0,vtype0
52,flow0.15,646786,5.49318e+06,0,13.9108,-0.320716,2.5,1.8,1.5,2,vtype0
52,flow0.16,646816,5.49321e+06,0,13.895,-0.834582,2.5,1.8,1.5,2,vtype0
53,flow0.0,646800,5.4927e+06,0,13.9125,0.348317,2.5,1.8,1.5,0,vtype0
53,flow0.1,646845,5.4927e+06,0,13.9249,0.400352,2.5,1.8,1.5,0,vtype0
53,flow0.2,646877,5.49272e+06,0,13.9868,1.13122,2.5,1.8,1.5,0,vtype0
53,flow0.3,646880,5.49276e+06,0,13.9417,0.597568,2.5,1.8,1.5,0,vtype0
53,flow0.4,646886,5.49283e+06,0,13.9994,0.0965986,2.5,1.8,1.5,0,vtype0
53,flow0.5,646888,5.49286e+06,0,13.9447,-0.0983914,2.5,1.8,1.5,0,vtype0
53,flow0.6,646890,5.4929e+06,0,13.8888,-0.0276102,2.5,1.8,1.5,0,vtype0
53,flow0.7,646883,5.493e+06,0,12.6679,-0.120434,2.5,1.8,1.5,0,vtype0
53,flow0.8,646881,5.49302e+06,0,13.172,0.406498,2.5,1.8,1.5,0,vtype0
53,flow0.9,646880,5.49305e+06,0,13.9601,0.205704,2.5,1.8,1.5,0,vtype0
53,flow0.10,646877,5.49307e+06,0,13.9658,0.634898,2.5,1.8,1.5,0,vtype0
53,flow0.11,646872,5.49311e+06,0,10.8471,2.59319,2.5,1.8,1.5,0,vtype0
53,flow0.12,646855,5.49312e+06,0,10.5206,-4.5,2.5,1.8,1.5,9,vtype0
53,flow0.13,646827,5.49312e+06,0,13.6511,-0.498203,2.5,1.8,1.5,1,vtype0
53,flow0.14,646793,5.49313e+06,0,13.9506,0.670561,2.5,1.8,1.5,0,vtype0
53,flow0.15,646777,5.49317e+06,0,13.8747,-0.0606494,2.5,1.8,1.5,2,vtype0
53,flow0.16,646806,5.4932e+06,0,13.9581,0.276277,2.5,1.8,1.5,2,vtype0
53,flow0.17,646841,5.49323e+06,0,9.93871,-1.00486,2.5,1.8,1.5,0,vtype0
54,flow0.0,646786,5.4927e+06,0,13.9976,1.14865,2.5,1.8,1.5,0,vtype0
54,flow0.1,646831,5.4927e+06,0,13.8966,-0.0735411,2.5,1.8,1.5,0,vtype0
54,flow0.2,646869,5.49271e+06,0,13.8785,-0.459117,2.5,1.8,1.5,0,vtype0
54,flow0.3,646879,5.49275e+06,0,13.8981,-0.095923,2.5,1.8,1.5,0,vtype0
54,flow0.4,646885,5.49282e+06,0,13.8829,0.0210316,2.5,1.8,1.5,0,vtype0
54,flow0.5,646887,5.49285e+06,0,13.8701,-0.680474,2.5,1.8,1.5,0,vtype0
54,flow0.6,646890,5.49289e+06,0,13.975,1.04644,2.5,1.8,1.5,0,vtype0
54,flow0.7,646883,5.49299e+06,0,12.7422,0.708215,2.5,1.8,1.5,0,vtype0
54,flow0.8,646882,5.49301e+06,0,13.0373,0.0651754,2.5,1.8,1.5,0,vtype0
54,flow0.9,646881,5.49303e+06,0,13.903,0.357442,2.5,1.8,1.5,0,vtype0
54,flow0.10,646879,5.49306e+06,0,13.8753,-0.0329473,2.5,1.8,1.5,0,vtype0
54,flow0.11,646874,5.4931e+06,0,12.8446,2.12537,2.5,1.8,1.5,0,vtype0
54,flow0.12,646863,5.49312e+06,0,6.04325,-4.5,2.5,1.8,1.5,9,vtype0
54,flow0.13,646840,5.49312e+06,0,10.7275,-2.99833,2.5,1.8,1.5,9,vtype0
54,flow0.14,646804,5.49313e+06,0,13.975,1.02543,2.5,1.8,1.5,0,vtype0
54,flow0.15,646774,5.49315e+06,0,13.913,0.0388032,2.5,1.8,1.5,0,vtype0
54,flow0.16,646796,5.49319e+06,0,13.9868,0.429323,2.5,1.8,1.5,2,vtype0
54,flow0.17,646834,5.49323e+06,0,9.98268,-0.233727,2.5,1.8,1.5,0,vtype0
55,flow0.18,646845,5.49324e+06,0,13.3449,-0.638836,2.5,1.8,1.5,0,vtype0
55,flow0.0,646772,5.4927e+06,0,13.9012,-0.24642,2.5,1.8,1.5,0,vtype0
55,flow0.1,646817,5.4927e+06,0,13.8777,-0.934529,2.5,1.8,1.5,0,vtype0
55,flow0.2,646857,5.4927e+06,0,13.874,-0.274819,2.5,1.8,1.5,0,vtype0
55,flow0.3,646879,5.49273e+06,0,13.8842,-0.492212,2.5,1.8,1.5,0,vtype0
55,flow0.4,646884,5.49281e+06,0,13.9678,0.78161,2.5,1.8,1.5,0,vtype0
55,flow0.5,646886,5.49283e+06,0,13.9694,-0.262243,2.5,1.8,1.5,0,vtype0
55,flow0.6,646889,5.49287e+06,0,13.99,0.692642,2.5,1.8,1.5,0,vtype0
55,flow0.7,646884,5.49298e+06,0,12.6857,0.261521,2.5,1.8,1.5,0,vtype0
55,flow0.8,646883,5.493e+06,0,12.9472,-0.446514,2.5,1.8,1.5,0,vtype0
55,flow0.9,646882,5.49302e+06,0,13.6363,0.768689,2.5,1.8,1.5,0,vtype0
55,flow0.10,646880,5.49305e+06,0,13.8998,-0.322921,2.5,1.8,1.5,0,vtype0
55,flow0.11,646876,5.49308e+06,0,13.8736,-0.812068,2.5,1.8,1.5,0,vtype0
55,flow0.12,646870,5.49312e+06,0,8.36466,1.60849,2.5,1.8,1.5,0,vtype0
55,flow0.13,646850,5.49312e+06,0,10.6198,0.771535,2.5,1.8,1.5,1,vtype0
55,flow0.14,646818,5.49312e+06,0,13.983,0.671322,2.5,1.8,1.5,0,vtype0
55,flow0.15,646782,5.49314e+06,0,13.9583,-0.337086,2.5,1.8,1.5,0,vtype0
55,flow0.16,646786,5.49318e+06,0,13.8807,-0.566541,2.5,1.8,1.5,2,vtype0
55,flow0.17,646826,5.49322e+06,0,10.0508,1.08146,2.5,1.8,1.5,0,vtype0
56,flow0.0,646758,5.4927e+06,0,13.877,-0.537518,2.5,1.8,1.5,0,vtype0
56,flow0.1,646803,5.4927e+06,0,13.9983,1.14727,2.5,1.8,1.5,0,vtype0
56,flow0.2,646844,5.4927e+06,0,13.9574,-0.424109,2.5,1.8,1.5,0,vtype0
56,flow0.3,646877,5.49272e+06,0,13.9767,0.0523348,2.5,1.8,1.5,0,vtype0
56,flow0.4,646883,5.49279e+06,0,13.9665,-0.062893,2.5,1.8,1.5,0,vtype0
56,flow0.5,646885,5.49282e+06,0,13.9936,1.00603,2.5,1.8,1.5,0,vtype0
56,flow0.6,646888,5.49286e+06,0,13.9174,-0.717511,2.5,1.8,1.5,0,vtype0
56,flow0.7,646885,5.49297e+06,0,12.7188,0.598775,2.5,1.8,1.5,0,vtype0
56,flow0.8,646884,5.49299e+06,0,12.9122,-0.42633,2.5,1.8,1.5,0,vtype0
56,flow0.9,646883,5.49301e+06,0,13.4565,0.137566,2.5,1.8,1.5,0,vtype0
56,flow0.10,646881,5.49303e+06,0,13.9002,-0.737429,2.5,1.8,1.5,0,vtype0
56,flow0.11,646878,5.49307e+06,0,13.9925,0.251445,2.5,1.8,1.5,0,vtype0
56,flow0.12,646872,5.49311e+06,0,10.1552,1.58928,2.5,1.8,1.5,0,vtype0
56,flow0.13,646860,5.49312e+06,0,8.11846,-4.5,2.5,1.8,1.5,9,vtype0
56,flow0.14,646832,5.49312e+06,0,13.0117,-4.02755,2.5,1.8,1.5,9,vtype0
56,flow0.15,646793,5.49313e+06,0,13.914,0.0469614,2.5,1.8,1.5,0,vtype0
56,flow0.16,646777,5.49317e+06,0,13.9568,0.422262,2.5,1.8,1.5,2,vtype0
56,flow0.17,646819,5.49321e+06,0,10.047,0.102698,2.5,1.8,1.5,0,vtype0
56,flow0.18,646836,5.49323e+06,0,12.5775,0.216792,2.5,1.8,1.5,2,vtype0
57,flow0.0,646744,5.4927e+06,0,13.944,0.595215,2.5,1.8,1.5,0,vtype0
57,flow0.1,646789,5.4927e+06,0,13.8741,-0.57496,2.5,1.8,1.5,0,vtype0
57,flow0.2,646830,5.4927e+06,0,13.9165,-0.237067,2.5,1.8,1.5,0,vtype0
57,flow0.3,646869,5.49271e+06,0,13.8702,-0.498376,2.5,1.8,1.5,0,vtype0
57,flow0.4,646882,5.49278e+06,0,13.9787,0.867067,2.5,1.8,1.5,0,vtype0
57,flow0.5,646884,5.49281e+06,0,13.8899,-0.730207,2.5,1.8,1.5,0,vtype0
57,flow0.6,646887,5.49285e+06,0,13.9128,0.0363795,2.5,1.8,1.5,0,vtype0
57,flow0.7,646886,5.49295e+06,0,12.6182,-0.622084,2.5,1.8,1.5,0,vtype0
57,flow0.8,646885,5.49297e+06,0,12.8829,0.284704,2.5,1.8,1.5,0,vtype0
57,flow0.9,646883,5.49299e+06,0,13.2361,-0.280557,2.5,1.8,1.5,0,vtype0
57,flow0.10,646882,5.49302e+06,0,13.9102,-0.792022,2.5,1.8,1.5,0,vtype0
57,flow0.11,646879,5.49306e+06,0,13.918,-0.105166,2.5,1.8,1.5,0,vtype0
57,flow0.12,646874,5.4931e+06,0,12.1847,1.74093,2.5,1.8,1.5,0,vtype0
57,flow0.13,646867,5.49312e+06,0,7.83561,2.12407,2.5,1.8,1.5,0,vtype0
57,flow0.14,646843,5.49312e+06,0,11.3522,0.185257,2.5,1.8,1.5,1,vtype0
57,flow0.15,646804,5.49313e+06,0,13.9758,0.585075,2.5,1.8,1.5,0,vtype0
57,flow0.16,646774,5.49315e+06,0,13.9869,1.08211,2.5,1.8,1.5,0,vtype0
57,flow0.17,646812,5.4932e+06,0,10.0453,0.311941,2.5,1.8,1.5,2,vtype0
57,flow0.18,646828,5.49322e+06,0,11.9055,-1.78197,2.5,1.8,1.5,10,vtype0
58,flow0.19,646846,5.49324e+06,0,12.9957,0.0724424,2.5,1.8,1.5,0,vtype0
58,flow0.0,646730,5.4927e+06,0,13.9573,0.0124752,2.5,1.8,1.5,0,vtype0
58,flow0.1,646775,5.4927e+06,0,13.8716,-0.0813759,2.5,1.8,1.5,0,vtype0
58,flow0.2,646816,5.4927e+06,0,13.9571,0.512985,2.5,1.8,1.5,0,vtype0
58,flow0.3,646857,5.4927e+06,0,13.9635,0.102138,2.5,1.8,1.5,0,vtype0
58,flow0.4,646880,5.49276e+06,0,13.9092,0.0267546,2.5,1.8,1.5,0,vtype0
58,flow0.5,646883,5.49279e+06,0,13.9911,0.210246,2.5,1.8,1.5,0,vtype0
58,flow0.6,646886,5.49283e+06,0,13.8807,0.0684833,2.5,1.8,1.5,0,vtype0
58,flow0.7,646887,5.49294e+06,0,12.7214,0.612697,2.5,1.8,1.5,0,vtype0
58,flow0.8,646886,5.49296e+06,0,12.7379,-1.47107,2.5,1.8,1.5,0,vtype0
58,flow0.9,646884,5.49298e+06,0,13.1642,0.19958,2.5,1.8,1.5,0,vtype0
58,flow0.10,646883,5.493e+06,0,13.9095,-0.143987,2.5,1.8,1.5,0,vtype0
58,flow0.11,646880,5.49304e+06,0,13.9955,0.779382,2.5,1.8,1.5,0,vtype0
58,flow0.12,646876,5.49309e+06,0,13.8957,-0.646672,2.5,1.8,1.5,0,vtype0
58,flow0.13,646871,5.49311e+06,0,9.69022,1.43975,2.5,1.8,1.5,0,vtype0
58,flow0.14,646854,5.49312e+06,0,10.745,-4.18243,2.5,1.8,1.5,9,vtype0
58,flow0.15,646818,5.49312e+06,0,13.9925,0.695683,2.5,1.8,1.5,0,vtype0
58,flow0.16,646782,5.49314e+06,0,13.917,0.444195,2.5,1.8,1.5,0,vtype0
58,flow0.17,646805,5.4932e+06,0,9.94306,-1.01109,2.5,1.8,1.5,10,vtype0
58,flow0.18,646819,5.49321e+06,0,11.4887,-0.161887,2.5,1.8,1.5,2,vtype0
59,flow0.0,646716,5.4927e+06,0,13.9275,-0.251243,2.5,1.8,1.5,0,vtype0
59,flow0.1,646761,5.4927e+06,0,13.9014,-0.0919591,2.5,1.8,1.5,0,vtype0
59,flow0.2,646802,5.4927e+06,0,13.8846,-0.0751798,2.5,1.8,1.5,0,vtype0
59,flow0.3,646843,5.4927e+06,0,13.9562,0.63545,2.5,1.8,1.5,0,vtype0
59,flow0.4,646880,5.49275e+06,0,13.9525,0.407855,2.5,1.8,1.5,0,vtype0
59,flow0.5,646882,5.49278e+06,0,13.9903,0.236873,2.5,1.8,1.5,0,vtype0
59,flow0.6,646885,5.49282e+06,0,13.9787,0.818298,2.5,1.8,1.5,0,vtype0
59,flow0.7,646888,5.49293e+06,0,12.6297,-1.07771,2.5,1.8,1.5,0,vtype0
59,flow0.8,646887,5.49295e+06,0,12.8278,-0.055553,2.5,1.8,1.5,0,vtype0
59,flow0.9,646885,5.49297e+06,0,13.097,-0.365977,2.5,1.8,1.5,0,vtype0
59,flow0.10,646884,5.49299e+06,0,13.9572,0.591228,2.5,1.8,1.5,0,vtype0
59,flow0.11,646881,5.49303e+06,0,13.9791,0.433608,2.5,1.8,1.5,0,vtype0
59,flow0.12,646878,5.49307e+06,0,13.9646,-0.248822,2.5,1.8,1.5,0,vtype0
59,flow0.13,646873,5.4931e+06,0,11.6553,1.35341,2.5,1.8,1.5,0,vtype0
59,flow0.14,646863,5.49312e+06,0,6.24734,-4.5,2.5,1.8,1.5,9,vtype0
59,flow0.15,646831,5.49312e+06,0,13.1251,-2.55526,2.5,1.8,1.5,9,vtype0
59,flow0.16,646793,5.49313e+06,0,13.9944,1.19671,2.5,1.8,1.5,0,vtype0
59,flow0.17,646798,5.49319e+06,0,9.94076,-0.421625,2.5,1.8,1.5,2,vtype0
59,flow0.18,646812,5.4932e+06,0,11.064,-0.244309,2.5,1.8,1.5,2,vtype0
59,flow0.19,646837,5.49323e+06,0,13.0282,-0.0201643,2.5,1.8,1.5,0,vtype0
60,flow0.0,646702,5.4927e+06,0,13.9549,0.197138,2.5,1.8,1.5,0,vtype0
60,flow0.1,646747,5.4927e+06,0,13.9964,0.576323,2.5,1.8,1.5,0,vtype0
60,flow0.2,646788,5.4927e+06,0,13.9529,-0.462397,2.5,1.8,1.5,0,vtype0
60,flow0.3,646829,5.4927e+06,0,13.9731,-0.200495,2.5,1.8,1.5,0,vtype0
60,flow0.4,646879,5.49274e+06,0,13.8859,-0.00864106,2.5,1.8,1.5,0,vtype0
60,flow0.5,646881,5.49276e+06,0,13.9933,0.573559,2.5,1.8,1.5,0,vtype0
60,flow0.6,646884,5.4928e+06,0,13.9653,0.13831,2.5,1.8,1.5,0,vtype0
60,flow0.7,646889,5.49292e+06,0,12.6787,-0.41208,2.5,1.8,1.5,0,vtype0
60,flow0.8,646888,5.49293e+06,0,12.8097,0.0611394,2.5,1.8,1.5,0,vtype0
60,flow0.9,646886,5.49295e+06,0,13.0066,0.0657737,2.5,1.8,1.5,0,vtype0
60,flow0.10,646885,5.49298e+06,0,13.9375,-0.234152,2.5,1.8,1.5,0,vtype0
60,flow0.11,646882,5.49301e+06,0,13.9787,0.343068,2.5,1.8,1.5,0,vtype0
60,flow0.12,646879,5.49306e+06,0,13.9234,-0.684692,2.5,1.8,1.5,0,vtype0
60,flow0.13,646875,5.49309e+06,0,13.4938,2.11167,2.5,1.8,1.5,0,vtype0
60,flow0.14,646870,5.49312e+06,0,8.67568,2.46382,2.5,1.8,1.5,0,vtype0
60,flow0.15,646844,5.49312e+06,0,12.4525,0.172454,2.5,1.8,1.5,1,vtype0
60,flow0.16,646804,5.49313e+06,0,13.8818,-0.0673068,2.5,1.8,1.5,0,vtype0
60,flow0.17,646791,5.49318e+06,0,9.97282,0.173996,2.5,1.8,1.5,2,vtype0
60,flow0.18,646804,5.4932e+06,0,10.7207,-0.934067,2.5,1.8,1.5,2,vtype0
60,flow0.19,646827,5.49322e+06,0,12.9935,0.449102,2.5,1.8,1.5,2,vtype0
61,flow0.20,646845,5.49324e+06,0,13.947,0.208224,2.5,1.8,1.5,0,vtype0
61,flow0.0,646689,5.49271e+06,0,13.9518,0.551186,2.5,1.8,1.5,0,vtype0
61,flow0.1,646733,5.4927e+06,0,13.8949,-0.375789,2.5,1.8,1.5,0,vtype0
61,flow0.2,646774,5.4927e+06,0,13.8762,-0.244475,2.5,1.8,1.5,0,vtype0
61,flow0.3,646815,5.4927e+06,0,13.9763,0.128997,2.5,1.8,1.5,0,vtype0
61,flow0.4,646877,5.49272e+06,0,13.9577,0.306863,2.5,1.8,1.5,0,vtype0
61,flow0.5,646880,5.49275e+06,0,13.9143,-0.824727,2.5,1.8,1.5,0,vtype0
61,flow0.6,646883,5.49279e+06,0,13.9608,-0.358835,2.5,1.8,1.5,0,vtype0
61,flow0.7,646890,5.4929e+06,0,12.6478,0.323617,2.5,1.8,1.5,0,vtype0
61,flow0.8,646889,5.49292e+06,0,12.6843,-1.3058,2.5,1.8,1.5,0,vtype0
61,flow0.9,646887,5.49294e+06,0,12.9578,-0.0129255,2.5,1.8,1.5,0,vtype0
61,flow0.10,646886,5.49296e+06,0,13.8494,-1.25846,2.5,1.8,1.5,0,vtype0
61,flow0.11,646883,5.493e+06,0,13.9382,-0.293835,2.5,1.8,1.5,0,vtype0
61,flow0.12,646880,5.49304e+06,0,13.93,0.00958225,2.5,1.8,1.5,0,vtype0
61,flow0.13,646877,5.49308e+06,0,13.9343,-0.360743,2.5,1.8,1.5,0,vtype0
61,flow0.14,646872,5.49311e+06,0,10.7554,1.36952,2.5,1.8,1.5,0,vtype0
61,flow0.15,646856,5.49312e+06,0,10.183,-4.5,2.5,1.8,1.5,9,vtype0
61,flow0.16,646818,5.49312e+06,0,13.9891,0.0357966,2.5,1.8,1.5,0,vtype0
61,flow0.17,646784,5.49318e+06,0,9.9877,-0.232322,2.5,1.8,1.5,2,vtype0
61,flow0.18,646796,5.49319e+06,0,10.6492,-0.419094,2.5,1.8,1.5,2,vtype0
61,flow0.19,646818,5.49321e+06,0,12.9213,-1.12062,2.5,1.8,1.5,2,vtype0
62,flow0.0,646675,5.49271e+06,0,13.9362,-0.147556,2.5,1.8,1.5,0,vtype0
62,flow0.1,646719,5.4927e+06,0,13.9663,0.0513152,2.5,1.8,1.5,0,vtype0
62,flow0.2,646760,5.4927e+06,0,13.941,0.493281,2.5,1.8,1.5,0,vtype0
62,flow0.3,646801,5.4927e+06,0,13.996,0.216335,2.5,1.8,1.5,0,vtype0
62,flow0.4,646871,5.49271e+06,0,13.9832,1.00181,2.5,1.8,1.5,0,vtype0
62,flow0.5,646879,5.49274e+06,0,13.9462,-0.333013,2.5,1.8,1.5,0,vtype0
62,flow0.6,646881,5.49278e+06,0,13.9505,-0.307757,2.5,1.8,1.5,0,vtype0
62,flow0.7,646891,5.49289e+06,0,12.7279,-0.0702474,2.5,1.8,1.5,0,vtype0
62,flow0.8,646890,5.49291e+06,0,12.8106,0.524689,2.5,1.8,1.5,0,vtype0
62,flow0.9,646888,5.49293e+06,0,12.8846,0.930737,2.5,1.8,1.5,0,vtype0
62,flow0.10,646887,5.49295e+06,0,13.553,-0.791192,2.5,1.8,1.5,0,vtype0
62,flow0.11,646884,5.49299e+06,0,13.9022,-0.147931,2.5,1.8,1.5,0,vtype0
62,flow0.12,646881,5.49303e+06,0,13.9325,-0.241662,2.5,1.8,1.5,0,vtype0
62,flow0.13,646879,5.49306e+06,0,13.9266,-0.549004,2.5,1.8,1.5,0,vtype0
62,flow0.14,646874,5.4931e+06,0,12.6071,1.56621,2.5,1.8,1.5,0,vtype0
62,flow0.15,646863,5.49312e+06,0,6.40718,2.6,2.5,1.8,1.5,1,vtype0
62,flow0.16,646832,5.49312e+06,0,13.0929,-3.4563,2.5,1.8,1.5,9,vtype0
62,flow0.17,646778,5.49317e+06,0,10.0186,0.643146,2.5,1.8,1.5,2,vtype0
62,flow0.18,646789,5.49318e+06,0,10.3936,-0.847995,2.5,1.8,1.5,2,vtype0
62,flow0.19,646809,5.4932e+06,0,12.9856,0.710589,2.5,1.8,1.5,2,vtype0
62,flow0.20,646835,5.49323e+06,0,13.9412,-0.348744,2.5,1.8,1.5,2,vtype0
63,flow0.0,646661,5.49271e+06,0,13.9724,0.261681,2.5,1.8,1.5,0,vtype0
63,flow0.1,646705,5.4927e+06,0,13.8704,-0.569561,2.5,1.8,1.5,0,vtype0
63,flow0.2,646746,5.4927e+06,0,13.9476,-0.209962,2.5,1.8,1.5,0,vtype0
63,flow0.3,646787,5.4927e+06,0,13.9699,0.504796,2.5,1.8,1.5,0,vtype0
63,flow0.4,646859,5.4927e+06,0,13.899,-0.352458,2.5,1.8,1.5,0,vtype0
63,flow0.5,646877,5.49272e+06,0,13.9744,0.0220472,2.5,1.8,1.5,0,vtype0
63,flow0.6,646880,5.49276e+06,0,13.8918,-0.843341,2.5,1.8,1.5,0,vtype0
63,flow0.7,646890,5.49288e+06,0,12.6938,-0.120867,2.5,1.8,1.5,0,vtype0
63,flow0.8,646890,5.4929e+06,0,12.7915,1.17697,2.5,1.8,1.5,0,vtype0
63,flow0.9,646889,5.49291e+06,0,12.7936,0.085094,2.5,1.8,1.5,0,vtype0
63,flow0.10,646888,5.49293e+06,0,13.363,-0.0482306,2.5,1.8,1.5,0,vtype0
63,flow0.11,646885,5.49297e+06,0,13.9631,0.803288,2.5,1.8,1.5,0,vtype0
63,flow0.12,646882,5.49302e+06,0,13.8791,-0.799863,2.5,1.8,1.5,0,vtype0
63,flow0.13,646879,5.49305e+06,0,13.9018,0.0216276,2.5,1.8,1.5,0,vtype0
63,flow0.14,646876,5.49308e+06,0,13.8727,-0.513161,2.5,1.8,1.5,0,vtype0
63,flow0.15,646870,5.49312e+06,0,8.62573,2.04669,2.5,1.8,1.5,0,vtype0
63,flow0.16,646844,5.49312e+06,0,12.5555,-0.218382,2.5,1.8,1.5,1,vtype0
63,flow0.17,646774,5.49316e+06,0,10.0571,0.551216,2.5,1.8,1.5,2,vtype0
63,flow0.18,646782,5.49317e+06,0,10.2942,0.480574,2.5,1.8,1.5,2,vtype0
63,flow0.19,646800,5.49319e+06,0,12.9761,0.0958795,2.5,1.8,1.5,2,vtype0
63,flow0.20,646825,5.49322e+06,0,13.9986,0.0969556,2.5,1.8,1.5,2,vtype0
64,flow0.21,646846,5.49324e+06,0,12.198,-0.391748,2.5,1.8,1.5,0,vtype0
64,flow0.0,646648,5.49271e+06,0,13.8866,-0.634332,2.5,1.8,1.5,0,vtype0
64,flow0.1,646692,5.49271e+06,0,13.9432,0.242281,2.5,1.8,1.5,0,vtype0
64,flow0.2,646732,5.4927e+06,0,13.9256,0.261921,2.5,1.8,1.5,0,vtype0
64,flow0.3,646773,5.4927e+06,0,13.8964,-0.474457,2.5,1.8,1.5,0,vtype0
64,flow0.4,646846,5.4927e+06,0,13.9659,0.208407,2.5,1.8,1.5,0,vtype0
64,flow0.5,646871,5.49271e+06,0,13.9587,0.20354,2.5,1.8,1.5,0,vtype0
64,flow0.6,646879,5.49275e+06,0,13.9025,-0.448812,2.5,1.8,1.5,0,vtype0
64,flow0.7,646889,5.49287e+06,0,12.7253,0.975402,2.5,1.8,1.5,0,vtype0
64,flow0.8,646890,5.49288e+06,0,12.6587,-0.174209,2.5,1.8,1.5,0,vtype0
64,flow0.9,646890,5.4929e+06,0,12.7373,-1.00414,2.5,1.8,1.5,0,vtype0
64,flow0.10,646889,5.49292e+06,0,13.2654,-0.507389,2.5,1.8,1.5,0,vtype0
64,flow0.11,646886,5.49296e+06,0,13.9923,0.404203,2.5,1.8,1.5,0,vtype0
64,flow0.12,646883,5.493e+06,0,13.8885,0.125284,2.5,1.8,1.5,0,vtype0
64,flow0.13,646880,5.49303e+06,0,13.8739,-0.67777,2.5,1.8,1.5,0,vtype0
64,flow0.14,646878,5.49307e+06,0,13.9969,0.230739,2.5,1.8,1.5,0,vtype0
64,flow0.15,646872,5.49311e+06,0,10.5221,2.38186,2.5,1.8,1.5,0,vtype0
64,flow0.16,646856,5.49312e+06,0,10.0008,-4.5,2.5,1.8,1.5,9,vtype0
64,flow0.17,646776,5.49315e+06,0,9.94264,0.0637766,2.5,1.8,1.5,0,vtype0
64,flow0.18,646776,5.49316e+06,0,10.1679,-0.907471,2.5,1.8,1.5,2,vtype0
64,flow0.19,646791,5.49318e+06,0,12.6561,0.0371482,2.5,1.8,1.5,2,vtype0
64,flow0.20,646816,5.49321e+06,0,13.932,0.0625373,2.5,1.8,1.5,2,vtype0
65,flow0.0,646634,5.49272e+06,0,13.928,-0.256287,2.5,1.8,1.5,0,vtype0
65,flow0.1,646678,5.49271e+06,0,13.9582,0.7761,2.5,1.8,1.5,0,vtype0
65,flow0.2,646718,5.4927e+06,0,13.8844,-0.160823,2.5,1.8,1.5,0,vtype0
65,flow0.3,646760,5.4927e+06,0,13.9528,0.792565,2.5,1.8,1.5,0,vtype0
65,flow0.4,646832,5.4927e+06,0,13.8707,-0.388078,2.5,1.8,1.5,0,vtype0
65,flow0.5,646859,5.4927e+06,0,13.9332,0.512394,2.5,1.8,1.5,0,vtype0
65,flow0.6,646879,5.49273e+06,0,13.9863,0.427196,2.5,1.8,1.5,0,vtype0
65,flow0.7,646888,5.49285e+06,0,12.6582,-0.600059,2.5,1.8,1.5,0,vtype0
65,flow0.8,646889,5.49287e+06,0,12.7818,0.635453,2.5,1.8,1.5,0,vtype0
65,flow0.9,646890,5.49289e+06,0,12.8294,1.00637,2.5,1.8,1.5,0,vtype0
65,flow0.10,646890,5.49291e+06,0,13.0523,-0.699372,2.5,1.8,1.5,0,vtype0
65,flow0.11,646887,5.49294e+06,0,13.9836,0.590368,2.5,1.8,1.5,0,vtype0
65,flow0.12,646884,5.49299e+06,0,13.9381,-0.219068,2.5,1.8,1.5,0,vtype0
65,flow0.13,646881,5.49302e+06,0,13.9884,0.636682,2.5,1.8,1.5,0,vtype0
65,flow0.14,646879,5.49306e+06,0,13.8907,-0.805532,2.5,1.8,1.5,0,vtype0
65,flow0.15,646874,5.4931e+06,0,12.4078,1.49846,2.5,1.8,1.5,0,vtype0
65,flow0.16,646864,5.49312e+06,0,7.00283,2.6,2.5,1.8,1.5,1,vtype0
65,flow0.17,646783,5.49314e+06,0,9.95568,0.137404,2.5,1.8,1.5,0,vtype0
65,flow0.18,646774,5.49315e+06,0,10.1453,0.064999,2.5,1.8,1.5,0,vtype0
65,flow0.19,646783,5.49317e+06,0,12.0151,-0.988375,2.5,1.8,1.5,2,vtype0
65,flow0.20,646806,5.4932e+06,0,13.9425,-0.208138,2.5,1.8,1.5,2,vtype0
65,flow0.21,646838,5.49323e+06,0,12.2803,0.364053,2.5,1.8,1.5,0,vtype0
66,flow0.0,646621,5.49272e+06,0,13.9461,0.693265,2.5,1.8,1.5,0,vtype0
66,flow0.1,646664,5.49271e+06,0,13.9622,-0.0812683,2.5,1.8,1.5,0,vtype0
66,flow0.2,646704,5.4927e+06,0,13.9919,1.12367,2.5,1.8,1.5,0,vtype0
66,flow0.3,646746,5.4927e+06,0,13.9341,0.639817,2.5,1.8,1.5,0,vtype0
66,flow0.4,646818,5.4927e+06,0,13.8856,-0.715209,2.5,1.8,1.5,0,vtype0
66,flow0.5,646846,5.4927e+06,0,13.9891,0.0523473,2.5,1.8,1.5,0,vtype0
66,flow0.6,646877,5.49272e+06,0,13.9618,0.819368,2.5,1.8,1.5,0,vtype0
66,flow0.7,646887,5.49284e+06,0,12.6316,-0.0812391,2.5,1.8,1.5,0,vtype0
66,flow0.8,646888,5.49286e+06,0,12.6285,-1.0413,2.5,1.8,1.5,0,vtype0
66,flow0.9,646889,5.49288e+06,0,12.7371,0.0390587,2.5,1.8,1.5,0,vtype0
66,flow0.10,646891,5.4929e+06,0,12.9869,-0.183928,2.5,1.8,1.5,0,vtype0
66,flow0.11,646888,5.49293e+06,0,13.9224,0.198727,2.5,1.8,1.5,0,vtype0
66,flow0.12,646885,5.49297e+06,0,13.9447,0.363576,2.5,1.8,1.5,0,vtype0
66,flow0.13,646882,5.49301e+06,0,13.9103,-0.0792565,2.5,1.8,1.5,0,vtype0
66,flow0.14,646880,5.49304e+06,0,13.9869,0.548742,2.5,1.8,1.5,0,vtype0
66,flow0.15,646876,5.49308e+06,0,13.9979,0.197427,2.5,1.8,1.5,0,vtype0
66,flow0.16,646871,5.49312e+06,0,9.11508,2.53782,2.5,1.8,1.5,0,vtype0
66,flow0.17,646791,5.49314e+06,0,10.053,1.23619,2.5,1.8,1.5,0,vtype0
66,flow0.18,646779,5.49315e+06,0,10.0997,0.0830482,2.5,1.8,1.5,0,vtype0
66,flow0.19,646775,5.49316e+06,0,11.4698,-1.3296,2.5,1.8,1.5,10,vtype0
66,flow0.20,646796,5.49319e+06,0,13.8795,-0.217619,2.5,1.8,1.5,2,vtype0
66,flow0.21,646829,5.49322e+06,0,12.1902,-0.0916822,2.5,1.8,1.5,2,vtype0
67,flow0.22,646845,5.49324e+06,0,13.9423,0.208618,2.5,1.8,1.5,0,vtype0
67,flow0.0,646609,5.49273e+06,0,13.9807,0.639822,2.5,1.8,1.5,0,vtype0
67,flow0.1,646650,5.49271e+06,0,13.9566,0.610014,2.5,1.8,1.5,0,vtype0
67,flow0.2,646690,5.49271e+06,0,13.9757,0.739264,2.5,1.8,1.5,0,vtype0
67,flow0.3,646732,5.4927e+06,0,13.9538,0.0634343,2.5,1.8,1.5,0,vtype0
67,flow0.4,646804,5.4927e+06,0,13.8708,-0.883279,2.5,1.8,1.5,0,vtype0
67,flow0.5,646832,5.4927e+06,0,13.9177,-0.696397,2.5,1.8,1.5,0,vtype0
67,flow0.6,646869,5.49271e+06,0,13.9833,0.211217,2.5,1.8,1.5,0,vtype0
67,flow0.7,646886,5.49283e+06,0,12.6335,-0.58757,2.5,1.8,1.5,0,vtype0
67,flow0.8,646887,5.49285e+06,0,12.7349,-0.0372134,2.5,1.8,1.5,0,vtype0
67,flow0.9,646888,5.49286e+06,0,12.8004,1.36965,2.5,1.8,1.5,0,vtype0
67,flow0.10,646890,5.49288e+06,0,12.9345,-0.880504,2.5,1.8,1.5,0,vtype0
67,flow0.11,646889,5.49292e+06,0,13.8804,-0.964331,2.5,1.8,1.5,0,vtype0
67,flow0.12,646886,5.49296e+06,0,13.9781,0.71512,2.5,1.8,1.5,0,vtype0
67,flow0.13,646883,5.49299e+06,0,13.9937,0.653015,2.5,1.8,1.5,0,vtype0
67,flow0.14,646881,5.49303e+06,0,13.9862,1.06548,2.5,1.8,1.5,0,vtype0
67,flow0.15,646878,5.49307e+06,0,13.9658,0.364023,2.5,1.8,1.5,0,vtype0
67,flow0.16,646872,5.49311e+06,0,10.9543,1.49106,2.5,1.8,1.5,0,vtype0
67,flow0.17,646798,5.49313e+06,0,9.96513,-0.566723,2.5,1.8,1.5,0,vtype0
67,flow0.18,646787,5.49314e+06,0,10.0802,-0.218283,2.5,1.8,1.5,0,vtype0
67,flow0.19,646774,5.49315e+06,0,11.1878,0.37333,2.5,1.8,1.5,0,vtype0
67,flow0.20,646786,5.49318e+06,0,13.9013,-0.682878,2.5,1.8,1.5,2,vtype0
67,flow0.21,646820,5.49321e+06,0,12.2591,-0.344282,2.5,1.8,1.5,2,vtype0
68,flow0.0,646597,5.49274e+06,0,13.322,-3.90299,2.5,1.8,1.5,8,vtype0
68,flow0.1,646637,5.49272e+06,0,13.917,-0.417201,2.5,1.8,1.5,0,vtype0
68,flow0.2,646677,5.49271e+06,0,13.9046,-0.765072,2.5,1.8,1.5,0,vtype0
68,flow0.3,646718,5.4927e+06,0,13.9203,-0.201445,2.5,1.8,1.5,0,vtype0
68,flow0.4,646790,5.4927e+06,0,13.975,-0.132505,2.5,1.8,1.5,0,vtype0
68,flow0.5,646818,5.4927e+06,0,13.9288,-0.444061,2.5,1.8,1.5,0,vtype0
68,flow0.6,646857,5.4927e+06,0,13.9527,0.703921,2.5,1.8,1.5,0,vtype0
68,flow0.7,646885,5.49282e+06,0,12.7321,0.889528,2.5,1.8,1.5,0,vtype0
68,flow0.8,646886,5.49283e+06,0,12.6689,-0.330808,2.5,1.8,1.5,0,vtype0
68,flow0.9,646887,5.49285e+06,0,12.7657,0.400273,2.5,1.8,1.5,0,vtype0
68,flow0.10,646889,5.49287e+06,0,12.9006,-0.392003,2.5,1.8,1.5,0,vtype0
68,flow0.11,646890,5.4929e+06,0,13.8779,-0.505087,2.5,1.8,1.5,0,vtype0
68,flow0.12,646887,5.49295e+06,0,13.9343,-0.172904,2.5,1.8,1.5,0,vtype0
68,flow0.13,646884,5.49298e+06,0,13.9767,0.621596,2.5,1.8,1.5,0,vtype0
68,flow0.14,646882,5.49301e+06,0,13.9059,-0.708418,2.5,1.8,1.5,0,vtype0
68,flow0.15,646879,5.49306e+06,0,13.9146,0.267215,2.5,1.8,1.5,0,vtype0
68,flow0.16,646874,5.4931e+06,0,13.0602,2.00871,2.5,1.8,1.5,0,vtype0
68,flow0.17,646807,5.49313e+06,0,10.0001,0.292954,2.5,1.8,1.5,0,vtype0
68,flow0.18,646794,5.49313e+06,0,10.06,0.59939,2.5,1.8,1.5,0,vtype0
68,flow0.19,646781,5.49315e+06,0,10.7866,-1.32201,2.5,1.8,1.5,8,vtype0
68,flow0.20,646777,5.49317e+06,0,13.5453,-0.374038,2.5,1.8,1.5,2,vtype0
68,flow0.21,646812,5.4932e+06,0,12.1995,-0.552383,2.5,1.8,1.5,2,vtype0
68,flow0.22,646835,5.49323e+06,0,13.8878,-0.0609293,2.5,1.8,1.5,2,vtype0
69,flow0.0,646588,5.49274e+06,0,8.84827,-4.5,2.5,1.8,1.5,8,vtype0
69,flow0.1,646624,5.49272e+06,0,13.9384,-0.258417,2.5,1.8,1.5,0,vtype0
69,flow0.2,646663,5.49271e+06,0,13.9075,0.370776,2.5,1.8,1.5,0,vtype0
69,flow0.3,646704,5.4927e+06,0,13.8924,-0.209776,2.5,1.8,1.5,0,vtype0
69,flow0.4,646776,5.4927e+06,0,13.8919,-1.02874,2.5,1.8,1.5,0,vtype0
69,flow0.5,646804,5.4927e+06,0,13.9144,-0.719568,2.5,1.8,1.5,0,vtype0
69,flow0.6,646844,5.4927e+06,0,13.8751,-1.11712,2.5,1.8,1.5,0,vtype0
69,flow0.7,646884,5.4928e+06,0,12.6225,-0.0893436,2.5,1.8,1.5,0,vtype0
69,flow0.8,646885,5.49282e+06,0,12.6335,-0.803686,2.5,1.8,1.5,0,vtype0
69,flow0.9,646886,5.49284e+06,0,12.7461,0.219652,2.5,1.8,1.5,0,vtype0
69,flow0.10,646888,5.49286e+06,0,12.8796,0.168563,2.5,1.8,1.5,0,vtype0
69,flow0.11,646890,5.49289e+06,0,13.9116,-0.386604,2.5,1.8,1.5,0,vtype0
69,flow0.12,646888,5.49293e+06,0,13.9207,0.273715,2.5,1.8,1.5,0,vtype0
69,flow0.13,646885,5.49297e+06,0,13.9301,0.00654394,2.5,1.8,1.5,0,vtype0
69,flow0.14,646883,5.493e+06,0,13.9702,0.452049,2.5,1.8,1.5,0,vtype0
69,flow0.15,646880,5.49304e+06,0,13.9035,0.0433118,2.5,1.8,1.5,0,vtype0
69,flow0.16,646876,5.49308e+06,0,13.8821,-0.866947,2.5,1.8,1.5,0,vtype0
69,flow0.17,646817,5.49312e+06,0,9.95143,-0.828444,2.5,1.8,1.5,0,vtype0
69,flow0.18,646802,5.49313e+06,0,10.0223,-0.0766779,2.5,1.8,1.5,0,vtype0
69,flow0.19,646789,5.49314e+06,0,10.6087,-0.160348,2.5,1.8,1.5,0,vtype0
69,flow0.20,646774,5.49315e+06,0,12.8335,-0.594316,2.5,1.8,1.5,0,vtype0
69,flow0.21,646803,5.49319e+06,0,12.2345,-0.0276032,2.5,1.8,1.5,2,vtype0
69,flow0.22,646826,5.49322e+06,0,13.9472,0.807192,2.5,1.8,1.5,2,vtype0
70,flow0.23,646847,5.49324e+06,0,10.3108,-0.654742,2.5,1.8,1.5,0,vtype0
70,flow0.0,646581,5.49274e+06,0,7.18827,2.6,2.5,1.8,1.5,0,vtype0
70,flow0.1,646611,5.49273e+06,0,13.9872,1.03109,2.5,1.8,1.5,0,vtype0
70,flow0.2,646649,5.49271e+06,0,13.938,-0.134706,2.5,1.8,1.5,0,vtype0
70,flow0.3,646690,5.49271e+06,0,13.9265,-0.512404,2.5,1.8,1.5,0,vtype0
70,flow0.4,646762,5.4927e+06,0,13.8996,-0.242477,2.5,1.8,1.5,0,vtype0
70,flow0.5,646790,5.4927e+06,0,13.8876,-0.217376,2.5,1.8,1.5,0,vtype0
70,flow0.6,646830,5.4927e+06,0,13.9757,-0.0819976,2.5,1.8,1.5,0,vtype0
70,flow0.7,646883,5.49279e+06,0,12.6209,-0.48061,2.5,1.8,1.5,0,vtype0
70,flow0.8,646884,5.49281e+06,0,12.6289,-0.535871,2.5,1.8,1.5,0,vtype0
70,flow0.9,646885,5.49283e+06,0,12.752,-0.459972,2.5,1.8,1.5,0,vtype0
70,flow0.10,646887,5.49284e+06,0,12.906,-0.0514017,2.5,1.8,1.5,0,vtype0
70,flow0.11,646889,5.49287e+06,0,13.9198,-0.297912,2.5,1.8,1.5,0,vtype0
70,flow0.12,646889,5.49292e+06,0,13.9414,0.37532,2.5,1.8,1.5,0,vtype0
70,flow0.13,646886,5.49295e+06,0,13.9385,-0.51913,2.5,1.8,1.5,0,vtype0
70,flow0.14,646884,5.49299e+06,0,13.89,0.0795991,2.5,1.8,1.5,0,vtype0
70,flow0.15,646881,5.49303e+06,0,13.9583,0.585749,2.5,1.8,1.5,0,vtype0
70,flow0.16,646878,5.49307e+06,0,13.9171,-0.128359,2.5,1.8,1.5,0,vtype0
70,flow0.17,646827,5.49312e+06,0,10.0102,0.619082,2.5,1.8,1.5,1,vtype0
70,flow0.18,646812,5.49313e+06,0,9.99336,-0.999047,2.5,1.8,1.5,0,vtype0
70,flow0.19,646797,5.49313e+06,0,10.5638,-0.0605476,2.5,1.8,1.5,0,vtype0
70,flow0.20,646781,5.49315e+06,0,12.2216,-0.227377,2.5,1.8,1.5,0,vtype0
70,flow0.21,646795,5.49319e+06,0,12.1827,-0.314146,2.5,1.8,1.5,2,vtype0
70,flow0.22,646816,5.49321e+06,0,13.9187,0.0364416,2.5,1.8,1.5,2,vtype0
71,flow0.0,646575,5.49275e+06,0,9.23245,1.99305,2.5,1.8,1.5,0,vtype0
71,flow0.1,646600,5.49273e+06,0,13.8548,2.43195,2.5,1.8,1.5,0,vtype0
71,flow0.2,646636,5.49272e+06,0,13.8715,-1.2768,2.5,1.8,1.5,0,vtype0
71,flow0.3,646676,5.49271e+06,0,13.9011,-0.511089,2.5,1.8,1.5,0,vtype0
71,flow0.4,646748,5.4927e+06,0,13.877,-0.148523,2.5,1.8,1.5,0,vtype0
71,flow0.5,646776,5.4927e+06,0,13.9798,0.610718,2.5,1.8,1.5,0,vtype0
71,flow0.6,646816,5.4927e+06,0,13.9277,-0.138984,2.5,1.8,1.5,0,vtype0
71,flow0.7,646882,5.49278e+06,0,12.6795,-0.210564,2.5,1.8,1.5,0,vtype0
71,flow0.8,646883,5.4928e+06,0,12.6932,-0.605814,2.5,1.8,1.5,0,vtype0
71,flow0.9,646884,5.49281e+06,0,12.6972,0.184952,2.5,1.8,1.5,0,vtype0
71,flow0.10,646886,5.49283e+06,0,12.7888,0.744613,2.5,1.8,1.5,0,vtype0
71,flow0.11,646888,5.49286e+06,0,13.916,-0.280637,2.5,1.8,1.5,0,vtype0
71,flow0.12,646890,5.4929e+06,0,13.9842,0.800016,2.5,1.8,1.5,0,vtype0
71,flow0.13,646887,5.49294e+06,0,13.9506,0.460872,2.5,1.8,1.5,0,vtype0
71,flow0.14,646885,5.49297e+06,0,13.8799,-0.493399,2.5,1.8,1.5,0,vtype0
71,flow0.15,646882,5.49301e+06,0,13.9269,0.492169,2.5,1.8,1.5,0,vtype0
71,flow0.16,646879,5.49305e+06,0,13.9301,0.455096,2.5,1.8,1.5,0,vtype0
71,flow0.17,646837,5.49312e+06,0,9.9309,0.013655,2.5,1.8,1.5,1,vtype0
71,flow0.18,646822,5.49312e+06,0,10.0129,0.0880361,2.5,1.8,1.5,0,vtype0
71,flow0.19,646806,5.49313e+06,0,10.3716,-0.8297,2.5,1.8,1.5,0,vtype0
71,flow0.20,646790,5.49314e+06,0,11.7979,1.13188,2.5,1.8,1.5,0,vtype0
71,flow0.21,646786,5.49318e+06,0,12.1912,-0.045258,2.5,1.8,1.5,2,vtype0
71,flow0.22,646806,5.4932e+06,0,13.9196,0.712101,2.5,1.8,1.5,2,vtype0
71,flow0.23,646840,5.49323e+06,0,10.3535,-0.372435,2.5,1.8,1.5,0,vtype0
72,flow0.0,646568,5.49276e+06,0,11.1057,1.90066,2.5,1.8,1.5,0,vtype0
72,flow0.1,646589,5.49274e+06,0,9.87318,-4.5,2.5,1.8,1.5,8,vtype0
72,flow0.2,646623,5.49272e+06,0,13.9116,0.0766636,2.5,1.8,1.5,0,vtype0
72,flow0.3,646662,5.49271e+06,0,13.8717,-1.15907,2.5,1.8,1.5,0,vtype0
72,flow0.4,646734,5.4927e+06,0,13.9238,-0.706689,2.5,1.8,1.5,0,vtype0
72,flow0.5,646763,5.4927e+06,0,13.8928,-0.0336638,2.5,1.8,1.5,0,vtype0
72,flow0.6,646802,5.4927e+06,0,13.9699,0.50828,2.5,1.8,1.5,0,vtype0
72,flow0.7,646881,5.49276e+06,0,12.6323,-0.703712,2.5,1.8,1.5,0,vtype0
72,flow0.8,646882,5.49278e+06,0,12.6504,-0.114735,2.5,1.8,1.5,0,vtype0
72,flow0.9,646883,5.4928e+06,0,12.681,-0.585387,2.5,1.8,1.5,0,vtype0
72,flow0.10,646885,5.49282e+06,0,12.7445,-0.0538993,2.5,1.8,1.5,0,vtype0
72,flow0.11,646887,5.49285e+06,0,13.9198,-0.0977318,2.5,1.8,1.5,0,vtype0
72,flow0.12,646891,5.49289e+06,0,13.906,-0.208009,2.5,1.8,1.5,0,vtype0
72,flow0.13,646888,5.49292e+06,0,13.9318,0.232451,2.5,1.8,1.5,0,vtype0
72,flow0.14,646886,5.49296e+06,0,13.9542,0.775835,2.5,1.8,1.5,0,vtype0
72,flow0.15,646883,5.493e+06,0,13.881,-0.693761,2.5,1.8,1.5,0,vtype0
72,flow0.16,646880,5.49304e+06,0,13.8966,-0.517698,2.5,1.8,1.5,0,vtype0
72,flow0.17,646847,5.49312e+06,0,9.9429,-0.793842,2.5,1.8,1.5,1,vtype0
72,flow0.18,646832,5.49312e+06,0,10.0874,-0.108874,2.5,1.8,1.5,1,vtype0
72,flow0.19,646816,5.49312e+06,0,10.3081,0.856709,2.5,1.8,1.5,0,vtype0
72,flow0.20,646798,5.49313e+06,0,11.2311,-1.01342,2.5,1.8,1.5,0,vtype0
72,flow0.21,646778,5.49317e+06,0,12.2043,0.125796,2.5,1.8,1.5,2,vtype0
72,flow0.22,646796,5.49319e+06,0,13.8973,-0.0586559,2.5,1.8,1.5,2,vtype0
72,flow0.23,646833,5.49322e+06,0,10.3513,0.675969,2.5,1.8,1.5,0,vtype0
73,flow0.24,646846,5.49324e+06,0,13.014,0.313231,2.5,1.8,1.5,0,vtype0
73,flow0.0,646560,5.49277e+06,0,13.1836,1.85879,2.5,1.8,1.5,0,vtype0
73,flow0.1,646583,5.49274e+06,0,6.79318,2.6,2.5,1.8,1.5,0,vtype0
73,flow0.2,646611,5.49273e+06,0,13.25,-1.31235,2.5,1.8,1.5,0,vtype0
73,flow0.3,646649,5.49271e+06,0,13.9668,0.250145,2.5,1.8,1.5,0,vtype0
73,flow0.4,646721,5.4927e+06,0,13.9877,1.06954,2.5,1.8,1.5,0,vtype0
73,flow0.5,646749,5.4927e+06,0,13.9706,0.264955,2.5,1.8,1.5,0,vtype0
73,flow0.6,646788,5.4927e+06,0,13.8925,-0.177164,2.5,1.8,1.5,0,vtype0
73,flow0.7,646880,5.49275e+06,0,12.6929,0.0381631,2.5,1.8,1.5,0,vtype0
73,flow0.8,646881,5.49277e+06,0,12.746,0.784344,2.5,1.8,1.5,0,vtype0
73,flow0.9,646882,5.49279e+06,0,12.6591,-0.36598,2.5,1.8,1.5,0,vtype0
73,flow0.10,646884,5.49281e+06,0,12.7577,0.442906,2.5,1.8,1.5,0,vtype0
73,flow0.11,646886,5.49283e+06,0,13.8761,-1.07788,2.5,1.8,1.5,0,vtype0
73,flow0.12,646890,5.49288e+06,0,13.9197,0.238147,2.5,1.8,1.5,0,vtype0
73,flow0.13,646890,5.49291e+06,0,13.9895,1.02528,2.5,1.8,1.5,0,vtype0
73,flow0.14,646887,5.49295e+06,0,13.9289,0.2207,2.5,1.8,1.5,0,vtype0
73,flow0.15,646884,5.49299e+06,0,13.9525,0.789054,2.5,1.8,1.5,0,vtype0
73,flow0.16,646881,5.49303e+06,0,13.98,-0.0549212,2.5,1.8,1.5,0,vtype0
73,flow0.17,646857,5.49312e+06,0,9.63144,-3.79412,2.5,1.8,1.5,9,vtype0
73,flow0.18,646842,5.49312e+06,0,10.0203,0.441109,2.5,1.8,1.5,1,vtype0
73,flow0.19,646826,5.49312e+06,0,10.1209,-0.704533,2.5,1.8,1.5,0,vtype0
73,flow0.20,646808,5.49313e+06,0,10.9034,-0.910887,2.5,1.8,1.5,0,vtype0
73,flow0.21,646774,5.49316e+06,0,12.2649,0.747153,2.5,1.8,1.5,2,vtype0
73,flow0.22,646786,5.49318e+06,0,13.8876,-0.126736,2.5,1.8,1.5,2,vtype0
73,flow0.23,646826,5.49322e+06,0,10.3547,0.769652,2.5,1.8,1.5,0,vtype0
74,flow0.0,646550,5.49278e+06,0,13.9357,-0.3777,2.5,1.8,1.5,0,vtype0
74,flow0.1,646576,5.49275e+06,0,8.79335,1.34927,2.5,1.8,1.5,0,vtype0
74,flow0.2,646599,5.49273e+06,0,12.8768,0.81132,2.5,1.8,1.5,0,vtype0
74,flow0.3,646636,5.49272e+06,0,13.9241,-0.207953,2.5,1.8,1.5,0,vtype0
74,flow0.4,646707,5.4927e+06,0,13.9143,0.257845,2.5,1.8,1.5,0,vtype0
74,flow0.5,646735,5.4927e+06,0,13.9479,0.0496314,2.5,1.8,1.5,0,vtype0
74,flow0.6,646774,5.4927e+06,0,13.9765,0.936311,2.5,1.8,1.5,0,vtype0
74,flow0.7,646879,5.49274e+06,0,12.7313,0.583455,2.5,1.8,1.5,0,vtype0
74,flow0.8,646880,5.49276e+06,0,12.6752,0.085596,2.5,1.8,1.5,0,vtype0
74,flow0.9,646881,5.49278e+06,0,12.6994,-1.06359,2.5,1.8,1.5,0,vtype0
74,flow0.10,646883,5.49279e+06,0,12.8398,1.01288,2.5,1.8,1.5,0,vtype0
74,flow0.11,646885,5.49282e+06,0,13.8972,-0.278104,2.5,1.8,1.5,0,vtype0
74,flow0.12,646888,5.49286e+06,0,13.9273,-0.697492,2.5,1.8,1.5,0,vtype0
74,flow0.13,646891,5.4929e+06,0,13.9015,0.0392713,2.5,1.8,1.5,0,vtype0
74,flow0.14,646888,5.49293e+06,0,13.9986,0.362173,2.5,1.8,1.5,0,vtype0
74,flow0.15,646885,5.49297e+06,0,13.9778,0.324161,2.5,1.8,1.5,0,vtype0
74,flow0.16,646882,5.49301e+06,0,13.9477,-0.156595,2.5,1.8,1.5,0,vtype0
74,flow0.17,646864,5.49312e+06,0,6.57342,2.6,2.5,1.8,1.5,1,vtype0
74,flow0.18,646850,5.49312e+06,0,7.47558,0.879105,2.5,1.8,1.5,1,vtype0
74,flow0.19,646835,5.49312e+06,0,8.35711,-0.490515,2.5,1.8,1.5,1,vtype0
74,flow0.20,646818,5.49312e+06,0,9.51721,-2.26394,2.5,1.8,1.5,8,vtype0
74,flow0.21,646779,5.49315e+06,0,12.2024,0.255654,2.5,1.8,1.5,0,vtype0
74,flow0.22,646778,5.49317e+06,0,13.7106,-2.06796,2.5,1.8,1.5,10,vtype0
74,flow0.23,646818,5.49321e+06,0,10.3197,-0.524126,2.5,1.8,1.5,2,vtype0
74,flow0.24,646837,5.49323e+06,0,12.9685,0.235857,2.5,1.8,1.5,0,vtype0
75,flow0.0,646541,5.49279e+06,0,13.9644,-0.161694,2.5,1.8,1.5,0,vtype0
75,flow0.1,646570,5.49276e+06,0,10.6455,1.83632,2.5,1.8,1.5,0,vtype0
75,flow0.2,646589,5.49274e+06,0,9.90093,-4.5,2.5,1.8,1.5,8,vtype0
75,flow0.3,646622,5.49272e+06,0,13.9351,0.617877,2.5,1.8,1.5,0,vtype0
75,flow0.4,646693,5.49271e+06,0,13.8997,-0.136901,2.5,1.8,1.5,0,vtype0
75,flow0.5,646721,5.4927e+06,0,13.8894,-0.639423,2.5,1.8,1.5,0,vtype0
75,flow0.6,646760,5.4927e+06,0,13.9015,-0.666108,2.5,1.8,1.5,0,vtype0
75,flow0.7,646878,5.49273e+06,0,13.9585,0.01644,2.5,1.8,1.5,0,vtype0
75,flow0.8,646879,5.49274e+06,0,13.6803,0.0651409,2.5,1.8,1.5,0,vtype0
75,flow0.9,646880,5.49276e+06,0,13.4866,1.85057,2.5,1.8,1.5,0,vtype0
75,flow0.10,646882,5.49278e+06,0,13.2354,1.17912,2.5,1.8,1.5,0,vtype0
75,flow0.11,646884,5.49281e+06,0,13.9791,0.677295,2.5,1.8,1.5,0,vtype0
75,flow0.12,646887,5.49285e+06,0,13.9241,-0.751325,2.5,1.8,1.5,0,vtype0
75,flow0.13,646890,5.49288e+06,0,13.9677,0.381704,2.5,1.8,1.5,0,vtype0
75,flow0.14,646889,5.49292e+06,0,13.9454,-0.260076,2.5,1.8,1.5,0,vtype0
75,flow0.15,646886,5.49296e+06,0,13.8746,-0.516077,2.5,1.8,1.5,0,vtype0
75,flow0.16,646883,5.493e+06,0,13.9874,0.709296,2.5,1.8,1.5,0,vtype0
75,flow0.17,646871,5.49312e+06,0,8.71028,1.5821,2.5,1.8,1.5,0,vtype0
75,flow0.18,646858,5.49312e+06,0,8.61286,0.805332,2.5,1.8,1.5,1,vtype0
75,flow0.19,646844,5.49312e+06,0,8.75162,0.620679,2.5,1.8,1.5,1,vtype0
75,flow0.20,646828,5.49312e+06,0,9.45408,-0.360053,2.5,1.8,1.5,1,vtype0
75,flow0.21,646788,5.49314e+06,0,12.212,-0.0040058,2.5,1.8,1.5,0,vtype0
75,flow0.22,646774,5.49315e+06,0,13.4747,-0.267532,2.5,1.8,1.5,0,vtype0
75,flow0.23,646811,5.4932e+06,0,10.3055,-0.587718,2.5,1.8,1.5,2,vtype0
75,flow0.24,646827,5.49322e+06,0,12.6409,-1.25411,2.5,1.8,1.5,2,vtype0
76,flow0.25,646845,5.49324e+06,0,13.9246,-0.201474,2.5,1.8,1.5,0,vtype0
76,flow0.0,646531,5.4928e+06,0,13.8729,-0.945376,2.5,1.8,1.5,0,vtype0
76,flow0.1,646562,5.49276e+06,0,12.7547,1.39251,2.5,1.8,1.5,0,vtype0
76,flow0.2,646583,5.49274e+06,0,6.82093,2.6,2.5,1.8,1.5,0,vtype0
76,flow0.3,646610,5.49273e+06,0,13.1469,-0.782913,2.5,1.8,1.5,0,vtype0
76,flow0.4,646679,5.49271e+06,0,13.9993,0.706744,2.5,1.8,1.5,0,vtype0
76,flow0.5,646707,5.4927e+06,0,13.879,-1.04467,2.5,1.8,1.5,0,vtype0
76,flow0.6,646746,5.4927e+06,0,13.9608,-0.376275,2.5,1.8,1.5,0,vtype0
76,flow0.7,646873,5.49271e+06,0,13.9359,-0.223904,2.5,1.8,1.5,0,vtype0
76,flow0.8,646879,5.49273e+06,0,13.7994,1.03979,2.5,1.8,1.5,0,vtype0
76,flow0.9,646879,5.49275e+06,0,13.4654,-1.52621,2.5,1.8,1.5,0,vtype0
76,flow0.10,646881,5.49277e+06,0,13.4435,1.01886,2.5,1.8,1.5,0,vtype0
76,flow0.11,646883,5.49279e+06,0,13.8934,-0.0895045,2.5,1.8,1.5,0,vtype0
76,flow0.12,646886,5.49284e+06,0,13.9951,0.714916,2.5,1.8,1.5,0,vtype0
76,flow0.13,646889,5.49287e+06,0,13.8832,-0.913587,2.5,1.8,1.5,0,vtype0
76,flow0.14,646890,5.4929e+06,0,13.9442,0.644702,2.5,1.8,1.5,0,vtype0
76,flow0.15,646887,5.49294e+06,0,13.8846,0.100652,2.5,1.8,1.5,0,vtype0
76,flow0.16,646884,5.49298e+06,0,13.9973,1.18368,2.5,1.8,1.5,0,vtype0
76,flow0.17,646872,5.49311e+06,0,10.6614,2.03558,2.5,1.8,1.5,0,vtype0
76,flow0.18,646865,5.49312e+06,0,7.3962,2.6,2.5,1.8,1.5,1,vtype0
76,flow0.19,646852,5.49312e+06,0,7.78242,1.83084,2.5,1.8,1.5,1,vtype0
76,flow0.20,646837,5.49312e+06,0,8.39583,0.760157,2.5,1.8,1.5,1,vtype0
76,flow0.21,646797,5.49313e+06,0,12.1789,-0.849532,2.5,1.8,1.5,0,vtype0
76,flow0.22,646782,5.49314e+06,0,13.1986,0.318536,2.5,1.8,1.5,0,vtype0
76,flow0.23,646804,5.4932e+06,0,10.347,0.160115,2.5,1.8,1.5,2,vtype0
76,flow0.24,646819,5.49321e+06,0,12.104,-0.572886,2.5,1.8,1.5,2,vtype0
77,flow0.0,646522,5.49281e+06,0,13.9822,-0.0620333,2.5,1.8,1.5,0,vtype0
77,flow0.1,646552,5.49277e+06,0,13.8952,-0.746606,2.5,1.8,1.5,0,vtype0
77,flow0.2,646576,5.49275e+06,0,9.09873,2.21357,2.5,1.8,1.5,0,vtype0
77,flow0.3,646599,5.49273e+06,0,12.828,0.316025,2.5,1.8,1.5,0,vtype0
77,flow0.4,646665,5.49271e+06,0,13.8756,-0.240113,2.5,1.8,1.5,0,vtype0
77,flow0.5,646693,5.49271e+06,0,13.9597,0.364061,2.5,1.8,1.5,0,vtype0
77,flow0.6,646732,5.4927e+06,0,13.9248,-0.51004,2.5,1.8,1.5,0,vtype0
77,flow0.7,646862,5.4927e+06,0,13.9924,1.17483,2.5,1.8,1.5,0,vtype0
77,flow0.8,646875,5.49272e+06,0,13.7188,-0.918701,2.5,1.8,1.5,0,vtype0
77,flow0.9,646879,5.49274e+06,0,13.6598,-0.0432162,2.5,1.8,1.5,0,vtype0
77,flow0.10,646880,5.49275e+06,0,13.489,0.143564,2.5,1.8,1.5,0,vtype0
77,flow0.11,646882,5.49278e+06,0,13.8833,-0.866285,2.5,1.8,1.5,0,vtype0
77,flow0.12,646885,5.49282e+06,0,13.9791,1.01688,2.5,1.8,1.5,0,vtype0
77,flow0.13,646888,5.49285e+06,0,13.8795,-0.915005,2.5,1.8,1.5,0,vtype0
77,flow0.14,646891,5.49289e+06,0,13.8891,-0.678082,2.5,1.8,1.5,0,vtype0
77,flow0.15,646888,5.49293e+06,0,13.9493,-0.332111,2.5,1.8,1.5,0,vtype0
77,flow0.16,646885,5.49297e+06,0,13.9971,0.781014,2.5,1.8,1.5,0,vtype0
77,flow0.17,646874,5.4931e+06,0,11.9599,-1.02445,2.5,1.8,1.5,0,vtype0
77,flow0.18,646871,5.49312e+06,0,9.39751,2.31978,2.5,1.8,1.5,0,vtype0
77,flow0.19,646860,5.49312e+06,0,8.06297,-4.5,2.5,1.8,1.5,9,vtype0
77,flow0.20,646845,5.49312e+06,0,8.90891,-0.183029,2.5,1.8,1.5,1,vtype0
77,flow0.21,646808,5.49313e+06,0,12.2027,-0.403057,2.5,1.8,1.5,0,vtype0
77,flow0.22,646791,5.49314e+06,0,13.0387,0.247359,2.5,1.8,1.5,0,vtype0
77,flow0.23,646797,5.49319e+06,0,10.2807,-0.631789,2.5,1.8,1.5,2,vtype0
77,flow0.24,646810,5.4932e+06,0,11.6024,-1.54418,2.5,1.8,1.5,10,vtype0
77,flow0.25,646835,5.49323e+06,0,13.9807,0.218222,2.5,1.8,1.5,2,vtype0
78,flow0.0,646512,5.49282e+06,0,13.9082,-0.529293,2.5,1.8,1.5,0,vtype0
78,flow0.1,646543,5.49278e+06,0,13.9746,0.215382,2.5,1.8,1.5,0,vtype0
78,flow0.2,646570,5.49276e+06,0,10.8193,2.55289,2.5,1.8,1.5,0,vtype0
78,flow0.3,646589,5.49274e+06,0,9.74249,-4.5,2.5,1.8,1.5,8,vtype0
78,flow0.4,646651,5.49271e+06,0,13.9897,0.203277,2.5,1.8,1.5,0,vtype0
78,flow0.5,646679,5.49271e+06,0,13.9336,-0.23534,2.5,1.8,1.5,0,vtype0
78,flow0.6,646719,5.4927e+06,0,13.8835,-0.334805,2.5,1.8,1.5,0,vtype0
78,flow0.7,646849,5.4927e+06,0,13.9602,0.286466,2.5,1.8,1.5,0,vtype0
78,flow0.8,646866,5.49271e+06,0,13.7862,-0.41528,2.5,1.8,1.5,0,vtype0
78,flow0.9,646877,5.49272e+06,0,13.7115,0.570415,2.5,1.8,1.5,0,vtype0
78,flow0.10,646879,5.49274e+06,0,13.5941,0.866793,2.5,1.8,1.5,0,vtype0
78,flow0.11,646880,5.49276e+06,0,13.9478,-0.0524316,2.5,1.8,1.5,0,vtype0
78,flow0.12,646884,5.49281e+06,0,13.9046,-0.362814,2.5,1.8,1.5,0,vtype0
78,flow0.13,646887,5.49284e+06,0,13.9304,0.228667,2.5,1.8,1.5,0,vtype0
78,flow0.14,646889,5.49288e+06,0,13.8721,-0.26503,2.5,1.8,1.5,0,vtype0
78,flow0.15,646889,5.49292e+06,0,13.979,0.891168,2.5,1.8,1.5,0,vtype0
78,flow0.16,646886,5.49296e+06,0,13.8941,0.227847,2.5,1.8,1.5,0,vtype0
78,flow0.17,646876,5.49308e+06,0,11.9447,-0.166284,2.5,1.8,1.5,0,vtype0
78,flow0.18,646873,5.49311e+06,0,11.3456,2.57134,2.5,1.8,1.5,0,vtype0
78,flow0.19,646867,5.49312e+06,0,7.82585,2.6,2.5,1.8,1.5,0,vtype0
78,flow0.20,646853,5.49312e+06,0,8.00321,2.02683,2.5,1.8,1.5,1,vtype0
78,flow0.21,646820,5.49312e+06,0,12.2631,-0.331851,2.5,1.8,1.5,0,vtype0
78,flow0.22,646801,5.49313e+06,0,12.8959,1.61442,2.5,1.8,1.5,0,vtype0
78,flow0.23,646789,5.49318e+06,0,10.3202,0.326558,2.5,1.8,1.5,2,vtype0
78,flow0.24,646802,5.49319e+06,0,11.2984,0.158427,2.5,1.8,1.5,2,vtype0
78,flow0.25,646825,5.49322e+06,0,13.992,0.800875,2.5,1.8,1.5,2,vtype0
79,flow0.26,646845,5.49324e+06,0,13.5652,0.332389,2.5,1.8,1.5,0,vtype0
79,flow0.0,646503,5.49283e+06,0,13.9483,0.626052,2.5,1.8,1.5,0,vtype0
79,flow0.1,646533,5.49279e+06,0,13.9549,-0.167551,2.5,1.8,1.5,0,vtype0
79,flow0.2,646561,5.49276e+06,0,12.7313,1.38542,2.5,1.8,1.5,0,vtype0
79,flow0.3,646583,5.49274e+06,0,6.67114,2.6,2.5,1.8,1.5,0,vtype0
79,flow0.4,646638,5.49272e+06,0,13.9452,0.20489,2.5,1.8,1.5,0,vtype0
79,flow0.5,646665,5.49271e+06,0,13.9242,0.525306,2.5,1.8,1.5,0,vtype0
79,flow0.6,646705,5.4927e+06,0,13.9242,0.191441,2.5,1.8,1.5,0,vtype0
79,flow0.7,646835,5.4927e+06,0,13.9221,-0.693183,2.5,1.8,1.5,0,vtype0
79,flow0.8,646854,5.4927e+06,0,13.8878,0.805466,2.5,1.8,1.5,0,vtype0
79,flow0.9,646870,5.49271e+06,0,13.6518,-0.255953,2.5,1.8,1.5,0,vtype0
79,flow0.10,646878,5.49273e+06,0,13.6325,0.180303,2.5,1.8,1.5,0,vtype0
79,flow0.11,646879,5.49275e+06,0,13.8744,-0.268195,2.5,1.8,1.5,0,vtype0
79,flow0.12,646883,5.49279e+06,0,13.9639,0.760397,2.5,1.8,1.5,0,vtype0
79,flow0.13,646885,5.49283e+06,0,13.8899,-0.404856,2.5,1.8,1.5,0,vtype0
79,flow0.14,646888,5.49286e+06,0,13.9163,-0.428085,2.5,1.8,1.5,0,vtype0
79,flow0.15,646890,5.4929e+06,0,13.9292,0.254918,2.5,1.8,1.5,0,vtype0
79,flow0.16,646887,5.49294e+06,0,13.9544,0.366882,2.5,1.8,1.5,0,vtype0
79,flow0.17,646878,5.49307e+06,0,12.052,0.391136,2.5,1.8,1.5,0,vtype0
79,flow0.18,646874,5.49309e+06,0,13.0242,-0.410679,2.5,1.8,1.5,0,vtype0
79,flow0.19,646871,5.49311e+06,0,9.88794,1.86352,2.5,1.8,1.5,0,vtype0
79,flow0.20,646861,5.49312e+06,0,7.15873,-4.5,2.5,1.8,1.5,9,vtype0
79,flow0.21,646832,5.49312e+06,0,12.2487,-0.414209,2.5,1.8,1.5,1,vtype0
79,flow0.22,646813,5.49313e+06,0,12.6593,-0.730724,2.5,1.8,1.5,0,vtype0
79,flow0.23,646782,5.49317e+06,0,10.3097,0.31353,2.5,1.8,1.5,2,vtype0
79,flow0.24,646795,5.49319e+06,0,11.0597,-1.17472,2.5,1.8,1.5,2,vtype0
79,flow0.25,646816,5.49321e+06,0,13.9649,0.764365,2.5,1.8,1.5,2,vtype0
80,flow0.0,646493,5.49284e+06,0,13.8803,0.102832,2.5,1.8,1.5,0,vtype0
80,flow0.1,646524,5.4928e+06,0,13.9641,0.137393,2.5,1.8,1.5,0,vtype0
80,flow0.2,646552,5.49277e+06,0,13.9954,0.075801,2.5,1.8,1.5,0,vtype0
80,flow0.3,646576,5.49275e+06,0,8.88859,2.34381,2.5,1.8,1.5,0,vtype0
80,flow0.4,646625,5.49272e+06,0,13.9111,-0.129358,2.5,1.8,1.5,0,vtype0
80,flow0.5,646652,5.49271e+06,0,13.9749,1.01255,2.5,1.8,1.5,0,vtype0
80,flow0.6,646691,5.49271e+06,0,13.9681,-0.161284,2.5,1.8,1.5,0,vtype0
80,flow0.7,646821,5.4927e+06,0,13.8849,-0.022324,2.5,1.8,1.5,0,vtype0
80,flow0.8,646840,5.4927e+06,0,13.8717,0.92549,2.5,1.8,1.5,0,vtype0
80,flow0.9,646859,5.4927e+06,0,13.7456,-0.406477,2.5,1.8,1.5,0,vtype0
80,flow0.10,646873,5.49271e+06,0,13.7011,0.0214597,2.5,1.8,1.5,0,vtype0
80,flow0.11,646879,5.49274e+06,0,13.8851,-0.0150072,2.5,1.8,1.5,0,vtype0
80,flow0.12,646882,5.49278e+06,0,13.9595,-0.334596,2.5,1.8,1.5,0,vtype0
80,flow0.13,646884,5.49281e+06,0,13.9983,0.122378,2.5,1.8,1.5,0,vtype0
80,flow0.14,646887,5.49285e+06,0,13.9587,0.325373,2.5,1.8,1.5,0,vtype0
80,flow0.15,646890,5.49289e+06,0,13.8846,-0.608545,2.5,1.8,1.5,0,vtype0
80,flow0.16,646888,5.49293e+06,0,13.9135,-0.609588,2.5,1.8,1.5,0,vtype0
80,flow0.17,646879,5.49306e+06,0,11.9668,-0.779248,2.5,1.8,1.5,0,vtype0
80,flow0.18,646876,5.49308e+06,0,12.7477,0.0168603,2.5,1.8,1.5,0,vtype0
80,flow0.19,646873,5.4931e+06,0,12.0576,2.33188,2.5,1.8,1.5,0,vtype0
80,flow0.20,646868,5.49312e+06,0,8.24487,2.42083,2.5,1.8,1.5,0,vtype0
80,flow0.21,646844,5.49312e+06,0,11.6376,-0.605861,2.5,1.8,1.5,1,vtype0
80,flow0.22,646826,5.49312e+06,0,12.1926,0.710114,2.5,1.8,1.5,0,vtype0
80,flow0.23,646776,5.49317e+06,0,10.3676,0.466338,2.5,1.8,1.5,2,vtype0
80,flow0.24,646787,5.49318e+06,0,10.9105,0.431238,2.5,1.8,1.5,2,vtype0
80,flow0.25,646806,5.4932e+06,0,13.9182,-0.13982,2.5,1.8,1.5,2,vtype0
80,flow0.26,646836,5.49323e+06,0,13.5657,0.071056,2.5,1.8,1.5,0,vtype0
81,flow0.0,646483,5.49285e+06,0,13.9367,0.621096,2.5,1.8,1.5,0,vtype0
81,flow0.1,646514,5.49281e+06,0,13.9781,-0.095292,2.5,1.8,1.5,0,vtype0
81,flow0.2,646543,5.49278e+06,0,13.9226,-0.311554,2.5,1.8,1.5,0,vtype0
81,flow0.3,646570,5.49276e+06,0,10.808,2.14496,2.5,1.8,1.5,0,vtype0
81,flow0.4,646612,5.49273e+06,0,13.8851,-0.617986,2.5,1.8,1.5,0,vtype0
81,flow0.5,646638,5.49272e+06,0,13.9377,0.336047,2.5,1.8,1.5,0,vtype0
81,flow0.6,646677,5.49271e+06,0,13.9793,0.651906,2.5,1.8,1.5,0,vtype0
81,flow0.7,646807,5.4927e+06,0,13.9397,0.605892,2.5,1.8,1.5,0,vtype0
81,flow0.8,646826,5.4927e+06,0,13.8859,0.274516,2.5,1.8,1.5,0,vtype0
81,flow0.9,646845,5.4927e+06,0,13.7688,-1.11933,2.5,1.8,1.5,0,vtype0
81,flow0.10,646863,5.4927e+06,0,13.8163,1.69844,2.5,1.8,1.5,0,vtype0
81,flow0.11,646877,5.49272e+06,0,13.9574,0.624143,2.5,1.8,1.5,0,vtype0
81,flow0.12,646881,5.49277e+06,0,13.8858,-0.300363,2.5,1.8,1.5,0,vtype0
81,flow0.13,646883,5.4928e+06,0,13.9033,-0.853825,2.5,1.8,1.5,0,vtype0
81,flow0.14,646886,5.49283e+06,0,13.9181,-0.339883,2.5,1.8,1.5,0,vtype0
81,flow0.15,646889,5.49288e+06,0,13.8988,-0.766109,2.5,1.8,1.5,0,vtype0
81,flow0.16,646889,5.49291e+06,0,13.9495,0.233458,2.5,1.8,1.5,0,vtype0
81,flow0.17,646879,5.49305e+06,0,11.9676,-0.309172,2.5,1.8,1.5,0,vtype0
81,flow0.18,646878,5.49307e+06,0,12.5834,-0.589188,2.5,1.8,1.5,0,vtype0
81,flow0.19,646875,5.49309e+06,0,13.7396,1.11171,2.5,1.8,1.5,0,vtype0
81,flow0.20,646872,5.49311e+06,0,10.2281,2.2244,2.5,1.8,1.5,0,vtype0
81,flow0.21,646855,5.49312e+06,0,10.2513,-4.5,2.5,1.8,1.5,9,vtype0
81,flow0.22,646838,5.49312e+06,0,11.3712,-2.50128,2.5,1.8,1.5,9,vtype0
81,flow0.23,646774,5.49315e+06,0,10.3514,0.727381,2.5,1.8,1.5,0,vtype0
81,flow0.24,646780,5.49317e+06,0,10.6887,-1.38134,2.5,1.8,1.5,10,vtype0
81,flow0.25,646796,5.49319e+06,0,13.1627,-0.375495,2.5,1.8,1.5,2,vtype0
81,flow0.26,646826,5.49322e+06,0,13.5304,0.072448,2.5,1.8,1.5,2,vtype0
82,flow0.27,646845,5.49324e+06,0,13.9394,-0.58639,2.5,1.8,1.5,0,vtype0
82,flow0.0,646473,5.49286e+06,0,13.971,0.506616,2.5,1.8,1.5,0,vtype0
82,flow0.1,646505,5.49283e+06,0,13.9678,0.425153,2.5,1.8,1.5,0,vtype0
82,flow0.2,646533,5.49279e+06,0,13.8957,-0.671315,2.5,1.8,1.5,0,vtype0
82,flow0.3,646562,5.49276e+06,0,12.6229,1.50447,2.5,1.8,1.5,0,vtype0
82,flow0.4,646600,5.49273e+06,0,13.8726,-0.544546,2.5,1.8,1.5,0,vtype0
82,flow0.5,646625,5.49272e+06,0,13.8844,-0.228371,2.5,1.8,1.5,0,vtype0
82,flow0.6,646663,5.49271e+06,0,13.8899,-0.215401,2.5,1.8,1.5,0,vtype0
82,flow0.7,646794,5.4927e+06,0,13.9107,-0.327625,2.5,1.8,1.5,0,vtype0
82,flow0.8,646813,5.4927e+06,0,13.9162,1.17389,2.5,1.8,1.5,0,vtype0
82,flow0.9,646831,5.4927e+06,0,13.7618,-0.777743,2.5,1.8,1.5,0,vtype0
82,flow0.10,646850,5.4927e+06,0,13.7947,-0.0755291,2.5,1.8,1.5,0,vtype0
82,flow0.11,646870,5.49271e+06,0,13.9288,0.318809,2.5,1.8,1.5,0,vtype0
82,flow0.12,646880,5.49275e+06,0,13.9561,-0.0203725,2.5,1.8,1.5,0,vtype0
82,flow0.13,646882,5.49278e+06,0,13.9252,-0.59232,2.5,1.8,1.5,0,vtype0
82,flow0.14,646885,5.49282e+06,0,13.8718,-0.300601,2.5,1.8,1.5,0,vtype0
82,flow0.15,646888,5.49286e+06,0,13.9864,0.512438,2.5,1.8,1.5,0,vtype0
82,flow0.16,646890,5.4929e+06,0,13.9556,0.0913458,2.5,1.8,1.5,0,vtype0
82,flow0.17,646880,5.49304e+06,0,11.97,-0.409613,2.5,1.8,1.5,0,vtype0
82,flow0.18,646879,5.49306e+06,0,12.4105,-0.018514,2.5,1.8,1.5,0,vtype0
82,flow0.19,646877,5.49308e+06,0,13.2913,-1.16618,2.5,1.8,1.5,0,vtype0
82,flow0.20,646873,5.4931e+06,0,12.2056,1.54443,2.5,1.8,1.5,0,vtype0
82,flow0.21,646863,5.49312e+06,0,6.46128,2.6,2.5,1.8,1.5,1,vtype0
82,flow0.22,646847,5.49312e+06,0,8.19289,-3.18685,2.5,1.8,1.5,9,vtype0
82,flow0.23,646779,5.49315e+06,0,10.4029,0.446526,2.5,1.8,1.5,0,vtype0
82,flow0.24,646775,5.49316e+06,0,10.7052,0.48143,2.5,1.8,1.5,2,vtype0
82,flow0.25,646787,5.49318e+06,0,12.5559,-0.0636995,2.5,1.8,1.5,2,vtype0
82,flow0.26,646817,5.49321e+06,0,13.5207,-0.236818,2.5,1.8,1.5,2,vtype0
83,flow0.0,646463,5.49287e+06,0,13.9399,-0.115571,2.5,1.8,1.5,0,vtype0
83,flow0.1,646495,5.49284e+06,0,13.9294,-0.137241,2.5,1.8,1.5,0,vtype0
83,flow0.2,646524,5.4928e+06,0,13.983,0.10767,2.5,1.8,1.5,0,vtype0
83,flow0.3,646552,5.49277e+06,0,13.9706,0.499501,2.5,1.8,1.5,0,vtype0
83,flow0.4,646590,5.49274e+06,0,10.194,-4.5,2.5,1.8,1.5,8,vtype0
83,flow0.5,646613,5.49273e+06,0,13.563,-4.05088,2.5,1.8,1.5,8,vtype0
83,flow0.6,646650,5.49271e+06,0,13.9873,0.440355,2.5,1.8,1.5,0,vtype0
83,flow0.7,646780,5.4927e+06,0,13.9135,-0.201912,2.5,1.8,1.5,0,vtype0
83,flow0.8,646799,5.4927e+06,0,13.8884,0.745978,2.5,1.8,1.5,0,vtype0
83,flow0.9,646818,5.4927e+06,0,13.7813,-0.318217,2.5,1.8,1.5,0,vtype0
83,flow0.10,646837,5.4927e+06,0,13.8146,-0.383511,2.5,1.8,1.5,0,vtype0
83,flow0.11,646858,5.4927e+06,0,13.9674,0.322168,2.5,1.8,1.5,0,vtype0
83,flow0.12,646879,5.49274e+06,0,13.9383,0.246552,2.5,1.8,1.5,0,vtype0
83,flow0.13,646881,5.49277e+06,0,13.9451,0.467302,2.5,1.8,1.5,0,vtype0
83,flow0.14,646884,5.49281e+06,0,13.8938,-0.431069,2.5,1.8,1.5,0,vtype0
83,flow0.15,646887,5.49285e+06,0,13.9178,0.340771,2.5,1.8,1.5,0,vtype0
83,flow0.16,646890,5.49289e+06,0,13.887,-0.87525,2.5,1.8,1.5,0,vtype0
83,flow0.17,646881,5.49302e+06,0,11.9592,-0.112191,2.5,1.8,1.5,0,vtype0
83,flow0.18,646880,5.49304e+06,0,12.3039,-0.673767,2.5,1.8,1.5,0,vtype0
83,flow0.19,646879,5.49306e+06,0,13.129,0.0408264,2.5,1.8,1.5,0,vtype0
83,flow0.20,646875,5.49309e+06,0,13.9314,-0.0319899,2.5,1.8,1.5,0,vtype0
83,flow0.21,646870,5.49312e+06,0,8.79528,1.3791,2.5,1.8,1.5,0,vtype0
83,flow0.22,646856,5.49312e+06,0,9.17504,1.20398,2.5,1.8,1.5,1,vtype0
83,flow0.23,646787,5.49314e+06,0,10.356,0.73634,2.5,1.8,1.5,0,vtype0
83,flow0.24,646775,5.49315e+06,0,10.4927,-0.855576,2.5,1.8,1.5,0,vtype0
83,flow0.25,646779,5.49317e+06,0,11.9687,-2.01684,2.5,1.8,1.5,10,vtype0
83,flow0.26,646807,5.4932e+06,0,13.5618,0.229933,2.5,1.8,1.5,2,vtype0
83,flow0.27,646835,5.49323e+06,0,13.9784,0.476839,2.5,1.8,1.5,2,vtype0
84,flow0.0,646453,5.49288e+06,0,13.9851,0.839448,2.5,1.8,1.5,0,vtype0
84,flow0.1,646486,5.49285e+06,0,13.889,-0.107368,2.5,1.8,1.5,0,vtype0
84,flow0.2,646514,5.49282e+06,0,13.8742,-1.13648,2.5,1.8,1.5,0,vtype0
84,flow0.3,646543,5.49278e+06,0,13.9809,0.346166,2.5,1.8,1.5,0,vtype0
84,flow0.4,646583,5.49274e+06,0,6.42584,2.6,2.5,1.8,1.5,0,vtype0
84,flow0.5,646603,5.49273e+06,0,10.2471,-3.86673,2.5,1.8,1.5,8,vtype0
84,flow0.6,646636,5.49272e+06,0,13.9622,0.798212,2.5,1.8,1.5,0,vtype0
84,flow0.7,646766,5.4927e+06,0,13.8789,-0.222022,2.5,1.8,1.5,0,vtype0
84,flow0.8,646785,5.4927e+06,0,13.8653,0.54905,2.5,1.8,1.5,0,vtype0
84,flow0.9,646804,5.4927e+06,0,13.8279,0.860077,2.5,1.8,1.5,0,vtype0
84,flow0.10,646823,5.4927e+06,0,13.7584,-0.863601,2.5,1.8,1.5,0,vtype0
84,flow0.11,646845,5.4927e+06,0,13.9713,0.291683,2.5,1.8,1.5,0,vtype0
84,flow0.12,646878,5.49272e+06,0,13.8733,-0.382481,2.5,1.8,1.5,0,vtype0
84,flow0.13,646880,5.49276e+06,0,13.9156,-0.353887,2.5,1.8,1.5,0,vtype0
84,flow0.14,646883,5.49279e+06,0,13.9796,0.823366,2.5,1.8,1.5,0,vtype0
84,flow0.15,646886,5.49283e+06,0,13.9631,0.798556,2.5,1.8,1.5,0,vtype0
84,flow0.16,646889,5.49287e+06,0,13.9778,0.647628,2.5,1.8,1.5,0,vtype0
84,flow0.17,646882,5.49301e+06,0,12.0058,-0.516834,2.5,1.8,1.5,0,vtype0
84,flow0.18,646881,5.49303e+06,0,12.2521,0.0698076,2.5,1.8,1.5,0,vtype0
84,flow0.19,646879,5.49305e+06,0,12.826,-0.851789,2.5,1.8,1.5,0,vtype0
84,flow0.20,646877,5.49307e+06,0,13.987,1.13092,2.5,1.8,1.5,0,vtype0
84,flow0.21,646872,5.49311e+06,0,10.8871,2.26648,2.5,1.8,1.5,0,vtype0
84,flow0.22,646863,5.49312e+06,0,6.35619,2.6,2.5,1.8,1.5,1,vtype0
84,flow0.23,646795,5.49313e+06,0,10.3188,-0.255358,2.5,1.8,1.5,0,vtype0
84,flow0.24,646782,5.49314e+06,0,10.4822,-0.0213413,2.5,1.8,1.5,0,vtype0
84,flow0.25,646775,5.49316e+06,0,11.5903,-0.677576,2.5,1.8,1.5,2,vtype0
84,flow0.26,646798,5.49319e+06,0,13.4665,-0.34642,2.5,1.8,1.5,2,vtype0
84,flow0.27,646825,5.49322e+06,0,13.9494,-0.391419,2.5,1.8,1.5,2,vtype0
85,flow0.28,646845,5.49324e+06,0,13.9947,0.656537,2.5,1.8,1.5,0,vtype0
85,flow0.0,646443,5.49289e+06,0,13.8841,0.0176861,2.5,1.8,1.5,0,vtype0
85,flow0.1,646476,5.49286e+06,0,13.9684,0.582002,2.5,1.8,1.5,0,vtype0
85,flow0.2,646505,5.49283e+06,0,13.8955,-0.400588,2.5,1.8,1.5,0,vtype0
85,flow0.3,646533,5.49279e+06,0,13.9212,0.139619,2.5,1.8,1.5,0,vtype0
85,flow0.4,646577,5.49275e+06,0,8.75756,2.26658,2.5,1.8,1.5,0,vtype0
85,flow0.5,646594,5.49274e+06,0,10.5365,0.660625,2.5,1.8,1.5,0,vtype0
85,flow0.6,646623,5.49272e+06,0,13.9218,0.0872999,2.5,1.8,1.5,0,vtype0
85,flow0.7,646752,5.4927e+06,0,13.9241,-0.671175,2.5,1.8,1.5,0,vtype0
85,flow0.8,646771,5.4927e+06,0,13.9458,0.363903,2.5,1.8,1.5,0,vtype0
85,flow0.9,646790,5.4927e+06,0,13.8596,-0.548633,2.5,1.8,1.5,0,vtype0
85,flow0.10,646809,5.4927e+06,0,13.8031,0.119751,2.5,1.8,1.5,0,vtype0
85,flow0.11,646831,5.4927e+06,0,13.8913,-0.78259,2.5,1.8,1.5,0,vtype0
85,flow0.12,646872,5.49271e+06,0,13.8801,-0.2114,2.5,1.8,1.5,0,vtype0
85,flow0.13,646879,5.49274e+06,0,13.902,-0.283306,2.5,1.8,1.5,0,vtype0
85,flow0.14,646882,5.49278e+06,0,13.9492,-0.409373,2.5,1.8,1.5,0,vtype0
85,flow0.15,646885,5.49282e+06,0,13.9359,0.375108,2.5,1.8,1.5,0,vtype0
85,flow0.16,646888,5.49286e+06,0,13.9064,-0.525786,2.5,1.8,1.5,0,vtype0
85,flow0.17,646883,5.493e+06,0,12.0273,0.0529071,2.5,1.8,1.5,0,vtype0
85,flow0.18,646882,5.49302e+06,0,12.1832,0.0403231,2.5,1.8,1.5,0,vtype0
85,flow0.19,646880,5.49304e+06,0,12.6702,1.01072,2.5,1.8,1.5,0,vtype0
85,flow0.20,646879,5.49306e+06,0,13.7002,-0.669382,2.5,1.8,1.5,0,vtype0
85,flow0.21,646874,5.4931e+06,0,12.8697,1.5679,2.5,1.8,1.5,0,vtype0
85,flow0.22,646870,5.49312e+06,0,8.6618,2.58189,2.5,1.8,1.5,0,vtype0
85,flow0.23,646803,5.49313e+06,0,10.3147,-0.425843,2.5,1.8,1.5,0,vtype0
85,flow0.24,646790,5.49314e+06,0,10.4445,0.0964446,2.5,1.8,1.5,0,vtype0
85,flow0.25,646776,5.49315e+06,0,11.2711,-0.47785,2.5,1.8,1.5,0,vtype0
85,flow0.26,646788,5.49318e+06,0,13.5432,0.923423,2.5,1.8,1.5,2,vtype0
85,flow0.27,646816,5.49321e+06,0,13.9168,0.405926,2.5,1.8,1.5,2,vtype0
86,flow0.0,646433,5.4929e+06,0,13.9191,-0.60211,2.5,1.8,1.5,0,vtype0
86,flow0.1,646466,5.49286e+06,0,13.9528,0.680817,2.5,1.8,1.5,0,vtype0
86,flow0.2,646495,5.49284e+06,0,13.9109,-0.229812,2.5,1.8,1.5,0,vtype0
86,flow0.3,646524,5.4928e+06,0,13.9095,0.38908,2.5,1.8,1.5,0,vtype0
86,flow0.4,646570,5.49276e+06,0,10.7283,1.94444,2.5,1.8,1.5,0,vtype0
86,flow0.5,646586,5.49274e+06,0,7.51775,-4.37135,2.5,1.8,1.5,8,vtype0
86,flow0.6,646611,5.49273e+06,0,13.1173,-3.38098,2.5,1.8,1.5,8,vtype0
86,flow0.7,646738,5.4927e+06,0,13.8996,-0.822964,2.5,1.8,1.5,0,vtype0
86,flow0.8,646757,5.4927e+06,0,13.9807,0.441061,2.5,1.8,1.5,0,vtype0
86,flow0.9,646776,5.4927e+06,0,13.883,0.386192,2.5,1.8,1.5,0,vtype0
86,flow0.10,646795,5.4927e+06,0,13.8011,-0.801285,2.5,1.8,1.5,0,vtype0
86,flow0.11,646817,5.4927e+06,0,13.9379,0.222509,2.5,1.8,1.5,0,vtype0
86,flow0.12,646861,5.4927e+06,0,13.8816,-0.0712047,2.5,1.8,1.5,0,vtype0
86,flow0.13,646878,5.49273e+06,0,13.9237,-0.170074,2.5,1.8,1.5,0,vtype0
86,flow0.14,646881,5.49276e+06,0,13.8727,-0.30838,2.5,1.8,1.5,0,vtype0
86,flow0.15,646884,5.49281e+06,0,13.9753,0.669109,2.5,1.8,1.5,0,vtype0
86,flow0.16,646887,5.49285e+06,0,13.8795,-0.98493,2.5,1.8,1.5,0,vtype0
86,flow0.17,646884,5.49299e+06,0,12.0688,1.20021,2.5,1.8,1.5,0,vtype0
86,flow0.18,646882,5.49301e+06,0,12.0997,-0.528566,2.5,1.8,1.5,0,vtype0
86,flow0.19,646881,5.49302e+06,0,12.4927,-0.259138,2.5,1.8,1.5,0,vtype0
86,flow0.20,646880,5.49305e+06,0,13.4276,-0.991086,2.5,1.8,1.5,0,vtype0
86,flow0.21,646876,5.49308e+06,0,13.9272,-0.287581,2.5,1.8,1.5,0,vtype0
86,flow0.22,646872,5.49311e+06,0,10.613,1.37346,2.5,1.8,1.5,0,vtype0
86,flow0.23,646813,5.49313e+06,0,10.3099,-0.588158,2.5,1.8,1.5,0,vtype0
86,flow0.24,646798,5.49313e+06,0,10.4365,0.650046,2.5,1.8,1.5,0,vtype0
86,flow0.25,646785,5.49314e+06,0,11.0597,-0.645536,2.5,1.8,1.5,0,vtype0
86,flow0.26,646779,5.49317e+06,0,13.5207,0.703042,2.5,1.8,1.5,2,vtype0
86,flow0.27,646806,5.4932e+06,0,13.8774,-1.21528,2.5,1.8,1.5,2,vtype0
86,flow0.28,646835,5.49323e+06,0,13.9908,0.334555,2.5,1.8,1.5,2,vtype0
87,flow0.0,646423,5.49291e+06,0,13.9258,-0.620769,2.5,1.8,1.5,0,vtype0
87,flow0.1,646456,5.49287e+06,0,13.9192,-0.764857,2.5,1.8,1.5,0,vtype0
87,flow0.2,646485,5.49285e+06,0,13.8902,-1.07991,2.5,1.8,1.5,0,vtype0
87,flow0.3,646514,5.49281e+06,0,13.9775,0.558208,2.5,1.8,1.5,0,vtype0
87,flow0.4,646562,5.49276e+06,0,12.4118,2.38857,2.5,1.8,1.5,0,vtype0
87,flow0.5,646580,5.49275e+06,0,7.79083,1.33912,2.5,1.8,1.5,0,vtype0
87,flow0.6,646601,5.49273e+06,0,11.6257,0.691746,2.5,1.8,1.5,0,vtype0
87,flow0.7,646724,5.4927e+06,0,13.8755,-0.840468,2.5,1.8,1.5,0,vtype0
87,flow0.8,646743,5.4927e+06,0,13.9357,0.552526,2.5,1.8,1.5,0,vtype0
87,flow0.9,646762,5.4927e+06,0,13.9191,0.562834,2.5,1.8,1.5,0,vtype0
87,flow0.10,646781,5.4927e+06,0,13.8451,0.291759,2.5,1.8,1.5,0,vtype0
87,flow0.11,646803,5.4927e+06,0,13.8794,-1.15075,2.5,1.8,1.5,0,vtype0
87,flow0.12,646847,5.4927e+06,0,13.9021,0.168558,2.5,1.8,1.5,0,vtype0
87,flow0.13,646874,5.49272e+06,0,13.8844,-0.281319,2.5,1.8,1.5,0,vtype0
87,flow0.14,646880,5.49275e+06,0,13.9485,0.30603,2.5,1.8,1.5,0,vtype0
87,flow0.15,646883,5.49279e+06,0,13.9632,0.0487743,2.5,1.8,1.5,0,vtype0
87,flow0.16,646886,5.49283e+06,0,13.8901,-0.793862,2.5,1.8,1.5,0,vtype0
87,flow0.17,646885,5.49298e+06,0,11.9798,0.352106,2.5,1.8,1.5,0,vtype0
87,flow0.18,646883,5.49299e+06,0,12.0751,-0.805257,2.5,1.8,1.5,0,vtype0
87,flow0.19,646882,5.49301e+06,0,12.4817,0.312595,2.5,1.8,1.5,0,vtype0
87,flow0.20,646881,5.49303e+06,0,13.1883,0.0323381,2.5,1.8,1.5,0,vtype0
87,flow0.21,646878,5.49307e+06,0,13.965,0.429586,2.5,1.8,1.5,0,vtype0
87,flow0.22,646874,5.4931e+06,0,12.395,2.2245,2.5,1.8,1.5,0,vtype0
87,flow0.23,646823,5.49312e+06,0,10.3386,-0.446844,2.5,1.8,1.5,0,vtype0
87,flow0.24,646807,5.49313e+06,0,10.4384,0.240221,2.5,1.8,1.5,0,vtype0
87,flow0.25,646793,5.49313e+06,0,10.8597,-0.21332,2.5,1.8,1.5,0,vtype0
87,flow0.26,646774,5.49316e+06,0,13.4992,0.377227,2.5,1.8,1.5,2,vtype0
87,flow0.27,646796,5.49319e+06,0,13.9726,0.801039,2.5,1.8,1.5,2,vtype0
87,flow0.28,646825,5.49322e+06,0,13.9873,0.809094,2.5,1.8,1.5,2,vtype0
88,flow0.29,646845,5.49324e+06,0,13.9317,0.193257,2.5,1.8,1.5,0,vtype0
88,flow0.0,646413,5.49292e+06,0,13.9472,0.168903,2.5,1.8,1.5,0,vtype0
88,flow0.1,646446,5.49288e+06,0,13.9339,-0.0221752,2.5,1.8,1.5,0,vtype0
88,flow0.2,646475,5.49286e+06,0,13.9429,0.281142,2.5,1.8,1.5,0,vtype0
88,flow0.3,646505,5.49283e+06,0,13.8979,-0.647921,2.5,1.8,1.5,0,vtype0
88,flow0.4,646553,5.49277e+06,0,13.9095,-0.788949,2.5,1.8,1.5,0,vtype0
88,flow0.5,646573,5.49275e+06,0,9.66473,1.58397,2.5,1.8,1.5,0,vtype0
88,flow0.6,646591,5.49274e+06,0,10.6731,-3.52977,2.5,1.8,1.5,8,vtype0
88,flow0.7,646710,5.4927e+06,0,13.9056,-0.241602,2.5,1.8,1.5,0,vtype0
88,flow0.8,646729,5.4927e+06,0,13.9585,-0.134919,2.5,1.8,1.5,0,vtype0
88,flow0.9,646748,5.4927e+06,0,13.8983,0.479525,2.5,1.8,1.5,0,vtype0
88,flow0.10,646767,5.4927e+06,0,13.8554,-0.30824,2.5,1.8,1.5,0,vtype0
88,flow0.11,646789,5.4927e+06,0,13.9945,0.0260056,2.5,1.8,1.5,0,vtype0
88,flow0.12,646833,5.4927e+06,0,13.9625,-0.0609973,2.5,1.8,1.5,0,vtype0
88,flow0.13,646865,5.49271e+06,0,13.9326,-0.374368,2.5,1.8,1.5,0,vtype0
88,flow0.14,646879,5.49274e+06,0,13.9673,-0.0829279,2.5,1.8,1.5,0,vtype0
88,flow0.15,646882,5.49278e+06,0,13.976,-0.0322942,2.5,1.8,1.5,0,vtype0
88,flow0.16,646885,5.49282e+06,0,13.934,-0.51029,2.5,1.8,1.5,0,vtype0
88,flow0.17,646886,5.49296e+06,0,12.0372,-0.296163,2.5,1.8,1.5,0,vtype0
88,flow0.18,646884,5.49298e+06,0,12.0893,-0.388688,2.5,1.8,1.5,0,vtype0
88,flow0.19,646883,5.493e+06,0,12.3776,0.0512854,2.5,1.8,1.5,0,vtype0
88,flow0.20,646882,5.49302e+06,0,12.9536,0.631837,2.5,1.8,1.5,0,vtype0
88,flow0.21,646879,5.49305e+06,0,13.888,-0.189936,2.5,1.8,1.5,0,vtype0
88,flow0.22,646876,5.49308e+06,0,13.9705,-0.160761,2.5,1.8,1.5,0,vtype0
88,flow0.23,646833,5.49312e+06,0,10.358,-0.38464,2.5,1.8,1.5,1,vtype0
88,flow0.24,646818,5.49312e+06,0,10.4864,1.40567,2.5,1.8,1.5,0,vtype0
88,flow0.25,646801,5.49313e+06,0,10.7509,0.162807,2.5,1.8,1.5,0,vtype0
88,flow0.26,646779,5.49315e+06,0,13.461,-0.0545467,2.5,1.8,1.5,0,vtype0
88,flow0.27,646786,5.49318e+06,0,13.9634,-0.0993621,2.5,1.8,1.5,2,vtype0
88,flow0.28,646816,5.49321e+06,0,13.947,-0.304239,2.5,1.8,1.5,2,vtype0
89,flow0.0,646403,5.49293e+06,0,13.8978,-0.444671,2.5,1.8,1.5,0,vtype0
89,flow0.1,646436,5.49289e+06,0,13.9164,-0.0701424,2.5,1.8,1.5,0,vtype0
89,flow0.2,646465,5.49286e+06,0,13.9801,0.132663,2.5,1.8,1.5,0,vtype0
89,flow0.3,646495,5.49284e+06,0,13.882,-0.852933,2.5,1.8,1.5,0,vtype0
89,flow0.4,646544,5.49278e+06,0,13.8727,-1.00405,2.5,1.8,1.5,0,vtype0
89,flow0.5,646566,5.49276e+06,0,11.4255,1.65968,2.5,1.8,1.5,0,vtype0
89,flow0.6,646584,5.49274e+06,0,6.17311,-4.5,2.5,1.8,1.5,8,vtype0
89,flow0.7,646696,5.49271e+06,0,13.8717,-0.434253,2.5,1.8,1.5,0,vtype0
89,flow0.8,646715,5.4927e+06,0,13.9033,0.20877,2.5,1.8,1.5,0,vtype0
89,flow0.9,646734,5.4927e+06,0,13.837,-0.760302,2.5,1.8,1.5,0,vtype0
89,flow0.10,646753,5.4927e+06,0,13.9285,-0.153594,2.5,1.8,1.5,0,vtype0
89,flow0.11,646775,5.4927e+06,0,13.961,0.161222,2.5,1.8,1.5,0,vtype0
89,flow0.12,646820,5.4927e+06,0,13.9472,0.689865,2.5,1.8,1.5,0,vtype0
89,flow0.13,646852,5.4927e+06,0,13.9864,0.529575,2.5,1.8,1.5,0,vtype0
89,flow0.14,646877,5.49272e+06,0,13.8884,-0.115824,2.5,1.8,1.5,0,vtype0
89,flow0.15,646880,5.49276e+06,0,13.9538,0.3652,2.5,1.8,1.5,0,vtype0
89,flow0.16,646884,5.4928e+06,0,13.9705,-0.087458,2.5,1.8,1.5,0,vtype0
89,flow0.17,646886,5.49295e+06,0,12.0209,-0.385657,2.5,1.8,1.5,0,vtype0
89,flow0.18,646885,5.49297e+06,0,12.1365,0.447978,2.5,1.8,1.5,0,vtype0
89,flow0.19,646884,5.49299e+06,0,12.2707,-0.0447141,2.5,1.8,1.5,0,vtype0
89,flow0.20,646882,5.49301e+06,0,12.736,-0.357991,2.5,1.8,1.5,0,vtype0
89,flow0.21,646880,5.49304e+06,0,13.9264,-0.114123,2.5,1.8,1.5,0,vtype0
89,flow0.22,646878,5.49307e+06,0,13.9178,-0.650317,2.5,1.8,1.5,0,vtype0
89,flow0.23,646844,5.49312e+06,0,10.4067,1.00523,2.5,1.8,1.5,1,vtype0
89,flow0.24,646828,5.49312e+06,0,10.381,-0.330853,2.5,1.8,1.5,1,vtype0
89,flow0.25,646812,5.49313e+06,0,10.68,0.625567,2.5,1.8,1.5,0,vtype0
89,flow0.26,646790,5.49314e+06,0,13.511,0.188727,2.5,1.8,1.5,0,vtype0
89,flow0.27,646777,5.49317e+06,0,13.9653,-0.346847,2.5,1.8,1.5,2,vtype0
89,flow0.28,646806,5.4932e+06,0,13.9799,0.75543,2.5,1.8,1.5,2,vtype0
89,flow0.29,646835,5.49323e+06,0,13.924,-0.0142036,2.5,1.8,1.5,2,vtype0
90,flow0.0,646393,5.49293e+06,0,13.8727,-0.0932126,2.5,1.8,1.5,0,vtype0
90,flow0.1,646426,5.4929e+06,0,13.8815,-0.869351,2.5,1.8,1.5,0,vtype0
90,flow0.2,646455,5.49287e+06,0,13.9475,-0.272613,2.5,1.8,1.5,0,vtype0
90,flow0.3,646485,5.49285e+06,0,13.9363,-0.448657,2.5,1.8,1.5,0,vtype0
90,flow0.4,646534,5.49279e+06,0,13.9801,0.297758,2.5,1.8,1.5,0,vtype0
90,flow0.5,646557,5.49277e+06,0,13.5029,2.21255,2.5,1.8,1.5,0,vtype0
90,flow0.6,646578,5.49275e+06,0,8.49242,2.36157,2.5,1.8,1.5,0,vtype0
90,flow0.7,646682,5.49271e+06,0,13.9266,0.0725708,2.5,1.8,1.5,0,vtype0
90,flow0.8,646701,5.49271e+06,0,13.9843,0.471694,2.5,1.8,1.5,0,vtype0
90,flow0.9,646721,5.4927e+06,0,13.8981,-0.25684,2.5,1.8,1.5,0,vtype0
90,flow0.10,646740,5.4927e+06,0,13.9208,0.261173,2.5,1.8,1.5,0,vtype0
90,flow0.11,646761,5.4927e+06,0,13.9422,0.493668,2.5,1.8,1.5,0,vtype0
90,flow0.12,646806,5.4927e+06,0,13.9553,0.559795,2.5,1.8,1.5,0,vtype0
90,flow0.13,646838,5.4927e+06,0,13.9549,0.478654,2.5,1.8,1.5,0,vtype0
90,flow0.14,646871,5.49271e+06,0,13.9612,0.236098,2.5,1.8,1.5,0,vtype0
90,flow0.15,646880,5.49275e+06,0,13.9659,-0.0468872,2.5,1.8,1.5,0,vtype0
90,flow0.16,646883,5.49279e+06,0,13.9566,-0.170567,2.5,1.8,1.5,0,vtype0
90,flow0.17,646887,5.49294e+06,0,12.0618,0.140142,2.5,1.8,1.5,0,vtype0
90,flow0.18,646886,5.49296e+06,0,12.0237,-0.152487,2.5,1.8,1.5,0,vtype0
90,flow0.19,646885,5.49298e+06,0,12.1556,0.0390899,2.5,1.8,1.5,0,vtype0
90,flow0.20,646883,5.49299e+06,0,12.5364,0.444483,2.5,1.8,1.5,0,vtype0
90,flow0.21,646881,5.49303e+06,0,13.8752,-0.244562,2.5,1.8,1.5,0,vtype0
90,flow0.22,646879,5.49306e+06,0,13.9696,0.994303,2.5,1.8,1.5,0,vtype0
90,flow0.23,646854,5.49312e+06,0,10.3736,-0.26151,2.5,1.8,1.5,1,vtype0
90,flow0.24,646838,5.49312e+06,0,10.4157,0.797672,2.5,1.8,1.5,1,vtype0
90,flow0.25,646822,5.49312e+06,0,10.5832,-0.188714,2.5,1.8,1.5,0,vtype0
90,flow0.26,646799,5.49313e+06,0,12.9365,0.334329,2.5,1.8,1.5,0,vtype0
90,flow0.27,646774,5.49315e+06,0,13.9461,0.358785,2.5,1.8,1.5,0,vtype0
90,flow0.28,646796,5.49319e+06,0,13.9702,0.9614,2.5,1.8,1.5,2,vtype0
90,flow0.29,646825,5.49322e+06,0,13.8874,-0.757041,2.5,1.8,1.5,2,vtype0
91,flow0.30,646845,5.49324e+06,0,13.8774,-0.906266,2.5,1.8,1.5,0,vtype0
91,flow0.0,646383,5.49294e+06,0,13.9573,-0.0281246,2.5,1.8,1.5,0,vtype0
91,flow0.1,646416,5.49291e+06,0,13.9827,0.502155,2.5,1.8,1.5,0,vtype0
91,flow0.2,646445,5.49288e+06,0,13.8941,-1.02207,2.5,1.8,1.5,0,vtype0
91,flow0.3,646475,5.49286e+06,0,13.8951,-0.974841,2.5,1.8,1.5,0,vtype0
91,flow0.4,646525,5.4928e+06,0,13.8705,-1.14662,2.5,1.8,1.5,0,vtype0
91,flow0.5,646548,5.49278e+06,0,13.9255,-0.0855469,2.5,1.8,1.5,0,vtype0
91,flow0.6,646571,5.49275e+06,0,10.4804,1.96705,2.5,1.8,1.5,0,vtype0
91,flow0.7,646668,5.49271e+06,0,13.8715,-1.03089,2.5,1.8,1.5,0,vtype0
91,flow0.8,646687,5.49271e+06,0,13.9891,0.653566,2.5,1.8,1.5,0,vtype0
91,flow0.9,646707,5.4927e+06,0,13.9399,0.522857,2.5,1.8,1.5,0,vtype0
91,flow0.10,646726,5.4927e+06,0,13.851,-0.688058,2.5,1.8,1.5,0,vtype0
91,flow0.11,646747,5.4927e+06,0,13.9596,0.0615166,2.5,1.8,1.5,0,vtype0
91,flow0.12,646792,5.4927e+06,0,13.9029,-0.724533,2.5,1.8,1.5,0,vtype0
91,flow0.13,646824,5.4927e+06,0,13.9585,-0.278066,2.5,1.8,1.5,0,vtype0
91,flow0.14,646859,5.4927e+06,0,13.9998,0.462438,2.5,1.8,1.5,0,vtype0
91,flow0.15,646879,5.49274e+06,0,13.9233,-0.39938,2.5,1.8,1.5,0,vtype0
91,flow0.16,646881,5.49278e+06,0,13.9258,-0.0971113,2.5,1.8,1.5,0,vtype0
91,flow0.17,646888,5.49293e+06,0,12.023,0.752881,2.5,1.8,1.5,0,vtype0
91,flow0.18,646887,5.49295e+06,0,11.9524,-1.42129,2.5,1.8,1.5,8,vtype0
91,flow0.19,646886,5.49296e+06,0,12.2526,0.16261,2.5,1.8,1.5,0,vtype0
91,flow0.20,646884,5.49298e+06,0,12.5428,0.99066,2.5,1.8,1.5,0,vtype0
91,flow0.21,646882,5.49301e+06,0,13.8857,-0.405087,2.5,1.8,1.5,0,vtype0
91,flow0.22,646880,5.49304e+06,0,13.9698,0.622833,2.5,1.8,1.5,0,vtype0
91,flow0.23,646862,5.49312e+06,0,6.43474,-4.5,2.5,1.8,1.5,9,vtype0
91,flow0.24,646848,5.49312e+06,0,7.95405,-3.41099,2.5,1.8,1.5,9,vtype0
91,flow0.25,646832,5.49312e+06,0,9.01895,-3.00484,2.5,1.8,1.5,9,vtype0
91,flow0.26,646811,5.49313e+06,0,11.5176,-0.797954,2.5,1.8,1.5,0,vtype0
91,flow0.27,646783,5.49314e+06,0,13.9325,0.527676,2.5,1.8,1.5,0,vtype0
91,flow0.28,646786,5.49318e+06,0,13.9591,0.679925,2.5,1.8,1.5,2,vtype0
91,flow0.29,646816,5.49321e+06,0,13.9604,0.539776,2.5,1.8,1.5,2,vtype0
92,flow0.0,646374,5.49295e+06,0,13.9919,0.365869,2.5,1.8,1.5,0,vtype0
92,flow0.1,646406,5.49292e+06,0,13.9047,0.191573,2.5,1.8,1.5,0,vtype0
92,flow0.2,646435,5.49289e+06,0,13.9144,-0.0865893,2.5,1.8,1.5,0,vtype0
92,flow0.3,646465,5.49286e+06,0,13.9417,0.0866088,2.5,1.8,1.5,0,vtype0
92,flow0.4,646515,5.49281e+06,0,13.9568,0.0686875,2.5,1.8,1.5,0,vtype0
92,flow0.5,646538,5.49279e+06,0,13.9664,-0.232464,2.5,1.8,1.5,0,vtype0
92,flow0.6,646563,5.49276e+06,0,12.409,2.46824,2.5,1.8,1.5,0,vtype0
92,flow0.7,646655,5.49271e+06,0,13.9785,0.923947,2.5,1.8,1.5,0,vtype0
92,flow0.8,646674,5.49271e+06,0,13.9259,-0.686705,2.5,1.8,1.5,0,vtype0
92,flow0.9,646693,5.49271e+06,0,13.9552,0.659823,2.5,1.8,1.5,0,vtype0
92,flow0.10,646712,5.4927e+06,0,13.9429,0.724944,2.5,1.8,1.5,0,vtype0
92,flow0.11,646734,5.4927e+06,0,13.9274,0.16494,2.5,1.8,1.5,0,vtype0
92,flow0.12,646778,5.4927e+06,0,13.9636,-0.216431,2.5,1.8,1.5,0,vtype0
92,flow0.13,646810,5.4927e+06,0,13.9101,-0.367973,2.5,1.8,1.5,0,vtype0
92,flow0.14,646846,5.4927e+06,0,13.9845,0.899584,2.5,1.8,1.5,0,vtype0
92,flow0.15,646877,5.49272e+06,0,13.8729,-1.08731,2.5,1.8,1.5,0,vtype0
92,flow0.16,646880,5.49276e+06,0,13.9127,0.0927297,2.5,1.8,1.5,0,vtype0
92,flow0.17,646889,5.49292e+06,0,12.005,-0.180711,2.5,1.8,1.5,0,vtype0
92,flow0.18,646888,5.49293e+06,0,12.0274,-0.0216895,2.5,1.8,1.5,0,vtype0
92,flow0.19,646886,5.49295e+06,0,12.0594,-0.234149,2.5,1.8,1.5,0,vtype0
92,flow0.20,646885,5.49297e+06,0,12.3841,0.0912207,2.5,1.8,1.5,0,vtype0
92,flow0.21,646883,5.493e+06,0,13.9327,-0.334655,2.5,1.8,1.5,0,vtype0
92,flow0.22,646881,5.49303e+06,0,13.9748,0.435084,2.5,1.8,1.5,0,vtype0
92,flow0.23,646870,5.49312e+06,0,8.62969,1.84192,2.5,1.8,1.5,0,vtype0
92,flow0.24,646856,5.49312e+06,0,8.72617,0.867617,2.5,1.8,1.5,1,vtype0
92,flow0.25,646841,5.49312e+06,0,9.09337,1.82446,2.5,1.8,1.5,1,vtype0
92,flow0.26,646822,5.49312e+06,0,10.5928,-1.04179,2.5,1.8,1.5,0,vtype0
92,flow0.27,646793,5.49313e+06,0,13.8943,0.0187183,2.5,1.8,1.5,0,vtype0
92,flow0.28,646777,5.49317e+06,0,13.9823,0.575577,2.5,1.8,1.5,2,vtype0
92,flow0.29,646806,5.4932e+06,0,13.9658,0.0474753,2.5,1.8,1.5,2,vtype0
92,flow0.30,646835,5.49323e+06,0,13.8887,-0.583107,2.5,1.8,1.5,2,vtype0
93,flow0.0,646364,5.49296e+06,0,13.965,0.49232,2.5,1.8,1.5,0,vtype0
93,flow0.1,646396,5.49293e+06,0,13.9953,1.09124,2.5,1.8,1.5,0,vtype0
93,flow0.2,646425,5.4929e+06,0,13.9801,1.08859,2.5,1.8,1.5,0,vtype0
93,flow0.3,646455,5.49287e+06,0,13.8722,-0.397156,2.5,1.8,1.5,0,vtype0
93,flow0.4,646506,5.49282e+06,0,13.9931,0.922738,2.5,1.8,1.5,0,vtype0
93,flow0.5,646529,5.4928e+06,0,13.9524,0.43972,2.5,1.8,1.5,0,vtype0
93,flow0.6,646554,5.49277e+06,0,13.9067,-0.362763,2.5,1.8,1.5,0,vtype0
93,flow0.7,646641,5.49271e+06,0,13.9671,0.685586,2.5,1.8,1.5,0,vtype0
93,flow0.8,646660,5.49271e+06,0,13.8512,-0.967884,2.5,1.8,1.5,0,vtype0
93,flow0.9,646679,5.49271e+06,0,13.8718,-0.519458,2.5,1.8,1.5,0,vtype0
93,flow0.10,646698,5.49271e+06,0,13.9479,0.536025,2.5,1.8,1.5,0,vtype0
93,flow0.11,646720,5.4927e+06,0,13.8803,-0.825073,2.5,1.8,1.5,0,vtype0
93,flow0.12,646764,5.4927e+06,0,13.9779,1.0648,2.5,1.8,1.5,0,vtype0
93,flow0.13,646797,5.4927e+06,0,13.9195,0.13153,2.5,1.8,1.5,0,vtype0
93,flow0.14,646832,5.4927e+06,0,13.9706,-0.192039,2.5,1.8,1.5,0,vtype0
93,flow0.15,646871,5.49271e+06,0,13.8745,-0.878148,2.5,1.8,1.5,0,vtype0
93,flow0.16,646879,5.49275e+06,0,13.9595,0.445975,2.5,1.8,1.5,0,vtype0
93,flow0.17,646890,5.4929e+06,0,12.0528,0.704857,2.5,1.8,1.5,0,vtype0
93,flow0.18,646889,5.49292e+06,0,11.9488,-0.43654,2.5,1.8,1.5,0,vtype0
93,flow0.19,646887,5.49294e+06,0,12.0138,-0.818337,2.5,1.8,1.5,0,vtype0
93,flow0.20,646886,5.49296e+06,0,12.2601,-0.48503,2.5,1.8,1.5,0,vtype0
93,flow0.21,646884,5.49299e+06,0,13.9543,0.646354,2.5,1.8,1.5,0,vtype0
93,flow0.22,646882,5.49301e+06,0,13.8727,-0.729825,2.5,1.8,1.5,0,vtype0
93,flow0.23,646872,5.49311e+06,0,10.5919,2.57363,2.5,1.8,1.5,0,vtype0
93,flow0.24,646863,5.49312e+06,0,6.38059,2.6,2.5,1.8,1.5,1,vtype0
93,flow0.25,646849,5.49312e+06,0,7.33716,-2.82824,2.5,1.8,1.5,9,vtype0
93,flow0.26,646832,5.49312e+06,0,9.43052,-2.20548,2.5,1.8,1.5,9,vtype0
93,flow0.27,646804,5.49313e+06,0,13.4649,-2.21925,2.5,1.8,1.5,8,vtype0
93,flow0.28,646774,5.49315e+06,0,13.9133,-0.17455,2.5,1.8,1.5,0,vtype0
93,flow0.29,646796,5.49319e+06,0,13.9319,-0.235808,2.5,1.8,1.5,2,vtype0
93,flow0.30,646826,5.49322e+06,0,13.8907,-0.604614,2.5,1.8,1.5,2,vtype0
94,flow0.31,646845,5.49324e+06,0,13.8769,-0.935378,2.5,1.8,1.5,0,vtype0
94,flow0.0,646354,5.49297e+06,0,13.978,-0.169045,2.5,1.8,1.5,0,vtype0
94,flow0.1,646386,5.49294e+06,0,13.9354,-0.556183,2.5,1.8,1.5,0,vtype0
94,flow0.2,646415,5.49291e+06,0,13.9477,-0.48039,2.5,1.8,1.5,0,vtype0
94,flow0.3,646445,5.49288e+06,0,13.9048,-0.550862,2.5,1.8,1.5,0,vtype0
94,flow0.4,646496,5.49283e+06,0,13.9644,-0.27058,2.5,1.8,1.5,0,vtype0
94,flow0.5,646519,5.49281e+06,0,13.982,0.937736,2.5,1.8,1.5,0,vtype0
94,flow0.6,646544,5.49278e+06,0,13.9181,0.195513,2.5,1.8,1.5,0,vtype0
94,flow0.7,646628,5.49272e+06,0,13.9145,-0.594688,2.5,1.8,1.5,0,vtype0
94,flow0.8,646646,5.49271e+06,0,13.9244,-0.0371298,2.5,1.8,1.5,0,vtype0
94,flow0.9,646665,5.49271e+06,0,13.9416,-0.132797,2.5,1.8,1.5,0,vtype0
94,flow0.10,646684,5.49271e+06,0,13.8971,0.265941,2.5,1.8,1.5,0,vtype0
94,flow0.11,646706,5.4927e+06,0,13.9018,-0.0939449,2.5,1.8,1.5,0,vtype0
94,flow0.12,646750,5.4927e+06,0,13.9881,1.16467,2.5,1.8,1.5,0,vtype0
94,flow0.13,646783,5.4927e+06,0,13.992,-0.0126966,2.5,1.8,1.5,0,vtype0
94,flow0.14,646818,5.4927e+06,0,13.9405,-0.0876672,2.5,1.8,1.5,0,vtype0
94,flow0.15,646859,5.4927e+06,0,13.9241,-0.532135,2.5,1.8,1.5,0,vtype0
94,flow0.16,646879,5.49273e+06,0,13.957,-0.124385,2.5,1.8,1.5,0,vtype0
94,flow0.17,646891,5.49289e+06,0,12.0092,0.629372,2.5,1.8,1.5,0,vtype0
94,flow0.18,646889,5.49291e+06,0,11.995,-0.935389,2.5,1.8,1.5,0,vtype0
94,flow0.19,646888,5.49293e+06,0,12.1388,1.18923,2.5,1.8,1.5,0,vtype0
94,flow0.20,646887,5.49295e+06,0,12.2127,-0.303679,2.5,1.8,1.5,0,vtype0
94,flow0.21,646885,5.49297e+06,0,13.9819,0.365766,2.5,1.8,1.5,0,vtype0
94,flow0.22,646883,5.493e+06,0,13.8802,-0.049322,2.5,1.8,1.5,0,vtype0
94,flow0.23,646874,5.4931e+06,0,12.4486,0.82685,2.5,1.8,1.5,0,vtype0
94,flow0.24,646870,5.49312e+06,0,8.61934,2.43537,2.5,1.8,1.5,0,vtype0
94,flow0.25,646857,5.49312e+06,0,8.51755,0.985659,2.5,1.8,1.5,1,vtype0
94,flow0.26,646841,5.49312e+06,0,9.35755,1.10839,2.5,1.8,1.5,1,vtype0
94,flow0.27,646817,5.49312e+06,0,12.3804,-0.517962,2.5,1.8,1.5,0,vtype0
94,flow0.28,646782,5.49314e+06,0,13.9294,-0.377501,2.5,1.8,1.5,0,vtype0
94,flow0.29,646786,5.49318e+06,0,13.9158,-0.593707,2.5,1.8,1.5,2,vtype0
94,flow0.30,646816,5.49321e+06,0,13.9073,-0.884139,2.5,1.8,1.5,2,vtype0
95,flow0.0,646344,5.49298e+06,0,13.9661,-0.278798,2.5,1.8,1.5,0,vtype0
95,flow0.1,646376,5.49295e+06,0,13.9403,0.0288292,2.5,1.8,1.5,0,vtype0
95,flow0.2,646405,5.49292e+06,0,13.9175,0.29916,2.5,1.8,1.5,0,vtype0
95,flow0.3,646435,5.49289e+06,0,13.9344,-0.0368753,2.5,1.8,1.5,0,vtype0
95,flow0.4,646486,5.49284e+06,0,13.954,0.0923228,2.5,1.8,1.5,0,vtype0
95,flow0.5,646510,5.49282e+06,0,13.9261,-0.640691,2.5,1.8,1.5,0,vtype0
95,flow0.6,646535,5.49279e+06,0,13.9974,0.0587233,2.5,1.8,1.5,0,vtype0
95,flow0.7,646615,5.49272e+06,0,13.8765,-1.14096,2.5,1.8,1.5,0,vtype0
95,flow0.8,646633,5.49272e+06,0,13.9798,1.13607,2.5,1.8,1.5,0,vtype0
95,flow0.9,646652,5.49271e+06,0,13.9541,0.240473,2.5,1.8,1.5,0,vtype0
95,flow0.10,646670,5.49271e+06,0,13.9891,1.1218,2.5,1.8,1.5,0,vtype0
95,flow0.11,646692,5.49271e+06,0,13.9276,-0.445314,2.5,1.8,1.5,0,vtype0
95,flow0.12,646736,5.4927e+06,0,13.8773,-1.15442,2.5,1.8,1.5,0,vtype0
95,flow0.13,646769,5.4927e+06,0,13.8929,-0.782434,2.5,1.8,1.5,0,vtype0
95,flow0.14,646804,5.4927e+06,0,13.9943,0.666548,2.5,1.8,1.5,0,vtype0
95,flow0.15,646846,5.4927e+06,0,13.8839,-0.372912,2.5,1.8,1.5,0,vtype0
95,flow0.16,646877,5.49272e+06,0,13.9129,0.105352,2.5,1.8,1.5,0,vtype0
95,flow0.17,646890,5.49288e+06,0,11.9677,-0.132282,2.5,1.8,1.5,0,vtype0
95,flow0.18,646890,5.4929e+06,0,12.0149,0.579912,2.5,1.8,1.5,0,vtype0
95,flow0.19,646889,5.49292e+06,0,12.0403,0.342898,2.5,1.8,1.5,0,vtype0
95,flow0.20,646888,5.49293e+06,0,12.0961,-1.53153,2.5,1.8,1.5,8,vtype0
95,flow0.21,646886,5.49296e+06,0,13.9197,0.376852,2.5,1.8,1.5,0,vtype0
95,flow0.22,646884,5.49299e+06,0,13.9875,0.788465,2.5,1.8,1.5,0,vtype0
95,flow0.23,646876,5.49309e+06,0,12.3746,-0.572192,2.5,1.8,1.5,0,vtype0
95,flow0.24,646872,5.49311e+06,0,10.6835,1.85235,2.5,1.8,1.5,0,vtype0
95,flow0.25,646865,5.49312e+06,0,7.05696,2.6,2.5,1.8,1.5,1,vtype0
95,flow0.26,646850,5.49312e+06,0,7.98165,0.665993,2.5,1.8,1.5,1,vtype0
95,flow0.27,646828,5.49312e+06,0,10.8269,0.247616,2.5,1.8,1.5,1,vtype0
95,flow0.28,646793,5.49313e+06,0,13.973,-0.185272,2.5,1.8,1.5,0,vtype0
95,flow0.29,646777,5.49317e+06,0,13.9923,0.650557,2.5,1.8,1.5,2,vtype0
95,flow0.30,646806,5.4932e+06,0,13.9187,-0.430429,2.5,1.8,1.5,2,vtype0
95,flow0.31,646835,5.49323e+06,0,13.9061,-0.0374644,2.5,1.8,1.5,2,vtype0
96,flow0.0,646335,5.49299e+06,0,13.9474,-0.0721811,2.5,1.8,1.5,0,vtype0
96,flow0.1,646366,5.49296e+06,0,13.923,0.0559176,2.5,1.8,1.5,0,vtype0
96,flow0.2,646395,5.49293e+06,0,13.9217,0.0557566,2.5,1.8,1.5,0,vtype0
96,flow0.3,646426,5.4929e+06,0,13.897,-0.365958,2.5,1.8,1.5,0,vtype0
96,flow0.4,646476,5.49285e+06,0,13.877,0.067014,2.5,1.8,1.5,0,vtype0
96,flow0.5,646500,5.49283e+06,0,13.8819,-0.131228,2.5,1.8,1.5,0,vtype0
96,flow0.6,646525,5.4928e+06,0,13.9754,0.0999493,2.5,1.8,1.5,0,vtype0
96,flow0.7,646603,5.49273e+06,0,13.9765,0.574142,2.5,1.8,1.5,0,vtype0
96,flow0.8,646620,5.49272e+06,0,13.9083,-0.292572,2.5,1.8,1.5,0,vtype0
96,flow0.9,646638,5.49272e+06,0,13.9967,0.803192,2.5,1.8,1.5,0,vtype0
96,flow0.10,646657,5.49271e+06,0,13.8882,0.173036,2.5,1.8,1.5,0,vtype0
96,flow0.11,646678,5.49271e+06,0,13.8976,-0.143885,2.5,1.8,1.5,0,vtype0
96,flow0.12,646722,5.4927e+06,0,13.9434,0.578507,2.5,1.8,1.5,0,vtype0
96,flow0.13,646755,5.4927e+06,0,13.8846,-0.0361167,2.5,1.8,1.5,0,vtype0
96,flow0.14,646790,5.4927e+06,0,13.9247,0.249504,2.5,1.8,1.5,0,vtype0
96,flow0.15,646832,5.4927e+06,0,13.8908,-0.131922,2.5,1.8,1.5,0,vtype0
96,flow0.16,646869,5.49271e+06,0,13.917,-0.592238,2.5,1.8,1.5,0,vtype0
96,flow0.17,646889,5.49287e+06,0,12.0478,-0.23655,2.5,1.8,1.5,0,vtype0
96,flow0.18,646890,5.49289e+06,0,12.0434,0.470921,2.5,1.8,1.5,0,vtype0
96,flow0.19,646890,5.4929e+06,0,12.0751,1.28999,2.5,1.8,1.5,0,vtype0
96,flow0.20,646889,5.49292e+06,0,12.0444,-0.206441,2.5,1.8,1.5,0,vtype0
96,flow0.21,646887,5.49294e+06,0,13.6339,-0.386064,2.5,1.8,1.5,0,vtype0
96,flow0.22,646885,5.49297e+06,0,13.9683,0.0636129,2.5,1.8,1.5,0,vtype0
96,flow0.23,646877,5.49307e+06,0,12.3749,-0.412295,2.5,1.8,1.5,0,vtype0
96,flow0.24,646874,5.4931e+06,0,12.944,1.8578,2.5,1.8,1.5,0,vtype0
96,flow0.25,646871,5.49312e+06,0,9.26697,2.22238,2.5,1.8,1.5,0,vtype0
96,flow0.26,646858,5.49312e+06,0,8.91301,-0.930796,2.5,1.8,1.5,9,vtype0
96,flow0.27,646839,5.49312e+06,0,10.7542,0.896439,2.5,1.8,1.5,1,vtype0
96,flow0.28,646804,5.49313e+06,0,13.9855,-0.0562397,2.5,1.8,1.5,0,vtype0
96,flow0.29,646774,5.49315e+06,0,13.9078,0.252003,2.5,1.8,1.5,0,vtype0
96,flow0.30,646796,5.49319e+06,0,13.8975,-0.956287,2.5,1.8,1.5,2,vtype0
96,flow0.31,646825,5.49322e+06,0,13.9121,0.253497,2.5,1.8,1.5,2,vtype0
97,flow0.32,646847,5.49324e+06,0,11.6996,0.0644297,2.5,1.8,1.5,0,vtype0
97,flow0.0,646325,5.493e+06,0,13.9865,0.255764,2.5,1.8,1.5,0,vtype0
97,flow0.1,646356,5.49297e+06,0,13.9817,0.206648,2.5,1.8,1.5,0,vtype0
97,flow0.2,646385,5.49294e+06,0,13.8746,-0.302277,2.5,1.8,1.5,0,vtype0
97,flow0.3,646416,5.49291e+06,0,13.9205,-0.485389,2.5,1.8,1.5,0,vtype0
97,flow0.4,646466,5.49286e+06,0,13.8959,-0.218328,2.5,1.8,1.5,0,vtype0
97,flow0.5,646491,5.49284e+06,0,13.8966,-0.971446,2.5,1.8,1.5,0,vtype0
97,flow0.6,646516,5.49281e+06,0,13.9086,-0.84546,2.5,1.8,1.5,0,vtype0
97,flow0.7,646592,5.49274e+06,0,11.2867,-4.5,2.5,1.8,1.5,8,vtype0
97,flow0.8,646608,5.49273e+06,0,12.2517,-4.17732,2.5,1.8,1.5,8,vtype0
97,flow0.9,646625,5.49272e+06,0,13.0147,-2.04434,2.5,1.8,1.5,8,vtype0
97,flow0.10,646643,5.49271e+06,0,13.4447,-0.176349,2.5,1.8,1.5,0,vtype0
97,flow0.11,646664,5.49271e+06,0,13.8923,0.0967204,2.5,1.8,1.5,0,vtype0
97,flow0.12,646708,5.4927e+06,0,13.9584,0.261918,2.5,1.8,1.5,0,vtype0
97,flow0.13,646741,5.4927e+06,0,13.8966,-0.98065,2.5,1.8,1.5,0,vtype0
97,flow0.14,646776,5.4927e+06,0,13.8729,-0.552863,2.5,1.8,1.5,0,vtype0
97,flow0.15,646818,5.4927e+06,0,13.9002,0.122401,2.5,1.8,1.5,0,vtype0
97,flow0.16,646857,5.4927e+06,0,13.9759,0.244953,2.5,1.8,1.5,0,vtype0
97,flow0.17,646888,5.49286e+06,0,11.9554,-0.267975,2.5,1.8,1.5,0,vtype0
97,flow0.18,646889,5.49287e+06,0,12.0121,-0.0309243,2.5,1.8,1.5,0,vtype0
97,flow0.19,646891,5.49289e+06,0,12.0129,-0.942692,2.5,1.8,1.5,0,vtype0
97,flow0.20,646890,5.49291e+06,0,12.1176,0.695259,2.5,1.8,1.5,0,vtype0
97,flow0.21,646888,5.49293e+06,0,13.2328,-0.665887,2.5,1.8,1.5,0,vtype0
97,flow0.22,646886,5.49296e+06,0,13.9576,0.443036,2.5,1.8,1.5,0,vtype0
97,flow0.23,646879,5.49306e+06,0,12.4,0.198601,2.5,1.8,1.5,0,vtype0
97,flow0.24,646876,5.49308e+06,0,13.5703,-1.65814,2.5,1.8,1.5,8,vtype0
97,flow0.25,646872,5.49311e+06,0,11.2718,2.25094,2.5,1.8,1.5,0,vtype0
97,flow0.26,646865,5.49312e+06,0,7.33777,2.6,2.5,1.8,1.5,1,vtype0
97,flow0.27,646848,5.49312e+06,0,8.96769,0.483059,2.5,1.8,1.5,1,vtype0
97,flow0.28,646818,5.49312e+06,0,13.7024,-1.89489,2.5,1.8,1.5,8,vtype0
97,flow0.29,646782,5.49314e+06,0,13.8858,-0.45941,2.5,1.8,1.5,0,vtype0
97,flow0.30,646786,5.49318e+06,0,13.999,0.89122,2.5,1.8,1.5,2,vtype0
97,flow0.31,646816,5.49321e+06,0,13.9931,0.773246,2.5,1.8,1.5,2,vtype0
98,flow0.0,646315,5.49301e+06,0,13.9557,0.08827,2.5,1.8,1.5,0,vtype0
98,flow0.1,646347,5.49298e+06,0,13.9724,0.714605,2.5,1.8,1.5,0,vtype0
98,flow0.2,646375,5.49295e+06,0,13.9322,0.0422488,2.5,1.8,1.5,0,vtype0
98,flow0.3,646406,5.49292e+06,0,13.8979,-0.771509,2.5,1.8,1.5,0,vtype0
98,flow0.4,646456,5.49287e+06,0,13.8804,-0.859201,2.5,1.8,1.5,0,vtype0
98,flow0.5,646481,5.49285e+06,0,13.999,1.01747,2.5,1.8,1.5,0,vtype0
98,flow0.6,646506,5.49282e+06,0,13.9739,-0.23811,2.5,1.8,1.5,0,vtype0
98,flow0.7,646585,5.49274e+06,0,6.79913,-4.5,2.5,1.8,1.5,8,vtype0
98,flow0.8,646599,5.49273e+06,0,9.01687,-3.16404,2.5,1.8,1.5,8,vtype0
98,flow0.9,646615,5.49272e+06,0,10.4324,-3.07596,2.5,1.8,1.5,8,vtype0
98,flow0.10,646632,5.49272e+06,0,11.4306,-2.39348,2.5,1.8,1.5,8,vtype0
98,flow0.11,646651,5.49271e+06,0,12.6501,-1.62729,2.5,1.8,1.5,8,vtype0
98,flow0.12,646694,5.49271e+06,0,13.8975,-0.277078,2.5,1.8,1.5,0,vtype0
98,flow0.13,646727,5.4927e+06,0,13.9321,-0.00324803,2.5,1.8,1.5,0,vtype0
98,flow0.14,646762,5.4927e+06,0,13.874,-0.586696,2.5,1.8,1.5,0,vtype0
98,flow0.15,646804,5.4927e+06,0,13.8834,-0.842623,2.5,1.8,1.5,0,vtype0
98,flow0.16,646844,5.4927e+06,0,13.8734,-1.2076,2.5,1.8,1.5,0,vtype0
98,flow0.17,646887,5.49284e+06,0,12.0108,-0.321346,2.5,1.8,1.5,0,vtype0
98,flow0.18,646888,5.49286e+06,0,11.9982,-0.226682,2.5,1.8,1.5,0,vtype0
98,flow0.19,646890,5.49288e+06,0,12.0212,0.562682,2.5,1.8,1.5,0,vtype0
98,flow0.20,646890,5.4929e+06,0,12.0543,0.75907,2.5,1.8,1.5,0,vtype0
98,flow0.21,646889,5.49292e+06,0,13.0021,-0.962371,2.5,1.8,1.5,0,vtype0
98,flow0.22,646887,5.49294e+06,0,13.8764,0.0140034,2.5,1.8,1.5,0,vtype0
98,flow0.23,646879,5.49305e+06,0,12.4111,-0.604089,2.5,1.8,1.5,0,vtype0
98,flow0.24,646878,5.49307e+06,0,13.4679,1.16692,2.5,1.8,1.5,0,vtype0
98,flow0.25,646874,5.49309e+06,0,13.2569,1.87879,2.5,1.8,1.5,0,vtype0
98,flow0.26,646871,5.49312e+06,0,9.35397,1.6888,2.5,1.8,1.5,0,vtype0
98,flow0.27,646857,5.49312e+06,0,9.28194,-4.5,2.5,1.8,1.5,9,vtype0
98,flow0.28,646831,5.49312e+06,0,13.1995,0.175809,2.5,1.8,1.5,1,vtype0
98,flow0.29,646793,5.49313e+06,0,13.9933,0.230511,2.5,1.8,1.5,0,vtype0
98,flow0.30,646777,5.49317e+06,0,13.9471,-0.259415,2.5,1.8,1.5,2,vtype0
98,flow0.31,646806,5.4932e+06,0,13.882,0.0846888,2.5,1.8,1.5,2,vtype0
98,flow0.32,646838,5.49323e+06,0,11.6828,0.267745,2.5,1.8,1.5,0,vtype0
99,flow0.0,646305,5.49302e+06,0,13.9401,0.388567,2.5,1.8,1.5,0,vtype0
99,flow0.1,646337,5.49299e+06,0,13.9731,0.272293,2.5,1.8,1.5,0,vtype0
99,flow0.2,646366,5.49296e+06,0,13.975,0.901555,2.5,1.8,1.5,0,vtype0
99,flow0.3,646396,5.49293e+06,0,13.9763,0.957955,2.5,1.8,1.5,0,vtype0
99,flow0.4,646446,5.49288e+06,0,13.9706,0.779478,2.5,1.8,1.5,0,vtype0
99,flow0.5,646471,5.49286e+06,0,13.9693,-0.210002,2.5,1.8,1.5,0,vtype0
99,flow0.6,646497,5.49283e+06,0,13.9565,0.121796,2.5,1.8,1.5,0,vtype0
99,flow0.7,646578,5.49275e+06,0,8.48979,1.80485,2.5,1.8,1.5,0,vtype0
99,flow0.8,646592,5.49274e+06,0,9.10639,0.678064,2.5,1.8,1.5,0,vtype0
99,flow0.9,646606,5.49273e+06,0,9.95636,-0.0653398,2.5,1.8,1.5,0,vtype0
99,flow0.10,646622,5.49272e+06,0,10.7375,0.928711,2.5,1.8,1.5,0,vtype0
99,flow0.11,646640,5.49272e+06,0,11.68,0.578573,2.5,1.8,1.5,0,vtype0
99,flow0.12,646680,5.49271e+06,0,13.8854,-1.0023,2.5,1.8,1.5,0,vtype0
99,flow0.13,646713,5.4927e+06,0,13.9738,0.525666,2.5,1.8,1.5,0,vtype0
99,flow0.14,646748,5.4927e+06,0,13.9811,0.290354,2.5,1.8,1.5,0,vtype0
99,flow0.15,646790,5.4927e+06,0,13.9106,-0.599448,2.5,1.8,1.5,0,vtype0
99,flow0.16,646830,5.4927e+06,0,13.8749,-0.434009,2.5,1.8,1.5,0,vtype0
99,flow0.17,646886,5.49283e+06,0,11.9794,-0.0861228,2.5,1.8,1.5,0,vtype0
99,flow0.18,646887,5.49285e+06,0,12.0135,0.327064,2.5,1.8,1.5,0,vtype0
99,flow0.19,646889,5.49287e+06,0,12.0471,-0.511053,2.5,1.8,1.5,0,vtype0
99,flow0.20,646890,5.49288e+06,0,12.0961,0.433908,2.5,1.8,1.5,0,vtype0
99,flow0.21,646890,5.4929e+06,0,12.8404,0.896815,2.5,1.8,1.5,0,vtype0
99,flow0.22,646888,5.49293e+06,0,13.96,0.458942,2.5,1.8,1.5,0,vtype0
99,flow0.23,646880,5.49304e+06,0,12.4442,-0.260907,2.5,1.8,1.5,0,vtype0
99,flow0.24,646879,5.49306e+06,0,13.1622,-0.684772,2.5,1.8,1.5,0,vtype0
99,flow0.25,646876,5.49308e+06,0,13.9964,0.735924,2.5,1.8,1.5,0,vtype0
99,flow0.26,646873,5.4931e+06,0,11.4066,1.85536,2.5,1.8,1.5,0,vtype0
99,flow0.27,646865,5.49312e+06,0,6.93178,2.6,2.5,1.8,1.5,1,vtype0
99,flow0.28,646842,5.49312e+06,0,10.4581,-0.398825,2.5,1.8,1.5,1,vtype0
99,flow0.29,646804,5.49313e+06,0,13.9788,0.885286,2.5,1.8,1.5,0,vtype0
99,flow0.30,646774,5.49315e+06,0,13.911,0.158531,2.5,1.8,1.5,0,vtype0
99,flow0.31,646796,5.49319e+06,0,13.9059,-0.203161,2.5,1.8,1.5,2,vtype0
99,flow0.32,646830,5.49322e+06,0,11.6868,-0.0394181,2.5,1.8,1.5,0,vtype0
100,flow0.33,646845,5.49324e+06,0,13.6803,0.822923,2.5,1.8,1.5,0,vtype0
100,flow0.0,646296,5.49303e+06,0,13.9513,0.066547,2.5,1.8,1.5,0,vtype0
100,flow0.1,646327,5.493e+06,0,13.9765,0.577527,2.5,1.8,1.5,0,vtype0
100,flow0.2,646356,5.49297e+06,0,13.9973,0.539107,2.5,1.8,1.5,0,vtype0
100,flow0.3,646386,5.49294e+06,0,13.871,-0.788934,2.5,1.8,1.5,0,vtype0
100,flow0.4,646436,5.49289e+06,0,13.9342,-0.566416,2.5,1.8,1.5,0,vtype0
100,flow0.5,646461,5.49287e+06,0,13.9489,0.741614,2.5,1.8,1.5,0,vtype0
100,flow0.6,646487,5.49284e+06,0,13.934,0.474435,2.5,1.8,1.5,0,vtype0
100,flow0.7,646572,5.49275e+06,0,10.3904,2.477,2.5,1.8,1.5,0,vtype0
100,flow0.8,646585,5.49274e+06,0,6.75894,-4.5,2.5,1.8,1.5,8,vtype0
100,flow0.9,646598,5.49273e+06,0,8.46381,-3.11842,2.5,1.8,1.5,8,vtype0
100,flow0.10,646612,5.49273e+06,0,9.74798,-1.58399,2.5,1.8,1.5,8,vtype0
100,flow0.11,646629,5.49272e+06,0,10.9479,-2.19088,2.5,1.8,1.5,8,vtype0
100,flow0.12,646667,5.49271e+06,0,13.9855,0.622033,2.5,1.8,1.5,0,vtype0
100,flow0.13,646699,5.49271e+06,0,13.9728,-0.0838248,2.5,1.8,1.5,0,vtype0
100,flow0.14,646734,5.4927e+06,0,13.9413,0.547401,2.5,1.8,1.5,0,vtype0
100,flow0.15,646776,5.4927e+06,0,13.9822,0.948489,2.5,1.8,1.5,0,vtype0
100,flow0.16,646816,5.4927e+06,0,13.9488,0.528794,2.5,1.8,1.5,0,vtype0
100,flow0.17,646885,5.49282e+06,0,11.9565,0.0170629,2.5,1.8,1.5,0,vtype0
100,flow0.18,646886,5.49284e+06,0,11.9355,-0.34376,2.5,1.8,1.5,0,vtype0
100,flow0.19,646888,5.49286e+06,0,12.0458,0.589964,2.5,1.8,1.5,0,vtype0
100,flow0.20,646889,5.49287e+06,0,12.0616,-0.168175,2.5,1.8,1.5,0,vtype0
100,flow0.21,646891,5.49289e+06,0,12.5731,-1.1626,2.5,1.8,1.5,0,vtype0
100,flow0.22,646889,5.49292e+06,0,13.979,0.185506,2.5,1.8,1.5,0,vtype0
100,flow0.23,646881,5.49302e+06,0,12.4279,-0.394705,2.5,1.8,1.5,0,vtype0
100,flow0.24,646880,5.49304e+06,0,13.0741,1.5993,2.5,1.8,1.5,0,vtype0
100,flow0.25,646878,5.49307e+06,0,13.8834,-0.165875,2.5,1.8,1.5,0,vtype0
100,flow0.26,646874,5.49309e+06,0,13.4052,1.37497,2.5,1.8,1.5,0,vtype0
100,flow0.27,646871,5.49312e+06,0,9.08273,1.70106,2.5,1.8,1.5,0,vtype0
100,flow0.28,646853,5.49312e+06,0,10.7707,-0.374266,2.5,1.8,1.5,1,vtype0
100,flow0.29,646818,5.49312e+06,0,13.9988,0.519547,2.5,1.8,1.5,0,vtype0
100,flow0.30,646782,5.49314e+06,0,13.9496,0.436886,2.5,1.8,1.5,0,vtype0
100,flow0.31,646786,5.49318e+06,0,13.8981,-0.0511085,2.5,1.8,1.5,2,vtype0
100,flow0.32,646822,5.49321e+06,0,11.6118,-0.651575,2.5,1.8,1.5,2,vtype0
101,flow0.0,646286,5.49304e+06,0,13.9452,-0.0541445,2.5,1.8,1.5,0,vtype0
101,flow0.1,646317,5.49301e+06,0,13.9281,-0.566867,2.5,1.8,1.5,0,vtype0
101,flow0.2,646346,5.49298e+06,0,13.9775,0.42592,2.5,1.8,1.5,0,vtype0
101,flow0.3,646376,5.49295e+06,0,13.9793,0.984599,2.5,1.8,1.5,0,vtype0
101,flow0.4,646426,5.4929e+06,0,13.8956,-0.42043,2.5,1.8,1.5,0,vtype0
101,flow0.5,646451,5.49288e+06,0,13.9961,0.54594,2.5,1.8,1.5,0,vtype0
101,flow0.6,646477,5.49285e+06,0,13.9911,0.659331,2.5,1.8,1.5,0,vtype0
101,flow0.7,646564,5.49276e+06,0,12.1512,1.89376,2.5,1.8,1.5,0,vtype0
101,flow0.8,646578,5.49275e+06,0,8.48834,2.57002,2.5,1.8,1.5,0,vtype0
101,flow0.9,646591,5.49274e+06,0,8.6928,0.715509,2.5,1.8,1.5,0,vtype0
101,flow0.10,646604,5.49273e+06,0,9.34732,0.801582,2.5,1.8,1.5,0,vtype0
101,flow0.11,646619,5.49272e+06,0,10.1934,0.0459344,2.5,1.8,1.5,0,vtype0
101,flow0.12,646653,5.49271e+06,0,13.9466,0.213344,2.5,1.8,1.5,0,vtype0
101,flow0.13,646685,5.49271e+06,0,13.8907,-0.0518936,2.5,1.8,1.5,0,vtype0
101,flow0.14,646721,5.4927e+06,0,13.9384,0.11803,2.5,1.8,1.5,0,vtype0
101,flow0.15,646762,5.4927e+06,0,13.8827,-0.00756402,2.5,1.8,1.5,0,vtype0
101,flow0.16,646802,5.4927e+06,0,13.9421,-0.121187,2.5,1.8,1.5,0,vtype0
101,flow0.17,646884,5.49281e+06,0,12.0534,0.241559,2.5,1.8,1.5,0,vtype0
101,flow0.18,646885,5.49283e+06,0,12.0234,0.933652,2.5,1.8,1.5,0,vtype0
101,flow0.19,646887,5.49284e+06,0,11.945,-1.15159,2.5,1.8,1.5,0,vtype0
101,flow0.20,646888,5.49286e+06,0,12.1018,0.497084,2.5,1.8,1.5,0,vtype0
101,flow0.21,646890,5.49288e+06,0,12.4554,-0.583501,2.5,1.8,1.5,0,vtype0
101,flow0.22,646890,5.4929e+06,0,13.9996,0.247314,2.5,1.8,1.5,0,vtype0
101,flow0.23,646882,5.49301e+06,0,12.4492,0.605241,2.5,1.8,1.5,0,vtype0
101,flow0.24,646881,5.49303e+06,0,12.8977,-0.382039,2.5,1.8,1.5,0,vtype0
101,flow0.25,646879,5.49305e+06,0,13.8583,-0.281646,2.5,1.8,1.5,0,vtype0
101,flow0.26,646877,5.49308e+06,0,13.898,-0.385221,2.5,1.8,1.5,0,vtype0
101,flow0.27,646872,5.49311e+06,0,10.9801,1.90325,2.5,1.8,1.5,0,vtype0
101,flow0.28,646862,5.49312e+06,0,6.80414,-4.5,2.5,1.8,1.5,9,vtype0
101,flow0.29,646831,5.49312e+06,0,13.0354,-3.95294,2.5,1.8,1.5,9,vtype0
101,flow0.30,646793,5.49313e+06,0,13.9442,0.181954,2.5,1.8,1.5,0,vtype0
101,flow0.31,646777,5.49317e+06,0,13.9485,0.669573,2.5,1.8,1.5,2,vtype0
101,flow0.32,646814,5.49321e+06,0,11.6664,-0.363316,2.5,1.8,1.5,2,vtype0
101,flow0.33,646836,5.49323e+06,0,13.6497,0.384427,2.5,1.8,1.5,2,vtype0
102,flow0.0,646276,5.49305e+06,0,13.9179,-0.222026,2.5,1.8,1.5,0,vtype0
102,flow0.1,646308,5.49302e+06,0,13.9291,-0.267565,2.5,1.8,1.5,0,vtype0
102,flow0.2,646337,5.49299e+06,0,13.8832,-1.01984,2.5,1.8,1.5,0,vtype0
102,flow0.3,646366,5.49296e+06,0,13.9225,-0.335503,2.5,1.8,1.5,0,vtype0
102,flow0.4,646416,5.49291e+06,0,13.9531,0.640482,2.5,1.8,1.5,0,vtype0
102,flow0.5,646441,5.49289e+06,0,13.9602,0.379912,2.5,1.8,1.5,0,vtype0
102,flow0.6,646467,5.49286e+06,0,13.9187,0.0317187,2.5,1.8,1.5,0,vtype0
102,flow0.7,646555,5.49277e+06,0,13.8736,0.83686,2.5,1.8,1.5,0,vtype0
102,flow0.8,646572,5.49275e+06,0,10.5097,2.46281,2.5,1.8,1.5,0,vtype0
102,flow0.9,646584,5.49274e+06,0,6.30689,-4.5,2.5,1.8,1.5,8,vtype0
102,flow0.10,646597,5.49274e+06,0,7.85665,-3.66395,2.5,1.8,1.5,8,vtype0
102,flow0.11,646611,5.49273e+06,0,9.24552,-1.68592,2.5,1.8,1.5,8,vtype0
102,flow0.12,646640,5.49272e+06,0,13.9994,0.315599,2.5,1.8,1.5,0,vtype0
102,flow0.13,646671,5.49271e+06,0,13.9414,0.460003,2.5,1.8,1.5,0,vtype0
102,flow0.14,646707,5.4927e+06,0,13.8795,-0.482751,2.5,1.8,1.5,0,vtype0
102,flow0.15,646748,5.4927e+06,0,13.9095,0.197841,2.5,1.8,1.5,0,vtype0
102,flow0.16,646788,5.4927e+06,0,13.9053,-0.163962,2.5,1.8,1.5,0,vtype0
102,flow0.17,646883,5.4928e+06,0,11.9763,-0.290839,2.5,1.8,1.5,0,vtype0
102,flow0.18,646884,5.49281e+06,0,11.9515,-0.774122,2.5,1.8,1.5,0,vtype0
102,flow0.19,646886,5.49283e+06,0,12.0157,-0.529997,2.5,1.8,1.5,0,vtype0
102,flow0.20,646887,5.49285e+06,0,12.0919,0.830567,2.5,1.8,1.5,0,vtype0
102,flow0.21,646889,5.49287e+06,0,12.3801,-0.693762,2.5,1.8,1.5,0,vtype0
102,flow0.22,646890,5.49289e+06,0,13.6148,-0.529473,2.5,1.8,1.5,0,vtype0
102,flow0.23,646883,5.493e+06,0,12.437,0.698401,2.5,1.8,1.5,0,vtype0
102,flow0.24,646882,5.49302e+06,0,12.7188,-0.274751,2.5,1.8,1.5,0,vtype0
102,flow0.25,646880,5.49304e+06,0,13.5693,-0.86648,2.5,1.8,1.5,0,vtype0
102,flow0.26,646878,5.49306e+06,0,13.9098,-0.0682888,2.5,1.8,1.5,0,vtype0
102,flow0.27,646874,5.49309e+06,0,12.6815,1.60144,2.5,1.8,1.5,0,vtype0
102,flow0.28,646869,5.49312e+06,0,8.51077,1.54145,2.5,1.8,1.5,0,vtype0
102,flow0.29,646844,5.49312e+06,0,12.2673,0.941428,2.5,1.8,1.5,1,vtype0
102,flow0.30,646804,5.49313e+06,0,13.936,-0.457333,2.5,1.8,1.5,0,vtype0
102,flow0.31,646774,5.49315e+06,0,13.8758,-0.925435,2.5,1.8,1.5,0,vtype0
102,flow0.32,646806,5.4932e+06,0,11.6115,0.21149,2.5,1.8,1.5,2,vtype0
102,flow0.33,646826,5.49322e+06,0,13.6262,-0.326367,2.5,1.8,1.5,2,vtype0
103,flow0.34,646845,5.49324e+06,0,13.8926,0.196427,2.5,1.8,1.5,0,vtype0
103,flow0.0,646266,5.49306e+06,0,13.909,-0.178425,2.5,1.8,1.5,0,vtype0
103,flow0.1,646298,5.49303e+06,0,13.9849,0.0942832,2.5,1.8,1.5,0,vtype0
103,flow0.2,646327,5.493e+06,0,13.9548,0.0342474,2.5,1.8,1.5,0,vtype0
103,flow0.3,646356,5.49297e+06,0,13.9335,0.468301,2.5,1.8,1.5,0,vtype0
103,flow0.4,646407,5.49292e+06,0,13.8749,-0.873799,2.5,1.8,1.5,0,vtype0
103,flow0.5,646431,5.4929e+06,0,13.919,0.0746409,2.5,1.8,1.5,0,vtype0
103,flow0.6,646457,5.49287e+06,0,13.9725,0.353369,2.5,1.8,1.5,0,vtype0
103,flow0.7,646545,5.49278e+06,0,13.9528,0.341012,2.5,1.8,1.5,0,vtype0
103,flow0.8,646564,5.49276e+06,0,12.75,2.54898,2.5,1.8,1.5,0,vtype0
103,flow0.9,646578,5.49275e+06,0,8.59172,2.41866,2.5,1.8,1.5,0,vtype0
103,flow0.10,646590,5.49274e+06,0,8.59348,0.646099,2.5,1.8,1.5,0,vtype0
103,flow0.11,646603,5.49273e+06,0,9.0542,0.02579,2.5,1.8,1.5,0,vtype0
103,flow0.12,646627,5.49272e+06,0,12.9528,-1.17743,2.5,1.8,1.5,0,vtype0
103,flow0.13,646658,5.49271e+06,0,13.9132,-0.771483,2.5,1.8,1.5,0,vtype0
103,flow0.14,646693,5.49271e+06,0,13.9313,0.500623,2.5,1.8,1.5,0,vtype0
103,flow0.15,646734,5.4927e+06,0,13.9406,-0.52184,2.5,1.8,1.5,0,vtype0
103,flow0.16,646774,5.4927e+06,0,13.9496,-0.135942,2.5,1.8,1.5,0,vtype0
103,flow0.17,646882,5.49279e+06,0,12.0277,0.492315,2.5,1.8,1.5,0,vtype0
103,flow0.18,646884,5.4928e+06,0,12.0365,-0.0267179,2.5,1.8,1.5,0,vtype0
103,flow0.19,646885,5.49282e+06,0,12.0496,0.858755,2.5,1.8,1.5,0,vtype0
103,flow0.20,646886,5.49284e+06,0,11.9749,-0.11586,2.5,1.8,1.5,0,vtype0
103,flow0.21,646888,5.49285e+06,0,12.2539,-0.641476,2.5,1.8,1.5,0,vtype0
103,flow0.22,646889,5.49288e+06,0,13.2286,-0.726866,2.5,1.8,1.5,0,vtype0
103,flow0.23,646884,5.49299e+06,0,12.4352,-0.39794,2.5,1.8,1.5,0,vtype0
103,flow0.24,646883,5.49301e+06,0,12.716,-0.229281,2.5,1.8,1.5,0,vtype0
103,flow0.25,646881,5.49303e+06,0,13.3418,-0.0705232,2.5,1.8,1.5,0,vtype0
103,flow0.26,646879,5.49305e+06,0,13.9153,0.317205,2.5,1.8,1.5,0,vtype0
103,flow0.27,646876,5.49308e+06,0,13.9235,0.17134,2.5,1.8,1.5,0,vtype0
103,flow0.28,646872,5.49311e+06,0,10.5581,2.30997,2.5,1.8,1.5,0,vtype0
103,flow0.29,646855,5.49312e+06,0,10.3062,-4.5,2.5,1.8,1.5,9,vtype0
103,flow0.30,646818,5.49312e+06,0,13.9778,0.314361,2.5,1.8,1.5,0,vtype0
103,flow0.31,646782,5.49314e+06,0,13.9634,-0.0959032,2.5,1.8,1.5,0,vtype0
103,flow0.32,646797,5.49319e+06,0,11.6323,0.185148,2.5,1.8,1.5,2,vtype0
103,flow0.33,646817,5.49321e+06,0,13.5836,-0.200959,2.5,1.8,1.5,2,vtype0
104,flow0.0,646256,5.49307e+06,0,13.951,0.78891,2.5,1.8,1.5,0,vtype0
104,flow0.1,646288,5.49304e+06,0,13.9836,0.0216717,2.5,1.8,1.5,0,vtype0
104,flow0.2,646317,5.49301e+06,0,13.947,0.433339,2.5,1.8,1.5,0,vtype0
104,flow0.3,646346,5.49298e+06,0,13.9703,0.231568,2.5,1.8,1.5,0,vtype0
104,flow0.4,646397,5.49293e+06,0,13.9959,0.976747,2.5,1.8,1.5,0,vtype0
104,flow0.5,646421,5.49291e+06,0,13.9659,0.0385891,2.5,1.8,1.5,0,vtype0
104,flow0.6,646447,5.49288e+06,0,13.921,0.125973,2.5,1.8,1.5,0,vtype0
104,flow0.7,646536,5.49279e+06,0,13.9078,-0.784761,2.5,1.8,1.5,0,vtype0
104,flow0.8,646554,5.49277e+06,0,13.9663,0.398195,2.5,1.8,1.5,0,vtype0
104,flow0.9,646571,5.49275e+06,0,10.4212,1.84985,2.5,1.8,1.5,0,vtype0
104,flow0.10,646583,5.49274e+06,0,6.32229,2.6,2.5,1.8,1.5,0,vtype0
104,flow0.11,646596,5.49274e+06,0,7.36844,-3.11408,2.5,1.8,1.5,8,vtype0
104,flow0.12,646616,5.49272e+06,0,11.2955,-2.34954,2.5,1.8,1.5,8,vtype0
104,flow0.13,646644,5.49271e+06,0,13.9155,-0.577016,2.5,1.8,1.5,0,vtype0
104,flow0.14,646679,5.49271e+06,0,13.8834,-0.850654,2.5,1.8,1.5,0,vtype0
104,flow0.15,646720,5.4927e+06,0,13.9952,0.164458,2.5,1.8,1.5,0,vtype0
104,flow0.16,646760,5.4927e+06,0,13.9407,-0.196449,2.5,1.8,1.5,0,vtype0
104,flow0.17,646881,5.49277e+06,0,11.9891,0.119913,2.5,1.8,1.5,0,vtype0
104,flow0.18,646883,5.49279e+06,0,12.0329,0.206495,2.5,1.8,1.5,0,vtype0
104,flow0.19,646884,5.49281e+06,0,11.9536,-1.35938,2.5,1.8,1.5,8,vtype0
104,flow0.20,646885,5.49282e+06,0,12.0694,1.3957,2.5,1.8,1.5,0,vtype0
104,flow0.21,646887,5.49284e+06,0,12.162,-0.249752,2.5,1.8,1.5,0,vtype0
104,flow0.22,646888,5.49286e+06,0,12.9171,-1.35997,2.5,1.8,1.5,0,vtype0
104,flow0.23,646885,5.49297e+06,0,12.4588,0.326816,2.5,1.8,1.5,0,vtype0
104,flow0.24,646883,5.49299e+06,0,12.629,0.435424,2.5,1.8,1.5,0,vtype0
104,flow0.25,646882,5.49301e+06,0,13.0339,-0.834564,2.5,1.8,1.5,0,vtype0
104,flow0.26,646880,5.49304e+06,0,13.9361,0.262971,2.5,1.8,1.5,0,vtype0
104,flow0.27,646878,5.49307e+06,0,13.8722,-0.816136,2.5,1.8,1.5,0,vtype0
104,flow0.28,646873,5.4931e+06,0,12.4558,2.26653,2.5,1.8,1.5,0,vtype0
104,flow0.29,646863,5.49312e+06,0,6.51617,2.6,2.5,1.8,1.5,1,vtype0
104,flow0.30,646831,5.49312e+06,0,13.0236,-3.47595,2.5,1.8,1.5,9,vtype0
104,flow0.31,646793,5.49313e+06,0,13.9616,0.912062,2.5,1.8,1.5,0,vtype0
104,flow0.32,646789,5.49318e+06,0,11.6106,-0.899589,2.5,1.8,1.5,2,vtype0
104,flow0.33,646807,5.4932e+06,0,13.6229,-0.259311,2.5,1.8,1.5,2,vtype0
104,flow0.34,646835,5.49323e+06,0,13.963,0.337848,2.5,1.8,1.5,2,vtype0
105,flow0.0,646246,5.49308e+06,0,13.9295,0.484358,2.5,1.8,1.5,0,vtype0
105,flow0.1,646278,5.49305e+06,0,13.9308,-0.054198,2.5,1.8,1.5,0,vtype0
105,flow0.2,646307,5.49302e+06,0,13.8917,-0.790059,2.5,1.8,1.5,0,vtype0
105,flow0.3,646337,5.49299e+06,0,13.8798,-1.14157,2.5,1.8,1.5,0,vtype0
105,flow0.4,646387,5.49294e+06,0,13.9703,-0.246319,2.5,1.8,1.5,0,vtype0
105,flow0.5,646411,5.49292e+06,0,13.9479,0.646451,2.5,1.8,1.5,0,vtype0
105,flow0.6,646437,5.49289e+06,0,13.9853,0.361485,2.5,1.8,1.5,0,vtype0
105,flow0.7,646526,5.4928e+06,0,13.9711,0.178528,2.5,1.8,1.5,0,vtype0
105,flow0.8,646545,5.49278e+06,0,13.9172,0.441568,2.5,1.8,1.5,0,vtype0
105,flow0.9,646563,5.49276e+06,0,12.3213,1.34931,2.5,1.8,1.5,0,vtype0
105,flow0.10,646577,5.49275e+06,0,8.49641,1.425,2.5,1.8,1.5,0,vtype0
105,flow0.11,646589,5.49274e+06,0,8.47321,1.08025,2.5,1.8,1.5,0,vtype0
105,flow0.12,646606,5.49273e+06,0,10.7366,0.598223,2.5,1.8,1.5,0,vtype0
105,flow0.13,646631,5.49272e+06,0,13.8683,-0.595963,2.5,1.8,1.5,0,vtype0
105,flow0.14,646665,5.49271e+06,0,13.9554,0.748718,2.5,1.8,1.5,0,vtype0
105,flow0.15,646706,5.4927e+06,0,13.9472,0.0252075,2.5,1.8,1.5,0,vtype0
105,flow0.16,646746,5.4927e+06,0,13.9237,-0.341906,2.5,1.8,1.5,0,vtype0
105,flow0.17,646880,5.49276e+06,0,11.9447,-0.312518,2.5,1.8,1.5,0,vtype0
105,flow0.18,646882,5.49278e+06,0,12.0217,-0.78444,2.5,1.8,1.5,0,vtype0
105,flow0.19,646883,5.4928e+06,0,12.1247,1.71177,2.5,1.8,1.5,0,vtype0
105,flow0.20,646884,5.49281e+06,0,11.9283,-0.908646,2.5,1.8,1.5,0,vtype0
105,flow0.21,646886,5.49283e+06,0,12.1032,-0.961988,2.5,1.8,1.5,0,vtype0
105,flow0.22,646887,5.49285e+06,0,12.8252,-0.768195,2.5,1.8,1.5,0,vtype0
105,flow0.23,646886,5.49296e+06,0,12.4642,0.722905,2.5,1.8,1.5,0,vtype0
105,flow0.24,646884,5.49298e+06,0,12.5133,-0.352272,2.5,1.8,1.5,0,vtype0
105,flow0.25,646883,5.493e+06,0,12.9042,-0.602479,2.5,1.8,1.5,0,vtype0
105,flow0.26,646881,5.49302e+06,0,13.8834,-1.0902,2.5,1.8,1.5,0,vtype0
105,flow0.27,646879,5.49305e+06,0,13.8883,-0.633466,2.5,1.8,1.5,0,vtype0
105,flow0.28,646876,5.49309e+06,0,13.9877,0.337518,2.5,1.8,1.5,0,vtype0
105,flow0.29,646870,5.49312e+06,0,8.67873,1.55086,2.5,1.8,1.5,0,vtype0
105,flow0.30,646844,5.49312e+06,0,12.5875,-0.13442,2.5,1.8,1.5,1,vtype0
105,flow0.31,646804,5.49313e+06,0,13.9337,-0.637592,2.5,1.8,1.5,0,vtype0
105,flow0.32,646781,5.49317e+06,0,11.6574,-0.095291,2.5,1.8,1.5,2,vtype0
105,flow0.33,646797,5.49319e+06,0,13.4156,-0.182375,2.5,1.8,1.5,2,vtype0
105,flow0.34,646826,5.49322e+06,0,13.8902,-0.27734,2.5,1.8,1.5,2,vtype0
106,flow0.35,646845,5.49324e+06,0,13.9876,-0.0739098,2.5,1.8,1.5,0,vtype0
106,flow0.0,646236,5.49309e+06,0,13.8956,-0.765839,2.5,1.8,1.5,0,vtype0
106,flow0.1,646268,5.49306e+06,0,13.8833,-0.242416,2.5,1.8,1.5,0,vtype0
106,flow0.2,646298,5.49303e+06,0,13.9233,-0.523089,2.5,1.8,1.5,0,vtype0
106,flow0.3,646327,5.493e+06,0,13.9988,0.599693,2.5,1.8,1.5,0,vtype0
106,flow0.4,646377,5.49295e+06,0,13.9845,1.01771,2.5,1.8,1.5,0,vtype0
106,flow0.5,646401,5.49293e+06,0,13.9876,-0.0119744,2.5,1.8,1.5,0,vtype0
106,flow0.6,646427,5.4929e+06,0,13.9738,0.0505715,2.5,1.8,1.5,0,vtype0
106,flow0.7,646517,5.49281e+06,0,13.8919,-0.742956,2.5,1.8,1.5,0,vtype0
106,flow0.8,646535,5.49279e+06,0,13.9126,0.0932031,2.5,1.8,1.5,0,vtype0
106,flow0.9,646554,5.49277e+06,0,13.9845,0.0450058,2.5,1.8,1.5,0,vtype0
106,flow0.10,646570,5.49275e+06,0,10.5128,1.70075,2.5,1.8,1.5,0,vtype0
106,flow0.11,646582,5.49274e+06,0,7.18354,2.6,2.5,1.8,1.5,0,vtype0
106,flow0.12,646598,5.49273e+06,0,9.21317,1.35671,2.5,1.8,1.5,0,vtype0
106,flow0.13,646619,5.49272e+06,0,12.1941,-1.03532,2.5,1.8,1.5,0,vtype0
106,flow0.14,646652,5.49271e+06,0,13.9091,-0.603871,2.5,1.8,1.5,0,vtype0
106,flow0.15,646692,5.49271e+06,0,13.9985,1.24896,2.5,1.8,1.5,0,vtype0
106,flow0.16,646732,5.4927e+06,0,13.9655,0.868064,2.5,1.8,1.5,0,vtype0
106,flow0.17,646879,5.49275e+06,0,12.0413,0.00792883,2.5,1.8,1.5,0,vtype0
106,flow0.18,646881,5.49277e+06,0,12.0226,1.01892,2.5,1.8,1.5,0,vtype0
106,flow0.19,646882,5.49278e+06,0,11.9913,-0.120221,2.5,1.8,1.5,0,vtype0
106,flow0.20,646883,5.4928e+06,0,12.0662,0.60424,2.5,1.8,1.5,0,vtype0
106,flow0.21,646885,5.49282e+06,0,12.1487,0.870865,2.5,1.8,1.5,0,vtype0
106,flow0.22,646886,5.49284e+06,0,12.6168,0.268116,2.5,1.8,1.5,0,vtype0
106,flow0.23,646887,5.49295e+06,0,12.3905,-0.874214,2.5,1.8,1.5,0,vtype0
106,flow0.24,646885,5.49297e+06,0,12.6057,0.815469,2.5,1.8,1.5,0,vtype0
106,flow0.25,646884,5.49299e+06,0,12.8567,-0.593552,2.5,1.8,1.5,0,vtype0
106,flow0.26,646882,5.49301e+06,0,13.8946,-0.842394,2.5,1.8,1.5,0,vtype0
106,flow0.27,646880,5.49304e+06,0,13.9548,0.456308,2.5,1.8,1.5,0,vtype0
106,flow0.28,646878,5.49307e+06,0,13.9152,-0.408854,2.5,1.8,1.5,0,vtype0
106,flow0.29,646872,5.49311e+06,0,10.8035,2.13589,2.5,1.8,1.5,0,vtype0
106,flow0.30,646856,5.49312e+06,0,10.0548,-4.5,2.5,1.8,1.5,9,vtype0
106,flow0.31,646818,5.49312e+06,0,13.9198,0.0288252,2.5,1.8,1.5,0,vtype0
106,flow0.32,646775,5.49316e+06,0,11.594,-0.814915,2.5,1.8,1.5,2,vtype0
106,flow0.33,646788,5.49318e+06,0,12.9798,0.257647,2.5,1.8,1.5,2,vtype0
106,flow0.34,646816,5.49321e+06,0,13.8959,0.194596,2.5,1.8,1.5,2,vtype0
107,flow0.0,646226,5.4931e+06,0,13.9561,-0.435128,2.5,1.8,1.5,0,vtype0
107,flow0.1,646258,5.49307e+06,0,13.9306,-0.450143,2.5,1.8,1.5,0,vtype0
107,flow0.2,646288,5.49304e+06,0,13.897,-0.528653,2.5,1.8,1.5,0,vtype0
107,flow0.3,646317,5.49301e+06,0,13.9455,-0.390579,2.5,1.8,1.5,0,vtype0
107,flow0.4,646367,5.49296e+06,0,13.9464,-0.532424,2.5,1.8,1.5,0,vtype0
107,flow0.5,646391,5.49294e+06,0,13.9584,0.312775,2.5,1.8,1.5,0,vtype0
107,flow0.6,646417,5.49291e+06,0,13.9476,-0.453499,2.5,1.8,1.5,0,vtype0
107,flow0.7,646507,5.49282e+06,0,13.9953,0.608284,2.5,1.8,1.5,0,vtype0
107,flow0.8,646526,5.4928e+06,0,13.9492,0.647635,2.5,1.8,1.5,0,vtype0
107,flow0.9,646545,5.49278e+06,0,13.9452,-0.3479,2.5,1.8,1.5,0,vtype0
107,flow0.10,646563,5.49276e+06,0,12.3085,1.57908,2.5,1.8,1.5,0,vtype0
107,flow0.11,646576,5.49275e+06,0,9.32068,1.60635,2.5,1.8,1.5,0,vtype0
107,flow0.12,646590,5.49274e+06,0,9.97211,0.689481,2.5,1.8,1.5,0,vtype0
107,flow0.13,646608,5.49273e+06,0,11.9372,-0.523472,2.5,1.8,1.5,0,vtype0
107,flow0.14,646638,5.49272e+06,0,13.8967,0.0173173,2.5,1.8,1.5,0,vtype0
107,flow0.15,646679,5.49271e+06,0,13.9524,0.600939,2.5,1.8,1.5,0,vtype0
107,flow0.16,646718,5.4927e+06,0,13.9323,0.441967,2.5,1.8,1.5,0,vtype0
107,flow0.17,646879,5.49274e+06,0,12.255,2.04166,2.5,1.8,1.5,0,vtype0
107,flow0.18,646880,5.49275e+06,0,11.9882,-0.665405,2.5,1.8,1.5,0,vtype0
107,flow0.19,646881,5.49277e+06,0,11.9755,0.463195,2.5,1.8,1.5,0,vtype0
107,flow0.20,646882,5.49279e+06,0,11.9826,-0.545965,2.5,1.8,1.5,0,vtype0
107,flow0.21,646884,5.49281e+06,0,12.1687,0.447999,2.5,1.8,1.5,0,vtype0
107,flow0.22,646885,5.49282e+06,0,12.4566,0.741996,2.5,1.8,1.5,0,vtype0
107,flow0.23,646888,5.49294e+06,0,12.3922,-0.410776,2.5,1.8,1.5,0,vtype0
107,flow0.24,646886,5.49295e+06,0,12.5762,0.384802,2.5,1.8,1.5,0,vtype0
107,flow0.25,646885,5.49297e+06,0,12.8038,0.0151365,2.5,1.8,1.5,0,vtype0
107,flow0.26,646883,5.493e+06,0,13.7855,-0.0228899,2.5,1.8,1.5,0,vtype0
107,flow0.27,646881,5.49303e+06,0,13.8884,-1.00495,2.5,1.8,1.5,0,vtype0
107,flow0.28,646879,5.49306e+06,0,13.8839,-0.749197,2.5,1.8,1.5,0,vtype0
107,flow0.29,646874,5.4931e+06,0,12.9365,2.46011,2.5,1.8,1.5,0,vtype0
107,flow0.30,646864,5.49312e+06,0,6.97477,2.6,2.5,1.8,1.5,1,vtype0
107,flow0.31,646831,5.49312e+06,0,13.2791,-0.61857,2.5,1.8,1.5,1,vtype0
107,flow0.32,646775,5.49315e+06,0,11.665,-0.201648,2.5,1.8,1.5,0,vtype0
107,flow0.33,646780,5.49317e+06,0,12.6567,-0.498393,2.5,1.8,1.5,2,vtype0
107,flow0.34,646806,5.4932e+06,0,13.8741,-0.652544,2.5,1.8,1.5,2,vtype0
107,flow0.35,646835,5.49323e+06,0,13.9651,0.49017,2.5,1.8,1.5,2,vtype0
108,flow0.0,646216,5.49311e+06,0,13.8965,-0.301721,2.5,1.8,1.5,0,vtype0
108,flow0.1,646248,5.49308e+06,0,13.9837,1.12102,2.5,1.8,1.5,0,vtype0
108,flow0.2,646278,5.49305e+06,0,13.9258,-0.336233,2.5,1.8,1.5,0,vtype0
108,flow0.3,646307,5.49302e+06,0,13.9091,-0.869552,2.5,1.8,1.5,0,vtype0
108,flow0.4,646357,5.49297e+06,0,13.9879,1.00378,2.5,1.8,1.5,0,vtype0
108,flow0.5,646381,5.49295e+06,0,13.8985,-0.18547,2.5,1.8,1.5,0,vtype0
108,flow0.6,646407,5.49292e+06,0,13.9737,0.849964,2.5,1.8,1.5,0,vtype0
108,flow0.7,646498,5.49283e+06,0,13.8818,-0.258704,2.5,1.8,1.5,0,vtype0
108,flow0.8,646516,5.49281e+06,0,13.9181,-0.52714,2.5,1.8,1.5,0,vtype0
108,flow0.9,646535,5.49279e+06,0,13.9712,0.904352,2.5,1.8,1.5,0,vtype0
108,flow0.10,646553,5.49277e+06,0,13.9738,0.552644,2.5,1.8,1.5,0,vtype0
108,flow0.11,646569,5.49276e+06,0,11.3883,2.38791,2.5,1.8,1.5,0,vtype0
108,flow0.12,646583,5.49274e+06,0,6.91475,2.6,2.5,1.8,1.5,0,vtype0
108,flow0.13,646599,5.49273e+06,0,9.40713,1.32595,2.5,1.8,1.5,0,vtype0
108,flow0.14,646625,5.49272e+06,0,13.6172,-2.84079,2.5,1.8,1.5,8,vtype0
108,flow0.15,646665,5.49271e+06,0,13.9773,0.147665,2.5,1.8,1.5,0,vtype0
108,flow0.16,646704,5.4927e+06,0,13.9967,0.988423,2.5,1.8,1.5,0,vtype0
108,flow0.17,646878,5.49272e+06,0,13.8791,-1.0366,2.5,1.8,1.5,0,vtype0
108,flow0.18,646879,5.49274e+06,0,13.6484,0.611343,2.5,1.8,1.5,0,vtype0
108,flow0.19,646880,5.49276e+06,0,13.2552,2.06399,2.5,1.8,1.5,0,vtype0
108,flow0.20,646881,5.49278e+06,0,12.869,2.17732,2.5,1.8,1.5,0,vtype0
108,flow0.21,646883,5.49279e+06,0,12.5127,-1.37668,2.5,1.8,1.5,0,vtype0
108,flow0.22,646884,5.49281e+06,0,12.8342,1.83973,2.5,1.8,1.5,0,vtype0
108,flow0.23,646888,5.49292e+06,0,12.3897,-0.0423393,2.5,1.8,1.5,0,vtype0
108,flow0.24,646887,5.49294e+06,0,12.4466,-0.151868,2.5,1.8,1.5,0,vtype0
108,flow0.25,646886,5.49296e+06,0,12.6239,-1.43653,2.5,1.8,1.5,0,vtype0
108,flow0.26,646884,5.49298e+06,0,13.571,-0.466459,2.5,1.8,1.5,0,vtype0
108,flow0.27,646882,5.49301e+06,0,13.8992,-0.0667718,2.5,1.8,1.5,0,vtype0
108,flow0.28,646880,5.49304e+06,0,13.9107,-0.0988252,2.5,1.8,1.5,0,vtype0
108,flow0.29,646876,5.49308e+06,0,13.9517,0.147584,2.5,1.8,1.5,0,vtype0
108,flow0.30,646871,5.49312e+06,0,9.16638,1.41775,2.5,1.8,1.5,0,vtype0
108,flow0.31,646845,5.49312e+06,0,13.016,0.0816458,2.5,1.8,1.5,1,vtype0
108,flow0.32,646783,5.49314e+06,0,11.5982,-0.265652,2.5,1.8,1.5,0,vtype0
108,flow0.33,646775,5.49316e+06,0,12.3943,-0.781048,2.5,1.8,1.5,2,vtype0
108,flow0.34,646796,5.49319e+06,0,13.9124,-0.874869,2.5,1.8,1.5,2,vtype0
108,flow0.35,646825,5.49322e+06,0,13.9333,0.378869,2.5,1.8,1.5,2,vtype0
109,flow0.36,646845,5.49324e+06,0,13.9857,0.927958,2.5,1.8,1.5,0,vtype0
109,flow0.0,646206,5.49312e+06,0,13.9782,-0.00577233,2.5,1.8,1.5,0,vtype0
109,flow0.1,646238,5.49309e+06,0,13.9985,0.924269,2.5,1.8,1.5,0,vtype0
109,flow0.2,646268,5.49306e+06,0,13.9164,-0.261039,2.5,1.8,1.5,0,vtype0
109,flow0.3,646298,5.49303e+06,0,13.9212,-0.233927,2.5,1.8,1.5,0,vtype0
109,flow0.4,646347,5.49298e+06,0,13.9514,0.22446,2.5,1.8,1.5,0,vtype0
109,flow0.5,646371,5.49296e+06,0,13.9599,0.0717549,2.5,1.8,1.5,0,vtype0
109,flow0.6,646397,5.49293e+06,0,13.9677,0.0742089,2.5,1.8,1.5,0,vtype0
109,flow0.7,646488,5.49284e+06,0,13.9056,-0.604299,2.5,1.8,1.5,0,vtype0
109,flow0.8,646507,5.49282e+06,0,13.9994,0.831625,2.5,1.8,1.5,0,vtype0
109,flow0.9,646526,5.4928e+06,0,13.9218,-0.442415,2.5,1.8,1.5,0,vtype0
109,flow0.10,646544,5.49278e+06,0,13.9337,0.163211,2.5,1.8,1.5,0,vtype0
109,flow0.11,646560,5.49277e+06,0,13.2327,1.80616,2.5,1.8,1.5,0,vtype0
109,flow0.12,646576,5.49275e+06,0,9.09303,1.85647,2.5,1.8,1.5,0,vtype0
109,flow0.13,646591,5.49274e+06,0,10.0674,1.17173,2.5,1.8,1.5,0,vtype0
109,flow0.14,646613,5.49273e+06,0,13.0898,0.159421,2.5,1.8,1.5,0,vtype0
109,flow0.15,646651,5.49271e+06,0,13.9789,0.379859,2.5,1.8,1.5,0,vtype0
109,flow0.16,646690,5.49271e+06,0,13.9223,0.436564,2.5,1.8,1.5,0,vtype0
109,flow0.17,646871,5.49271e+06,0,13.882,-0.0335418,2.5,1.8,1.5,0,vtype0
109,flow0.18,646878,5.49273e+06,0,13.606,-0.22277,2.5,1.8,1.5,0,vtype0
109,flow0.19,646879,5.49275e+06,0,13.3096,-0.641656,2.5,1.8,1.5,0,vtype0
109,flow0.20,646880,5.49276e+06,0,13.1092,-0.596587,2.5,1.8,1.5,0,vtype0
109,flow0.21,646882,5.49278e+06,0,12.9417,0.368231,2.5,1.8,1.5,0,vtype0
109,flow0.22,646883,5.4928e+06,0,12.9868,0.700258,2.5,1.8,1.5,0,vtype0
109,flow0.23,646889,5.49291e+06,0,12.4211,0.336026,2.5,1.8,1.5,0,vtype0
109,flow0.24,646888,5.49293e+06,0,12.4356,-0.420692,2.5,1.8,1.5,0,vtype0
109,flow0.25,646887,5.49295e+06,0,12.6679,0.0989477,2.5,1.8,1.5,0,vtype0
109,flow0.26,646885,5.49297e+06,0,13.3457,0.219036,2.5,1.8,1.5,0,vtype0
109,flow0.27,646883,5.493e+06,0,13.9167,0.380725,2.5,1.8,1.5,0,vtype0
109,flow0.28,646881,5.49303e+06,0,13.9734,0.848497,2.5,1.8,1.5,0,vtype0
109,flow0.29,646878,5.49307e+06,0,13.9119,-0.615136,2.5,1.8,1.5,0,vtype0
109,flow0.30,646872,5.49311e+06,0,11.1938,1.36346,2.5,1.8,1.5,0,vtype0
109,flow0.31,646856,5.49312e+06,0,9.90053,-4.31443,2.5,1.8,1.5,9,vtype0
109,flow0.32,646792,5.49314e+06,0,11.6865,0.140537,2.5,1.8,1.5,0,vtype0
109,flow0.33,646777,5.49315e+06,0,12.231,-0.867077,2.5,1.8,1.5,0,vtype0
109,flow0.34,646786,5.49318e+06,0,13.955,-0.282887,2.5,1.8,1.5,2,vtype0
109,flow0.35,646816,5.49321e+06,0,13.8811,-0.51424,2.5,1.8,1.5,2,vtype0
110,flow0.0,646196,5.49313e+06,0,13.9872,0.842857,2.5,1.8,1.5,0,vtype0
110,flow0.1,646228,5.4931e+06,0,13.9098,-0.302386,2.5,1.8,1.5,0,vtype0
110,flow0.2,646258,5.49307e+06,0,13.9957,0.298836,2.5,1.8,1.5,0,vtype0
110,flow0.3,646288,5.49304e+06,0,13.9207,-0.460807,2.5,1.8,1.5,0,vtype0
110,flow0.4,646338,5.49299e+06,0,13.9685,0.818629,2.5,1.8,1.5,0,vtype0
110,flow0.5,646361,5.49297e+06,0,13.9285,-0.422767,2.5,1.8,1.5,0,vtype0
110,flow0.6,646387,5.49294e+06,0,13.9071,0.270614,2.5,1.8,1.5,0,vtype0
110,flow0.7,646478,5.49285e+06,0,13.9717,0.866326,2.5,1.8,1.5,0,vtype0
110,flow0.8,646497,5.49283e+06,0,13.9698,0.330644,2.5,1.8,1.5,0,vtype0
110,flow0.9,646516,5.49281e+06,0,13.9748,-0.119448,2.5,1.8,1.5,0,vtype0
110,flow0.10,646534,5.49279e+06,0,13.9533,0.474,2.5,1.8,1.5,0,vtype0
110,flow0.11,646551,5.49278e+06,0,13.9761,0.147578,2.5,1.8,1.5,0,vtype0
110,flow0.12,646570,5.49276e+06,0,10.8935,1.66976,2.5,1.8,1.5,0,vtype0
110,flow0.13,646584,5.49274e+06,0,6.20417,-4.5,2.5,1.8,1.5,8,vtype0
110,flow0.14,646603,5.49273e+06,0,10.454,-2.64437,2.5,1.8,1.5,8,vtype0
110,flow0.15,646638,5.49272e+06,0,13.927,-0.289286,2.5,1.8,1.5,0,vtype0
110,flow0.16,646677,5.49271e+06,0,13.983,0.692387,2.5,1.8,1.5,0,vtype0
110,flow0.17,646860,5.4927e+06,0,13.9676,0.17022,2.5,1.8,1.5,0,vtype0
110,flow0.18,646874,5.49272e+06,0,13.7664,0.0613094,2.5,1.8,1.5,0,vtype0
110,flow0.19,646879,5.49273e+06,0,13.5737,1.1126,2.5,1.8,1.5,0,vtype0
110,flow0.20,646880,5.49275e+06,0,13.2564,-0.172341,2.5,1.8,1.5,0,vtype0
110,flow0.21,646881,5.49277e+06,0,13.1133,0.0212524,2.5,1.8,1.5,0,vtype0
110,flow0.22,646882,5.49279e+06,0,13.1644,0.637048,2.5,1.8,1.5,0,vtype0
110,flow0.23,646890,5.4929e+06,0,12.4558,0.0153008,2.5,1.8,1.5,0,vtype0
110,flow0.24,646889,5.49292e+06,0,12.5201,1.01189,2.5,1.8,1.5,0,vtype0
110,flow0.25,646888,5.49294e+06,0,12.5701,-0.638491,2.5,1.8,1.5,0,vtype0
110,flow0.26,646886,5.49296e+06,0,13.1279,-0.787038,2.5,1.8,1.5,0,vtype0
110,flow0.27,646884,5.49298e+06,0,13.8928,-0.324925,2.5,1.8,1.5,0,vtype0
110,flow0.28,646882,5.49302e+06,0,13.9446,0.139593,2.5,1.8,1.5,0,vtype0
110,flow0.29,646879,5.49306e+06,0,13.955,-0.378743,2.5,1.8,1.5,0,vtype0
110,flow0.30,646874,5.49309e+06,0,13.0595,1.48234,2.5,1.8,1.5,0,vtype0
110,flow0.31,646864,5.49312e+06,0,6.82053,2.6,2.5,1.8,1.5,1,vtype0
110,flow0.32,646800,5.49313e+06,0,11.6748,-0.0798716,2.5,1.8,1.5,0,vtype0
110,flow0.33,646787,5.49314e+06,0,12.1655,0.899561,2.5,1.8,1.5,0,vtype0
110,flow0.34,646777,5.49317e+06,0,13.9029,-0.398718,2.5,1.8,1.5,2,vtype0
110,flow0.35,646806,5.4932e+06,0,13.8703,-0.132039,2.5,1.8,1.5,2,vtype0
110,flow0.36,646835,5.49323e+06,0,13.9495,0.795265,2.5,1.8,1.5,2,vtype0
111,flow0.0,646186,5.49314e+06,0,13.886,-0.315273,2.5,1.8,1.5,0,vtype0
111,flow0.1,646218,5.49311e+06,0,13.9051,0.0372786,2.5,1.8,1.5,0,vtype0
111,flow0.2,646248,5.49308e+06,0,13.9969,0.633431,2.5,1.8,1.5,0,vtype0
111,flow0.3,646278,5.49305e+06,0,13.9643,0.749867,2.5,1.8,1.5,0,vtype0
111,flow0.4,646328,5.493e+06,0,13.9548,0.320436,2.5,1.8,1.5,0,vtype0
111,flow0.5,646352,5.49298e+06,0,13.9538,0.595294,2.5,1.8,1.5,0,vtype0
111,flow0.6,646377,5.49295e+06,0,13.9683,0.534007,2.5,1.8,1.5,0,vtype0
111,flow0.7,646468,5.49286e+06,0,13.9976,1.09907,2.5,1.8,1.5,0,vtype0
111,flow0.8,646488,5.49284e+06,0,13.9117,-0.296274,2.5,1.8,1.5,0,vtype0
111,flow0.9,646506,5.49282e+06,0,13.8733,-1.24926,2.5,1.8,1.5,0,vtype0
111,flow0.10,646525,5.4928e+06,0,13.899,-0.343667,2.5,1.8,1.5,0,vtype0
111,flow0.11,646541,5.49279e+06,0,13.9353,0.554298,2.5,1.8,1.5,0,vtype0
111,flow0.12,646561,5.49276e+06,0,12.7654,1.98325,2.5,1.8,1.5,0,vtype0
111,flow0.13,646578,5.49275e+06,0,8.51256,1.81019,2.5,1.8,1.5,0,vtype0
111,flow0.14,646594,5.49274e+06,0,10.2929,0.0213572,2.5,1.8,1.5,0,vtype0
111,flow0.15,646625,5.49272e+06,0,13.8978,-0.751822,2.5,1.8,1.5,0,vtype0
111,flow0.16,646663,5.49271e+06,0,13.9473,-0.504166,2.5,1.8,1.5,0,vtype0
111,flow0.17,646847,5.4927e+06,0,13.9404,0.478568,2.5,1.8,1.5,0,vtype0
111,flow0.18,646864,5.49271e+06,0,13.6873,-0.573172,2.5,1.8,1.5,0,vtype0
111,flow0.19,646876,5.49272e+06,0,13.5648,-0.54925,2.5,1.8,1.5,0,vtype0
111,flow0.20,646879,5.49274e+06,0,13.4652,0.69071,2.5,1.8,1.5,0,vtype0
111,flow0.21,646880,5.49276e+06,0,13.1965,0.248478,2.5,1.8,1.5,0,vtype0
111,flow0.22,646881,5.49277e+06,0,13.2283,0.0270851,2.5,1.8,1.5,0,vtype0
111,flow0.23,646890,5.49289e+06,0,12.4754,0.911046,2.5,1.8,1.5,0,vtype0
111,flow0.24,646890,5.49291e+06,0,12.3776,-0.86549,2.5,1.8,1.5,0,vtype0
111,flow0.25,646889,5.49292e+06,0,12.6205,0.489786,2.5,1.8,1.5,0,vtype0
111,flow0.26,646887,5.49294e+06,0,13.0144,-0.0200055,2.5,1.8,1.5,0,vtype0
111,flow0.27,646885,5.49297e+06,0,13.9852,0.77989,2.5,1.8,1.5,0,vtype0
111,flow0.28,646883,5.493e+06,0,13.9502,0.371804,2.5,1.8,1.5,0,vtype0
111,flow0.29,646880,5.49304e+06,0,13.997,1.02365,2.5,1.8,1.5,0,vtype0
111,flow0.30,646876,5.49308e+06,0,13.9704,0.646013,2.5,1.8,1.5,0,vtype0
111,flow0.31,646871,5.49312e+06,0,9.25125,2.47436,2.5,1.8,1.5,0,vtype0
111,flow0.32,646812,5.49313e+06,0,11.6984,0.340339,2.5,1.8,1.5,0,vtype0
111,flow0.33,646796,5.49313e+06,0,11.9514,-1.05101,2.5,1.8,1.5,0,vtype0
111,flow0.34,646774,5.49315e+06,0,13.8871,-0.593803,2.5,1.8,1.5,0,vtype0
111,flow0.35,646796,5.49319e+06,0,13.8859,-0.428832,2.5,1.8,1.5,2,vtype0
111,flow0.36,646826,5.49322e+06,0,13.8994,-0.610539,2.5,1.8,1.5,2,vtype0
112,flow0.37,646846,5.49324e+06,0,12.2159,0.832799,2.5,1.8,1.5,0,vtype0
112,flow0.0,646176,5.49315e+06,0,13.9158,-0.800407,2.5,1.8,1.5,0,vtype0
112,flow0.1,646208,5.49312e+06,0,13.878,-1.10665,2.5,1.8,1.5,0,vtype0
112,flow0.2,646238,5.49309e+06,0,13.9034,-0.741057,2.5,1.8,1.5,0,vtype0
112,flow0.3,646268,5.49306e+06,0,13.8819,-0.777859,2.5,1.8,1.5,0,vtype0
112,flow0.4,646318,5.49301e+06,0,13.879,-0.887956,2.5,1.8,1.5,0,vtype0
112,flow0.5,646342,5.49299e+06,0,13.8832,-1.08395,2.5,1.8,1.5,0,vtype0
112,flow0.6,646368,5.49296e+06,0,13.9939,0.122388,2.5,1.8,1.5,0,vtype0
112,flow0.7,646458,5.49287e+06,0,13.9004,-0.940409,2.5,1.8,1.5,0,vtype0
112,flow0.8,646478,5.49285e+06,0,13.9516,-0.419992,2.5,1.8,1.5,0,vtype0
112,flow0.9,646497,5.49283e+06,0,13.9799,0.650917,2.5,1.8,1.5,0,vtype0
112,flow0.10,646515,5.49281e+06,0,13.9863,1.01032,2.5,1.8,1.5,0,vtype0
112,flow0.11,646532,5.4928e+06,0,13.9864,0.812005,2.5,1.8,1.5,0,vtype0
112,flow0.12,646552,5.49277e+06,0,13.9744,0.692772,2.5,1.8,1.5,0,vtype0
112,flow0.13,646571,5.49275e+06,0,10.3399,1.38877,2.5,1.8,1.5,0,vtype0
112,flow0.14,646586,5.49274e+06,0,7.76682,-4.25247,2.5,1.8,1.5,8,vtype0
112,flow0.15,646612,5.49273e+06,0,13.5037,-3.73052,2.5,1.8,1.5,8,vtype0
112,flow0.16,646649,5.49271e+06,0,13.8934,-1.0583,2.5,1.8,1.5,0,vtype0
112,flow0.17,646833,5.4927e+06,0,13.9886,0.261953,2.5,1.8,1.5,0,vtype0
112,flow0.18,646852,5.4927e+06,0,13.7583,0.116543,2.5,1.8,1.5,0,vtype0
112,flow0.19,646868,5.49271e+06,0,13.5893,-0.440807,2.5,1.8,1.5,0,vtype0
112,flow0.20,646877,5.49272e+06,0,13.4203,-1.21809,2.5,1.8,1.5,0,vtype0
112,flow0.21,646879,5.49274e+06,0,13.3885,0.907013,2.5,1.8,1.5,0,vtype0
112,flow0.22,646880,5.49276e+06,0,13.3346,0.580233,2.5,1.8,1.5,0,vtype0
112,flow0.23,646889,5.49287e+06,0,12.4565,0.532847,2.5,1.8,1.5,0,vtype0
112,flow0.24,646891,5.49289e+06,0,12.481,0.310384,2.5,1.8,1.5,0,vtype0
112,flow0.25,646889,5.49291e+06,0,12.5494,-0.0107996,2.5,1.8,1.5,0,vtype0
112,flow0.26,646888,5.49293e+06,0,12.8319,-0.910158,2.5,1.8,1.5,0,vtype0
112,flow0.27,646886,5.49296e+06,0,13.9205,0.11768,2.5,1.8,1.5,0,vtype0
112,flow0.28,646884,5.49299e+06,0,13.9613,-0.228293,2.5,1.8,1.5,0,vtype0
112,flow0.29,646881,5.49303e+06,0,13.9296,-0.0457127,2.5,1.8,1.5,0,vtype0
112,flow0.30,646878,5.49307e+06,0,13.8909,-0.965168,2.5,1.8,1.5,0,vtype0
112,flow0.31,646872,5.49311e+06,0,11.0248,1.81098,2.5,1.8,1.5,0,vtype0
112,flow0.32,646823,5.49312e+06,0,11.612,-0.630132,2.5,1.8,1.5,0,vtype0
112,flow0.33,646806,5.49313e+06,0,11.9265,0.395939,2.5,1.8,1.5,0,vtype0
112,flow0.34,646782,5.49314e+06,0,13.978,0.0417405,2.5,1.8,1.5,0,vtype0
112,flow0.35,646786,5.49318e+06,0,13.9729,0.184844,2.5,1.8,1.5,2,vtype0
112,flow0.36,646816,5.49321e+06,0,13.8864,-1.02529,2.5,1.8,1.5,2,vtype0
113,flow0.0,646166,5.49316e+06,0,13.9965,0.315216,2.5,1.8,1.5,0,vtype0
113,flow0.1,646198,5.49313e+06,0,13.9498,0.0119862,2.5,1.8,1.5,0,vtype0
113,flow0.2,646228,5.4931e+06,0,13.9169,-0.373941,2.5,1.8,1.5,0,vtype0
113,flow0.3,646258,5.49307e+06,0,13.9836,0.733308,2.5,1.8,1.5,0,vtype0
113,flow0.4,646308,5.49302e+06,0,13.9681,0.502466,2.5,1.8,1.5,0,vtype0
113,flow0.5,646332,5.493e+06,0,13.9138,0.131395,2.5,1.8,1.5,0,vtype0
113,flow0.6,646358,5.49297e+06,0,13.9145,-0.593012,2.5,1.8,1.5,0,vtype0
113,flow0.7,646448,5.49288e+06,0,13.8919,-0.235623,2.5,1.8,1.5,0,vtype0
113,flow0.8,646468,5.49286e+06,0,13.8979,-0.740571,2.5,1.8,1.5,0,vtype0
113,flow0.9,646487,5.49284e+06,0,13.8912,-0.145155,2.5,1.8,1.5,0,vtype0
113,flow0.10,646506,5.49282e+06,0,13.8981,-0.0335202,2.5,1.8,1.5,0,vtype0
113,flow0.11,646522,5.49281e+06,0,13.9716,0.324106,2.5,1.8,1.5,0,vtype0
113,flow0.12,646543,5.49278e+06,0,13.9874,0.999768,2.5,1.8,1.5,0,vtype0
113,flow0.13,646563,5.49276e+06,0,12.4169,2.12475,2.5,1.8,1.5,0,vtype0
113,flow0.14,646580,5.49275e+06,0,8.19001,1.726,2.5,1.8,1.5,0,vtype0
113,flow0.15,646602,5.49273e+06,0,12.0371,0.590886,2.5,1.8,1.5,0,vtype0
113,flow0.16,646636,5.49272e+06,0,13.8903,-0.83574,2.5,1.8,1.5,0,vtype0
113,flow0.17,646819,5.4927e+06,0,13.8966,0.0274767,2.5,1.8,1.5,0,vtype0
113,flow0.18,646838,5.4927e+06,0,13.7447,-1.24516,2.5,1.8,1.5,0,vtype0
113,flow0.19,646856,5.4927e+06,0,13.7331,1.26623,2.5,1.8,1.5,0,vtype0
113,flow0.20,646872,5.49271e+06,0,13.5645,0.078914,2.5,1.8,1.5,0,vtype0
113,flow0.21,646878,5.49273e+06,0,13.498,-0.225339,2.5,1.8,1.5,0,vtype0
113,flow0.22,646879,5.49275e+06,0,13.4834,1.45644,2.5,1.8,1.5,0,vtype0
113,flow0.23,646888,5.49286e+06,0,12.3657,0.0334734,2.5,1.8,1.5,0,vtype0
113,flow0.24,646890,5.49288e+06,0,12.4478,-0.226667,2.5,1.8,1.5,0,vtype0
113,flow0.25,646890,5.4929e+06,0,12.5172,0.201643,2.5,1.8,1.5,0,vtype0
113,flow0.26,646889,5.49292e+06,0,12.7874,0.720025,2.5,1.8,1.5,0,vtype0
113,flow0.27,646887,5.49294e+06,0,13.9805,-0.163053,2.5,1.8,1.5,0,vtype0
113,flow0.28,646885,5.49297e+06,0,13.8945,-0.168883,2.5,1.8,1.5,0,vtype0
113,flow0.29,646882,5.49301e+06,0,13.9577,0.0624684,2.5,1.8,1.5,0,vtype0
113,flow0.30,646879,5.49305e+06,0,13.8899,-0.781124,2.5,1.8,1.5,0,vtype0
113,flow0.31,646874,5.49309e+06,0,13.1771,2.57868,2.5,1.8,1.5,0,vtype0
113,flow0.32,646835,5.49312e+06,0,11.6894,0.358369,2.5,1.8,1.5,1,vtype0
113,flow0.33,646817,5.49312e+06,0,11.8306,-0.038705,2.5,1.8,1.5,0,vtype0
113,flow0.34,646793,5.49313e+06,0,13.9337,-0.488058,2.5,1.8,1.5,0,vtype0
113,flow0.35,646777,5.49317e+06,0,13.877,-0.450722,2.5,1.8,1.5,2,vtype0
113,flow0.36,646806,5.4932e+06,0,13.8947,-0.402213,2.5,1.8,1.5,2,vtype0
113,flow0.37,646838,5.49323e+06,0,12.1695,-0.0777912,2.5,1.8,1.5,0,vtype0
114,flow0.0,646156,5.49317e+06,0,13.9592,-0.346041,2.5,1.8,1.5,0,vtype0
114,flow0.1,646188,5.49314e+06,0,13.967,0.0992772,2.5,1.8,1.5,0,vtype0
114,flow0.2,646218,5.49311e+06,0,13.9355,-0.624827,2.5,1.8,1.5,0,vtype0
114,flow0.3,646248,5.49308e+06,0,13.9253,-0.00934341,2.5,1.8,1.5,0,vtype0
114,flow0.4,646299,5.49303e+06,0,13.888,-0.632495,2.5,1.8,1.5,0,vtype0
114,flow0.5,646322,5.49301e+06,0,13.9444,-0.0147764,2.5,1.8,1.5,0,vtype0
114,flow0.6,646348,5.49298e+06,0,13.972,0.372468,2.5,1.8,1.5,0,vtype0
114,flow0.7,646438,5.49289e+06,0,13.9162,0.0937746,2.5,1.8,1.5,0,vtype0
114,flow0.8,646458,5.49287e+06,0,13.9294,0.335348,2.5,1.8,1.5,0,vtype0
114,flow0.9,646477,5.49285e+06,0,13.937,-0.0829481,2.5,1.8,1.5,0,vtype0
114,flow0.10,646496,5.49283e+06,0,13.948,0.167603,2.5,1.8,1.5,0,vtype0
114,flow0.11,646513,5.49282e+06,0,13.9676,0.117924,2.5,1.8,1.5,0,vtype0
114,flow0.12,646533,5.49279e+06,0,13.8988,0.0306536,2.5,1.8,1.5,0,vtype0
114,flow0.13,646554,5.49277e+06,0,13.9643,-0.297077,2.5,1.8,1.5,0,vtype0
114,flow0.14,646573,5.49275e+06,0,10.3417,1.92206,2.5,1.8,1.5,0,vtype0
114,flow0.15,646592,5.49274e+06,0,10.9433,-4.5,2.5,1.8,1.5,8,vtype0
114,flow0.16,646623,5.49272e+06,0,13.9312,-0.0961983,2.5,1.8,1.5,0,vtype0
114,flow0.17,646805,5.4927e+06,0,13.9003,-0.633824,2.5,1.8,1.5,0,vtype0
114,flow0.18,646824,5.4927e+06,0,13.9344,0.763404,2.5,1.8,1.5,0,vtype0
114,flow0.19,646843,5.4927e+06,0,13.7545,0.818485,2.5,1.8,1.5,0,vtype0
114,flow0.20,646861,5.4927e+06,0,13.6079,-0.283648,2.5,1.8,1.5,0,vtype0
114,flow0.21,646874,5.49272e+06,0,13.5146,-0.773455,2.5,1.8,1.5,0,vtype0
114,flow0.22,646879,5.49273e+06,0,13.5292,2.15838,2.5,1.8,1.5,0,vtype0
114,flow0.23,646887,5.49285e+06,0,12.4725,1.06091,2.5,1.8,1.5,0,vtype0
114,flow0.24,646889,5.49287e+06,0,12.3784,-0.547235,2.5,1.8,1.5,0,vtype0
114,flow0.25,646890,5.49289e+06,0,12.5345,-0.527256,2.5,1.8,1.5,0,vtype0
114,flow0.26,646890,5.4929e+06,0,12.7131,-0.446137,2.5,1.8,1.5,0,vtype0
114,flow0.27,646888,5.49293e+06,0,13.9897,0.526559,2.5,1.8,1.5,0,vtype0
114,flow0.28,646886,5.49296e+06,0,13.9856,0.354602,2.5,1.8,1.5,0,vtype0
114,flow0.29,646883,5.493e+06,0,13.9674,0.85052,2.5,1.8,1.5,0,vtype0
114,flow0.30,646880,5.49304e+06,0,13.9413,-0.259757,2.5,1.8,1.5,0,vtype0
114,flow0.31,646876,5.49308e+06,0,13.879,-0.847035,2.5,1.8,1.5,0,vtype0
114,flow0.32,646846,5.49312e+06,0,11.625,-0.0428213,2.5,1.8,1.5,1,vtype0
114,flow0.33,646829,5.49312e+06,0,11.852,0.877753,2.5,1.8,1.5,1,vtype0
114,flow0.34,646804,5.49313e+06,0,13.8715,-0.347185,2.5,1.8,1.5,0,vtype0
114,flow0.35,646774,5.49315e+06,0,13.8771,-0.732031,2.5,1.8,1.5,0,vtype0
114,flow0.36,646796,5.49319e+06,0,13.8852,-0.437304,2.5,1.8,1.5,2,vtype0
114,flow0.37,646829,5.49322e+06,0,12.1625,0.166499,2.5,1.8,1.5,0,vtype0
115,flow0.38,646846,5.49324e+06,0,13.0028,-0.604727,2.5,1.8,1.5,0,vtype0
115,flow0.0,646146,5.49318e+06,0,13.9563,0.263995,2.5,1.8,1.5,0,vtype0
115,flow0.1,646178,5.49315e+06,0,13.8837,-0.98399,2.5,1.8,1.5,0,vtype0
115,flow0.2,646208,5.49312e+06,0,13.9742,-0.13508,2.5,1.8,1.5,0,vtype0
115,flow0.3,646238,5.49309e+06,0,13.8839,-0.394825,2.5,1.8,1.5,0,vtype0
115,flow0.4,646289,5.49304e+06,0,13.9472,0.279469,2.5,1.8,1.5,0,vtype0
115,flow0.5,646313,5.49302e+06,0,13.949,0.0182517,2.5,1.8,1.5,0,vtype0
115,flow0.6,646338,5.49299e+06,0,13.9333,-0.634994,2.5,1.8,1.5,0,vtype0
115,flow0.7,646428,5.4929e+06,0,13.9218,0.0962304,2.5,1.8,1.5,0,vtype0
115,flow0.8,646448,5.49288e+06,0,13.9792,0.98141,2.5,1.8,1.5,0,vtype0
115,flow0.9,646467,5.49286e+06,0,13.898,0.274806,2.5,1.8,1.5,0,vtype0
115,flow0.10,646487,5.49284e+06,0,13.9408,-0.390397,2.5,1.8,1.5,0,vtype0
115,flow0.11,646503,5.49283e+06,0,13.9195,0.0952765,2.5,1.8,1.5,0,vtype0
115,flow0.12,646523,5.49281e+06,0,13.9989,0.315897,2.5,1.8,1.5,0,vtype0
115,flow0.13,646545,5.49278e+06,0,13.9547,0.790602,2.5,1.8,1.5,0,vtype0
115,flow0.14,646565,5.49276e+06,0,12.328,1.35051,2.5,1.8,1.5,0,vtype0
115,flow0.15,646584,5.49274e+06,0,6.4931,-4.5,2.5,1.8,1.5,8,vtype0
115,flow0.16,646611,5.49273e+06,0,12.9309,-3.93607,2.5,1.8,1.5,8,vtype0
115,flow0.17,646791,5.4927e+06,0,13.8841,-0.640358,2.5,1.8,1.5,0,vtype0
115,flow0.18,646810,5.4927e+06,0,13.906,1.3242,2.5,1.8,1.5,0,vtype0
115,flow0.19,646829,5.4927e+06,0,13.7122,-1.17225,2.5,1.8,1.5,0,vtype0
115,flow0.20,646848,5.4927e+06,0,13.7872,1.05144,2.5,1.8,1.5,0,vtype0
115,flow0.21,646865,5.49271e+06,0,13.5747,-0.222793,2.5,1.8,1.5,0,vtype0
115,flow0.22,646877,5.49272e+06,0,13.5393,-0.302284,2.5,1.8,1.5,0,vtype0
115,flow0.23,646886,5.49284e+06,0,12.4439,0.186216,2.5,1.8,1.5,0,vtype0
115,flow0.24,646888,5.49286e+06,0,12.4042,-0.125965,2.5,1.8,1.5,0,vtype0
115,flow0.25,646889,5.49287e+06,0,12.4777,0.448851,2.5,1.8,1.5,0,vtype0
115,flow0.26,646891,5.49289e+06,0,12.5751,-0.0871733,2.5,1.8,1.5,0,vtype0
115,flow0.27,646889,5.49291e+06,0,13.9144,-0.468383,2.5,1.8,1.5,0,vtype0
115,flow0.28,646887,5.49295e+06,0,13.9845,0.973841,2.5,1.8,1.5,0,vtype0
115,flow0.29,646884,5.49299e+06,0,13.8734,-0.232569,2.5,1.8,1.5,0,vtype0
115,flow0.30,646881,5.49303e+06,0,13.8811,-0.828667,2.5,1.8,1.5,0,vtype0
115,flow0.31,646878,5.49307e+06,0,13.9467,-0.364596,2.5,1.8,1.5,0,vtype0
115,flow0.32,646857,5.49312e+06,0,9.4203,-4.21314,2.5,1.8,1.5,9,vtype0
115,flow0.33,646840,5.49312e+06,0,10.4532,-2.8948,2.5,1.8,1.5,9,vtype0
115,flow0.34,646817,5.49312e+06,0,12.879,-1.79766,2.5,1.8,1.5,8,vtype0
115,flow0.35,646782,5.49314e+06,0,13.876,-0.0175139,2.5,1.8,1.5,0,vtype0
115,flow0.36,646786,5.49318e+06,0,13.8898,-0.257664,2.5,1.8,1.5,2,vtype0
115,flow0.37,646821,5.49321e+06,0,12.141,0.0582585,2.5,1.8,1.5,2,vtype0
116,flow0.0,646136,5.49319e+06,0,13.9845,0.863343,2.5,1.8,1.5,0,vtype0
116,flow0.1,646169,5.49316e+06,0,13.9492,0.750086,2.5,1.8,1.5,0,vtype0
116,flow0.2,646198,5.49313e+06,0,13.9593,0.733143,2.5,1.8,1.5,0,vtype0
116,flow0.3,646228,5.4931e+06,0,13.8836,-0.963662,2.5,1.8,1.5,0,vtype0
116,flow0.4,646279,5.49305e+06,0,13.9289,0.228786,2.5,1.8,1.5,0,vtype0
116,flow0.5,646303,5.49303e+06,0,13.9478,-0.0885025,2.5,1.8,1.5,0,vtype0
116,flow0.6,646329,5.493e+06,0,13.9327,-0.119946,2.5,1.8,1.5,0,vtype0
116,flow0.7,646418,5.49291e+06,0,13.9915,0.583415,2.5,1.8,1.5,0,vtype0
116,flow0.8,646438,5.49289e+06,0,13.9641,0.553959,2.5,1.8,1.5,0,vtype0
116,flow0.9,646457,5.49287e+06,0,13.9465,0.654712,2.5,1.8,1.5,0,vtype0
116,flow0.10,646477,5.49285e+06,0,13.9608,0.134927,2.5,1.8,1.5,0,vtype0
116,flow0.11,646494,5.49284e+06,0,13.8934,-0.137787,2.5,1.8,1.5,0,vtype0
116,flow0.12,646514,5.49282e+06,0,13.8909,-0.875026,2.5,1.8,1.5,0,vtype0
116,flow0.13,646535,5.49279e+06,0,13.8739,-0.275138,2.5,1.8,1.5,0,vtype0
116,flow0.14,646556,5.49277e+06,0,13.9439,-0.551117,2.5,1.8,1.5,0,vtype0
116,flow0.15,646578,5.49275e+06,0,8.74546,1.37514,2.5,1.8,1.5,0,vtype0
116,flow0.16,646600,5.49273e+06,0,12.3579,-0.857945,2.5,1.8,1.5,0,vtype0
116,flow0.17,646777,5.4927e+06,0,13.9681,-0.210625,2.5,1.8,1.5,0,vtype0
116,flow0.18,646796,5.4927e+06,0,13.869,-0.162966,2.5,1.8,1.5,0,vtype0
116,flow0.19,646815,5.4927e+06,0,13.8418,0.117766,2.5,1.8,1.5,0,vtype0
116,flow0.20,646834,5.4927e+06,0,13.7571,0.748177,2.5,1.8,1.5,0,vtype0
116,flow0.21,646853,5.4927e+06,0,13.5936,0.293181,2.5,1.8,1.5,0,vtype0
116,flow0.22,646869,5.49271e+06,0,13.5679,-0.535287,2.5,1.8,1.5,0,vtype0
116,flow0.23,646885,5.49283e+06,0,12.4826,1.05409,2.5,1.8,1.5,0,vtype0
116,flow0.24,646887,5.49284e+06,0,12.3531,-0.0884231,2.5,1.8,1.5,0,vtype0
116,flow0.25,646888,5.49286e+06,0,12.3761,-0.336942,2.5,1.8,1.5,0,vtype0
116,flow0.26,646890,5.49288e+06,0,12.5147,-0.666933,2.5,1.8,1.5,0,vtype0
116,flow0.27,646890,5.4929e+06,0,13.6547,0.344665,2.5,1.8,1.5,0,vtype0
116,flow0.28,646888,5.49293e+06,0,13.9058,-0.794257,2.5,1.8,1.5,0,vtype0
116,flow0.29,646885,5.49297e+06,0,13.9576,-0.380667,2.5,1.8,1.5,0,vtype0
116,flow0.30,646882,5.49301e+06,0,13.9447,-0.527995,2.5,1.8,1.5,0,vtype0
116,flow0.31,646879,5.49305e+06,0,13.898,-0.81742,2.5,1.8,1.5,0,vtype0
116,flow0.32,646865,5.49312e+06,0,7.0503,2.6,2.5,1.8,1.5,1,vtype0
116,flow0.33,646849,5.49312e+06,0,8.19654,1.36698,2.5,1.8,1.5,1,vtype0
116,flow0.34,646829,5.49312e+06,0,10.5181,-1.24599,2.5,1.8,1.5,9,vtype0
116,flow0.35,646793,5.49313e+06,0,13.9593,-0.350687,2.5,1.8,1.5,0,vtype0
116,flow0.36,646777,5.49317e+06,0,13.9177,0.418801,2.5,1.8,1.5,2,vtype0
116,flow0.37,646812,5.4932e+06,0,12.167,0.239851,2.5,1.8,1.5,2,vtype0
116,flow0.38,646836,5.49323e+06,0,13.0085,-0.157463,2.5,1.8,1.5,0,vtype0
117,flow0.0,646126,5.4932e+06,0,13.9145,0.0496046,2.5,1.8,1.5,0,vtype0
117,flow0.1,646159,5.49317e+06,0,13.9936,0.670887,2.5,1.8,1.5,0,vtype0
117,flow0.2,646188,5.49314e+06,0,13.9938,1.05504,2.5,1.8,1.5,0,vtype0
117,flow0.3,646218,5.49311e+06,0,13.9367,0.470603,2.5,1.8,1.5,0,vtype0
117,flow0.4,646269,5.49306e+06,0,13.9623,-0.026677,2.5,1.8,1.5,0,vtype0
117,flow0.5,646293,5.49304e+06,0,13.9608,0.778676,2.5,1.8,1.5,0,vtype0
117,flow0.6,646319,5.49301e+06,0,13.8812,-0.501683,2.5,1.8,1.5,0,vtype0
117,flow0.7,646408,5.49292e+06,0,13.9636,0.585231,2.5,1.8,1.5,0,vtype0
117,flow0.8,646428,5.4929e+06,0,13.9541,0.637751,2.5,1.8,1.5,0,vtype0
117,flow0.9,646447,5.49288e+06,0,13.9221,0.145464,2.5,1.8,1.5,0,vtype0
117,flow0.10,646467,5.49286e+06,0,13.9094,0.0315324,2.5,1.8,1.5,0,vtype0
117,flow0.11,646484,5.49285e+06,0,13.9091,0.37734,2.5,1.8,1.5,0,vtype0
117,flow0.12,646504,5.49283e+06,0,13.9721,0.896786,2.5,1.8,1.5,0,vtype0
117,flow0.13,646526,5.4928e+06,0,13.9584,0.829802,2.5,1.8,1.5,0,vtype0
117,flow0.14,646547,5.49278e+06,0,13.9754,0.230496,2.5,1.8,1.5,0,vtype0
117,flow0.15,646571,5.49275e+06,0,10.844,2.55408,2.5,1.8,1.5,0,vtype0
117,flow0.16,646590,5.49274e+06,0,10.0966,-4.5,2.5,1.8,1.5,8,vtype0
117,flow0.17,646763,5.4927e+06,0,13.9743,0.275042,2.5,1.8,1.5,0,vtype0
117,flow0.18,646783,5.4927e+06,0,13.8738,-0.428308,2.5,1.8,1.5,0,vtype0
117,flow0.19,646801,5.4927e+06,0,13.8012,-0.469552,2.5,1.8,1.5,0,vtype0
117,flow0.20,646820,5.4927e+06,0,13.7696,-0.271378,2.5,1.8,1.5,0,vtype0
117,flow0.21,646839,5.4927e+06,0,13.6927,-0.0834539,2.5,1.8,1.5,0,vtype0
117,flow0.22,646857,5.4927e+06,0,13.5914,-0.772131,2.5,1.8,1.5,0,vtype0
117,flow0.23,646884,5.49281e+06,0,12.3864,-0.373914,2.5,1.8,1.5,0,vtype0
117,flow0.24,646886,5.49283e+06,0,12.4168,0.110655,2.5,1.8,1.5,0,vtype0
117,flow0.25,646887,5.49285e+06,0,12.4878,-0.362287,2.5,1.8,1.5,0,vtype0
117,flow0.26,646889,5.49287e+06,0,12.5604,-0.0294459,2.5,1.8,1.5,0,vtype0
117,flow0.27,646890,5.49289e+06,0,13.3029,-0.877811,2.5,1.8,1.5,0,vtype0
117,flow0.28,646889,5.49292e+06,0,13.9033,-0.944049,2.5,1.8,1.5,0,vtype0
117,flow0.29,646886,5.49296e+06,0,13.9948,0.117116,2.5,1.8,1.5,0,vtype0
117,flow0.30,646883,5.493e+06,0,13.9983,0.418346,2.5,1.8,1.5,0,vtype0
117,flow0.31,646880,5.49304e+06,0,13.8935,-0.366064,2.5,1.8,1.5,0,vtype0
117,flow0.32,646871,5.49312e+06,0,9.17667,1.71628,2.5,1.8,1.5,0,vtype0
117,flow0.33,646858,5.49312e+06,0,8.95219,-1.81575,2.5,1.8,1.5,9,vtype0
117,flow0.34,646839,5.49312e+06,0,10.5878,0.221332,2.5,1.8,1.5,1,vtype0
117,flow0.35,646804,5.49313e+06,0,13.9186,-0.245542,2.5,1.8,1.5,0,vtype0
117,flow0.36,646774,5.49315e+06,0,13.9143,0.419138,2.5,1.8,1.5,0,vtype0
117,flow0.37,646803,5.4932e+06,0,12.2014,-0.351095,2.5,1.8,1.5,2,vtype0
117,flow0.38,646827,5.49322e+06,0,13.0244,0.249646,2.5,1.8,1.5,2,vtype0
118,flow0.39,646847,5.49324e+06,0,11.5758,-0.791997,2.5,1.8,1.5,0,vtype0
118,flow0.0,646117,5.49321e+06,0,13.9651,0.467356,2.5,1.8,1.5,0,vtype0
118,flow0.1,646149,5.49318e+06,0,13.8807,0.0356599,2.5,1.8,1.5,0,vtype0
118,flow0.2,646178,5.49315e+06,0,13.9276,0.147513,2.5,1.8,1.5,0,vtype0
118,flow0.3,646208,5.49312e+06,0,13.8897,-0.191258,2.5,1.8,1.5,0,vtype0
118,flow0.4,646259,5.49307e+06,0,13.9615,0.249843,2.5,1.8,1.5,0,vtype0
118,flow0.5,646284,5.49305e+06,0,13.9129,-0.177016,2.5,1.8,1.5,0,vtype0
118,flow0.6,646309,5.49302e+06,0,13.9406,0.489201,2.5,1.8,1.5,0,vtype0
118,flow0.7,646398,5.49293e+06,0,13.9494,0.199486,2.5,1.8,1.5,0,vtype0
118,flow0.8,646418,5.49291e+06,0,13.9044,-0.796452,2.5,1.8,1.5,0,vtype0
118,flow0.9,646437,5.49289e+06,0,13.9462,-0.2465,2.5,1.8,1.5,0,vtype0
118,flow0.10,646457,5.49287e+06,0,13.9843,0.036691,2.5,1.8,1.5,0,vtype0
118,flow0.11,646474,5.49286e+06,0,13.8846,-0.388942,2.5,1.8,1.5,0,vtype0
118,flow0.12,646495,5.49284e+06,0,13.8719,-0.0228028,2.5,1.8,1.5,0,vtype0
118,flow0.13,646516,5.49281e+06,0,13.957,-0.303145,2.5,1.8,1.5,0,vtype0
118,flow0.14,646537,5.49279e+06,0,13.988,0.946792,2.5,1.8,1.5,0,vtype0
118,flow0.15,646563,5.49276e+06,0,12.8603,2.01204,2.5,1.8,1.5,0,vtype0
118,flow0.16,646583,5.49274e+06,0,7.01707,2.6,2.5,1.8,1.5,0,vtype0
118,flow0.17,646750,5.4927e+06,0,13.9235,-0.757042,2.5,1.8,1.5,0,vtype0
118,flow0.18,646769,5.4927e+06,0,13.9182,-0.0281142,2.5,1.8,1.5,0,vtype0
118,flow0.19,646788,5.4927e+06,0,13.875,-0.37417,2.5,1.8,1.5,0,vtype0
118,flow0.20,646806,5.4927e+06,0,13.864,0.266155,2.5,1.8,1.5,0,vtype0
118,flow0.21,646825,5.4927e+06,0,13.7843,0.124109,2.5,1.8,1.5,0,vtype0
118,flow0.22,646844,5.4927e+06,0,13.7545,1.31808,2.5,1.8,1.5,0,vtype0
118,flow0.23,646883,5.4928e+06,0,12.4815,0.222131,2.5,1.8,1.5,0,vtype0
118,flow0.24,646885,5.49282e+06,0,12.444,0.0114457,2.5,1.8,1.5,0,vtype0
118,flow0.25,646886,5.49284e+06,0,12.4176,0.0101076,2.5,1.8,1.5,0,vtype0
118,flow0.26,646888,5.49285e+06,0,12.4571,-0.0776121,2.5,1.8,1.5,0,vtype0
118,flow0.27,646889,5.49287e+06,0,13.1425,-0.169734,2.5,1.8,1.5,0,vtype0
118,flow0.28,646890,5.4929e+06,0,13.9104,-0.0112223,2.5,1.8,1.5,0,vtype0
118,flow0.29,646887,5.49294e+06,0,13.9917,0.0245402,2.5,1.8,1.5,0,vtype0
118,flow0.30,646884,5.49298e+06,0,13.902,-0.388372,2.5,1.8,1.5,0,vtype0
118,flow0.31,646881,5.49303e+06,0,13.9636,0.482195,2.5,1.8,1.5,0,vtype0
118,flow0.32,646872,5.49311e+06,0,11.1174,2.1364,2.5,1.8,1.5,0,vtype0
118,flow0.33,646865,5.49312e+06,0,7.4304,2.6,2.5,1.8,1.5,1,vtype0
118,flow0.34,646849,5.49312e+06,0,8.84857,1.51966,2.5,1.8,1.5,1,vtype0
118,flow0.35,646818,5.49312e+06,0,13.708,-2.57837,2.5,1.8,1.5,8,vtype0
118,flow0.36,646782,5.49314e+06,0,13.8928,-0.453169,2.5,1.8,1.5,0,vtype0
118,flow0.37,646795,5.49319e+06,0,12.1989,0.588224,2.5,1.8,1.5,2,vtype0
118,flow0.38,646818,5.49321e+06,0,13.0492,-0.24626,2.5,1.8,1.5,2,vtype0
119,flow0.0,646107,5.49322e+06,0,13.9693,-0.22755,2.5,1.8,1.5,0,vtype0
119,flow0.1,646139,5.49319e+06,0,13.9567,-0.00599429,2.5,1.8,1.5,0,vtype0
119,flow0.2,646168,5.49316e+06,0,13.9073,-0.744633,2.5,1.8,1.5,0,vtype0
119,flow0.3,646198,5.49313e+06,0,13.8867,-0.109402,2.5,1.8,1.5,0,vtype0
119,flow0.4,646249,5.49308e+06,0,13.9396,0.579927,2.5,1.8,1.5,0,vtype0
119,flow0.5,646274,5.49306e+06,0,13.9643,0.910593,2.5,1.8,1.5,0,vtype0
119,flow0.6,646299,5.49303e+06,0,13.9933,1.22183,2.5,1.8,1.5,0,vtype0
119,flow0.7,646388,5.49294e+06,0,13.9851,0.433217,2.5,1.8,1.5,0,vtype0
119,flow0.8,646408,5.49292e+06,0,13.9378,-0.372275,2.5,1.8,1.5,0,vtype0
119,flow0.9,646427,5.4929e+06,0,13.971,0.161188,2.5,1.8,1.5,0,vtype0
119,flow0.10,646447,5.49288e+06,0,13.9018,-0.164403,2.5,1.8,1.5,0,vtype0
119,flow0.11,646464,5.49287e+06,0,13.9717,0.599682,2.5,1.8,1.5,0,vtype0
119,flow0.12,646485,5.49285e+06,0,13.8886,0.0747408,2.5,1.8,1.5,0,vtype0
119,flow0.13,646506,5.49282e+06,0,13.9781,0.244295,2.5,1.8,1.5,0,vtype0
119,flow0.14,646527,5.4928e+06,0,13.9888,0.38732,2.5,1.8,1.5,0,vtype0
119,flow0.15,646553,5.49277e+06,0,13.9613,0.108008,2.5,1.8,1.5,0,vtype0
119,flow0.16,646576,5.49275e+06,0,9.22688,1.62741,2.5,1.8,1.5,0,vtype0
119,flow0.17,646736,5.4927e+06,0,13.9386,0.320107,2.5,1.8,1.5,0,vtype0
119,flow0.18,646755,5.4927e+06,0,13.8564,-1.28143,2.5,1.8,1.5,0,vtype0
119,flow0.19,646774,5.4927e+06,0,13.945,0.246034,2.5,1.8,1.5,0,vtype0
119,flow0.20,646793,5.4927e+06,0,13.8588,-0.194104,2.5,1.8,1.5,0,vtype0
119,flow0.21,646812,5.4927e+06,0,13.7787,-0.278946,2.5,1.8,1.5,0,vtype0
119,flow0.22,646830,5.4927e+06,0,13.7377,0.511511,2.5,1.8,1.5,0,vtype0
119,flow0.23,646882,5.49279e+06,0,12.4432,0.79949,2.5,1.8,1.5,0,vtype0
119,flow0.24,646884,5.49281e+06,0,12.3928,-0.95133,2.5,1.8,1.5,0,vtype0
119,flow0.25,646885,5.49282e+06,0,12.4651,-0.598964,2.5,1.8,1.5,0,vtype0
119,flow0.26,646887,5.49284e+06,0,12.5719,0.535503,2.5,1.8,1.5,0,vtype0
119,flow0.27,646888,5.49286e+06,0,12.9774,0.812389,2.5,1.8,1.5,0,vtype0
119,flow0.28,646891,5.49289e+06,0,13.9082,0.0224612,2.5,1.8,1.5,0,vtype0
119,flow0.29,646888,5.49293e+06,0,13.9469,-0.352423,2.5,1.8,1.5,0,vtype0
119,flow0.30,646885,5.49297e+06,0,13.9185,-0.773492,2.5,1.8,1.5,0,vtype0
119,flow0.31,646882,5.49301e+06,0,13.9396,0.547433,2.5,1.8,1.5,0,vtype0
119,flow0.32,646874,5.49309e+06,0,13.0582,1.5849,2.5,1.8,1.5,0,vtype0
119,flow0.33,646871,5.49312e+06,0,9.28349,1.9155,2.5,1.8,1.5,0,vtype0
119,flow0.34,646858,5.49312e+06,0,9.14042,-4.5,2.5,1.8,1.5,9,vtype0
119,flow0.35,646831,5.49312e+06,0,13.1686,0.622131,2.5,1.8,1.5,1,vtype0
119,flow0.36,646793,5.49313e+06,0,13.9244,0.393462,2.5,1.8,1.5,0,vtype0
119,flow0.37,646786,5.49318e+06,0,12.122,-0.123404,2.5,1.8,1.5,2,vtype0
119,flow0.38,646809,5.4932e+06,0,13.0775,0.778468,2.5,1.8,1.5,2,vtype0
119,flow0.39,646838,5.49323e+06,0,11.6666,0.801164,2.5,1.8,1.5,0,vtype0
120,flow0.0,646097,5.49323e+06,0,13.8908,-0.443162,2.5,1.8,1.5,0,vtype0
120,flow0.1,646129,5.4932e+06,0,13.971,0.220509,2.5,1.8,1.5,0,vtype0
120,flow0.2,646158,5.49317e+06,0,13.9209,-0.185536,2.5,1.8,1.5,0,vtype0
120,flow0.3,646188,5.49314e+06,0,13.8896,-0.432106,2.5,1.8,1.5,0,vtype0
120,flow0.4,646239,5.49309e+06,0,13.9123,-0.498225,2.5,1.8,1.5,0,vtype0
120,flow0.5,646264,5.49307e+06,0,13.8966,-0.182487,2.5,1.8,1.5,0,vtype0
120,flow0.6,646290,5.49304e+06,0,13.9668,0.361736,2.5,1.8,1.5,0,vtype0
120,flow0.7,646378,5.49295e+06,0,13.9679,0.672344,2.5,1.8,1.5,0,vtype0
120,flow0.8,646398,5.49293e+06,0,13.9913,0.166676,2.5,1.8,1.5,0,vtype0
120,flow0.9,646417,5.49291e+06,0,13.9187,-0.362871,2.5,1.8,1.5,0,vtype0
120,flow0.10,646437,5.49289e+06,0,13.9024,0.00956185,2.5,1.8,1.5,0,vtype0
120,flow0.11,646454,5.49288e+06,0,13.9019,-0.0531832,2.5,1.8,1.5,0,vtype0
120,flow0.12,646475,5.49286e+06,0,13.8931,-0.100018,2.5,1.8,1.5,0,vtype0
120,flow0.13,646497,5.49283e+06,0,13.9896,0.448971,2.5,1.8,1.5,0,vtype0
120,flow0.14,646518,5.49281e+06,0,13.9195,-0.175214,2.5,1.8,1.5,0,vtype0
120,flow0.15,646544,5.49278e+06,0,13.8807,-0.358471,2.5,1.8,1.5,0,vtype0
120,flow0.16,646569,5.49276e+06,0,11.1857,1.36332,2.5,1.8,1.5,0,vtype0
120,flow0.17,646722,5.4927e+06,0,13.9719,0.958148,2.5,1.8,1.5,0,vtype0
120,flow0.18,646741,5.4927e+06,0,13.8735,-0.421577,2.5,1.8,1.5,0,vtype0
120,flow0.19,646760,5.4927e+06,0,13.8537,0.0034021,2.5,1.8,1.5,0,vtype0
120,flow0.20,646779,5.4927e+06,0,13.7949,-0.639759,2.5,1.8,1.5,0,vtype0
120,flow0.21,646798,5.4927e+06,0,13.8144,0.121393,2.5,1.8,1.5,0,vtype0
120,flow0.22,646817,5.4927e+06,0,13.8036,0.705831,2.5,1.8,1.5,0,vtype0
120,flow0.23,646881,5.49278e+06,0,12.4871,0.548362,2.5,1.8,1.5,0,vtype0
120,flow0.24,646883,5.49279e+06,0,12.4188,-0.101101,2.5,1.8,1.5,0,vtype0
120,flow0.25,646884,5.49281e+06,0,12.4111,-0.306414,2.5,1.8,1.5,0,vtype0
120,flow0.26,646886,5.49283e+06,0,12.5473,0.862599,2.5,1.8,1.5,0,vtype0
120,flow0.27,646887,5.49285e+06,0,12.8317,-0.354844,2.5,1.8,1.5,0,vtype0
120,flow0.28,646890,5.49288e+06,0,13.9101,-0.258463,2.5,1.8,1.5,0,vtype0
120,flow0.29,646889,5.49292e+06,0,13.9498,0.0781983,2.5,1.8,1.5,0,vtype0
120,flow0.30,646886,5.49296e+06,0,13.9246,-0.497684,2.5,1.8,1.5,0,vtype0
120,flow0.31,646883,5.493e+06,0,13.8874,-0.0276883,2.5,1.8,1.5,0,vtype0
120,flow0.32,646876,5.49308e+06,0,13.9668,-0.204111,2.5,1.8,1.5,0,vtype0
120,flow0.33,646873,5.49311e+06,0,11.0901,1.62213,2.5,1.8,1.5,0,vtype0
120,flow0.34,646865,5.49312e+06,0,7.53634,2.6,2.5,1.8,1.5,1,vtype0
120,flow0.35,646843,5.49312e+06,0,10.7789,-0.176439,2.5,1.8,1.5,1,vtype0
120,flow0.36,646804,5.49313e+06,0,13.9613,-0.16965,2.5,1.8,1.5,0,vtype0
120,flow0.37,646778,5.49317e+06,0,12.1889,-0.318508,2.5,1.8,1.5,2,vtype0
120,flow0.38,646800,5.49319e+06,0,12.9991,-0.319214,2.5,1.8,1.5,2,vtype0
120,flow0.39,646830,5.49322e+06,0,11.6111,-0.34788,2.5,1.8,1.5,0,vtype0
121,flow0.40,646846,5.49324e+06,0,12.2521,-0.970637,2.5,1.8,1.5,0,vtype0
121,flow0.0,646087,5.49324e+06,0,13.8706,-0.590397,2.5,1.8,1.5,0,vtype0
121,flow0.1,646119,5.49321e+06,0,13.9694,0.323914,2.5,1.8,1.5,0,vtype0
121,flow0.2,646148,5.49318e+06,0,13.9952,0.242999,2.5,1.8,1.5,0,vtype0
121,flow0.3,646178,5.49315e+06,0,13.8835,-0.279895,2.5,1.8,1.5,0,vtype0
121,flow0.4,646229,5.4931e+06,0,13.9533,-0.1752,2.5,1.8,1.5,0,vtype0
121,flow0.5,646253,5.49308e+06,0,13.987,-0.0523736,2.5,1.8,1.5,0,vtype0
121,flow0.6,646280,5.49305e+06,0,13.9565,0.20574,2.5,1.8,1.5,0,vtype0
121,flow0.7,646369,5.49296e+06,0,13.9535,-0.288907,2.5,1.8,1.5,0,vtype0
121,flow0.8,646388,5.49294e+06,0,13.9669,-0.271593,2.5,1.8,1.5,0,vtype0
121,flow0.9,646407,5.49292e+06,0,13.9601,0.11791,2.5,1.8,1.5,0,vtype0
121,flow0.10,646427,5.4929e+06,0,13.921,0.495592,2.5,1.8,1.5,0,vtype0
121,flow0.11,646444,5.49289e+06,0,13.9812,0.619585,2.5,1.8,1.5,0,vtype0
121,flow0.12,646465,5.49287e+06,0,13.87,-0.37247,2.5,1.8,1.5,0,vtype0
121,flow0.13,646487,5.49284e+06,0,13.9964,0.580931,2.5,1.8,1.5,0,vtype0
121,flow0.14,646508,5.49282e+06,0,13.9124,0.266303,2.5,1.8,1.5,0,vtype0
121,flow0.15,646534,5.49279e+06,0,13.9595,0.27705,2.5,1.8,1.5,0,vtype0
121,flow0.16,646561,5.49277e+06,0,13.089,2.07485,2.5,1.8,1.5,0,vtype0
121,flow0.17,646708,5.4927e+06,0,13.9987,0.739018,2.5,1.8,1.5,0,vtype0
121,flow0.18,646727,5.4927e+06,0,13.9145,-0.470115,2.5,1.8,1.5,0,vtype0
121,flow0.19,646746,5.4927e+06,0,13.9369,1.22241,2.5,1.8,1.5,0,vtype0
121,flow0.20,646765,5.4927e+06,0,13.803,-0.432883,2.5,1.8,1.5,0,vtype0
121,flow0.21,646784,5.4927e+06,0,13.7937,-0.0750433,2.5,1.8,1.5,0,vtype0
121,flow0.22,646803,5.4927e+06,0,13.7586,0.0115774,2.5,1.8,1.5,0,vtype0
121,flow0.23,646880,5.49276e+06,0,12.426,-0.5054,2.5,1.8,1.5,0,vtype0
121,flow0.24,646882,5.49278e+06,0,12.4616,0.989773,2.5,1.8,1.5,0,vtype0
121,flow0.25,646883,5.4928e+06,0,12.3357,-0.603405,2.5,1.8,1.5,0,vtype0
121,flow0.26,646885,5.49282e+06,0,12.4474,0.0740155,2.5,1.8,1.5,0,vtype0
121,flow0.27,646886,5.49284e+06,0,12.7226,-0.0544235,2.5,1.8,1.5,0,vtype0
121,flow0.28,646888,5.49286e+06,0,13.9764,0.0673265,2.5,1.8,1.5,0,vtype0
121,flow0.29,646890,5.4929e+06,0,13.9479,0.492915,2.5,1.8,1.5,0,vtype0
121,flow0.30,646887,5.49294e+06,0,13.9343,0.39093,2.5,1.8,1.5,0,vtype0
121,flow0.31,646884,5.49298e+06,0,13.9859,0.645459,2.5,1.8,1.5,0,vtype0
121,flow0.32,646878,5.49307e+06,0,13.9689,-0.0333468,2.5,1.8,1.5,0,vtype0
121,flow0.33,646874,5.49309e+06,0,12.9975,2.15017,2.5,1.8,1.5,0,vtype0
121,flow0.34,646871,5.49312e+06,0,9.5158,1.7119,2.5,1.8,1.5,0,vtype0
121,flow0.35,646853,5.49312e+06,0,11.1188,-0.0163951,2.5,1.8,1.5,1,vtype0
121,flow0.36,646818,5.49312e+06,0,13.9174,0.391723,2.5,1.8,1.5,0,vtype0
121,flow0.37,646774,5.49316e+06,0,12.1936,0.521013,2.5,1.8,1.5,2,vtype0
121,flow0.38,646791,5.49318e+06,0,13.0151,0.184412,2.5,1.8,1.5,2,vtype0
121,flow0.39,646822,5.49321e+06,0,11.602,0.107634,2.5,1.8,1.5,2,vtype0
122,flow0.0,646077,5.49325e+06,0,13.9309,0.539319,2.5,1.8,1.5,0,vtype0
122,flow0.1,646109,5.49322e+06,0,13.9638,0.311322,2.5,1.8,1.5,0,vtype0
122,flow0.2,646138,5.49319e+06,0,13.9838,0.0341231,2.5,1.8,1.5,0,vtype0
122,flow0.3,646168,5.49316e+06,0,13.9513,0.435959,2.5,1.8,1.5,0,vtype0
122,flow0.4,646219,5.49311e+06,0,13.8822,0.107306,2.5,1.8,1.5,0,vtype0
122,flow0.5,646243,5.49309e+06,0,13.8823,-0.0456312,2.5,1.8,1.5,0,vtype0
122,flow0.6,646270,5.49306e+06,0,13.9184,0.248024,2.5,1.8,1.5,0,vtype0
122,flow0.7,646359,5.49297e+06,0,13.9214,-0.229187,2.5,1.8,1.5,0,vtype0
122,flow0.8,646378,5.49295e+06,0,13.8967,-0.470491,2.5,1.8,1.5,0,vtype0
122,flow0.9,646397,5.49293e+06,0,13.9457,0.152272,2.5,1.8,1.5,0,vtype0
122,flow0.10,646417,5.49291e+06,0,13.8958,-0.430719,2.5,1.8,1.5,0,vtype0
122,flow0.11,646434,5.4929e+06,0,13.8802,-0.865733,2.5,1.8,1.5,0,vtype0
122,flow0.12,646455,5.49287e+06,0,13.968,0.703236,2.5,1.8,1.5,0,vtype0
122,flow0.13,646477,5.49285e+06,0,13.9683,0.182759,2.5,1.8,1.5,0,vtype0
122,flow0.14,646499,5.49283e+06,0,13.9688,0.983645,2.5,1.8,1.5,0,vtype0
122,flow0.15,646525,5.4928e+06,0,13.8741,-0.656539,2.5,1.8,1.5,0,vtype0
122,flow0.16,646552,5.49278e+06,0,13.9131,-0.295875,2.5,1.8,1.5,0,vtype0
122,flow0.17,646694,5.49271e+06,0,13.9236,-0.568764,2.5,1.8,1.5,0,vtype0
122,flow0.18,646713,5.4927e+06,0,13.9327,-0.00727266,2.5,1.8,1.5,0,vtype0
122,flow0.19,646732,5.4927e+06,0,13.91,0.3851,2.5,1.8,1.5,0,vtype0
122,flow0.20,646751,5.4927e+06,0,13.8843,0.173443,2.5,1.8,1.5,0,vtype0
122,flow0.21,646770,5.4927e+06,0,13.8549,-0.873106,2.5,1.8,1.5,0,vtype0
122,flow0.22,646789,5.4927e+06,0,13.9111,-0.262242,2.5,1.8,1.5,0,vtype0
122,flow0.23,646880,5.49275e+06,0,12.382,-0.667654,2.5,1.8,1.5,0,vtype0
122,flow0.24,646881,5.49277e+06,0,12.4276,-0.131984,2.5,1.8,1.5,0,vtype0
122,flow0.25,646882,5.49279e+06,0,12.4112,-0.646994,2.5,1.8,1.5,0,vtype0
122,flow0.26,646884,5.4928e+06,0,12.4362,0.436976,2.5,1.8,1.5,0,vtype0
122,flow0.27,646885,5.49282e+06,0,12.6031,-0.821538,2.5,1.8,1.5,0,vtype0
122,flow0.28,646887,5.49285e+06,0,13.8819,-0.50172,2.5,1.8,1.5,0,vtype0
122,flow0.29,646890,5.49289e+06,0,13.8767,-0.521466,2.5,1.8,1.5,0,vtype0
122,flow0.30,646888,5.49293e+06,0,13.9743,0.524798,2.5,1.8,1.5,0,vtype0
122,flow0.31,646885,5.49297e+06,0,13.9571,-0.0508167,2.5,1.8,1.5,0,vtype0
122,flow0.32,646879,5.49305e+06,0,13.9104,-0.278221,2.5,1.8,1.5,0,vtype0
122,flow0.33,646876,5.49308e+06,0,13.8923,-0.247844,2.5,1.8,1.5,0,vtype0
122,flow0.34,646873,5.4931e+06,0,11.4691,1.89576,2.5,1.8,1.5,0,vtype0
122,flow0.35,646862,5.49312e+06,0,6.62012,-4.48644,2.5,1.8,1.5,9,vtype0
122,flow0.36,646831,5.49312e+06,0,13.0501,-3.85277,2.5,1.8,1.5,9,vtype0
122,flow0.37,646778,5.49315e+06,0,12.1489,0.0630625,2.5,1.8,1.5,0,vtype0
122,flow0.38,646782,5.49317e+06,0,13.0927,-0.327086,2.5,1.8,1.5,2,vtype0
122,flow0.39,646814,5.49321e+06,0,11.6186,-0.340791,2.5,1.8,1.5,2,vtype0
122,flow0.40,646837,5.49323e+06,0,12.2485,-0.696921,2.5,1.8,1.5,0,vtype0
123,flow0.0,646067,5.49326e+06,0,13.9493,0.562686,2.5,1.8,1.5,0,vtype0
123,flow0.1,646099,5.49323e+06,0,13.943,0.187858,2.5,1.8,1.5,0,vtype0
123,flow0.2,646128,5.4932e+06,0,13.9972,-0.0160743,2.5,1.8,1.5,0,vtype0
123,flow0.3,646158,5.49317e+06,0,13.959,0.376392,2.5,1.8,1.5,0,vtype0
123,flow0.4,646209,5.49312e+06,0,13.8857,0.119854,2.5,1.8,1.5,0,vtype0
123,flow0.5,646234,5.4931e+06,0,13.9862,0.682341,2.5,1.8,1.5,0,vtype0
123,flow0.6,646260,5.49307e+06,0,13.9534,0.0370967,2.5,1.8,1.5,0,vtype0
123,flow0.7,646349,5.49298e+06,0,13.9638,0.447375,2.5,1.8,1.5,0,vtype0
123,flow0.8,646368,5.49296e+06,0,13.9561,-0.375961,2.5,1.8,1.5,0,vtype0
123,flow0.9,646387,5.49294e+06,0,13.9275,-0.0703763,2.5,1.8,1.5,0,vtype0
123,flow0.10,646407,5.49292e+06,0,13.8864,-0.712347,2.5,1.8,1.5,0,vtype0
123,flow0.11,646424,5.49291e+06,0,13.8938,-1.06128,2.5,1.8,1.5,0,vtype0
123,flow0.12,646445,5.49288e+06,0,13.9288,-0.248264,2.5,1.8,1.5,0,vtype0
123,flow0.13,646467,5.49286e+06,0,13.9199,-0.726087,2.5,1.8,1.5,0,vtype0
123,flow0.14,646489,5.49284e+06,0,13.9217,-0.0392984,2.5,1.8,1.5,0,vtype0
123,flow0.15,646515,5.49281e+06,0,13.9129,0.163831,2.5,1.8,1.5,0,vtype0
123,flow0.16,646542,5.49279e+06,0,13.9957,0.989042,2.5,1.8,1.5,0,vtype0
123,flow0.17,646680,5.49271e+06,0,13.9337,0.353181,2.5,1.8,1.5,0,vtype0
123,flow0.18,646699,5.49271e+06,0,13.8927,-0.822311,2.5,1.8,1.5,0,vtype0
123,flow0.19,646718,5.4927e+06,0,13.9522,0.816796,2.5,1.8,1.5,0,vtype0
123,flow0.20,646737,5.4927e+06,0,13.8114,-0.889883,2.5,1.8,1.5,0,vtype0
123,flow0.21,646756,5.4927e+06,0,13.8392,0.0632469,2.5,1.8,1.5,0,vtype0
123,flow0.22,646775,5.4927e+06,0,13.8599,0.129184,2.5,1.8,1.5,0,vtype0
123,flow0.23,646879,5.49274e+06,0,12.4142,-0.271632,2.5,1.8,1.5,0,vtype0
123,flow0.24,646880,5.49276e+06,0,12.4966,0.7833,2.5,1.8,1.5,0,vtype0
123,flow0.25,646881,5.49277e+06,0,12.4353,-0.4939,2.5,1.8,1.5,0,vtype0
123,flow0.26,646883,5.49279e+06,0,12.4573,0.500057,2.5,1.8,1.5,0,vtype0
123,flow0.27,646884,5.49281e+06,0,12.5427,-1.83497,2.5,1.8,1.5,8,vtype0
123,flow0.28,646886,5.49284e+06,0,13.9986,1.22541,2.5,1.8,1.5,0,vtype0
123,flow0.29,646889,5.49287e+06,0,13.9664,0.159822,2.5,1.8,1.5,0,vtype0
123,flow0.30,646889,5.49291e+06,0,13.956,0.748872,2.5,1.8,1.5,0,vtype0
123,flow0.31,646886,5.49296e+06,0,13.9243,-0.0157747,2.5,1.8,1.5,0,vtype0
123,flow0.32,646880,5.49304e+06,0,13.9854,0.0900066,2.5,1.8,1.5,0,vtype0
123,flow0.33,646878,5.49307e+06,0,13.9513,0.511704,2.5,1.8,1.5,0,vtype0
123,flow0.34,646874,5.49309e+06,0,13.3243,2.06832,2.5,1.8,1.5,0,vtype0
123,flow0.35,646869,5.49312e+06,0,8.19585,1.42604,2.5,1.8,1.5,0,vtype0
123,flow0.36,646844,5.49312e+06,0,12.0407,-0.944912,2.5,1.8,1.5,1,vtype0
123,flow0.37,646788,5.49314e+06,0,12.1436,-0.909459,2.5,1.8,1.5,0,vtype0
123,flow0.38,646775,5.49316e+06,0,13.0315,-0.764696,2.5,1.8,1.5,2,vtype0
123,flow0.39,646806,5.4932e+06,0,11.5741,0.1519,2.5,1.8,1.5,2,vtype0
123,flow0.40,646829,5.49322e+06,0,12.2998,-0.364228,2.5,1.8,1.5,2,vtype0
124,flow0.41,646845,5.49324e+06,0,13.8732,-0.17397,2.5,1.8,1.5,0,vtype0
124,flow0.0,646057,5.49327e+06,0,13.9007,-0.282511,2.5,1.8,1.5,0,vtype0
124,flow0.1,646089,5.49324e+06,0,13.9899,-0.00321784,2.5,1.8,1.5,0,vtype0
124,flow0.2,646118,5.49321e+06,0,13.8803,-0.227967,2.5,1.8,1.5,0,vtype0
124,flow0.3,646149,5.49318e+06,0,13.9146,0.368251,2.5,1.8,1.5,0,vtype0
124,flow0.4,646199,5.49313e+06,0,13.8997,-0.927605,2.5,1.8,1.5,0,vtype0
124,flow0.5,646224,5.4931e+06,0,13.918,-0.437835,2.5,1.8,1.5,0,vtype0
124,flow0.6,646250,5.49308e+06,0,13.9812,0.583701,2.5,1.8,1.5,0,vtype0
124,flow0.7,646339,5.49299e+06,0,13.8976,-0.636698,2.5,1.8,1.5,0,vtype0
124,flow0.8,646358,5.49297e+06,0,13.9272,-0.364211,2.5,1.8,1.5,0,vtype0
124,flow0.9,646377,5.49295e+06,0,13.9148,-0.225898,2.5,1.8,1.5,0,vtype0
124,flow0.10,646397,5.49293e+06,0,13.9613,-0.190596,2.5,1.8,1.5,0,vtype0
124,flow0.11,646414,5.49292e+06,0,13.9153,-0.604906,2.5,1.8,1.5,0,vtype0
124,flow0.12,646435,5.49289e+06,0,13.9404,-0.386224,2.5,1.8,1.5,0,vtype0
124,flow0.13,646457,5.49287e+06,0,13.9695,0.342787,2.5,1.8,1.5,0,vtype0
124,flow0.14,646479,5.49285e+06,0,13.9035,-0.590124,2.5,1.8,1.5,0,vtype0
124,flow0.15,646506,5.49282e+06,0,13.9549,0.448881,2.5,1.8,1.5,0,vtype0
124,flow0.16,646533,5.4928e+06,0,13.9113,-0.250588,2.5,1.8,1.5,0,vtype0
124,flow0.17,646666,5.49271e+06,0,13.9981,0.774258,2.5,1.8,1.5,0,vtype0
124,flow0.18,646685,5.49271e+06,0,13.8583,-0.705892,2.5,1.8,1.5,0,vtype0
124,flow0.19,646704,5.4927e+06,0,13.8806,0.0856778,2.5,1.8,1.5,0,vtype0
124,flow0.20,646723,5.4927e+06,0,13.8486,-0.158998,2.5,1.8,1.5,0,vtype0
124,flow0.21,646742,5.4927e+06,0,13.7989,-0.135207,2.5,1.8,1.5,0,vtype0
124,flow0.22,646761,5.4927e+06,0,13.8054,-0.543204,2.5,1.8,1.5,0,vtype0
124,flow0.23,646878,5.49273e+06,0,13.9448,0.558169,2.5,1.8,1.5,0,vtype0
124,flow0.24,646879,5.49274e+06,0,13.6022,-0.955922,2.5,1.8,1.5,0,vtype0
124,flow0.25,646880,5.49276e+06,0,13.4163,1.42984,2.5,1.8,1.5,0,vtype0
124,flow0.26,646882,5.49278e+06,0,13.1341,0.539935,2.5,1.8,1.5,0,vtype0
124,flow0.27,646883,5.4928e+06,0,13.1362,1.79915,2.5,1.8,1.5,0,vtype0
124,flow0.28,646885,5.49282e+06,0,13.9989,0.351859,2.5,1.8,1.5,0,vtype0
124,flow0.29,646888,5.49286e+06,0,13.8784,-0.227644,2.5,1.8,1.5,0,vtype0
124,flow0.30,646890,5.4929e+06,0,13.9025,-0.0541462,2.5,1.8,1.5,0,vtype0
124,flow0.31,646887,5.49294e+06,0,13.9114,-0.805119,2.5,1.8,1.5,0,vtype0
124,flow0.32,646881,5.49302e+06,0,13.9762,0.31221,2.5,1.8,1.5,0,vtype0
124,flow0.33,646879,5.49305e+06,0,13.9724,0.745882,2.5,1.8,1.5,0,vtype0
124,flow0.34,646877,5.49308e+06,0,13.898,-0.873813,2.5,1.8,1.5,0,vtype0
124,flow0.35,646872,5.49311e+06,0,10.3675,2.56304,2.5,1.8,1.5,0,vtype0
124,flow0.36,646855,5.49312e+06,0,10.337,-4.5,2.5,1.8,1.5,9,vtype0
124,flow0.37,646797,5.49313e+06,0,12.152,-0.272403,2.5,1.8,1.5,0,vtype0
124,flow0.38,646776,5.49315e+06,0,13.0486,0.189926,2.5,1.8,1.5,0,vtype0
124,flow0.39,646798,5.49319e+06,0,11.5761,-0.729012,2.5,1.8,1.5,2,vtype0
124,flow0.40,646820,5.49321e+06,0,12.2477,-0.546038,2.5,1.8,1.5,2,vtype0
125,flow0.0,646047,5.49328e+06,0,13.9279,0.533825,2.5,1.8,1.5,0,vtype0
125,flow0.1,646079,5.49325e+06,0,13.9884,0.935393,2.5,1.8,1.5,0,vtype0
125,flow0.2,646108,5.49322e+06,0,13.9255,-0.723314,2.5,1.8,1.5,0,vtype0
125,flow0.3,646139,5.49319e+06,0,13.9469,0.0170556,2.5,1.8,1.5,0,vtype0
125,flow0.4,646189,5.49314e+06,0,13.9414,0.318898,2.5,1.8,1.5,0,vtype0
125,flow0.5,646214,5.49311e+06,0,13.9687,-0.0294286,2.5,1.8,1.5,0,vtype0
125,flow0.6,646240,5.49309e+06,0,13.9339,-0.222257,2.5,1.8,1.5,0,vtype0
125,flow0.7,646330,5.493e+06,0,13.9062,-0.584326,2.5,1.8,1.5,0,vtype0
125,flow0.8,646349,5.49298e+06,0,13.9587,-0.240895,2.5,1.8,1.5,0,vtype0
125,flow0.9,646368,5.49296e+06,0,13.9721,0.591409,2.5,1.8,1.5,0,vtype0
125,flow0.10,646387,5.49294e+06,0,13.9587,0.554947,2.5,1.8,1.5,0,vtype0
125,flow0.11,646404,5.49292e+06,0,13.9685,-0.00887576,2.5,1.8,1.5,0,vtype0
125,flow0.12,646425,5.4929e+06,0,13.9067,0.293439,2.5,1.8,1.5,0,vtype0
125,flow0.13,646447,5.49288e+06,0,13.9423,-0.267974,2.5,1.8,1.5,0,vtype0
125,flow0.14,646469,5.49286e+06,0,13.9324,-0.456116,2.5,1.8,1.5,0,vtype0
125,flow0.15,646496,5.49283e+06,0,13.9918,0.239533,2.5,1.8,1.5,0,vtype0
125,flow0.16,646523,5.49281e+06,0,13.8858,-0.0262211,2.5,1.8,1.5,0,vtype0
125,flow0.17,646653,5.49271e+06,0,13.9141,-0.791551,2.5,1.8,1.5,0,vtype0
125,flow0.18,646671,5.49271e+06,0,13.9323,0.276877,2.5,1.8,1.5,0,vtype0
125,flow0.19,646690,5.49271e+06,0,13.9642,0.951162,2.5,1.8,1.5,0,vtype0
125,flow0.20,646709,5.4927e+06,0,13.8459,-0.141325,2.5,1.8,1.5,0,vtype0
125,flow0.21,646729,5.4927e+06,0,13.8018,-0.303832,2.5,1.8,1.5,0,vtype0
125,flow0.22,646748,5.4927e+06,0,13.8647,-0.589389,2.5,1.8,1.5,0,vtype0
125,flow0.23,646872,5.49271e+06,0,13.9149,-0.357413,2.5,1.8,1.5,0,vtype0
125,flow0.24,646878,5.49273e+06,0,13.6682,0.210611,2.5,1.8,1.5,0,vtype0
125,flow0.25,646879,5.49275e+06,0,13.4575,-0.066049,2.5,1.8,1.5,0,vtype0
125,flow0.26,646881,5.49277e+06,0,13.346,0.348826,2.5,1.8,1.5,0,vtype0
125,flow0.27,646882,5.49278e+06,0,13.2543,-1.10168,2.5,1.8,1.5,0,vtype0
125,flow0.28,646884,5.49281e+06,0,13.9361,0.480885,2.5,1.8,1.5,0,vtype0
125,flow0.29,646887,5.49285e+06,0,13.9451,0.5825,2.5,1.8,1.5,0,vtype0
125,flow0.30,646890,5.49289e+06,0,13.8766,-0.678731,2.5,1.8,1.5,0,vtype0
125,flow0.31,646888,5.49293e+06,0,13.87,-0.319898,2.5,1.8,1.5,0,vtype0
125,flow0.32,646882,5.49301e+06,0,13.8925,-0.107817,2.5,1.8,1.5,0,vtype0
125,flow0.33,646880,5.49304e+06,0,13.994,1.0156,2.5,1.8,1.5,0,vtype0
125,flow0.34,646878,5.49307e+06,0,13.9318,0.522019,2.5,1.8,1.5,0,vtype0
125,flow0.35,646873,5.4931e+06,0,12.3886,1.95602,2.5,1.8,1.5,0,vtype0
125,flow0.36,646863,5.49312e+06,0,6.60085,2.6,2.5,1.8,1.5,1,vtype0
125,flow0.37,646807,5.49313e+06,0,12.2093,0.206309,2.5,1.8,1.5,0,vtype0
125,flow0.38,646786,5.49314e+06,0,13.1042,0.612831,2.5,1.8,1.5,0,vtype0
125,flow0.39,646789,5.49318e+06,0,11.5561,-0.378019,2.5,1.8,1.5,2,vtype0
125,flow0.40,646812,5.4932e+06,0,12.2585,-0.907732,2.5,1.8,1.5,2,vtype0
125,flow0.41,646835,5.49323e+06,0,13.9775,0.517567,2.5,1.8,1.5,2,vtype0
126,flow0.0,646037,5.49329e+06,0,13.8787,-0.769954,2.5,1.8,1.5,0,vtype0
126,flow0.1,646069,5.49326e+06,0,13.9744,0.32823,2.5,1.8,1.5,0,vtype0
126,flow0.2,646099,5.49323e+06,0,13.8744,-0.386156,2.5,1.8,1.5,0,vtype0
126,flow0.3,646129,5.4932e+06,0,13.8942,-0.313843,2.5,1.8,1.5,0,vtype0
126,flow0.4,646179,5.49315e+06,0,13.9912,0.797062,2.5,1.8,1.5,0,vtype0
126,flow0.5,646204,5.49312e+06,0,13.8777,-1.08445,2.5,1.8,1.5,0,vtype0
126,flow0.6,646230,5.4931e+06,0,13.9766,0.261901,2.5,1.8,1.5,0,vtype0
126,flow0.7,646320,5.49301e+06,0,13.9271,-0.649349,2.5,1.8,1.5,0,vtype0
126,flow0.8,646339,5.49299e+06,0,13.9456,0.404428,2.5,1.8,1.5,0,vtype0
126,flow0.9,646358,5.49297e+06,0,13.9576,-0.214087,2.5,1.8,1.5,0,vtype0
126,flow0.10,646377,5.49295e+06,0,13.9062,-0.91346,2.5,1.8,1.5,0,vtype0
126,flow0.11,646394,5.49293e+06,0,13.9241,-0.219806,2.5,1.8,1.5,0,vtype0
126,flow0.12,646415,5.49291e+06,0,13.9235,-0.065359,2.5,1.8,1.5,0,vtype0
126,flow0.13,646437,5.49289e+06,0,13.8736,-0.435678,2.5,1.8,1.5,0,vtype0
126,flow0.14,646459,5.49287e+06,0,13.9658,0.611625,2.5,1.8,1.5,0,vtype0
126,flow0.15,646487,5.49284e+06,0,13.9596,-0.262422,2.5,1.8,1.5,0,vtype0
126,flow0.16,646513,5.49282e+06,0,13.9116,-0.650798,2.5,1.8,1.5,0,vtype0
126,flow0.17,646639,5.49272e+06,0,13.9488,-0.269702,2.5,1.8,1.5,0,vtype0
126,flow0.18,646658,5.49271e+06,0,13.9348,-0.306997,2.5,1.8,1.5,0,vtype0
126,flow0.19,646677,5.49271e+06,0,13.9242,0.264359,2.5,1.8,1.5,0,vtype0
126,flow0.20,646696,5.49271e+06,0,13.8987,0.557772,2.5,1.8,1.5,0,vtype0
126,flow0.21,646715,5.4927e+06,0,13.8931,1.02153,2.5,1.8,1.5,0,vtype0
126,flow0.22,646734,5.4927e+06,0,13.7467,-0.546391,2.5,1.8,1.5,0,vtype0
126,flow0.23,646862,5.4927e+06,0,13.9573,-0.118444,2.5,1.8,1.5,0,vtype0
126,flow0.24,646875,5.49272e+06,0,13.8382,0.577782,2.5,1.8,1.5,0,vtype0
126,flow0.25,646879,5.49273e+06,0,13.5815,0.421762,2.5,1.8,1.5,0,vtype0
126,flow0.26,646880,5.49275e+06,0,13.4107,0.157562,2.5,1.8,1.5,0,vtype0
126,flow0.27,646881,5.49277e+06,0,13.3179,0.760478,2.5,1.8,1.5,0,vtype0
126,flow0.28,646883,5.49279e+06,0,13.9925,-0.0560292,2.5,1.8,1.5,0,vtype0
126,flow0.29,646886,5.49283e+06,0,13.9199,-0.666303,2.5,1.8,1.5,0,vtype0
126,flow0.30,646889,5.49287e+06,0,13.875,-0.287473,2.5,1.8,1.5,0,vtype0
126,flow0.31,646889,5.49291e+06,0,13.972,0.321507,2.5,1.8,1.5,0,vtype0
126,flow0.32,646883,5.493e+06,0,13.9444,0.63363,2.5,1.8,1.5,0,vtype0
126,flow0.33,646881,5.49302e+06,0,13.9852,0.242961,2.5,1.8,1.5,0,vtype0
126,flow0.34,646879,5.49305e+06,0,13.8755,-0.603895,2.5,1.8,1.5,0,vtype0
126,flow0.35,646875,5.49309e+06,0,13.9774,0.797181,2.5,1.8,1.5,0,vtype0
126,flow0.36,646870,5.49312e+06,0,8.99138,2.18329,2.5,1.8,1.5,0,vtype0
126,flow0.37,646819,5.49312e+06,0,12.1118,-0.313343,2.5,1.8,1.5,0,vtype0
126,flow0.38,646796,5.49313e+06,0,13.0496,-0.335639,2.5,1.8,1.5,0,vtype0
126,flow0.39,646781,5.49317e+06,0,11.6115,0.22914,2.5,1.8,1.5,2,vtype0
126,flow0.40,646803,5.49319e+06,0,12.3276,0.586391,2.5,1.8,1.5,2,vtype0
126,flow0.41,646825,5.49322e+06,0,13.9251,-0.49185,2.5,1.8,1.5,2,vtype0
127,flow0.42,646846,5.49324e+06,0,12.5055,-0.401715,2.5,1.8,1.5,0,vtype0
127,flow0.0,646027,5.4933e+06,0,13.9309,-0.0734729,2.5,1.8,1.5,0,vtype0
127,flow0.1,646059,5.49327e+06,0,13.9236,0.532554,2.5,1.8,1.5,0,vtype0
127,flow0.2,646089,5.49324e+06,0,13.9665,-0.25102,2.5,1.8,1.5,0,vtype0
127,flow0.3,646119,5.49321e+06,0,13.982,0.52374,2.5,1.8,1.5,0,vtype0
127,flow0.4,646169,5.49316e+06,0,13.9021,0.0380759,2.5,1.8,1.5,0,vtype0
127,flow0.5,646194,5.49313e+06,0,13.9016,0.235792,2.5,1.8,1.5,0,vtype0
127,flow0.6,646220,5.49311e+06,0,13.8738,-0.447042,2.5,1.8,1.5,0,vtype0
127,flow0.7,646310,5.49302e+06,0,13.8892,-0.405926,2.5,1.8,1.5,0,vtype0
127,flow0.8,646329,5.493e+06,0,13.9701,-0.101167,2.5,1.8,1.5,0,vtype0
127,flow0.9,646348,5.49298e+06,0,13.907,0.0375255,2.5,1.8,1.5,0,vtype0
127,flow0.10,646367,5.49296e+06,0,13.9405,-0.268202,2.5,1.8,1.5,0,vtype0
127,flow0.11,646384,5.49294e+06,0,13.9609,0.428305,2.5,1.8,1.5,0,vtype0
127,flow0.12,646405,5.49292e+06,0,13.8856,-1.05715,2.5,1.8,1.5,0,vtype0
127,flow0.13,646427,5.4929e+06,0,13.9129,-0.291418,2.5,1.8,1.5,0,vtype0
127,flow0.14,646449,5.49288e+06,0,13.9046,-0.273939,2.5,1.8,1.5,0,vtype0
127,flow0.15,646477,5.49285e+06,0,13.9899,0.528658,2.5,1.8,1.5,0,vtype0
127,flow0.16,646504,5.49283e+06,0,13.983,-0.110282,2.5,1.8,1.5,0,vtype0
127,flow0.17,646626,5.49272e+06,0,13.9911,1.01099,2.5,1.8,1.5,0,vtype0
127,flow0.18,646644,5.49271e+06,0,13.8481,-0.746179,2.5,1.8,1.5,0,vtype0
127,flow0.19,646663,5.49271e+06,0,13.98,0.984036,2.5,1.8,1.5,0,vtype0
127,flow0.20,646682,5.49271e+06,0,13.9272,-0.401204,2.5,1.8,1.5,0,vtype0
127,flow0.21,646701,5.49271e+06,0,13.8717,-0.060016,2.5,1.8,1.5,0,vtype0
127,flow0.22,646720,5.4927e+06,0,13.8206,-0.692023,2.5,1.8,1.5,0,vtype0
127,flow0.23,646848,5.4927e+06,0,13.8736,-0.734595,2.5,1.8,1.5,0,vtype0
127,flow0.24,646866,5.49271e+06,0,13.7625,-0.414581,2.5,1.8,1.5,0,vtype0
127,flow0.25,646877,5.49272e+06,0,13.6069,0.659297,2.5,1.8,1.5,0,vtype0
127,flow0.26,646879,5.49274e+06,0,13.4414,-1.10952,2.5,1.8,1.5,0,vtype0
127,flow0.27,646880,5.49276e+06,0,13.4669,-0.246582,2.5,1.8,1.5,0,vtype0
127,flow0.28,646882,5.49278e+06,0,13.9564,0.155495,2.5,1.8,1.5,0,vtype0
127,flow0.29,646885,5.49282e+06,0,13.8933,0.0390945,2.5,1.8,1.5,0,vtype0
127,flow0.30,646888,5.49286e+06,0,13.9178,-0.324592,2.5,1.8,1.5,0,vtype0
127,flow0.31,646890,5.4929e+06,0,13.8703,-0.822873,2.5,1.8,1.5,0,vtype0
127,flow0.32,646884,5.49298e+06,0,13.887,-0.133055,2.5,1.8,1.5,0,vtype0
127,flow0.33,646882,5.49301e+06,0,13.9803,0.870839,2.5,1.8,1.5,0,vtype0
127,flow0.34,646880,5.49304e+06,0,13.8973,-0.224719,2.5,1.8,1.5,0,vtype0
127,flow0.35,646878,5.49307e+06,0,13.9274,-0.101269,2.5,1.8,1.5,0,vtype0
127,flow0.36,646872,5.49311e+06,0,10.7975,1.85735,2.5,1.8,1.5,0,vtype0
127,flow0.37,646831,5.49312e+06,0,12.1929,-0.441652,2.5,1.8,1.5,1,vtype0
127,flow0.38,646807,5.49313e+06,0,13.0423,-0.558457,2.5,1.8,1.5,0,vtype0
127,flow0.39,646775,5.49316e+06,0,11.6503,0.513337,2.5,1.8,1.5,2,vtype0
127,flow0.40,646794,5.49319e+06,0,12.2423,0.0162319,2.5,1.8,1.5,2,vtype0
127,flow0.41,646816,5.49321e+06,0,13.9717,0.291299,2.5,1.8,1.5,2,vtype0
128,flow0.0,646018,5.49331e+06,0,13.9522,0.128198,2.5,1.8,1.5,0,vtype0
128,flow0.1,646049,5.49328e+06,0,13.956,0.681417,2.5,1.8,1.5,0,vtype0
128,flow0.2,646079,5.49325e+06,0,13.9204,0.257099,2.5,1.8,1.5,0,vtype0
128,flow0.3,646109,5.49322e+06,0,13.9915,1.13292,2.5,1.8,1.5,0,vtype0
128,flow0.4,646159,5.49317e+06,0,13.9656,0.940822,2.5,1.8,1.5,0,vtype0
128,flow0.5,646184,5.49314e+06,0,13.9643,0.168521,2.5,1.8,1.5,0,vtype0
128,flow0.6,646210,5.49312e+06,0,13.9945,0.780044,2.5,1.8,1.5,0,vtype0
128,flow0.7,646301,5.49303e+06,0,13.9838,0.792214,2.5,1.8,1.5,0,vtype0
128,flow0.8,646319,5.49301e+06,0,13.947,-0.0698722,2.5,1.8,1.5,0,vtype0
128,flow0.9,646339,5.49299e+06,0,13.8911,-0.320552,2.5,1.8,1.5,0,vtype0
128,flow0.10,646357,5.49297e+06,0,13.9688,0.197437,2.5,1.8,1.5,0,vtype0
128,flow0.11,646374,5.49295e+06,0,13.9742,0.831329,2.5,1.8,1.5,0,vtype0
128,flow0.12,646395,5.49293e+06,0,13.956,0.62411,2.5,1.8,1.5,0,vtype0
128,flow0.13,646417,5.49291e+06,0,13.9635,0.575559,2.5,1.8,1.5,0,vtype0
128,flow0.14,646439,5.49289e+06,0,13.919,-0.644682,2.5,1.8,1.5,0,vtype0
128,flow0.15,646467,5.49286e+06,0,13.9349,0.185664,2.5,1.8,1.5,0,vtype0
128,flow0.16,646494,5.49284e+06,0,13.9937,0.388066,2.5,1.8,1.5,0,vtype0
128,flow0.17,646613,5.49273e+06,0,13.9802,-0.162982,2.5,1.8,1.5,0,vtype0
128,flow0.18,646631,5.49272e+06,0,13.93,0.581634,2.5,1.8,1.5,0,vtype0
128,flow0.19,646649,5.49271e+06,0,13.8657,-0.282526,2.5,1.8,1.5,0,vtype0
128,flow0.20,646668,5.49271e+06,0,13.8455,-1.26886,2.5,1.8,1.5,0,vtype0
128,flow0.21,646687,5.49271e+06,0,13.9769,1.55941,2.5,1.8,1.5,0,vtype0
128,flow0.22,646706,5.4927e+06,0,13.782,-1.6576,2.5,1.8,1.5,0,vtype0
128,flow0.23,646835,5.4927e+06,0,13.8841,-0.229608,2.5,1.8,1.5,0,vtype0
128,flow0.24,646853,5.4927e+06,0,13.8493,0.293117,2.5,1.8,1.5,0,vtype0
128,flow0.25,646870,5.49271e+06,0,13.7658,0.4771,2.5,1.8,1.5,0,vtype0
128,flow0.26,646878,5.49273e+06,0,13.5511,-0.932357,2.5,1.8,1.5,0,vtype0
128,flow0.27,646879,5.49274e+06,0,13.603,0.653962,2.5,1.8,1.5,0,vtype0
128,flow0.28,646881,5.49277e+06,0,13.9123,-0.168161,2.5,1.8,1.5,0,vtype0
128,flow0.29,646884,5.4928e+06,0,13.951,0.349339,2.5,1.8,1.5,0,vtype0
128,flow0.30,646887,5.49285e+06,0,13.8978,-0.118176,2.5,1.8,1.5,0,vtype0
128,flow0.31,646890,5.49289e+06,0,13.9127,-0.224955,2.5,1.8,1.5,0,vtype0
128,flow0.32,646885,5.49297e+06,0,13.9339,-0.111697,2.5,1.8,1.5,0,vtype0
128,flow0.33,646883,5.493e+06,0,13.9599,0.19979,2.5,1.8,1.5,0,vtype0
128,flow0.34,646881,5.49302e+06,0,13.8893,-1.06485,2.5,1.8,1.5,0,vtype0
128,flow0.35,646879,5.49306e+06,0,13.9179,-0.614633,2.5,1.8,1.5,0,vtype0
128,flow0.36,646874,5.4931e+06,0,12.5517,1.67889,2.5,1.8,1.5,0,vtype0
128,flow0.37,646844,5.49312e+06,0,12.1349,-0.18769,2.5,1.8,1.5,1,vtype0
128,flow0.38,646820,5.49312e+06,0,13.0053,0.072197,2.5,1.8,1.5,0,vtype0
128,flow0.39,646774,5.49315e+06,0,11.6609,0.345166,2.5,1.8,1.5,0,vtype0
128,flow0.40,646786,5.49318e+06,0,12.2523,-0.330712,2.5,1.8,1.5,2,vtype0
128,flow0.41,646806,5.4932e+06,0,13.9531,0.425639,2.5,1.8,1.5,2,vtype0
128,flow0.42,646837,5.49323e+06,0,12.5668,0.516252,2.5,1.8,1.5,0,vtype0
129,flow0.0,646008,5.49332e+06,0,13.9405,0.588186,2.5,1.8,1.5,0,vtype0
129,flow0.1,646039,5.49329e+06,0,13.9117,-0.129629,2.5,1.8,1.5,0,vtype0
129,flow0.2,646069,5.49326e+06,0,13.973,-0.0472776,2.5,1.8,1.5,0,vtype0
129,flow0.3,646099,5.49323e+06,0,13.9847,0.331618,2.5,1.8,1.5,0,vtype0
129,flow0.4,646150,5.49318e+06,0,13.9139,-0.207875,2.5,1.8,1.5,0,vtype0
129,flow0.5,646174,5.49315e+06,0,13.8893,0.0335682,2.5,1.8,1.5,0,vtype0
129,flow0.6,646200,5.49313e+06,0,13.9776,1.06636,2.5,1.8,1.5,0,vtype0
129,flow0.7,646291,5.49304e+06,0,13.9728,0.190826,2.5,1.8,1.5,0,vtype0
129,flow0.8,646310,5.49302e+06,0,13.9798,0.00311439,2.5,1.8,1.5,0,vtype0
129,flow0.9,646329,5.493e+06,0,13.8925,-0.325356,2.5,1.8,1.5,0,vtype0
129,flow0.10,646348,5.49298e+06,0,13.9255,-0.514137,2.5,1.8,1.5,0,vtype0
129,flow0.11,646364,5.49296e+06,0,13.9607,0.215997,2.5,1.8,1.5,0,vtype0
129,flow0.12,646385,5.49294e+06,0,13.8945,-0.95137,2.5,1.8,1.5,0,vtype0
129,flow0.13,646407,5.49292e+06,0,13.9259,0.365089,2.5,1.8,1.5,0,vtype0
129,flow0.14,646429,5.4929e+06,0,13.9984,0.542311,2.5,1.8,1.5,0,vtype0
129,flow0.15,646457,5.49287e+06,0,13.991,0.249266,2.5,1.8,1.5,0,vtype0
129,flow0.16,646485,5.49285e+06,0,13.9421,0.606668,2.5,1.8,1.5,0,vtype0
129,flow0.17,646601,5.49273e+06,0,13.9967,0.984025,2.5,1.8,1.5,0,vtype0
129,flow0.18,646618,5.49272e+06,0,13.8747,-0.937069,2.5,1.8,1.5,0,vtype0
129,flow0.19,646636,5.49272e+06,0,13.8718,-0.796804,2.5,1.8,1.5,0,vtype0
129,flow0.20,646654,5.49271e+06,0,13.909,0.246575,2.5,1.8,1.5,0,vtype0
129,flow0.21,646673,5.49271e+06,0,13.868,0.496147,2.5,1.8,1.5,0,vtype0
129,flow0.22,646692,5.49271e+06,0,13.7831,-0.725659,2.5,1.8,1.5,0,vtype0
129,flow0.23,646821,5.4927e+06,0,13.876,-0.38109,2.5,1.8,1.5,0,vtype0
129,flow0.24,646839,5.4927e+06,0,13.8694,0.919997,2.5,1.8,1.5,0,vtype0
129,flow0.25,646858,5.4927e+06,0,13.6439,-1.61802,2.5,1.8,1.5,0,vtype0
129,flow0.26,646873,5.49271e+06,0,13.6495,-0.33938,2.5,1.8,1.5,0,vtype0
129,flow0.27,646879,5.49273e+06,0,13.6677,0.0910474,2.5,1.8,1.5,0,vtype0
129,flow0.28,646880,5.49275e+06,0,13.91,-0.699078,2.5,1.8,1.5,0,vtype0
129,flow0.29,646883,5.49279e+06,0,13.8798,-1.06359,2.5,1.8,1.5,0,vtype0
129,flow0.30,646886,5.49283e+06,0,13.9091,0.235703,2.5,1.8,1.5,0,vtype0
129,flow0.31,646889,5.49287e+06,0,13.9442,-0.53059,2.5,1.8,1.5,0,vtype0
129,flow0.32,646886,5.49296e+06,0,13.9804,0.73593,2.5,1.8,1.5,0,vtype0
129,flow0.33,646884,5.49298e+06,0,13.8938,0.117405,2.5,1.8,1.5,0,vtype0
129,flow0.34,646882,5.49301e+06,0,13.9228,-0.0649142,2.5,1.8,1.5,0,vtype0
129,flow0.35,646880,5.49304e+06,0,13.9112,-0.606507,2.5,1.8,1.5,0,vtype0
129,flow0.36,646876,5.49308e+06,0,13.9372,0.66975,2.5,1.8,1.5,0,vtype0
129,flow0.37,646855,5.49312e+06,0,10.3608,-4.36656,2.5,1.8,1.5,9,vtype0
129,flow0.38,646832,5.49312e+06,0,12.809,-3.09109,2.5,1.8,1.5,9,vtype0
129,flow0.39,646783,5.49314e+06,0,11.5865,0.261407,2.5,1.8,1.5,0,vtype0
129,flow0.40,646778,5.49317e+06,0,12.3231,0.656971,2.5,1.8,1.5,2,vtype0
129,flow0.41,646796,5.49319e+06,0,13.9524,0.145664,2.5,1.8,1.5,2,vtype0
129,flow0.42,646828,5.49322e+06,0,12.5155,-0.100859,2.5,1.8,1.5,2,vtype0
130,flow0.43,646846,5.49324e+06,0,12.7614,-0.237381,2.5,1.8,1.5,0,vtype0
130,flow0.0,645998,5.49333e+06,0,13.962,0.594546,2.5,1.8,1.5,0,vtype0
130,flow0.1,646030,5.4933e+06,0,13.9694,0.621239,2.5,1.8,1.5,0,vtype0
130,flow0.2,646059,5.49327e+06,0,13.9363,-0.629565,2.5,1.8,1.5,0,vtype0
130,flow0.3,646089,5.49324e+06,0,13.9868,0.331813,2.5,1.8,1.5,0,vtype0
130,flow0.4,646140,5.49319e+06,0,13.8743,-0.447936,2.5,1.8,1.5,0,vtype0
130,flow0.5,646164,5.49316e+06,0,13.9361,-0.533492,2.5,1.8,1.5,0,vtype0
130,flow0.6,646190,5.49314e+06,0,13.9005,-0.593069,2.5,1.8,1.5,0,vtype0
130,flow0.7,646281,5.49305e+06,0,13.9076,-0.274086,2.5,1.8,1.5,0,vtype0
130,flow0.8,646300,5.49303e+06,0,13.9143,-0.191867,2.5,1.8,1.5,0,vtype0
130,flow0.9,646319,5.49301e+06,0,13.9247,0.268445,2.5,1.8,1.5,0,vtype0
130,flow0.10,646338,5.49299e+06,0,13.8939,-0.900989,2.5,1.8,1.5,0,vtype0
130,flow0.11,646355,5.49297e+06,0,13.9195,0.374879,2.5,1.8,1.5,0,vtype0
130,flow0.12,646375,5.49295e+06,0,13.9104,0.0153961,2.5,1.8,1.5,0,vtype0
130,flow0.13,646397,5.49293e+06,0,13.8878,-0.798617,2.5,1.8,1.5,0,vtype0
130,flow0.14,646419,5.49291e+06,0,13.9728,-0.104715,2.5,1.8,1.5,0,vtype0
130,flow0.15,646447,5.49288e+06,0,13.8701,-0.344217,2.5,1.8,1.5,0,vtype0
130,flow0.16,646475,5.49286e+06,0,13.9866,1.14126,2.5,1.8,1.5,0,vtype0
130,flow0.17,646591,5.49274e+06,0,10.5551,-4.5,2.5,1.8,1.5,8,vtype0
130,flow0.18,646607,5.49273e+06,0,11.6752,-4.40362,2.5,1.8,1.5,8,vtype0
130,flow0.19,646623,5.49272e+06,0,12.5765,-2.4036,2.5,1.8,1.5,8,vtype0
130,flow0.20,646641,5.49271e+06,0,13.0496,-1.18136,2.5,1.8,1.5,0,vtype0
130,flow0.21,646660,5.49271e+06,0,13.3898,-1.37712,2.5,1.8,1.5,0,vtype0
130,flow0.22,646678,5.49271e+06,0,13.5998,-0.67897,2.5,1.8,1.5,0,vtype0
130,flow0.23,646807,5.4927e+06,0,13.9207,-0.534122,2.5,1.8,1.5,0,vtype0
130,flow0.24,646826,5.4927e+06,0,13.9577,1.13262,2.5,1.8,1.5,0,vtype0
130,flow0.25,646844,5.4927e+06,0,13.7437,-0.234745,2.5,1.8,1.5,0,vtype0
130,flow0.26,646862,5.4927e+06,0,13.6343,0.0443144,2.5,1.8,1.5,0,vtype0
130,flow0.27,646875,5.49272e+06,0,13.5915,-0.305787,2.5,1.8,1.5,0,vtype0
130,flow0.28,646879,5.49274e+06,0,13.9186,-0.238675,2.5,1.8,1.5,0,vtype0
130,flow0.29,646882,5.49278e+06,0,13.9124,-0.799641,2.5,1.8,1.5,0,vtype0
130,flow0.30,646885,5.49282e+06,0,13.9465,0.687099,2.5,1.8,1.5,0,vtype0
130,flow0.31,646888,5.49286e+06,0,13.9382,-0.258319,2.5,1.8,1.5,0,vtype0
130,flow0.32,646887,5.49294e+06,0,13.9271,0.418899,2.5,1.8,1.5,0,vtype0
130,flow0.33,646885,5.49297e+06,0,13.9675,0.612972,2.5,1.8,1.5,0,vtype0
130,flow0.34,646883,5.493e+06,0,13.9268,0.108613,2.5,1.8,1.5,0,vtype0
130,flow0.35,646881,5.49303e+06,0,13.9481,0.72696,2.5,1.8,1.5,0,vtype0
130,flow0.36,646878,5.49307e+06,0,13.9354,-0.290549,2.5,1.8,1.5,0,vtype0
130,flow0.37,646863,5.49312e+06,0,6.57085,2.6,2.5,1.8,1.5,1,vtype0
130,flow0.38,646843,5.49312e+06,0,9.46399,-3.37294,2.5,1.8,1.5,9,vtype0
130,flow0.39,646791,5.49314e+06,0,11.617,-0.548229,2.5,1.8,1.5,0,vtype0
130,flow0.40,646774,5.49316e+06,0,12.2934,0.286571,2.5,1.8,1.5,0,vtype0
130,flow0.41,646786,5.49318e+06,0,13.8842,-0.285769,2.5,1.8,1.5,2,vtype0
130,flow0.42,646819,5.49321e+06,0,12.6046,0.792658,2.5,1.8,1.5,2,vtype0
131,flow0.0,645987,5.49334e+06,0,13.8725,-0.850581,2.5,1.8,1.5,0,vtype0
131,flow0.1,646020,5.49331e+06,0,13.9872,0.185555,2.5,1.8,1.5,0,vtype0
131,flow0.2,646049,5.49328e+06,0,13.8924,-0.590857,2.5,1.8,1.5,0,vtype0
131,flow0.3,646079,5.49325e+06,0,13.9451,0.192567,2.5,1.8,1.5,0,vtype0
131,flow0.4,646130,5.4932e+06,0,13.8786,-0.12483,2.5,1.8,1.5,0,vtype0
131,flow0.5,646154,5.49317e+06,0,13.9239,-0.0084852,2.5,1.8,1.5,0,vtype0
131,flow0.6,646180,5.49315e+06,0,13.9019,-0.276693,2.5,1.8,1.5,0,vtype0
131,flow0.7,646271,5.49306e+06,0,13.9562,-0.114185,2.5,1.8,1.5,0,vtype0
131,flow0.8,646290,5.49304e+06,0,13.9388,0.190836,2.5,1.8,1.5,0,vtype0
131,flow0.9,646309,5.49302e+06,0,13.9063,-0.854581,2.5,1.8,1.5,0,vtype0
131,flow0.10,646328,5.493e+06,0,13.9964,0.759846,2.5,1.8,1.5,0,vtype0
131,flow0.11,646345,5.49298e+06,0,13.8883,-1.03523,2.5,1.8,1.5,0,vtype0
131,flow0.12,646366,5.49296e+06,0,13.9884,0.634669,2.5,1.8,1.5,0,vtype0
131,flow0.13,646387,5.49294e+06,0,13.8925,-0.268577,2.5,1.8,1.5,0,vtype0
131,flow0.14,646409,5.49292e+06,0,13.8854,-0.328955,2.5,1.8,1.5,0,vtype0
131,flow0.15,646437,5.49289e+06,0,13.871,-1.0702,2.5,1.8,1.5,0,vtype0
131,flow0.16,646465,5.49287e+06,0,13.9686,0.945261,2.5,1.8,1.5,0,vtype0
131,flow0.17,646584,5.49274e+06,0,6.05513,-4.5,2.5,1.8,1.5,8,vtype0
131,flow0.18,646598,5.49273e+06,0,8.56954,-2.52073,2.5,1.8,1.5,8,vtype0
131,flow0.19,646613,5.49273e+06,0,10.113,-1.67304,2.5,1.8,1.5,8,vtype0
131,flow0.20,646630,5.49272e+06,0,11.0685,-2.41493,2.5,1.8,1.5,8,vtype0
131,flow0.21,646648,5.49271e+06,0,11.9224,-1.09972,2.5,1.8,1.5,0,vtype0
131,flow0.22,646666,5.49271e+06,0,12.4417,-1.39655,2.5,1.8,1.5,0,vtype0
131,flow0.23,646793,5.4927e+06,0,13.9823,0.833663,2.5,1.8,1.5,0,vtype0
131,flow0.24,646812,5.4927e+06,0,13.9151,0.884785,2.5,1.8,1.5,0,vtype0
131,flow0.25,646831,5.4927e+06,0,13.8146,-0.622947,2.5,1.8,1.5,0,vtype0
131,flow0.26,646849,5.4927e+06,0,13.8391,1.48028,2.5,1.8,1.5,0,vtype0
131,flow0.27,646867,5.49271e+06,0,13.6539,-0.951479,2.5,1.8,1.5,0,vtype0
131,flow0.28,646878,5.49272e+06,0,13.9337,0.0915074,2.5,1.8,1.5,0,vtype0
131,flow0.29,646880,5.49276e+06,0,13.88,-0.934154,2.5,1.8,1.5,0,vtype0
131,flow0.30,646884,5.4928e+06,0,13.99,0.971647,2.5,1.8,1.5,0,vtype0
131,flow0.31,646887,5.49285e+06,0,13.878,-1.15813,2.5,1.8,1.5,0,vtype0
131,flow0.32,646888,5.49293e+06,0,13.9944,0.243846,2.5,1.8,1.5,0,vtype0
131,flow0.33,646886,5.49295e+06,0,13.9157,0.056897,2.5,1.8,1.5,0,vtype0
131,flow0.34,646884,5.49298e+06,0,13.9692,0.821134,2.5,1.8,1.5,0,vtype0
131,flow0.35,646882,5.49302e+06,0,13.9164,-0.126894,2.5,1.8,1.5,0,vtype0
131,flow0.36,646879,5.49306e+06,0,13.8925,-0.240448,2.5,1.8,1.5,0,vtype0
131,flow0.37,646870,5.49312e+06,0,8.82399,2.22769,2.5,1.8,1.5,0,vtype0
131,flow0.38,646853,5.49312e+06,0,9.97865,0.421944,2.5,1.8,1.5,1,vtype0
131,flow0.39,646800,5.49313e+06,0,11.6361,0.417133,2.5,1.8,1.5,0,vtype0
131,flow0.40,646779,5.49315e+06,0,12.3387,0.561004,2.5,1.8,1.5,0,vtype0
131,flow0.41,646777,5.49317e+06,0,13.9091,-0.751176,2.5,1.8,1.5,2,vtype0
131,flow0.42,646811,5.4932e+06,0,12.5172,0.114364,2.5,1.8,1.5,2,vtype0
131,flow0.43,646837,5.49323e+06,0,12.7895,0.0362482,2.5,1.8,1.5,0,vtype0
132,flow0.0,645977,5.49335e+06,0,13.9013,-0.823372,2.5,1.8,1.5,0,vtype0
132,flow0.1,646010,5.49332e+06,0,13.9143,-0.710731,2.5,1.8,1.5,0,vtype0
132,flow0.2,646039,5.49329e+06,0,13.9718,0.798049,2.5,1.8,1.5,0,vtype0
132,flow0.3,646069,5.49326e+06,0,13.9866,0.550432,2.5,1.8,1.5,0,vtype0
132,flow0.4,646120,5.49321e+06,0,13.9005,-0.934577,2.5,1.8,1.5,0,vtype0
132,flow0.5,646144,5.49318e+06,0,13.9435,0.149913,2.5,1.8,1.5,0,vtype0
132,flow0.6,646170,5.49316e+06,0,13.871,-0.178468,2.5,1.8,1.5,0,vtype0
132,flow0.7,646261,5.49307e+06,0,13.8832,-0.986415,2.5,1.8,1.5,0,vtype0
132,flow0.8,646280,5.49305e+06,0,13.9476,-0.203004,2.5,1.8,1.5,0,vtype0
132,flow0.9,646300,5.49303e+06,0,13.8944,0.214931,2.5,1.8,1.5,0,vtype0
132,flow0.10,646318,5.49301e+06,0,13.9847,0.963862,2.5,1.8,1.5,0,vtype0
132,flow0.11,646335,5.49299e+06,0,13.8979,-0.499099,2.5,1.8,1.5,0,vtype0
132,flow0.12,646356,5.49297e+06,0,13.9781,0.794106,2.5,1.8,1.5,0,vtype0
132,flow0.13,646377,5.49295e+06,0,13.9153,-0.413549,2.5,1.8,1.5,0,vtype0
132,flow0.14,646399,5.49293e+06,0,13.9611,0.514341,2.5,1.8,1.5,0,vtype0
132,flow0.15,646427,5.4929e+06,0,13.9519,-0.418631,2.5,1.8,1.5,0,vtype0
132,flow0.16,646455,5.49288e+06,0,13.9916,0.136439,2.5,1.8,1.5,0,vtype0
132,flow0.17,646578,5.49275e+06,0,8.4928,1.7105,2.5,1.8,1.5,0,vtype0
132,flow0.18,646591,5.49274e+06,0,9.066,0.513533,2.5,1.8,1.5,0,vtype0
132,flow0.19,646605,5.49273e+06,0,9.83596,0.233137,2.5,1.8,1.5,0,vtype0
132,flow0.20,646620,5.49272e+06,0,10.4676,0.358855,2.5,1.8,1.5,0,vtype0
132,flow0.21,646637,5.49272e+06,0,11.0342,-0.0724456,2.5,1.8,1.5,0,vtype0
132,flow0.22,646654,5.49271e+06,0,11.6019,-0.582574,2.5,1.8,1.5,0,vtype0
132,flow0.23,646779,5.4927e+06,0,13.9402,0.267859,2.5,1.8,1.5,0,vtype0
132,flow0.24,646798,5.4927e+06,0,13.8865,0.460808,2.5,1.8,1.5,0,vtype0
132,flow0.25,646817,5.4927e+06,0,13.8111,-0.77232,2.5,1.8,1.5,0,vtype0
132,flow0.26,646836,5.4927e+06,0,13.7904,0.116749,2.5,1.8,1.5,0,vtype0
132,flow0.27,646854,5.4927e+06,0,13.7634,-0.115892,2.5,1.8,1.5,0,vtype0
132,flow0.28,646872,5.49271e+06,0,13.9189,0.210598,2.5,1.8,1.5,0,vtype0
132,flow0.29,646879,5.49275e+06,0,13.9045,-0.0506162,2.5,1.8,1.5,0,vtype0
132,flow0.30,646882,5.49279e+06,0,13.9129,0.354594,2.5,1.8,1.5,0,vtype0
132,flow0.31,646886,5.49283e+06,0,13.9321,0.244145,2.5,1.8,1.5,0,vtype0
132,flow0.32,646889,5.49291e+06,0,13.921,-0.384489,2.5,1.8,1.5,0,vtype0
132,flow0.33,646887,5.49294e+06,0,13.9863,1.00924,2.5,1.8,1.5,0,vtype0
132,flow0.34,646885,5.49297e+06,0,13.9267,-0.207454,2.5,1.8,1.5,0,vtype0
132,flow0.35,646883,5.493e+06,0,13.9699,-0.00836225,2.5,1.8,1.5,0,vtype0
132,flow0.36,646880,5.49304e+06,0,13.9005,-0.908149,2.5,1.8,1.5,0,vtype0
132,flow0.37,646872,5.49311e+06,0,10.713,2.24155,2.5,1.8,1.5,0,vtype0
132,flow0.38,646862,5.49312e+06,0,6.82665,-4.5,2.5,1.8,1.5,9,vtype0
132,flow0.39,646811,5.49313e+06,0,11.6702,0.61526,2.5,1.8,1.5,0,vtype0
132,flow0.40,646789,5.49314e+06,0,12.3269,0.802256,2.5,1.8,1.5,0,vtype0
132,flow0.41,646774,5.49315e+06,0,13.5093,-1.20936,2.5,1.8,1.5,0,vtype0
132,flow0.42,646802,5.49319e+06,0,12.5562,0.483398,2.5,1.8,1.5,2,vtype0
132,flow0.43,646828,5.49322e+06,0,12.8381,-0.0194148,2.5,1.8,1.5,2,vtype0
133,flow0.44,646846,5.49324e+06,0,12.2046,0.121109,2.5,1.8,1.5,0,vtype0
133,flow0.0,645966,5.49335e+06,0,13.9589,-0.395314,2.5,1.8,1.5,0,vtype0
133,flow0.1,646000,5.49333e+06,0,13.9504,-0.357541,2.5,1.8,1.5,0,vtype0
133,flow0.2,646029,5.4933e+06,0,13.9456,0.244977,2.5,1.8,1.5,0,vtype0
133,flow0.3,646059,5.49327e+06,0,13.8769,0.0173606,2.5,1.8,1.5,0,vtype0
133,flow0.4,646110,5.49322e+06,0,13.9841,0.986458,2.5,1.8,1.5,0,vtype0
133,flow0.5,646134,5.49319e+06,0,13.8951,-0.133498,2.5,1.8,1.5,0,vtype0
133,flow0.6,646160,5.49317e+06,0,13.9932,0.265887,2.5,1.8,1.5,0,vtype0
133,flow0.7,646251,5.49308e+06,0,13.9951,0.220327,2.5,1.8,1.5,0,vtype0
133,flow0.8,646270,5.49306e+06,0,13.9987,0.317865,2.5,1.8,1.5,0,vtype0
133,flow0.9,646290,5.49304e+06,0,13.9618,-0.333045,2.5,1.8,1.5,0,vtype0
133,flow0.10,646309,5.49302e+06,0,13.9,0.0192748,2.5,1.8,1.5,0,vtype0
133,flow0.11,646325,5.493e+06,0,13.9002,-0.899865,2.5,1.8,1.5,0,vtype0
133,flow0.12,646346,5.49298e+06,0,13.8961,-0.0273676,2.5,1.8,1.5,0,vtype0
133,flow0.13,646368,5.49296e+06,0,13.8849,-0.108777,2.5,1.8,1.5,0,vtype0
133,flow0.14,646390,5.49294e+06,0,13.9355,0.601608,2.5,1.8,1.5,0,vtype0
133,flow0.15,646417,5.49291e+06,0,13.9269,-0.208974,2.5,1.8,1.5,0,vtype0
133,flow0.16,646445,5.49288e+06,0,13.9678,0.368934,2.5,1.8,1.5,0,vtype0
133,flow0.17,646571,5.49275e+06,0,10.4337,1.60878,2.5,1.8,1.5,0,vtype0
133,flow0.18,646584,5.49274e+06,0,6.17479,-4.5,2.5,1.8,1.5,8,vtype0
133,flow0.19,646597,5.49274e+06,0,8.01351,-3.76736,2.5,1.8,1.5,8,vtype0
133,flow0.20,646611,5.49273e+06,0,9.43179,-1.03044,2.5,1.8,1.5,8,vtype0
133,flow0.21,646627,5.49272e+06,0,10.3197,-1.1667,2.5,1.8,1.5,8,vtype0
133,flow0.22,646643,5.49271e+06,0,10.9943,-1.78162,2.5,1.8,1.5,8,vtype0
133,flow0.23,646765,5.4927e+06,0,13.9362,0.0325223,2.5,1.8,1.5,0,vtype0
133,flow0.24,646784,5.4927e+06,0,13.9431,1.06563,2.5,1.8,1.5,0,vtype0
133,flow0.25,646803,5.4927e+06,0,13.7617,-0.68793,2.5,1.8,1.5,0,vtype0
133,flow0.26,646822,5.4927e+06,0,13.7773,-0.146678,2.5,1.8,1.5,0,vtype0
133,flow0.27,646841,5.4927e+06,0,13.7359,-0.393446,2.5,1.8,1.5,0,vtype0
133,flow0.28,646861,5.4927e+06,0,13.9674,0.586664,2.5,1.8,1.5,0,vtype0
133,flow0.29,646879,5.49274e+06,0,13.9032,0.314972,2.5,1.8,1.5,0,vtype0
133,flow0.30,646881,5.49278e+06,0,13.9679,0.308716,2.5,1.8,1.5,0,vtype0
133,flow0.31,646885,5.49282e+06,0,13.9874,0.421132,2.5,1.8,1.5,0,vtype0
133,flow0.32,646890,5.4929e+06,0,13.9179,-0.15,2.5,1.8,1.5,0,vtype0
133,flow0.33,646888,5.49293e+06,0,13.8771,-0.445317,2.5,1.8,1.5,0,vtype0
133,flow0.34,646886,5.49295e+06,0,13.9174,-0.412281,2.5,1.8,1.5,0,vtype0
133,flow0.35,646884,5.49299e+06,0,13.9072,0.321268,2.5,1.8,1.5,0,vtype0
133,flow0.36,646881,5.49303e+06,0,13.9196,-0.0123009,2.5,1.8,1.5,0,vtype0
133,flow0.37,646874,5.4931e+06,0,12.6888,1.91046,2.5,1.8,1.5,0,vtype0
133,flow0.38,646869,5.49312e+06,0,8.58411,1.87159,2.5,1.8,1.5,0,vtype0
133,flow0.39,646823,5.49312e+06,0,11.6761,0.384392,2.5,1.8,1.5,0,vtype0
133,flow0.40,646798,5.49313e+06,0,12.2805,-0.454144,2.5,1.8,1.5,0,vtype0
133,flow0.41,646782,5.49314e+06,0,13.3196,0.493759,2.5,1.8,1.5,0,vtype0
133,flow0.42,646793,5.49318e+06,0,12.6085,1.08961,2.5,1.8,1.5,2,vtype0
133,flow0.43,646819,5.49321e+06,0,12.7275,-0.532032,2.5,1.8,1.5,2,vtype0
134,flow0.0,645956,5.49336e+06,0,13.9776,0.0731713,2.5,1.8,1.5,0,vtype0
134,flow0.1,645990,5.49333e+06,0,13.916,-0.071537,2.5,1.8,1.5,0,vtype0
134,flow0.2,646019,5.49331e+06,0,13.91,-0.227717,2.5,1.8,1.5,0,vtype0
134,flow0.3,646049,5.49328e+06,0,13.9587,0.35386,2.5,1.8,1.5,0,vtype0
134,flow0.4,646100,5.49323e+06,0,13.881,-0.164755,2.5,1.8,1.5,0,vtype0
134,flow0.5,646124,5.4932e+06,0,13.9039,-0.481642,2.5,1.8,1.5,0,vtype0
134,flow0.6,646150,5.49318e+06,0,13.9385,-0.435362,2.5,1.8,1.5,0,vtype0
134,flow0.7,646241,5.49309e+06,0,13.9065,-0.923813,2.5,1.8,1.5,0,vtype0
134,flow0.8,646260,5.49307e+06,0,13.9594,-0.233,2.5,1.8,1.5,0,vtype0
134,flow0.9,646280,5.49305e+06,0,13.966,0.854284,2.5,1.8,1.5,0,vtype0
134,flow0.10,646299,5.49303e+06,0,13.9739,0.904087,2.5,1.8,1.5,0,vtype0
134,flow0.11,646316,5.49301e+06,0,13.9006,-0.891863,2.5,1.8,1.5,0,vtype0
134,flow0.12,646336,5.49299e+06,0,13.9057,-0.451101,2.5,1.8,1.5,0,vtype0
134,flow0.13,646358,5.49297e+06,0,13.9279,-0.635136,2.5,1.8,1.5,0,vtype0
134,flow0.14,646380,5.49295e+06,0,13.9248,0.417557,2.5,1.8,1.5,0,vtype0
134,flow0.15,646407,5.49292e+06,0,13.9092,0.254692,2.5,1.8,1.5,0,vtype0
134,flow0.16,646435,5.49289e+06,0,13.908,0.255847,2.5,1.8,1.5,0,vtype0
134,flow0.17,646563,5.49276e+06,0,12.4621,2.00065,2.5,1.8,1.5,0,vtype0
134,flow0.18,646578,5.49275e+06,0,8.50373,2.44135,2.5,1.8,1.5,0,vtype0
134,flow0.19,646590,5.49274e+06,0,8.64597,0.41083,2.5,1.8,1.5,0,vtype0
134,flow0.20,646603,5.49273e+06,0,9.16622,0.668424,2.5,1.8,1.5,0,vtype0
134,flow0.21,646617,5.49272e+06,0,9.75148,-0.138243,2.5,1.8,1.5,0,vtype0
134,flow0.22,646633,5.49272e+06,0,10.3329,-0.586652,2.5,1.8,1.5,0,vtype0
134,flow0.23,646751,5.4927e+06,0,13.9333,-0.0982426,2.5,1.8,1.5,0,vtype0
134,flow0.24,646770,5.4927e+06,0,13.9145,0.473098,2.5,1.8,1.5,0,vtype0
134,flow0.25,646789,5.4927e+06,0,13.7823,-0.807946,2.5,1.8,1.5,0,vtype0
134,flow0.26,646808,5.4927e+06,0,13.8449,0.0313028,2.5,1.8,1.5,0,vtype0
134,flow0.27,646827,5.4927e+06,0,13.8599,0.502794,2.5,1.8,1.5,0,vtype0
134,flow0.28,646847,5.4927e+06,0,13.9871,-0.128933,2.5,1.8,1.5,0,vtype0
134,flow0.29,646877,5.49272e+06,0,13.9946,1.05982,2.5,1.8,1.5,0,vtype0
134,flow0.30,646880,5.49276e+06,0,13.9199,-0.603087,2.5,1.8,1.5,0,vtype0
134,flow0.31,646884,5.4928e+06,0,13.9816,0.961071,2.5,1.8,1.5,0,vtype0
134,flow0.32,646890,5.49289e+06,0,13.9562,0.0996769,2.5,1.8,1.5,0,vtype0
134,flow0.33,646889,5.49291e+06,0,13.9953,1.1665,2.5,1.8,1.5,0,vtype0
134,flow0.34,646887,5.49294e+06,0,13.8789,-1.08339,2.5,1.8,1.5,0,vtype0
134,flow0.35,646885,5.49297e+06,0,13.9757,0.282083,2.5,1.8,1.5,0,vtype0
134,flow0.36,646882,5.49301e+06,0,13.9705,0.0871604,2.5,1.8,1.5,0,vtype0
134,flow0.37,646876,5.49308e+06,0,13.9335,0.204055,2.5,1.8,1.5,0,vtype0
134,flow0.38,646872,5.49311e+06,0,10.661,2.57231,2.5,1.8,1.5,0,vtype0
134,flow0.39,646834,5.49312e+06,0,11.6001,0.111122,2.5,1.8,1.5,1,vtype0
134,flow0.40,646809,5.49313e+06,0,12.3358,1.11768,2.5,1.8,1.5,0,vtype0
134,flow0.41,646792,5.49314e+06,0,13.0285,-0.655764,2.5,1.8,1.5,0,vtype0
134,flow0.42,646784,5.49318e+06,0,12.609,0.0812683,2.5,1.8,1.5,2,vtype0
134,flow0.43,646810,5.4932e+06,0,12.7985,-0.105808,2.5,1.8,1.5,2,vtype0
134,flow0.44,646838,5.49323e+06,0,12.1299,0.0869721,2.5,1.8,1.5,0,vtype0
135,flow0.0,645945,5.49337e+06,0,13.9484,0.391929,2.5,1.8,1.5,0,vtype0
135,flow0.1,645979,5.49334e+06,0,13.9354,0.434384,2.5,1.8,1.5,0,vtype0
135,flow0.2,646010,5.49332e+06,0,13.9081,0.341696,2.5,1.8,1.5,0,vtype0
135,flow0.3,646039,5.49329e+06,0,13.9218,0.508279,2.5,1.8,1.5,0,vtype0
135,flow0.4,646090,5.49324e+06,0,13.9324,-0.657,2.5,1.8,1.5,0,vtype0
135,flow0.5,646114,5.49321e+06,0,13.872,-0.650581,2.5,1.8,1.5,0,vtype0
135,flow0.6,646140,5.49319e+06,0,13.9258,0.522898,2.5,1.8,1.5,0,vtype0
135,flow0.7,646231,5.4931e+06,0,13.9836,-0.123573,2.5,1.8,1.5,0,vtype0
135,flow0.8,646250,5.49308e+06,0,13.9683,0.504097,2.5,1.8,1.5,0,vtype0
135,flow0.9,646270,5.49306e+06,0,13.9494,-0.135906,2.5,1.8,1.5,0,vtype0
135,flow0.10,646289,5.49304e+06,0,13.8807,-0.0690444,2.5,1.8,1.5,0,vtype0
135,flow0.11,646306,5.49302e+06,0,13.9505,-0.454153,2.5,1.8,1.5,0,vtype0
135,flow0.12,646327,5.493e+06,0,13.9154,0.410581,2.5,1.8,1.5,0,vtype0
135,flow0.13,646348,5.49298e+06,0,13.885,-0.368593,2.5,1.8,1.5,0,vtype0
135,flow0.14,646370,5.49296e+06,0,13.9891,0.954396,2.5,1.8,1.5,0,vtype0
135,flow0.15,646397,5.49293e+06,0,13.8997,-0.671611,2.5,1.8,1.5,0,vtype0
135,flow0.16,646425,5.4929e+06,0,13.932,0.561038,2.5,1.8,1.5,0,vtype0
135,flow0.17,646554,5.49277e+06,0,13.9828,0.76328,2.5,1.8,1.5,0,vtype0
135,flow0.18,646571,5.49275e+06,0,10.5242,1.79688,2.5,1.8,1.5,0,vtype0
135,flow0.19,646583,5.49274e+06,0,6.48207,2.6,2.5,1.8,1.5,0,vtype0
135,flow0.20,646596,5.49274e+06,0,7.48946,-3.94326,2.5,1.8,1.5,8,vtype0
135,flow0.21,646609,5.49273e+06,0,8.78616,-1.01353,2.5,1.8,1.5,8,vtype0
135,flow0.22,646624,5.49272e+06,0,9.60428,-1.82071,2.5,1.8,1.5,8,vtype0
135,flow0.23,646737,5.4927e+06,0,13.9048,-0.724598,2.5,1.8,1.5,0,vtype0
135,flow0.24,646756,5.4927e+06,0,13.8861,-0.280838,2.5,1.8,1.5,0,vtype0
135,flow0.25,646775,5.4927e+06,0,13.9092,0.69543,2.5,1.8,1.5,0,vtype0
135,flow0.26,646794,5.4927e+06,0,13.7892,-1.02528,2.5,1.8,1.5,0,vtype0
135,flow0.27,646813,5.4927e+06,0,13.8242,0.381878,2.5,1.8,1.5,0,vtype0
135,flow0.28,646834,5.4927e+06,0,13.9419,0.44083,2.5,1.8,1.5,0,vtype0
135,flow0.29,646870,5.49271e+06,0,13.98,0.879641,2.5,1.8,1.5,0,vtype0
135,flow0.30,646879,5.49275e+06,0,13.9504,-0.423219,2.5,1.8,1.5,0,vtype0
135,flow0.31,646882,5.49279e+06,0,13.8926,-0.269,2.5,1.8,1.5,0,vtype0
135,flow0.32,646889,5.49287e+06,0,13.9983,0.876112,2.5,1.8,1.5,0,vtype0
135,flow0.33,646890,5.4929e+06,0,13.9659,-0.158495,2.5,1.8,1.5,0,vtype0
135,flow0.34,646888,5.49293e+06,0,13.8741,-0.534161,2.5,1.8,1.5,0,vtype0
135,flow0.35,646886,5.49296e+06,0,13.9795,-0.169251,2.5,1.8,1.5,0,vtype0
135,flow0.36,646883,5.493e+06,0,13.9288,-0.43944,2.5,1.8,1.5,0,vtype0
135,flow0.37,646878,5.49307e+06,0,13.9968,0.525462,2.5,1.8,1.5,0,vtype0
135,flow0.38,646874,5.4931e+06,0,12.644,2.42959,2.5,1.8,1.5,0,vtype0
135,flow0.39,646846,5.49312e+06,0,11.6089,0.282429,2.5,1.8,1.5,1,vtype0
135,flow0.40,646821,5.49312e+06,0,12.2248,-0.473674,2.5,1.8,1.5,0,vtype0
135,flow0.41,646802,5.49313e+06,0,12.881,-0.329699,2.5,1.8,1.5,0,vtype0
135,flow0.42,646776,5.49317e+06,0,12.5737,0.642093,2.5,1.8,1.5,2,vtype0
135,flow0.43,646801,5.49319e+06,0,12.7934,0.232631,2.5,1.8,1.5,2,vtype0
135,flow0.44,646829,5.49322e+06,0,12.1618,0.294992,2.5,1.8,1.5,0,vtype0
136,flow0.45,646845,5.49324e+06,0,13.988,0.239436,2.5,1.8,1.5,0,vtype0
136,flow0.0,645934,5.49338e+06,0,13.9449,0.158021,2.5,1.8,1.5,0,vtype0
136,flow0.1,645968,5.49335e+06,0,13.9664,-0.330629,2.5,1.8,1.5,0,vtype0
136,flow0.2,646000,5.49333e+06,0,13.9787,0.765831,2.5,1.8,1.5,0,vtype0
136,flow0.3,646030,5.4933e+06,0,13.8718,-0.000822668,2.5,1.8,1.5,0,vtype0
136,flow0.4,646080,5.49325e+06,0,13.9229,-0.420291,2.5,1.8,1.5,0,vtype0
136,flow0.5,646104,5.49322e+06,0,13.9428,0.255902,2.5,1.8,1.5,0,vtype0
136,flow0.6,646130,5.4932e+06,0,13.9697,0.617407,2.5,1.8,1.5,0,vtype0
136,flow0.7,646221,5.49311e+06,0,13.9102,-0.534084,2.5,1.8,1.5,0,vtype0
136,flow0.8,646240,5.49309e+06,0,13.9047,0.252272,2.5,1.8,1.5,0,vtype0
136,flow0.9,646260,5.49307e+06,0,13.9896,0.927003,2.5,1.8,1.5,0,vtype0
136,flow0.10,646279,5.49305e+06,0,13.9722,0.365285,2.5,1.8,1.5,0,vtype0
136,flow0.11,646296,5.49303e+06,0,13.9319,0.370139,2.5,1.8,1.5,0,vtype0
136,flow0.12,646317,5.49301e+06,0,13.8975,0.244967,2.5,1.8,1.5,0,vtype0
136,flow0.13,646339,5.49299e+06,0,13.9349,-0.376435,2.5,1.8,1.5,0,vtype0
136,flow0.14,646360,5.49297e+06,0,13.9133,0.156985,2.5,1.8,1.5,0,vtype0
136,flow0.15,646387,5.49294e+06,0,13.9623,-0.36853,2.5,1.8,1.5,0,vtype0
136,flow0.16,646415,5.49291e+06,0,13.9325,-0.36873,2.5,1.8,1.5,0,vtype0
136,flow0.17,646544,5.49278e+06,0,13.9812,0.654405,2.5,1.8,1.5,0,vtype0
136,flow0.18,646563,5.49276e+06,0,12.5063,2.44518,2.5,1.8,1.5,0,vtype0
136,flow0.19,646577,5.49275e+06,0,8.67826,2.37463,2.5,1.8,1.5,0,vtype0
136,flow0.20,646589,5.49274e+06,0,8.6139,1.84865,2.5,1.8,1.5,0,vtype0
136,flow0.21,646602,5.49273e+06,0,8.92696,1.10556,2.5,1.8,1.5,0,vtype0
136,flow0.22,646615,5.49272e+06,0,9.37543,0.0707152,2.5,1.8,1.5,0,vtype0
136,flow0.23,646723,5.4927e+06,0,13.8749,-0.604012,2.5,1.8,1.5,0,vtype0
136,flow0.24,646742,5.4927e+06,0,13.8655,-0.800375,2.5,1.8,1.5,0,vtype0
136,flow0.25,646761,5.4927e+06,0,13.8591,-0.835185,2.5,1.8,1.5,0,vtype0
136,flow0.26,646780,5.4927e+06,0,13.8761,0.149963,2.5,1.8,1.5,0,vtype0
136,flow0.27,646799,5.4927e+06,0,13.8746,0.175001,2.5,1.8,1.5,0,vtype0
136,flow0.28,646820,5.4927e+06,0,13.987,0.964382,2.5,1.8,1.5,0,vtype0
136,flow0.29,646858,5.4927e+06,0,13.9803,0.10345,2.5,1.8,1.5,0,vtype0
136,flow0.30,646879,5.49273e+06,0,13.9098,-0.66325,2.5,1.8,1.5,0,vtype0
136,flow0.31,646881,5.49278e+06,0,13.9292,0.409137,2.5,1.8,1.5,0,vtype0
136,flow0.32,646888,5.49286e+06,0,13.8961,0.245593,2.5,1.8,1.5,0,vtype0
136,flow0.33,646890,5.49289e+06,0,13.9198,-0.56005,2.5,1.8,1.5,0,vtype0
136,flow0.34,646889,5.49291e+06,0,13.9057,0.177321,2.5,1.8,1.5,0,vtype0
136,flow0.35,646887,5.49295e+06,0,13.9103,-0.177418,2.5,1.8,1.5,0,vtype0
136,flow0.36,646884,5.49299e+06,0,13.9239,0.401806,2.5,1.8,1.5,0,vtype0
136,flow0.37,646879,5.49306e+06,0,13.9317,0.0115078,2.5,1.8,1.5,0,vtype0
136,flow0.38,646876,5.49309e+06,0,13.9754,0.43673,2.5,1.8,1.5,0,vtype0
136,flow0.39,646857,5.49312e+06,0,9.623,-4.5,2.5,1.8,1.5,9,vtype0
136,flow0.40,646833,5.49312e+06,0,12.3141,0.799734,2.5,1.8,1.5,1,vtype0
136,flow0.41,646814,5.49313e+06,0,12.7572,-0.451663,2.5,1.8,1.5,0,vtype0
136,flow0.42,646774,5.49315e+06,0,12.5553,-0.247216,2.5,1.8,1.5,0,vtype0
136,flow0.43,646792,5.49318e+06,0,12.8123,0.802931,2.5,1.8,1.5,2,vtype0
136,flow0.44,646821,5.49321e+06,0,12.1001,-0.851141,2.5,1.8,1.5,2,vtype0
137,flow0.0,645922,5.49339e+06,0,13.96,0.684087,2.5,1.8,1.5,0,vtype0
137,flow0.1,645958,5.49336e+06,0,13.9076,-0.0760954,2.5,1.8,1.5,0,vtype0
137,flow0.2,645989,5.49333e+06,0,13.9607,-0.227753,2.5,1.8,1.5,0,vtype0
137,flow0.3,646020,5.49331e+06,0,13.9498,0.506774,2.5,1.8,1.5,0,vtype0
137,flow0.4,646070,5.49326e+06,0,13.9111,0.301405,2.5,1.8,1.5,0,vtype0
137,flow0.5,646094,5.49323e+06,0,13.9246,-0.593413,2.5,1.8,1.5,0,vtype0
137,flow0.6,646120,5.49321e+06,0,13.8704,-0.470504,2.5,1.8,1.5,0,vtype0
137,flow0.7,646211,5.49312e+06,0,13.901,-0.933341,2.5,1.8,1.5,0,vtype0
137,flow0.8,646230,5.4931e+06,0,13.8839,-0.576874,2.5,1.8,1.5,0,vtype0
137,flow0.9,646250,5.49308e+06,0,13.9425,0.0852921,2.5,1.8,1.5,0,vtype0
137,flow0.10,646269,5.49306e+06,0,13.8793,-0.152466,2.5,1.8,1.5,0,vtype0
137,flow0.11,646286,5.49304e+06,0,13.9195,0.160536,2.5,1.8,1.5,0,vtype0
137,flow0.12,646307,5.49302e+06,0,13.8737,-0.874187,2.5,1.8,1.5,0,vtype0
137,flow0.13,646329,5.493e+06,0,13.8743,-0.27239,2.5,1.8,1.5,0,vtype0
137,flow0.14,646350,5.49298e+06,0,13.9772,0.33736,2.5,1.8,1.5,0,vtype0
137,flow0.15,646377,5.49295e+06,0,13.9037,-0.362564,2.5,1.8,1.5,0,vtype0
137,flow0.16,646405,5.49292e+06,0,13.8766,-0.932651,2.5,1.8,1.5,0,vtype0
137,flow0.17,646535,5.49279e+06,0,13.9843,0.477738,2.5,1.8,1.5,0,vtype0
137,flow0.18,646554,5.49277e+06,0,13.8797,-1.03719,2.5,1.8,1.5,0,vtype0
137,flow0.19,646570,5.49275e+06,0,10.4597,2.04364,2.5,1.8,1.5,0,vtype0
137,flow0.20,646582,5.49274e+06,0,7.26529,2.6,2.5,1.8,1.5,0,vtype0
137,flow0.21,646594,5.49274e+06,0,7.7736,1.01425,2.5,1.8,1.5,0,vtype0
137,flow0.22,646607,5.49273e+06,0,8.42511,0.350911,2.5,1.8,1.5,0,vtype0
137,flow0.23,646709,5.4927e+06,0,13.8871,-0.610283,2.5,1.8,1.5,0,vtype0
137,flow0.24,646728,5.4927e+06,0,13.9475,0.262127,2.5,1.8,1.5,0,vtype0
137,flow0.25,646748,5.4927e+06,0,13.8824,0.443045,2.5,1.8,1.5,0,vtype0
137,flow0.26,646767,5.4927e+06,0,13.7655,-1.16685,2.5,1.8,1.5,0,vtype0
137,flow0.27,646786,5.4927e+06,0,13.8517,0.507507,2.5,1.8,1.5,0,vtype0
137,flow0.28,646806,5.4927e+06,0,13.8937,0.0971653,2.5,1.8,1.5,0,vtype0
137,flow0.29,646845,5.4927e+06,0,13.9463,0.313163,2.5,1.8,1.5,0,vtype0
137,flow0.30,646877,5.49272e+06,0,13.925,-0.352251,2.5,1.8,1.5,0,vtype0
137,flow0.31,646880,5.49276e+06,0,13.9507,0.15644,2.5,1.8,1.5,0,vtype0
137,flow0.32,646887,5.49284e+06,0,13.9504,0.16276,2.5,1.8,1.5,0,vtype0
137,flow0.33,646889,5.49287e+06,0,13.9777,0.48146,2.5,1.8,1.5,0,vtype0
137,flow0.34,646890,5.4929e+06,0,13.9221,-0.0627505,2.5,1.8,1.5,0,vtype0
137,flow0.35,646888,5.49293e+06,0,13.8873,-1.01869,2.5,1.8,1.5,0,vtype0
137,flow0.36,646885,5.49297e+06,0,13.8781,-0.886613,2.5,1.8,1.5,0,vtype0
137,flow0.37,646880,5.49304e+06,0,13.9954,0.616281,2.5,1.8,1.5,0,vtype0
137,flow0.38,646878,5.49307e+06,0,13.9287,-0.44143,2.5,1.8,1.5,0,vtype0
137,flow0.39,646864,5.49312e+06,0,7.27418,2.6,2.5,1.8,1.5,1,vtype0
137,flow0.40,646844,5.49312e+06,0,10.0463,1.38821,2.5,1.8,1.5,1,vtype0
137,flow0.41,646826,5.49312e+06,0,10.9061,-0.936483,2.5,1.8,1.5,0,vtype0
137,flow0.42,646782,5.49314e+06,0,12.5629,0.533588,2.5,1.8,1.5,0,vtype0
137,flow0.43,646783,5.49317e+06,0,12.8361,0.904268,2.5,1.8,1.5,2,vtype0
137,flow0.44,646812,5.4932e+06,0,12.0908,-0.120577,2.5,1.8,1.5,2,vtype0
137,flow0.45,646835,5.49323e+06,0,13.99,0.309015,2.5,1.8,1.5,2,vtype0
138,flow0.0,645911,5.4934e+06,0,13.9042,0.119478,2.5,1.8,1.5,0,vtype0
138,flow0.1,645947,5.49337e+06,0,13.9983,0.85081,2.5,1.8,1.5,0,vtype0
138,flow0.2,645979,5.49334e+06,0,13.9964,0.74121,2.5,1.8,1.5,0,vtype0
138,flow0.3,646010,5.49332e+06,0,13.9595,0.0882092,2.5,1.8,1.5,0,vtype0
138,flow0.4,646060,5.49327e+06,0,13.9541,-0.22807,2.5,1.8,1.5,0,vtype0
138,flow0.5,646084,5.49324e+06,0,13.945,0.339622,2.5,1.8,1.5,0,vtype0
138,flow0.6,646110,5.49322e+06,0,13.9087,-0.178561,2.5,1.8,1.5,0,vtype0
138,flow0.7,646201,5.49313e+06,0,13.9018,-0.176636,2.5,1.8,1.5,0,vtype0
138,flow0.8,646220,5.49311e+06,0,13.9295,-0.254257,2.5,1.8,1.5,0,vtype0
138,flow0.9,646240,5.49309e+06,0,13.9392,-0.361096,2.5,1.8,1.5,0,vtype0
138,flow0.10,646259,5.49307e+06,0,13.9698,-0.26817,2.5,1.8,1.5,0,vtype0
138,flow0.11,646277,5.49305e+06,0,13.943,0.193691,2.5,1.8,1.5,0,vtype0
138,flow0.12,646298,5.49303e+06,0,13.9389,-0.508206,2.5,1.8,1.5,0,vtype0
138,flow0.13,646319,5.49301e+06,0,13.9675,0.0638669,2.5,1.8,1.5,0,vtype0
138,flow0.14,646341,5.49299e+06,0,13.958,-0.315928,2.5,1.8,1.5,0,vtype0
138,flow0.15,646367,5.49296e+06,0,13.9678,-0.0685642,2.5,1.8,1.5,0,vtype0
138,flow0.16,646395,5.49293e+06,0,13.9788,0.548394,2.5,1.8,1.5,0,vtype0
138,flow0.17,646525,5.4928e+06,0,13.8884,0.134269,2.5,1.8,1.5,0,vtype0
138,flow0.18,646544,5.49278e+06,0,13.949,0.511833,2.5,1.8,1.5,0,vtype0
138,flow0.19,646563,5.49276e+06,0,12.472,2.51591,2.5,1.8,1.5,0,vtype0
138,flow0.20,646576,5.49275e+06,0,9.41616,1.78696,2.5,1.8,1.5,0,vtype0
138,flow0.21,646587,5.49274e+06,0,8.55101,-4.47503,2.5,1.8,1.5,8,vtype0
138,flow0.22,646600,5.49273e+06,0,9.12329,1.59415,2.5,1.8,1.5,0,vtype0
138,flow0.23,646695,5.49271e+06,0,13.9344,0.634727,2.5,1.8,1.5,0,vtype0
138,flow0.24,646714,5.4927e+06,0,13.8565,-0.884571,2.5,1.8,1.5,0,vtype0
138,flow0.25,646734,5.4927e+06,0,13.8657,-0.569142,2.5,1.8,1.5,0,vtype0
138,flow0.26,646753,5.4927e+06,0,13.8972,0.572193,2.5,1.8,1.5,0,vtype0
138,flow0.27,646772,5.4927e+06,0,13.8101,-1.37257,2.5,1.8,1.5,0,vtype0
138,flow0.28,646792,5.4927e+06,0,13.9149,0.150401,2.5,1.8,1.5,0,vtype0
138,flow0.29,646831,5.4927e+06,0,13.9103,-0.126215,2.5,1.8,1.5,0,vtype0
138,flow0.30,646869,5.49271e+06,0,13.9678,-0.000646892,2.5,1.8,1.5,0,vtype0
138,flow0.31,646879,5.49275e+06,0,13.8881,-0.270514,2.5,1.8,1.5,0,vtype0
138,flow0.32,646886,5.49283e+06,0,13.9691,0.888403,2.5,1.8,1.5,0,vtype0
138,flow0.33,646888,5.49286e+06,0,13.9051,-0.318669,2.5,1.8,1.5,0,vtype0
138,flow0.34,646890,5.49288e+06,0,13.9888,0.0745343,2.5,1.8,1.5,0,vtype0
138,flow0.35,646889,5.49292e+06,0,13.8752,-0.25745,2.5,1.8,1.5,0,vtype0
138,flow0.36,646886,5.49296e+06,0,13.9761,0.102363,2.5,1.8,1.5,0,vtype0
138,flow0.37,646881,5.49303e+06,0,13.8705,-0.371687,2.5,1.8,1.5,0,vtype0
138,flow0.38,646879,5.49306e+06,0,13.9262,0.00772982,2.5,1.8,1.5,0,vtype0
138,flow0.39,646871,5.49312e+06,0,9.42018,2.47358,2.5,1.8,1.5,0,vtype0
138,flow0.40,646854,5.49312e+06,0,10.5354,-0.171244,2.5,1.8,1.5,1,vtype0
138,flow0.41,646837,5.49312e+06,0,11.0776,-0.20888,2.5,1.8,1.5,1,vtype0
138,flow0.42,646791,5.49314e+06,0,12.5714,0.856916,2.5,1.8,1.5,0,vtype0
138,flow0.43,646775,5.49316e+06,0,12.7262,-0.75605,2.5,1.8,1.5,2,vtype0
138,flow0.44,646804,5.4932e+06,0,12.1904,1.07763,2.5,1.8,1.5,2,vtype0
138,flow0.45,646825,5.49322e+06,0,13.8925,-0.0703305,2.5,1.8,1.5,2,vtype0
139,flow0.46,646846,5.49324e+06,0,11.764,0.297906,2.5,1.8,1.5,0,vtype0
139,flow0.0,645899,5.49341e+06,0,13.9722,0.519895,2.5,1.8,1.5,0,vtype0
139,flow0.1,645936,5.49338e+06,0,13.9232,0.35261,2.5,1.8,1.5,0,vtype0
139,flow0.2,645968,5.49335e+06,0,13.9625,-0.0375401,2.5,1.8,1.5,0,vtype0
139,flow0.3,646000,5.49333e+06,0,13.9962,0.475546,2.5,1.8,1.5,0,vtype0
139,flow0.4,646050,5.49328e+06,0,13.9603,0.136173,2.5,1.8,1.5,0,vtype0
139,flow0.5,646074,5.49325e+06,0,13.8847,-0.874269,2.5,1.8,1.5,0,vtype0
139,flow0.6,646101,5.49323e+06,0,13.9302,-0.543054,2.5,1.8,1.5,0,vtype0
139,flow0.7,646191,5.49314e+06,0,13.9105,0.38527,2.5,1.8,1.5,0,vtype0
139,flow0.8,646210,5.49312e+06,0,13.9126,0.282255,2.5,1.8,1.5,0,vtype0
139,flow0.9,646230,5.4931e+06,0,13.9249,-0.374589,2.5,1.8,1.5,0,vtype0
139,flow0.10,646249,5.49308e+06,0,13.8948,0.0572511,2.5,1.8,1.5,0,vtype0
139,flow0.11,646266,5.49306e+06,0,13.9967,-0.0211104,2.5,1.8,1.5,0,vtype0
139,flow0.12,646288,5.49304e+06,0,13.9512,-0.176907,2.5,1.8,1.5,0,vtype0
139,flow0.13,646309,5.49302e+06,0,13.9023,-0.28594,2.5,1.8,1.5,0,vtype0
139,flow0.14,646331,5.493e+06,0,13.8713,-1.01534,2.5,1.8,1.5,0,vtype0
139,flow0.15,646357,5.49297e+06,0,13.9696,0.958104,2.5,1.8,1.5,0,vtype0
139,flow0.16,646385,5.49294e+06,0,13.881,-0.130669,2.5,1.8,1.5,0,vtype0
139,flow0.17,646516,5.49281e+06,0,13.9513,0.423079,2.5,1.8,1.5,0,vtype0
139,flow0.18,646535,5.49279e+06,0,13.9005,-0.971491,2.5,1.8,1.5,0,vtype0
139,flow0.19,646553,5.49277e+06,0,13.9575,0.452962,2.5,1.8,1.5,0,vtype0
139,flow0.20,646569,5.49276e+06,0,11.2672,1.65767,2.5,1.8,1.5,0,vtype0
139,flow0.21,646581,5.49274e+06,0,7.70339,2.6,2.5,1.8,1.5,0,vtype0
139,flow0.22,646593,5.49274e+06,0,7.90919,1.30429,2.5,1.8,1.5,0,vtype0
139,flow0.23,646681,5.49271e+06,0,13.908,-0.509358,2.5,1.8,1.5,0,vtype0
139,flow0.24,646701,5.49271e+06,0,13.9604,-0.287133,2.5,1.8,1.5,0,vtype0
139,flow0.25,646720,5.4927e+06,0,13.8805,0.0576788,2.5,1.8,1.5,0,vtype0
139,flow0.26,646739,5.4927e+06,0,13.886,-0.133938,2.5,1.8,1.5,0,vtype0
139,flow0.27,646758,5.4927e+06,0,13.8337,0.262588,2.5,1.8,1.5,0,vtype0
139,flow0.28,646778,5.4927e+06,0,13.9186,-0.109067,2.5,1.8,1.5,0,vtype0
139,flow0.29,646817,5.4927e+06,0,13.9771,1.00675,2.5,1.8,1.5,0,vtype0
139,flow0.30,646857,5.4927e+06,0,13.9965,0.0285379,2.5,1.8,1.5,0,vtype0
139,flow0.31,646879,5.49273e+06,0,13.9095,-0.199635,2.5,1.8,1.5,0,vtype0
139,flow0.32,646885,5.49282e+06,0,13.9769,0.134454,2.5,1.8,1.5,0,vtype0
139,flow0.33,646887,5.49284e+06,0,13.9697,0.444374,2.5,1.8,1.5,0,vtype0
139,flow0.34,646889,5.49287e+06,0,13.8774,0.013196,2.5,1.8,1.5,0,vtype0
139,flow0.35,646890,5.49291e+06,0,13.9896,0.154064,2.5,1.8,1.5,0,vtype0
139,flow0.36,646887,5.49294e+06,0,13.8737,-0.899987,2.5,1.8,1.5,0,vtype0
139,flow0.37,646882,5.49301e+06,0,13.9489,-0.125023,2.5,1.8,1.5,0,vtype0
139,flow0.38,646880,5.49304e+06,0,13.8829,-1.13622,2.5,1.8,1.5,0,vtype0
139,flow0.39,646872,5.49311e+06,0,11.3846,1.91244,2.5,1.8,1.5,0,vtype0
139,flow0.40,646863,5.49312e+06,0,6.26753,-4.5,2.5,1.8,1.5,9,vtype0
139,flow0.41,646847,5.49312e+06,0,8.41467,-1.99269,2.5,1.8,1.5,9,vtype0
139,flow0.42,646800,5.49313e+06,0,12.5424,0.265712,2.5,1.8,1.5,0,vtype0
139,flow0.43,646774,5.49315e+06,0,12.7859,-0.0819372,2.5,1.8,1.5,0,vtype0
139,flow0.44,646795,5.49319e+06,0,12.1705,0.32085,2.5,1.8,1.5,2,vtype0
139,flow0.45,646816,5.49321e+06,0,13.9653,0.901985,2.5,1.8,1.5,2,vtype0
140,flow0.0,645888,5.49341e+06,0,13.9509,-0.342068,2.5,1.8,1.5,0,vtype0
140,flow0.1,645925,5.49339e+06,0,13.9841,0.0245765,2.5,1.8,1.5,0,vtype0
140,flow0.2,645958,5.49336e+06,0,13.9492,-0.360289,2.5,1.8,1.5,0,vtype0
140,flow0.3,645990,5.49333e+06,0,13.9291,0.467766,2.5,1.8,1.5,0,vtype0
140,flow0.4,646040,5.49328e+06,0,13.9462,0.0500134,2.5,1.8,1.5,0,vtype0
140,flow0.5,646064,5.49326e+06,0,13.9292,0.280629,2.5,1.8,1.5,0,vtype0
140,flow0.6,646091,5.49324e+06,0,13.9842,0.159012,2.5,1.8,1.5,0,vtype0
140,flow0.7,646181,5.49315e+06,0,13.9879,0.318044,2.5,1.8,1.5,0,vtype0
140,flow0.8,646200,5.49313e+06,0,13.9041,0.224589,2.5,1.8,1.5,0,vtype0
140,flow0.9,646220,5.49311e+06,0,13.9307,0.141308,2.5,1.8,1.5,0,vtype0
140,flow0.10,646239,5.49309e+06,0,13.897,-0.0146562,2.5,1.8,1.5,0,vtype0
140,flow0.11,646256,5.49307e+06,0,13.9897,0.360207,2.5,1.8,1.5,0,vtype0
140,flow0.12,646278,5.49305e+06,0,13.9401,0.560263,2.5,1.8,1.5,0,vtype0
140,flow0.13,646300,5.49303e+06,0,13.9149,0.192269,2.5,1.8,1.5,0,vtype0
140,flow0.14,646321,5.49301e+06,0,13.9241,-0.241934,2.5,1.8,1.5,0,vtype0
140,flow0.15,646347,5.49298e+06,0,13.9345,-0.576594,2.5,1.8,1.5,0,vtype0
140,flow0.16,646375,5.49295e+06,0,13.9344,0.143609,2.5,1.8,1.5,0,vtype0
140,flow0.17,646506,5.49282e+06,0,13.9399,0.599417,2.5,1.8,1.5,0,vtype0
140,flow0.18,646525,5.4928e+06,0,13.9327,-0.316721,2.5,1.8,1.5,0,vtype0
140,flow0.19,646544,5.49278e+06,0,13.9292,0.44392,2.5,1.8,1.5,0,vtype0
140,flow0.20,646560,5.49277e+06,0,13.0742,1.58766,2.5,1.8,1.5,0,vtype0
140,flow0.21,646574,5.49275e+06,0,9.67973,1.48256,2.5,1.8,1.5,0,vtype0
140,flow0.22,646586,5.49274e+06,0,7.66459,-4.05987,2.5,1.8,1.5,8,vtype0
140,flow0.23,646668,5.49271e+06,0,13.9501,-0.154682,2.5,1.8,1.5,0,vtype0
140,flow0.24,646687,5.49271e+06,0,13.9428,0.302011,2.5,1.8,1.5,0,vtype0
140,flow0.25,646706,5.4927e+06,0,13.9738,0.663026,2.5,1.8,1.5,0,vtype0
140,flow0.26,646725,5.4927e+06,0,13.8845,-0.394697,2.5,1.8,1.5,0,vtype0
140,flow0.27,646744,5.4927e+06,0,13.9522,0.300061,2.5,1.8,1.5,0,vtype0
140,flow0.28,646764,5.4927e+06,0,13.9461,-0.341038,2.5,1.8,1.5,0,vtype0
140,flow0.29,646803,5.4927e+06,0,13.963,0.830627,2.5,1.8,1.5,0,vtype0
140,flow0.30,646843,5.4927e+06,0,13.8924,-0.537606,2.5,1.8,1.5,0,vtype0
140,flow0.31,646877,5.49272e+06,0,13.9226,0.0704452,2.5,1.8,1.5,0,vtype0
140,flow0.32,646884,5.4928e+06,0,13.9286,0.0987839,2.5,1.8,1.5,0,vtype0
140,flow0.33,646886,5.49283e+06,0,13.99,0.0963808,2.5,1.8,1.5,0,vtype0
140,flow0.34,646888,5.49286e+06,0,13.9711,0.816681,2.5,1.8,1.5,0,vtype0
140,flow0.35,646891,5.49289e+06,0,13.9145,0.182922,2.5,1.8,1.5,0,vtype0
140,flow0.36,646888,5.49293e+06,0,13.8774,-0.726203,2.5,1.8,1.5,0,vtype0
140,flow0.37,646883,5.493e+06,0,13.9448,0.314491,2.5,1.8,1.5,0,vtype0
140,flow0.38,646881,5.49303e+06,0,13.9539,-0.369977,2.5,1.8,1.5,0,vtype0
140,flow0.39,646874,5.49309e+06,0,13.5316,1.99234,2.5,1.8,1.5,0,vtype0
140,flow0.40,646870,5.49312e+06,0,8.39215,1.78038,2.5,1.8,1.5,0,vtype0
140,flow0.41,646855,5.49312e+06,0,8.80419,0.404386,2.5,1.8,1.5,1,vtype0
140,flow0.42,646813,5.49313e+06,0,12.5742,0.611584,2.5,1.8,1.5,0,vtype0
140,flow0.43,646784,5.49314e+06,0,12.8095,0.418214,2.5,1.8,1.5,0,vtype0
140,flow0.44,646786,5.49318e+06,0,12.1457,0.510005,2.5,1.8,1.5,2,vtype0
140,flow0.45,646806,5.4932e+06,0,13.9802,0.922681,2.5,1.8,1.5,2,vtype0
140,flow0.46,646838,5.49323e+06,0,11.6827,0.0839101,2.5,1.8,1.5,0,vtype0
141,flow0.0,645875,5.49342e+06,0,13.8952,-0.31235,2.5,1.8,1.5,0,vtype0
141,flow0.1,645913,5.4934e+06,0,13.9401,-0.363807,2.5,1.8,1.5,0,vtype0
141,flow0.2,645947,5.49337e+06,0,13.9656,0.155455,2.5,1.8,1.5,0,vtype0
141,flow0.3,645979,5.49334e+06,0,13.8735,-0.9142,2.5,1.8,1.5,0,vtype0
141,flow0.4,646031,5.49329e+06,0,13.9863,0.949148,2.5,1.8,1.5,0,vtype0
141,flow0.5,646054,5.49327e+06,0,13.9162,-0.139315,2.5,1.8,1.5,0,vtype0
141,flow0.6,646081,5.49324e+06,0,13.9742,-0.232574,2.5,1.8,1.5,0,vtype0
141,flow0.7,646171,5.49316e+06,0,13.985,0.602399,2.5,1.8,1.5,0,vtype0
141,flow0.8,646191,5.49314e+06,0,13.959,0.345973,2.5,1.8,1.5,0,vtype0
141,flow0.9,646210,5.49312e+06,0,13.9137,-0.82897,2.5,1.8,1.5,0,vtype0
141,flow0.10,646229,5.4931e+06,0,13.9202,-0.358711,2.5,1.8,1.5,0,vtype0
141,flow0.11,646246,5.49308e+06,0,13.9317,-0.46184,2.5,1.8,1.5,0,vtype0
141,flow0.12,646268,5.49306e+06,0,13.9298,0.420443,2.5,1.8,1.5,0,vtype0
141,flow0.13,646290,5.49304e+06,0,13.9079,-0.0866604,2.5,1.8,1.5,0,vtype0
141,flow0.14,646311,5.49302e+06,0,13.9094,0.383255,2.5,1.8,1.5,0,vtype0
141,flow0.15,646338,5.49299e+06,0,13.9298,0.0858271,2.5,1.8,1.5,0,vtype0
141,flow0.16,646365,5.49296e+06,0,13.9955,0.286565,2.5,1.8,1.5,0,vtype0
141,flow0.17,646497,5.49283e+06,0,13.9415,0.367531,2.5,1.8,1.5,0,vtype0
141,flow0.18,646516,5.49281e+06,0,13.9933,0.893109,2.5,1.8,1.5,0,vtype0
141,flow0.19,646534,5.49279e+06,0,13.9121,-0.236188,2.5,1.8,1.5,0,vtype0
141,flow0.20,646551,5.49278e+06,0,13.9176,0.167299,2.5,1.8,1.5,0,vtype0
141,flow0.21,646567,5.49276e+06,0,11.747,2.21796,2.5,1.8,1.5,0,vtype0
141,flow0.22,646580,5.49275e+06,0,8.09261,2.32968,2.5,1.8,1.5,0,vtype0
141,flow0.23,646654,5.49271e+06,0,13.9513,-0.0896851,2.5,1.8,1.5,0,vtype0
141,flow0.24,646673,5.49271e+06,0,13.8815,-0.298767,2.5,1.8,1.5,0,vtype0
141,flow0.25,646692,5.49271e+06,0,13.9815,0.642854,2.5,1.8,1.5,0,vtype0
141,flow0.26,646711,5.4927e+06,0,13.9263,0.435019,2.5,1.8,1.5,0,vtype0
141,flow0.27,646730,5.4927e+06,0,13.8478,-0.467463,2.5,1.8,1.5,0,vtype0
141,flow0.28,646750,5.4927e+06,0,13.9091,-0.726279,2.5,1.8,1.5,0,vtype0
141,flow0.29,646789,5.4927e+06,0,13.9557,0.736514,2.5,1.8,1.5,0,vtype0
141,flow0.30,646829,5.4927e+06,0,13.9549,0.777606,2.5,1.8,1.5,0,vtype0
141,flow0.31,646869,5.49271e+06,0,13.9833,0.441177,2.5,1.8,1.5,0,vtype0
141,flow0.32,646882,5.49279e+06,0,13.9249,-0.214004,2.5,1.8,1.5,0,vtype0
141,flow0.33,646885,5.49282e+06,0,13.8804,-0.00996619,2.5,1.8,1.5,0,vtype0
141,flow0.34,646887,5.49284e+06,0,13.9341,-0.484867,2.5,1.8,1.5,0,vtype0
141,flow0.35,646890,5.49288e+06,0,13.9584,0.864178,2.5,1.8,1.5,0,vtype0
141,flow0.36,646889,5.49292e+06,0,13.9232,0.144055,2.5,1.8,1.5,0,vtype0
141,flow0.37,646884,5.49299e+06,0,13.9176,-0.541725,2.5,1.8,1.5,0,vtype0
141,flow0.38,646882,5.49302e+06,0,13.9491,0.086994,2.5,1.8,1.5,0,vtype0
141,flow0.39,646876,5.49308e+06,0,13.9753,0.602424,2.5,1.8,1.5,0,vtype0
141,flow0.40,646872,5.49311e+06,0,10.3715,1.99494,2.5,1.8,1.5,0,vtype0
141,flow0.41,646863,5.49312e+06,0,6.76181,2.6,2.5,1.8,1.5,1,vtype0
141,flow0.42,646825,5.49312e+06,0,12.5051,-0.97251,2.5,1.8,1.5,0,vtype0
141,flow0.43,646793,5.49313e+06,0,12.8187,-0.278015,2.5,1.8,1.5,0,vtype0
141,flow0.44,646779,5.49317e+06,0,12.1884,0.981468,2.5,1.8,1.5,2,vtype0
141,flow0.45,646796,5.49319e+06,0,13.9865,1.02413,2.5,1.8,1.5,2,vtype0
141,flow0.46,646830,5.49322e+06,0,11.6598,-0.937308,2.5,1.8,1.5,0,vtype0
142,flow0.47,646847,5.49324e+06,0,10.321,0.448146,2.5,1.8,1.5,0,vtype0
142,flow0.0,645863,5.49343e+06,0,13.9566,0.117792,2.5,1.8,1.5,0,vtype0
142,flow0.1,645902,5.4934e+06,0,13.978,1.00741,2.5,1.8,1.5,0,vtype0
142,flow0.2,645936,5.49338e+06,0,13.9683,-0.0397082,2.5,1.8,1.5,0,vtype0
142,flow0.3,645968,5.49335e+06,0,13.9873,0.794732,2.5,1.8,1.5,0,vtype0
142,flow0.4,646021,5.4933e+06,0,13.8876,-0.771143,2.5,1.8,1.5,0,vtype0
142,flow0.5,646045,5.49328e+06,0,13.9782,0.489962,2.5,1.8,1.5,0,vtype0
142,flow0.6,646071,5.49325e+06,0,13.9138,-0.146239,2.5,1.8,1.5,0,vtype0
142,flow0.7,646161,5.49317e+06,0,13.9814,-0.0146544,2.5,1.8,1.5,0,vtype0
142,flow0.8,646181,5.49315e+06,0,13.9105,-0.16874,2.5,1.8,1.5,0,vtype0
142,flow0.9,646200,5.49313e+06,0,13.9937,0.311418,2.5,1.8,1.5,0,vtype0
142,flow0.10,646219,5.49311e+06,0,13.8732,-0.752853,2.5,1.8,1.5,0,vtype0
142,flow0.11,646236,5.49309e+06,0,13.9365,0.349824,2.5,1.8,1.5,0,vtype0
142,flow0.12,646258,5.49307e+06,0,13.9634,-0.0949466,2.5,1.8,1.5,0,vtype0
142,flow0.13,646280,5.49305e+06,0,13.9484,-0.19485,2.5,1.8,1.5,0,vtype0
142,flow0.14,646302,5.49303e+06,0,13.8916,-0.171482,2.5,1.8,1.5,0,vtype0
142,flow0.15,646328,5.493e+06,0,13.9967,1.25647,2.5,1.8,1.5,0,vtype0
142,flow0.16,646355,5.49297e+06,0,13.8792,-0.167241,2.5,1.8,1.5,0,vtype0
142,flow0.17,646487,5.49284e+06,0,13.8787,-0.542121,2.5,1.8,1.5,0,vtype0
142,flow0.18,646506,5.49282e+06,0,13.938,-0.107623,2.5,1.8,1.5,0,vtype0
142,flow0.19,646525,5.4928e+06,0,13.93,0.217498,2.5,1.8,1.5,0,vtype0
142,flow0.20,646541,5.49279e+06,0,13.9982,0.699927,2.5,1.8,1.5,0,vtype0
142,flow0.21,646558,5.49277e+06,0,13.8376,1.77042,2.5,1.8,1.5,0,vtype0
142,flow0.22,646573,5.49275e+06,0,10.0071,1.96261,2.5,1.8,1.5,0,vtype0
142,flow0.23,646641,5.49272e+06,0,13.898,-0.71295,2.5,1.8,1.5,0,vtype0
142,flow0.24,646659,5.49271e+06,0,13.9259,0.244777,2.5,1.8,1.5,0,vtype0
142,flow0.25,646678,5.49271e+06,0,13.8931,-0.0625597,2.5,1.8,1.5,0,vtype0
142,flow0.26,646697,5.49271e+06,0,13.8487,-0.471674,2.5,1.8,1.5,0,vtype0
142,flow0.27,646716,5.4927e+06,0,13.8487,-0.25606,2.5,1.8,1.5,0,vtype0
142,flow0.28,646736,5.4927e+06,0,13.9622,-0.0444454,2.5,1.8,1.5,0,vtype0
142,flow0.29,646775,5.4927e+06,0,13.9307,-0.167089,2.5,1.8,1.5,0,vtype0
142,flow0.30,646815,5.4927e+06,0,13.9717,-0.027513,2.5,1.8,1.5,0,vtype0
142,flow0.31,646857,5.4927e+06,0,13.9191,-0.602941,2.5,1.8,1.5,0,vtype0
142,flow0.32,646881,5.49277e+06,0,13.8739,-0.385974,2.5,1.8,1.5,0,vtype0
142,flow0.33,646883,5.4928e+06,0,13.9834,0.682744,2.5,1.8,1.5,0,vtype0
142,flow0.34,646886,5.49283e+06,0,13.9501,0.556077,2.5,1.8,1.5,0,vtype0
142,flow0.35,646888,5.49286e+06,0,13.9924,0.424746,2.5,1.8,1.5,0,vtype0
142,flow0.36,646890,5.4929e+06,0,13.8864,-0.391696,2.5,1.8,1.5,0,vtype0
142,flow0.37,646885,5.49297e+06,0,13.9265,-0.725168,2.5,1.8,1.5,0,vtype0
142,flow0.38,646883,5.493e+06,0,13.935,-0.254507,2.5,1.8,1.5,0,vtype0
142,flow0.39,646878,5.49307e+06,0,13.9696,0.256672,2.5,1.8,1.5,0,vtype0
142,flow0.40,646874,5.4931e+06,0,12.3949,2.04188,2.5,1.8,1.5,0,vtype0
142,flow0.41,646870,5.49312e+06,0,9.00292,2.30213,2.5,1.8,1.5,0,vtype0
142,flow0.42,646837,5.49312e+06,0,12.5988,0.410268,2.5,1.8,1.5,1,vtype0
142,flow0.43,646803,5.49313e+06,0,12.77,-0.430823,2.5,1.8,1.5,0,vtype0
142,flow0.44,646774,5.49316e+06,0,12.1142,-0.738977,2.5,1.8,1.5,2,vtype0
142,flow0.45,646786,5.49318e+06,0,13.9344,0.100199,2.5,1.8,1.5,2,vtype0
142,flow0.46,646822,5.49321e+06,0,11.769,0.768448,2.5,1.8,1.5,2,vtype0
143,flow0.0,645850,5.49343e+06,0,13.9963,0.241519,2.5,1.8,1.5,0,vtype0
143,flow0.1,645890,5.49341e+06,0,13.8762,-0.526299,2.5,1.8,1.5,0,vtype0
143,flow0.2,645924,5.49339e+06,0,13.9363,-0.607549,2.5,1.8,1.5,0,vtype0
143,flow0.3,645958,5.49336e+06,0,13.9264,-0.396793,2.5,1.8,1.5,0,vtype0
143,flow0.4,646011,5.49331e+06,0,13.8715,-1.1785,2.5,1.8,1.5,0,vtype0
143,flow0.5,646035,5.49329e+06,0,13.885,-0.0295523,2.5,1.8,1.5,0,vtype0
143,flow0.6,646061,5.49326e+06,0,13.9237,0.37457,2.5,1.8,1.5,0,vtype0
143,flow0.7,646151,5.49318e+06,0,13.9885,0.275195,2.5,1.8,1.5,0,vtype0
143,flow0.8,646171,5.49316e+06,0,13.9115,0.391322,2.5,1.8,1.5,0,vtype0
143,flow0.9,646190,5.49314e+06,0,13.9667,0.496435,2.5,1.8,1.5,0,vtype0
143,flow0.10,646209,5.49312e+06,0,13.9957,0.468362,2.5,1.8,1.5,0,vtype0
143,flow0.11,646226,5.4931e+06,0,13.9418,-0.27885,2.5,1.8,1.5,0,vtype0
143,flow0.12,646248,5.49308e+06,0,13.8856,-0.429916,2.5,1.8,1.5,0,vtype0
143,flow0.13,646270,5.49306e+06,0,13.9185,-0.503599,2.5,1.8,1.5,0,vtype0
143,flow0.14,646292,5.49304e+06,0,13.9495,-0.168816,2.5,1.8,1.5,0,vtype0
143,flow0.15,646318,5.49301e+06,0,13.887,-0.156691,2.5,1.8,1.5,0,vtype0
143,flow0.16,646346,5.49298e+06,0,13.9414,-0.0790175,2.5,1.8,1.5,0,vtype0
143,flow0.17,646477,5.49285e+06,0,13.9,-0.792954,2.5,1.8,1.5,0,vtype0
143,flow0.18,646497,5.49283e+06,0,13.9472,-0.266676,2.5,1.8,1.5,0,vtype0
143,flow0.19,646515,5.49281e+06,0,13.9322,-0.279522,2.5,1.8,1.5,0,vtype0
143,flow0.20,646532,5.4928e+06,0,13.995,0.462436,2.5,1.8,1.5,0,vtype0
143,flow0.21,646549,5.49278e+06,0,13.9621,0.434667,2.5,1.8,1.5,0,vtype0
143,flow0.22,646566,5.49276e+06,0,12.0126,1.80984,2.5,1.8,1.5,0,vtype0
143,flow0.23,646628,5.49272e+06,0,13.9967,1.07686,2.5,1.8,1.5,0,vtype0
143,flow0.24,646646,5.49271e+06,0,13.8584,-0.917157,2.5,1.8,1.5,0,vtype0
143,flow0.25,646664,5.49271e+06,0,13.9515,0.569964,2.5,1.8,1.5,0,vtype0
143,flow0.26,646683,5.49271e+06,0,13.918,0.167396,2.5,1.8,1.5,0,vtype0
143,flow0.27,646702,5.4927e+06,0,13.86,0.18831,2.5,1.8,1.5,0,vtype0
143,flow0.28,646722,5.4927e+06,0,13.9224,-0.522927,2.5,1.8,1.5,0,vtype0
143,flow0.29,646761,5.4927e+06,0,13.9061,-0.240775,2.5,1.8,1.5,0,vtype0
143,flow0.30,646801,5.4927e+06,0,13.9729,0.259594,2.5,1.8,1.5,0,vtype0
143,flow0.31,646843,5.4927e+06,0,13.8809,0.0950486,2.5,1.8,1.5,0,vtype0
143,flow0.32,646880,5.49276e+06,0,13.9973,0.67524,2.5,1.8,1.5,0,vtype0
143,flow0.33,646882,5.49279e+06,0,13.9245,-0.662922,2.5,1.8,1.5,0,vtype0
143,flow0.34,646885,5.49281e+06,0,13.8811,-1.12921,2.5,1.8,1.5,0,vtype0
143,flow0.35,646887,5.49285e+06,0,13.9657,0.721243,2.5,1.8,1.5,0,vtype0
143,flow0.36,646890,5.49289e+06,0,13.9503,0.0675952,2.5,1.8,1.5,0,vtype0
143,flow0.37,646886,5.49296e+06,0,13.8974,-0.595385,2.5,1.8,1.5,0,vtype0
143,flow0.38,646884,5.49299e+06,0,13.9675,0.115076,2.5,1.8,1.5,0,vtype0
143,flow0.39,646879,5.49305e+06,0,13.8894,-0.162054,2.5,1.8,1.5,0,vtype0
143,flow0.40,646876,5.49308e+06,0,13.9245,0.365254,2.5,1.8,1.5,0,vtype0
143,flow0.41,646872,5.49311e+06,0,10.7847,2.37349,2.5,1.8,1.5,0,vtype0
143,flow0.42,646850,5.49312e+06,0,12.444,-1.58092,2.5,1.8,1.5,9,vtype0
143,flow0.43,646816,5.49312e+06,0,12.766,0.051448,2.5,1.8,1.5,0,vtype0
143,flow0.44,646778,5.49315e+06,0,12.1716,0.820226,2.5,1.8,1.5,0,vtype0
143,flow0.45,646778,5.49317e+06,0,13.5435,-0.686931,2.5,1.8,1.5,2,vtype0
143,flow0.46,646814,5.49321e+06,0,11.7238,0.65772,2.5,1.8,1.5,2,vtype0
143,flow0.47,646840,5.49323e+06,0,10.3842,0.840373,2.5,1.8,1.5,0,vtype0
144,flow0.0,645837,5.49344e+06,0,13.9863,1.15327,2.5,1.8,1.5,0,vtype0
144,flow0.1,645878,5.49342e+06,0,13.8911,-0.533211,2.5,1.8,1.5,0,vtype0
144,flow0.2,645913,5.4934e+06,0,13.8772,-0.637144,2.5,1.8,1.5,0,vtype0
144,flow0.3,645947,5.49337e+06,0,13.9421,-0.198199,2.5,1.8,1.5,0,vtype0
144,flow0.4,646001,5.49332e+06,0,13.9998,0.637102,2.5,1.8,1.5,0,vtype0
144,flow0.5,646025,5.4933e+06,0,13.9066,-0.71117,2.5,1.8,1.5,0,vtype0
144,flow0.6,646051,5.49327e+06,0,13.9987,0.775748,2.5,1.8,1.5,0,vtype0
144,flow0.7,646141,5.49319e+06,0,13.9372,-0.218827,2.5,1.8,1.5,0,vtype0
144,flow0.8,646161,5.49317e+06,0,13.9182,-0.19564,2.5,1.8,1.5,0,vtype0
144,flow0.9,646180,5.49315e+06,0,13.9442,0.0772427,2.5,1.8,1.5,0,vtype0
144,flow0.10,646199,5.49313e+06,0,13.9585,0.456692,2.5,1.8,1.5,0,vtype0
144,flow0.11,646216,5.49311e+06,0,13.979,0.0690111,2.5,1.8,1.5,0,vtype0
144,flow0.12,646238,5.49309e+06,0,13.9577,-0.235552,2.5,1.8,1.5,0,vtype0
144,flow0.13,646260,5.49307e+06,0,13.9485,-0.245279,2.5,1.8,1.5,0,vtype0
144,flow0.14,646282,5.49305e+06,0,13.9372,-0.541558,2.5,1.8,1.5,0,vtype0
144,flow0.15,646309,5.49302e+06,0,13.9729,0.363559,2.5,1.8,1.5,0,vtype0
144,flow0.16,646336,5.49299e+06,0,13.9775,0.889694,2.5,1.8,1.5,0,vtype0
144,flow0.17,646467,5.49286e+06,0,13.8818,-0.392203,2.5,1.8,1.5,0,vtype0
144,flow0.18,646487,5.49284e+06,0,13.9727,-0.123298,2.5,1.8,1.5,0,vtype0
144,flow0.19,646506,5.49282e+06,0,13.9191,-0.466113,2.5,1.8,1.5,0,vtype0
144,flow0.20,646522,5.49281e+06,0,13.8985,-0.305802,2.5,1.8,1.5,0,vtype0
144,flow0.21,646539,5.49279e+06,0,13.9985,0.919375,2.5,1.8,1.5,0,vtype0
144,flow0.22,646557,5.49277e+06,0,13.9154,2.22389,2.5,1.8,1.5,0,vtype0
144,flow0.23,646615,5.49272e+06,0,13.8715,-0.975674,2.5,1.8,1.5,0,vtype0
144,flow0.24,646633,5.49272e+06,0,13.9198,-0.420192,2.5,1.8,1.5,0,vtype0
144,flow0.25,646651,5.49271e+06,0,13.9141,-0.00119933,2.5,1.8,1.5,0,vtype0
144,flow0.26,646670,5.49271e+06,0,13.9647,0.218689,2.5,1.8,1.5,0,vtype0
144,flow0.27,646688,5.49271e+06,0,13.9346,0.627931,2.5,1.8,1.5,0,vtype0
144,flow0.28,646708,5.4927e+06,0,13.9797,0.124209,2.5,1.8,1.5,0,vtype0
144,flow0.29,646747,5.4927e+06,0,13.8797,-0.706062,2.5,1.8,1.5,0,vtype0
144,flow0.30,646787,5.4927e+06,0,13.986,0.421305,2.5,1.8,1.5,0,vtype0
144,flow0.31,646829,5.4927e+06,0,13.9571,-0.337215,2.5,1.8,1.5,0,vtype0
144,flow0.32,646879,5.49275e+06,0,13.9664,0.356132,2.5,1.8,1.5,0,vtype0
144,flow0.33,646881,5.49277e+06,0,13.9014,0.0139809,2.5,1.8,1.5,0,vtype0
144,flow0.34,646883,5.4928e+06,0,13.9822,-0.0961112,2.5,1.8,1.5,0,vtype0
144,flow0.35,646886,5.49284e+06,0,13.9683,0.625657,2.5,1.8,1.5,0,vtype0
144,flow0.36,646889,5.49287e+06,0,13.8979,-0.0875689,2.5,1.8,1.5,0,vtype0
144,flow0.37,646887,5.49294e+06,0,13.9089,0.282977,2.5,1.8,1.5,0,vtype0
144,flow0.38,646885,5.49297e+06,0,13.9757,0.336337,2.5,1.8,1.5,0,vtype0
144,flow0.39,646880,5.49304e+06,0,13.9949,0.731012,2.5,1.8,1.5,0,vtype0
144,flow0.40,646878,5.49307e+06,0,13.9357,-0.633736,2.5,1.8,1.5,0,vtype0
144,flow0.41,646874,5.4931e+06,0,12.6704,1.39311,2.5,1.8,1.5,0,vtype0
144,flow0.42,646860,5.49312e+06,0,7.99631,-4.5,2.5,1.8,1.5,9,vtype0
144,flow0.43,646829,5.49312e+06,0,12.813,-0.403022,2.5,1.8,1.5,1,vtype0
144,flow0.44,646787,5.49314e+06,0,12.1712,-0.0897978,2.5,1.8,1.5,0,vtype0
144,flow0.45,646774,5.49315e+06,0,13.2811,0.335655,2.5,1.8,1.5,0,vtype0
144,flow0.46,646805,5.4932e+06,0,11.6567,-0.604738,2.5,1.8,1.5,2,vtype0
144,flow0.47,646833,5.49322e+06,0,10.367,0.489397,2.5,1.8,1.5,0,vtype0
145,flow0.48,646846,5.49324e+06,0,11.9609,-0.465052,2.5,1.8,1.5,0,vtype0
145,flow0.0,645824,5.49344e+06,0,13.9974,0.532235,2.5,1.8,1.5,0,vtype0
145,flow0.1,645865,5.49342e+06,0,13.8804,-1.18492,2.5,1.8,1.5,0,vtype0
145,flow0.2,645902,5.4934e+06,0,13.9932,0.763955,2.5,1.8,1.5,0,vtype0
145,flow0.3,645936,5.49338e+06,0,13.8984,-0.987516,2.5,1.8,1.5,0,vtype0
145,flow0.4,645991,5.49333e+06,0,13.9378,0.27209,2.5,1.8,1.5,0,vtype0
145,flow0.5,646015,5.49331e+06,0,13.8708,-0.842653,2.5,1.8,1.5,0,vtype0
145,flow0.6,646041,5.49328e+06,0,13.9725,0.890289,2.5,1.8,1.5,0,vtype0
145,flow0.7,646131,5.4932e+06,0,13.9917,0.112818,2.5,1.8,1.5,0,vtype0
145,flow0.8,646151,5.49318e+06,0,13.9761,0.498818,2.5,1.8,1.5,0,vtype0
145,flow0.9,646170,5.49316e+06,0,13.8945,0.0277755,2.5,1.8,1.5,0,vtype0
145,flow0.10,646190,5.49314e+06,0,13.8857,-0.179814,2.5,1.8,1.5,0,vtype0
145,flow0.11,646206,5.49312e+06,0,13.9057,-0.475643,2.5,1.8,1.5,0,vtype0
145,flow0.12,646228,5.4931e+06,0,13.9953,0.863983,2.5,1.8,1.5,0,vtype0
145,flow0.13,646250,5.49308e+06,0,13.9132,-0.079751,2.5,1.8,1.5,0,vtype0
145,flow0.14,646272,5.49306e+06,0,13.9199,-0.0751565,2.5,1.8,1.5,0,vtype0
145,flow0.15,646299,5.49303e+06,0,13.9697,0.974211,2.5,1.8,1.5,0,vtype0
145,flow0.16,646326,5.493e+06,0,13.9165,0.287751,2.5,1.8,1.5,0,vtype0
145,flow0.17,646457,5.49287e+06,0,13.879,-0.0832404,2.5,1.8,1.5,0,vtype0
145,flow0.18,646477,5.49285e+06,0,13.9065,-0.539443,2.5,1.8,1.5,0,vtype0
145,flow0.19,646496,5.49283e+06,0,13.9363,-0.43369,2.5,1.8,1.5,0,vtype0
145,flow0.20,646513,5.49282e+06,0,13.8705,-0.27305,2.5,1.8,1.5,0,vtype0
145,flow0.21,646530,5.4928e+06,0,13.9965,0.769786,2.5,1.8,1.5,0,vtype0
145,flow0.22,646547,5.49278e+06,0,13.9605,0.73867,2.5,1.8,1.5,0,vtype0
145,flow0.23,646603,5.49273e+06,0,13.9754,-0.0441331,2.5,1.8,1.5,0,vtype0
145,flow0.24,646619,5.49272e+06,0,13.9987,0.891033,2.5,1.8,1.5,0,vtype0
145,flow0.25,646638,5.49272e+06,0,13.8615,-0.88272,2.5,1.8,1.5,0,vtype0
145,flow0.26,646656,5.49271e+06,0,13.8817,-0.257332,2.5,1.8,1.5,0,vtype0
145,flow0.27,646675,5.49271e+06,0,13.8881,0.558526,2.5,1.8,1.5,0,vtype0
145,flow0.28,646694,5.49271e+06,0,13.952,0.492375,2.5,1.8,1.5,0,vtype0
145,flow0.29,646734,5.4927e+06,0,13.9042,-0.105459,2.5,1.8,1.5,0,vtype0
145,flow0.30,646773,5.4927e+06,0,13.9538,-0.357156,2.5,1.8,1.5,0,vtype0
145,flow0.31,646815,5.4927e+06,0,13.9816,0.608299,2.5,1.8,1.5,0,vtype0
145,flow0.32,646879,5.49273e+06,0,13.9263,-0.651628,2.5,1.8,1.5,0,vtype0
145,flow0.33,646880,5.49276e+06,0,13.9024,0.0740601,2.5,1.8,1.5,0,vtype0
145,flow0.34,646882,5.49279e+06,0,13.9759,0.0373765,2.5,1.8,1.5,0,vtype0
145,flow0.35,646885,5.49282e+06,0,13.9363,-0.0451927,2.5,1.8,1.5,0,vtype0
145,flow0.36,646888,5.49286e+06,0,13.9851,0.889705,2.5,1.8,1.5,0,vtype0
145,flow0.37,646888,5.49293e+06,0,13.9817,0.159543,2.5,1.8,1.5,0,vtype0
145,flow0.38,646886,5.49296e+06,0,13.919,-0.765472,2.5,1.8,1.5,0,vtype0
145,flow0.39,646881,5.49302e+06,0,13.9994,0.782688,2.5,1.8,1.5,0,vtype0
145,flow0.40,646879,5.49306e+06,0,13.9796,0.759229,2.5,1.8,1.5,0,vtype0
145,flow0.41,646876,5.49308e+06,0,13.9837,0.967142,2.5,1.8,1.5,0,vtype0
145,flow0.42,646867,5.49312e+06,0,7.74963,2.51146,2.5,1.8,1.5,0,vtype0
145,flow0.43,646841,5.49312e+06,0,11.986,0.408131,2.5,1.8,1.5,1,vtype0
145,flow0.44,646797,5.49313e+06,0,12.1819,-0.13482,2.5,1.8,1.5,0,vtype0
145,flow0.45,646781,5.49314e+06,0,12.9845,-0.395603,2.5,1.8,1.5,0,vtype0
145,flow0.46,646797,5.49319e+06,0,11.6771,0.27747,2.5,1.8,1.5,2,vtype0
145,flow0.47,646826,5.49322e+06,0,10.3941,0.763947,2.5,1.8,1.5,0,vtype0
146,flow0.0,645811,5.49344e+06,0,13.9292,0.400778,2.5,1.8,1.5,0,vtype0
146,flow0.1,645853,5.49343e+06,0,13.9823,-0.0428347,2.5,1.8,1.5,0,vtype0
146,flow0.2,645890,5.49341e+06,0,13.9078,-0.132177,2.5,1.8,1.5,0,vtype0
146,flow0.3,645925,5.49339e+06,0,13.9604,0.318125,2.5,1.8,1.5,0,vtype0
146,flow0.4,645980,5.49334e+06,0,13.9044,0.0643953,2.5,1.8,1.5,0,vtype0
146,flow0.5,646005,5.49332e+06,0,13.9271,-0.312934,2.5,1.8,1.5,0,vtype0
146,flow0.6,646031,5.49329e+06,0,13.9711,0.680818,2.5,1.8,1.5,0,vtype0
146,flow0.7,646121,5.4932e+06,0,13.9232,-0.218729,2.5,1.8,1.5,0,vtype0
146,flow0.8,646141,5.49319e+06,0,13.9073,-0.038492,2.5,1.8,1.5,0,vtype0
146,flow0.9,646160,5.49317e+06,0,13.9671,0.688167,2.5,1.8,1.5,0,vtype0
146,flow0.10,646180,5.49315e+06,0,13.9736,0.167098,2.5,1.8,1.5,0,vtype0
146,flow0.11,646197,5.49313e+06,0,13.966,0.681096,2.5,1.8,1.5,0,vtype0
146,flow0.12,646218,5.49311e+06,0,13.9378,0.178019,2.5,1.8,1.5,0,vtype0
146,flow0.13,646240,5.49309e+06,0,13.9591,0.312225,2.5,1.8,1.5,0,vtype0
146,flow0.14,646262,5.49307e+06,0,13.9396,0.235223,2.5,1.8,1.5,0,vtype0
146,flow0.15,646289,5.49304e+06,0,13.988,-0.0568871,2.5,1.8,1.5,0,vtype0
146,flow0.16,646316,5.49301e+06,0,13.8872,-0.0621506,2.5,1.8,1.5,0,vtype0
146,flow0.17,646447,5.49288e+06,0,13.8746,-0.0610774,2.5,1.8,1.5,0,vtype0
146,flow0.18,646467,5.49286e+06,0,13.9624,0.6382,2.5,1.8,1.5,0,vtype0
146,flow0.19,646487,5.49284e+06,0,13.9246,0.111612,2.5,1.8,1.5,0,vtype0
146,flow0.20,646503,5.49283e+06,0,13.8775,-0.285202,2.5,1.8,1.5,0,vtype0
146,flow0.21,646520,5.49281e+06,0,13.9296,-0.0307387,2.5,1.8,1.5,0,vtype0
146,flow0.22,646537,5.49279e+06,0,13.8747,0.0205808,2.5,1.8,1.5,0,vtype0
146,flow0.23,646592,5.49274e+06,0,11.0284,-4.5,2.5,1.8,1.5,8,vtype0
146,flow0.24,646608,5.49273e+06,0,12.1276,-2.56613,2.5,1.8,1.5,8,vtype0
146,flow0.25,646625,5.49272e+06,0,12.6844,-4.42946,2.5,1.8,1.5,8,vtype0
146,flow0.26,646643,5.49271e+06,0,13.3494,-0.944128,2.5,1.8,1.5,0,vtype0
146,flow0.27,646661,5.49271e+06,0,13.5695,-1.45546,2.5,1.8,1.5,0,vtype0
146,flow0.28,646680,5.49271e+06,0,13.8267,-0.742438,2.5,1.8,1.5,0,vtype0
146,flow0.29,646720,5.4927e+06,0,13.9045,-0.245219,2.5,1.8,1.5,0,vtype0
146,flow0.30,646760,5.4927e+06,0,13.9883,0.648285,2.5,1.8,1.5,0,vtype0
146,flow0.31,646801,5.4927e+06,0,13.9026,-0.388119,2.5,1.8,1.5,0,vtype0
146,flow0.32,646876,5.49272e+06,0,13.9842,0.182856,2.5,1.8,1.5,0,vtype0
146,flow0.33,646879,5.49275e+06,0,13.8706,-0.180984,2.5,1.8,1.5,0,vtype0
146,flow0.34,646881,5.49277e+06,0,13.9677,0.555673,2.5,1.8,1.5,0,vtype0
146,flow0.35,646884,5.49281e+06,0,13.9632,0.910934,2.5,1.8,1.5,0,vtype0
146,flow0.36,646887,5.49285e+06,0,13.9757,0.455172,2.5,1.8,1.5,0,vtype0
146,flow0.37,646889,5.49292e+06,0,13.9983,0.885864,2.5,1.8,1.5,0,vtype0
146,flow0.38,646887,5.49295e+06,0,13.9583,0.558203,2.5,1.8,1.5,0,vtype0
146,flow0.39,646882,5.49301e+06,0,13.9866,0.847962,2.5,1.8,1.5,0,vtype0
146,flow0.40,646880,5.49304e+06,0,13.9217,0.101686,2.5,1.8,1.5,0,vtype0
146,flow0.41,646878,5.49307e+06,0,13.9867,0.15916,2.5,1.8,1.5,0,vtype0
146,flow0.42,646871,5.49311e+06,0,10.1132,1.468,2.5,1.8,1.5,0,vtype0
146,flow0.43,646853,5.49312e+06,0,11.4156,-4.5,2.5,1.8,1.5,9,vtype0
146,flow0.44,646807,5.49313e+06,0,12.206,0.721244,2.5,1.8,1.5,0,vtype0
146,flow0.45,646791,5.49314e+06,0,12.7837,-0.72347,2.5,1.8,1.5,0,vtype0
146,flow0.46,646789,5.49318e+06,0,11.7341,-0.258179,2.5,1.8,1.5,2,vtype0
146,flow0.47,646818,5.49321e+06,0,10.2986,0.23638,2.5,1.8,1.5,2,vtype0
146,flow0.48,646838,5.49323e+06,0,12.007,0.585271,2.5,1.8,1.5,0,vtype0
147,flow0.0,645797,5.49345e+06,0,13.9008,-0.511874,2.5,1.8,1.5,0,vtype0
147,flow0.1,645840,5.49344e+06,0,13.8795,-1.03713,2.5,1.8,1.5,0,vtype0
147,flow0.2,645878,5.49342e+06,0,13.9077,-0.552962,2.5,1.8,1.5,0,vtype0
147,flow0.3,645913,5.4934e+06,0,13.9806,0.831171,2.5,1.8,1.5,0,vtype0
147,flow0.4,645970,5.49335e+06,0,13.8714,-0.0622633,2.5,1.8,1.5,0,vtype0
147,flow0.5,645995,5.49333e+06,0,13.939,-0.382211,2.5,1.8,1.5,0,vtype0
147,flow0.6,646021,5.4933e+06,0,13.9881,0.562012,2.5,1.8,1.5,0,vtype0
147,flow0.7,646112,5.49321e+06,0,13.8916,-0.401694,2.5,1.8,1.5,0,vtype0
147,flow0.8,646131,5.4932e+06,0,13.8745,-0.0881753,2.5,1.8,1.5,0,vtype0
147,flow0.9,646150,5.49318e+06,0,13.9485,-0.180483,2.5,1.8,1.5,0,vtype0
147,flow0.10,646170,5.49316e+06,0,13.9685,-0.0660841,2.5,1.8,1.5,0,vtype0
147,flow0.11,646187,5.49314e+06,0,13.9247,0.419247,2.5,1.8,1.5,0,vtype0
147,flow0.12,646208,5.49312e+06,0,13.9481,-0.263407,2.5,1.8,1.5,0,vtype0
147,flow0.13,646230,5.4931e+06,0,13.9183,0.193828,2.5,1.8,1.5,0,vtype0
147,flow0.14,646252,5.49308e+06,0,13.9944,0.731305,2.5,1.8,1.5,0,vtype0
147,flow0.15,646279,5.49305e+06,0,13.9556,0.628357,2.5,1.8,1.5,0,vtype0
147,flow0.16,646307,5.49302e+06,0,13.9958,0.204275,2.5,1.8,1.5,0,vtype0
147,flow0.17,646437,5.49289e+06,0,13.9769,0.261415,2.5,1.8,1.5,0,vtype0
147,flow0.18,646457,5.49287e+06,0,13.8951,-0.898333,2.5,1.8,1.5,0,vtype0
147,flow0.19,646477,5.49285e+06,0,13.9984,0.612539,2.5,1.8,1.5,0,vtype0
147,flow0.20,646494,5.49284e+06,0,13.9175,-0.787277,2.5,1.8,1.5,0,vtype0
147,flow0.21,646511,5.49282e+06,0,13.9771,0.0204552,2.5,1.8,1.5,0,vtype0
147,flow0.22,646528,5.4928e+06,0,13.9416,0.651488,2.5,1.8,1.5,0,vtype0
147,flow0.23,646584,5.49274e+06,0,6.52835,-4.5,2.5,1.8,1.5,8,vtype0
147,flow0.24,646599,5.49273e+06,0,8.88323,-3.29443,2.5,1.8,1.5,8,vtype0
147,flow0.25,646614,5.49273e+06,0,10.3004,-2.60972,2.5,1.8,1.5,8,vtype0
147,flow0.26,646631,5.49272e+06,0,11.2833,-2.14072,2.5,1.8,1.5,8,vtype0
147,flow0.27,646649,5.49271e+06,0,12.0417,-1.41983,2.5,1.8,1.5,8,vtype0
147,flow0.28,646667,5.49271e+06,0,12.6793,-1.28644,2.5,1.8,1.5,0,vtype0
147,flow0.29,646706,5.4927e+06,0,13.9302,-0.204155,2.5,1.8,1.5,0,vtype0
147,flow0.30,646746,5.4927e+06,0,13.9891,0.197815,2.5,1.8,1.5,0,vtype0
147,flow0.31,646787,5.4927e+06,0,13.9786,0.795223,2.5,1.8,1.5,0,vtype0
147,flow0.32,646868,5.49271e+06,0,13.9881,-0.0881405,2.5,1.8,1.5,0,vtype0
147,flow0.33,646879,5.49273e+06,0,13.9249,-0.00602595,2.5,1.8,1.5,0,vtype0
147,flow0.34,646880,5.49276e+06,0,13.8748,-0.126598,2.5,1.8,1.5,0,vtype0
147,flow0.35,646883,5.49279e+06,0,13.9091,-0.212702,2.5,1.8,1.5,0,vtype0
147,flow0.36,646886,5.49283e+06,0,13.9304,0.0041327,2.5,1.8,1.5,0,vtype0
147,flow0.37,646890,5.4929e+06,0,13.9942,1.07905,2.5,1.8,1.5,0,vtype0
147,flow0.38,646888,5.49293e+06,0,13.8747,-0.926046,2.5,1.8,1.5,0,vtype0
147,flow0.39,646883,5.493e+06,0,13.9029,-0.708956,2.5,1.8,1.5,0,vtype0
147,flow0.40,646881,5.49303e+06,0,13.9997,0.904133,2.5,1.8,1.5,0,vtype0
147,flow0.41,646879,5.49306e+06,0,13.957,-0.162857,2.5,1.8,1.5,0,vtype0
147,flow0.42,646873,5.4931e+06,0,12.0743,1.36297,2.5,1.8,1.5,0,vtype0
147,flow0.43,646862,5.49312e+06,0,6.95179,-4.5,2.5,1.8,1.5,9,vtype0
147,flow0.44,646819,5.49312e+06,0,12.1097,-0.649481,2.5,1.8,1.5,0,vtype0
147,flow0.45,646800,5.49313e+06,0,12.6981,0.337229,2.5,1.8,1.5,0,vtype0
147,flow0.46,646781,5.49317e+06,0,11.7301,0.289696,2.5,1.8,1.5,2,vtype0
147,flow0.47,646811,5.4932e+06,0,10.3167,-0.0510927,2.5,1.8,1.5,2,vtype0
147,flow0.48,646830,5.49322e+06,0,11.9268,-0.276936,2.5,1.8,1.5,0,vtype0
148,flow0.49,646846,5.49324e+06,0,12.5217,0.5278,2.5,1.8,1.5,0,vtype0
148,flow0.0,645783,5.49345e+06,0,13.9372,0.453989,2.5,1.8,1.5,0,vtype0
148,flow0.1,645827,5.49344e+06,0,13.8771,-0.713141,2.5,1.8,1.5,0,vtype0
148,flow0.2,645865,5.49342e+06,0,13.9408,0.45932,2.5,1.8,1.5,0,vtype0
148,flow0.3,645902,5.4934e+06,0,13.9236,-0.659646,2.5,1.8,1.5,0,vtype0
148,flow0.4,645959,5.49336e+06,0,13.9205,0.359112,2.5,1.8,1.5,0,vtype0
148,flow0.5,645985,5.49334e+06,0,13.971,-0.281963,2.5,1.8,1.5,0,vtype0
148,flow0.6,646012,5.49331e+06,0,13.9051,-0.842423,2.5,1.8,1.5,0,vtype0
148,flow0.7,646102,5.49322e+06,0,13.9067,-0.0500109,2.5,1.8,1.5,0,vtype0
148,flow0.8,646121,5.49321e+06,0,13.9109,0.0571942,2.5,1.8,1.5,0,vtype0
148,flow0.9,646140,5.49319e+06,0,13.9533,0.584235,2.5,1.8,1.5,0,vtype0
148,flow0.10,646160,5.49317e+06,0,13.9659,-0.129408,2.5,1.8,1.5,0,vtype0
148,flow0.11,646177,5.49315e+06,0,13.9348,0.492386,2.5,1.8,1.5,0,vtype0
148,flow0.12,646198,5.49313e+06,0,13.895,-0.651536,2.5,1.8,1.5,0,vtype0
148,flow0.13,646220,5.49311e+06,0,13.9133,0.220607,2.5,1.8,1.5,0,vtype0
148,flow0.14,646242,5.49309e+06,0,13.9913,0.720716,2.5,1.8,1.5,0,vtype0
148,flow0.15,646269,5.49306e+06,0,13.9672,-0.0351371,2.5,1.8,1.5,0,vtype0
148,flow0.16,646297,5.49303e+06,0,13.9558,0.750809,2.5,1.8,1.5,0,vtype0
148,flow0.17,646427,5.4929e+06,0,13.973,0.877057,2.5,1.8,1.5,0,vtype0
148,flow0.18,646447,5.49288e+06,0,13.9684,0.691646,2.5,1.8,1.5,0,vtype0
148,flow0.19,646467,5.49286e+06,0,13.9513,-0.215545,2.5,1.8,1.5,0,vtype0
148,flow0.20,646484,5.49285e+06,0,13.9258,-0.123841,2.5,1.8,1.5,0,vtype0
148,flow0.21,646501,5.49283e+06,0,13.9571,-0.208673,2.5,1.8,1.5,0,vtype0
148,flow0.22,646518,5.49281e+06,0,13.9203,-0.552064,2.5,1.8,1.5,0,vtype0
148,flow0.23,646578,5.49275e+06,0,8.15845,1.50503,2.5,1.8,1.5,0,vtype0
148,flow0.24,646592,5.49274e+06,0,8.86705,0.59042,2.5,1.8,1.5,0,vtype0
148,flow0.25,646606,5.49273e+06,0,9.67659,0.328725,2.5,1.8,1.5,0,vtype0
148,flow0.26,646621,5.49272e+06,0,10.4149,-0.194119,2.5,1.8,1.5,0,vtype0
148,flow0.27,646638,5.49272e+06,0,11.137,-0.0105592,2.5,1.8,1.5,0,vtype0
148,flow0.28,646655,5.49271e+06,0,11.683,-0.381931,2.5,1.8,1.5,0,vtype0
148,flow0.29,646692,5.49271e+06,0,13.9021,-0.66404,2.5,1.8,1.5,0,vtype0
148,flow0.30,646732,5.4927e+06,0,13.9277,0.221638,2.5,1.8,1.5,0,vtype0
148,flow0.31,646774,5.4927e+06,0,13.9982,0.979076,2.5,1.8,1.5,0,vtype0
148,flow0.32,646856,5.4927e+06,0,13.9378,0.516392,2.5,1.8,1.5,0,vtype0
148,flow0.33,646876,5.49272e+06,0,13.9088,0.105073,2.5,1.8,1.5,0,vtype0
148,flow0.34,646879,5.49275e+06,0,13.9577,-0.159482,2.5,1.8,1.5,0,vtype0
148,flow0.35,646882,5.49278e+06,0,13.9984,0.562202,2.5,1.8,1.5,0,vtype0
148,flow0.36,646885,5.49282e+06,0,13.9169,-0.372233,2.5,1.8,1.5,0,vtype0
148,flow0.37,646890,5.49289e+06,0,13.8746,-0.0907629,2.5,1.8,1.5,0,vtype0
148,flow0.38,646889,5.49292e+06,0,13.9795,0.0679094,2.5,1.8,1.5,0,vtype0
148,flow0.39,646884,5.49298e+06,0,13.9371,-0.600619,2.5,1.8,1.5,0,vtype0
148,flow0.40,646882,5.49302e+06,0,13.8826,-0.879406,2.5,1.8,1.5,0,vtype0
148,flow0.41,646880,5.49304e+06,0,13.9419,0.389614,2.5,1.8,1.5,0,vtype0
148,flow0.42,646875,5.49309e+06,0,13.885,-0.229278,2.5,1.8,1.5,0,vtype0
148,flow0.43,646869,5.49312e+06,0,7.9708,2.18155,2.5,1.8,1.5,0,vtype0
148,flow0.44,646831,5.49312e+06,0,12.1255,-0.515273,2.5,1.8,1.5,1,vtype0
148,flow0.45,646813,5.49313e+06,0,12.5966,1.28723,2.5,1.8,1.5,0,vtype0
148,flow0.46,646775,5.49316e+06,0,11.6692,-0.699903,2.5,1.8,1.5,2,vtype0
148,flow0.47,646804,5.4932e+06,0,10.3059,-0.766763,2.5,1.8,1.5,2,vtype0
148,flow0.48,646821,5.49321e+06,0,11.9948,0.120851,2.5,1.8,1.5,2,vtype0
149,flow0.0,645770,5.49345e+06,0,13.8901,0.10973,2.5,1.8,1.5,0,vtype0
149,flow0.1,645813,5.49344e+06,0,13.9664,-0.284158,2.5,1.8,1.5,0,vtype0
149,flow0.2,645853,5.49343e+06,0,13.9491,-0.104746,2.5,1.8,1.5,0,vtype0
149,flow0.3,645890,5.49341e+06,0,13.96,-0.168542,2.5,1.8,1.5,0,vtype0
149,flow0.4,645948,5.49337e+06,0,13.8797,-0.346996,2.5,1.8,1.5,0,vtype0
149,flow0.5,645974,5.49335e+06,0,13.9193,-0.628302,2.5,1.8,1.5,0,vtype0
149,flow0.6,646002,5.49332e+06,0,13.9523,-0.12353,2.5,1.8,1.5,0,vtype0
149,flow0.7,646092,5.49323e+06,0,13.983,0.0738505,2.5,1.8,1.5,0,vtype0
149,flow0.8,646111,5.49322e+06,0,13.9291,0.244241,2.5,1.8,1.5,0,vtype0
149,flow0.9,646130,5.4932e+06,0,13.9912,0.435456,2.5,1.8,1.5,0,vtype0
149,flow0.10,646150,5.49318e+06,0,13.9028,-0.3486,2.5,1.8,1.5,0,vtype0
149,flow0.11,646167,5.49316e+06,0,13.8864,-0.120649,2.5,1.8,1.5,0,vtype0
149,flow0.12,646188,5.49314e+06,0,13.8886,-1.06132,2.5,1.8,1.5,0,vtype0
149,flow0.13,646210,5.49312e+06,0,13.9176,0.0119053,2.5,1.8,1.5,0,vtype0
149,flow0.14,646232,5.4931e+06,0,13.9886,0.359978,2.5,1.8,1.5,0,vtype0
149,flow0.15,646259,5.49307e+06,0,13.9305,0.0253515,2.5,1.8,1.5,0,vtype0
149,flow0.16,646287,5.49304e+06,0,13.9711,0.91014,2.5,1.8,1.5,0,vtype0
149,flow0.17,646417,5.49291e+06,0,13.9503,0.514899,2.5,1.8,1.5,0,vtype0
149,flow0.18,646437,5.49289e+06,0,13.8818,-0.874183,2.5,1.8,1.5,0,vtype0
149,flow0.19,646457,5.49287e+06,0,13.8797,-0.749003,2.5,1.8,1.5,0,vtype0
149,flow0.20,646474,5.49286e+06,0,13.9554,-0.327122,2.5,1.8,1.5,0,vtype0
149,flow0.21,646492,5.49284e+06,0,13.9242,-0.0157226,2.5,1.8,1.5,0,vtype0
149,flow0.22,646509,5.49282e+06,0,13.8726,-0.14869,2.5,1.8,1.5,0,vtype0
149,flow0.23,646572,5.49275e+06,0,9.76993,1.83447,2.5,1.8,1.5,0,vtype0
149,flow0.24,646584,5.49274e+06,0,6.65327,-4.21427,2.5,1.8,1.5,8,vtype0
149,flow0.25,646598,5.49273e+06,0,8.43227,-3.15587,2.5,1.8,1.5,8,vtype0
149,flow0.26,646612,5.49273e+06,0,9.6381,-2.03339,2.5,1.8,1.5,8,vtype0
149,flow0.27,646628,5.49272e+06,0,10.5302,-0.62278,2.5,1.8,1.5,0,vtype0
149,flow0.28,646644,5.49271e+06,0,11.2434,-1.75069,2.5,1.8,1.5,8,vtype0
149,flow0.29,646678,5.49271e+06,0,13.9255,0.159523,2.5,1.8,1.5,0,vtype0
149,flow0.30,646718,5.4927e+06,0,13.9936,-0.0253736,2.5,1.8,1.5,0,vtype0
149,flow0.31,646760,5.4927e+06,0,13.9025,-0.305531,2.5,1.8,1.5,0,vtype0
149,flow0.32,646842,5.4927e+06,0,13.8983,-0.242151,2.5,1.8,1.5,0,vtype0
149,flow0.33,646868,5.49271e+06,0,13.9106,-0.888442,2.5,1.8,1.5,0,vtype0
149,flow0.34,646879,5.49273e+06,0,13.9078,0.1347,2.5,1.8,1.5,0,vtype0
149,flow0.35,646881,5.49277e+06,0,13.9376,0.161487,2.5,1.8,1.5,0,vtype0
149,flow0.36,646884,5.49281e+06,0,13.9162,-0.140497,2.5,1.8,1.5,0,vtype0
149,flow0.37,646889,5.49287e+06,0,13.8948,-0.23925,2.5,1.8,1.5,0,vtype0
149,flow0.38,646890,5.4929e+06,0,13.9228,-0.763428,2.5,1.8,1.5,0,vtype0
149,flow0.39,646885,5.49297e+06,0,13.9135,-0.707083,2.5,1.8,1.5,0,vtype0
149,flow0.40,646883,5.493e+06,0,13.8959,-0.723675,2.5,1.8,1.5,0,vtype0
149,flow0.41,646881,5.49303e+06,0,13.8733,-0.946016,2.5,1.8,1.5,0,vtype0
149,flow0.42,646877,5.49308e+06,0,13.884,-0.0237404,2.5,1.8,1.5,0,vtype0
149,flow0.43,646872,5.49311e+06,0,9.89058,1.72517,2.5,1.8,1.5,0,vtype0
149,flow0.44,646843,5.49312e+06,0,12.0967,-0.763782,2.5,1.8,1.5,1,vtype0
149,flow0.45,646825,5.49312e+06,0,12.4153,-0.464058,2.5,1.8,1.5,0,vtype0
149,flow0.46,646775,5.49315e+06,0,11.7261,-0.431518,2.5,1.8,1.5,0,vtype0
149,flow0.47,646797,5.49319e+06,0,10.305,-0.486655,2.5,1.8,1.5,2,vtype0
149,flow0.48,646813,5.4932e+06,0,11.9693,0.185547,2.5,1.8,1.5,2,vtype0
149,flow0.49,646837,5.49323e+06,0,12.5315,0.0385488,2.5,1.8,1.5,0,vtype0
150,flow0.0,645756,5.49346e+06,0,13.9304,-0.337576,2.5,1.8,1.5,0,vtype0
150,flow0.1,645800,5.49345e+06,0,13.9413,0.587954,2.5,1.8,1.5,0,vtype0
150,flow0.2,645840,5.49344e+06,0,13.9725,0.876809,2.5,1.8,1.5,0,vtype0
150,flow0.3,645878,5.49342e+06,0,13.978,0.830866,2.5,1.8,1.5,0,vtype0
150,flow0.4,645937,5.49338e+06,0,13.9103,-0.502924,2.5,1.8,1.5,0,vtype0
150,flow0.5,645963,5.49336e+06,0,13.9086,-0.285522,2.5,1.8,1.5,0,vtype0
150,flow0.6,645991,5.49333e+06,0,13.9728,0.204327,2.5,1.8,1.5,0,vtype0
150,flow0.7,646082,5.49324e+06,0,13.9894,0.283842,2.5,1.8,1.5,0,vtype0
150,flow0.8,646101,5.49323e+06,0,13.9601,0.866195,2.5,1.8,1.5,0,vtype0
150,flow0.9,646121,5.49321e+06,0,13.9363,0.350094,2.5,1.8,1.5,0,vtype0
150,flow0.10,646140,5.49319e+06,0,13.9631,-0.0703835,2.5,1.8,1.5,0,vtype0
150,flow0.11,646157,5.49317e+06,0,13.8972,-0.918755,2.5,1.8,1.5,0,vtype0
150,flow0.12,646178,5.49315e+06,0,13.9266,0.320635,2.5,1.8,1.5,0,vtype0
150,flow0.13,646200,5.49313e+06,0,13.9071,0.3682,2.5,1.8,1.5,0,vtype0
150,flow0.14,646222,5.49311e+06,0,13.9176,0.420439,2.5,1.8,1.5,0,vtype0
150,flow0.15,646249,5.49308e+06,0,13.9659,0.747815,2.5,1.8,1.5,0,vtype0
150,flow0.16,646278,5.49305e+06,0,13.9704,0.0940672,2.5,1.8,1.5,0,vtype0
150,flow0.17,646407,5.49292e+06,0,13.9907,1.1394,2.5,1.8,1.5,0,vtype0
150,flow0.18,646427,5.4929e+06,0,13.8723,-0.218721,2.5,1.8,1.5,0,vtype0
150,flow0.19,646447,5.49288e+06,0,13.9033,-0.0629233,2.5,1.8,1.5,0,vtype0
150,flow0.20,646464,5.49287e+06,0,13.883,-1.12478,2.5,1.8,1.5,0,vtype0
150,flow0.21,646482,5.49285e+06,0,13.8794,-0.7845,2.5,1.8,1.5,0,vtype0
150,flow0.22,646499,5.49283e+06,0,13.8849,-0.677657,2.5,1.8,1.5,0,vtype0
150,flow0.23,646565,5.49276e+06,0,11.6534,2.08901,2.5,1.8,1.5,0,vtype0
150,flow0.24,646578,5.49275e+06,0,8.21679,2.0863,2.5,1.8,1.5,0,vtype0
150,flow0.25,646591,5.49274e+06,0,8.58326,0.682902,2.5,1.8,1.5,0,vtype0
150,flow0.26,646604,5.49273e+06,0,9.12519,0.0583982,2.5,1.8,1.5,0,vtype0
150,flow0.27,646618,5.49272e+06,0,9.80884,-0.650622,2.5,1.8,1.5,0,vtype0
150,flow0.28,646634,5.49272e+06,0,10.5676,1.87825,2.5,1.8,1.5,0,vtype0
150,flow0.29,646664,5.49271e+06,0,13.8713,-1.15476,2.5,1.8,1.5,0,vtype0
150,flow0.30,646704,5.4927e+06,0,13.9387,-0.0887228,2.5,1.8,1.5,0,vtype0
150,flow0.31,646746,5.4927e+06,0,13.9037,-0.768705,2.5,1.8,1.5,0,vtype0
150,flow0.32,646828,5.4927e+06,0,13.9106,-0.362463,2.5,1.8,1.5,0,vtype0
150,flow0.33,646855,5.4927e+06,0,13.9583,0.163678,2.5,1.8,1.5,0,vtype0
150,flow0.34,646876,5.49272e+06,0,13.9864,0.950266,2.5,1.8,1.5,0,vtype0
150,flow0.35,646880,5.49275e+06,0,13.8765,-0.23783,2.5,1.8,1.5,0,vtype0
150,flow0.36,646883,5.49279e+06,0,13.9738,0.557366,2.5,1.8,1.5,0,vtype0
150,flow0.37,646888,5.49286e+06,0,13.9555,0.0851496,2.5,1.8,1.5,0,vtype0
150,flow0.38,646891,5.49289e+06,0,13.8916,0.212165,2.5,1.8,1.5,0,vtype0
150,flow0.39,646886,5.49295e+06,0,13.9932,1.08572,2.5,1.8,1.5,0,vtype0
150,flow0.40,646884,5.49299e+06,0,13.9434,0.35323,2.5,1.8,1.5,0,vtype0
150,flow0.41,646882,5.49301e+06,0,13.9443,0.403524,2.5,1.8,1.5,0,vtype0
150,flow0.42,646879,5.49306e+06,0,13.8962,-0.294727,2.5,1.8,1.5,0,vtype0
150,flow0.43,646873,5.4931e+06,0,11.8307,2.41436,2.5,1.8,1.5,0,vtype0
150,flow0.44,646855,5.49312e+06,0,10.4765,-4.5,2.5,1.8,1.5,9,vtype0
150,flow0.45,646837,5.49312e+06,0,11.4209,-3.43582,2.5,1.8,1.5,9,vtype0
150,flow0.46,646784,5.49314e+06,0,11.6618,-0.881633,2.5,1.8,1.5,0,vtype0
150,flow0.47,646789,5.49318e+06,0,10.3003,-0.31751,2.5,1.8,1.5,2,vtype0
150,flow0.48,646804,5.4932e+06,0,11.9704,0.135067,2.5,1.8,1.5,2,vtype0
150,flow0.49,646828,5.49322e+06,0,12.5331,0.494714,2.5,1.8,1.5,2,vtype0
151,flow0.50,646846,5.49324e+06,0,12.7819,-0.572423,2.5,1.8,1.5,0,vtype0
151,flow0.0,645742,5.49346e+06,0,13.9186,-0.0234235,2.5,1.8,1.5,0,vtype0
151,flow0.1,645786,5.49345e+06,0,13.9193,0.0832774,2.5,1.8,1.5,0,vtype0
151,flow0.2,645826,5.49344e+06,0,13.9246,0.121652,2.5,1.8,1.5,0,vtype0
151,flow0.3,645865,5.49342e+06,0,13.9332,0.104677,2.5,1.8,1.5,0,vtype0
151,flow0.4,645926,5.49339e+06,0,13.962,-0.0558081,2.5,1.8,1.5,0,vtype0
151,flow0.5,645953,5.49337e+06,0,13.8877,-0.981139,2.5,1.8,1.5,0,vtype0
151,flow0.6,645981,5.49334e+06,0,13.8902,-0.832151,2.5,1.8,1.5,0,vtype0
151,flow0.7,646072,5.49325e+06,0,13.9455,-0.488987,2.5,1.8,1.5,0,vtype0
151,flow0.8,646091,5.49323e+06,0,13.9172,-0.413858,2.5,1.8,1.5,0,vtype0
151,flow0.9,646111,5.49322e+06,0,13.9428,0.46235,2.5,1.8,1.5,0,vtype0
151,flow0.10,646130,5.4932e+06,0,13.8884,-0.308734,2.5,1.8,1.5,0,vtype0
151,flow0.11,646147,5.49318e+06,0,13.9961,0.499997,2.5,1.8,1.5,0,vtype0
151,flow0.12,646168,5.49316e+06,0,13.9516,-0.281898,2.5,1.8,1.5,0,vtype0
151,flow0.13,646190,5.49314e+06,0,13.8897,-0.218284,2.5,1.8,1.5,0,vtype0
151,flow0.14,646212,5.49312e+06,0,13.9764,0.44259,2.5,1.8,1.5,0,vtype0
151,flow0.15,646239,5.49309e+06,0,13.9536,-0.109439,2.5,1.8,1.5,0,vtype0
151,flow0.16,646267,5.49306e+06,0,13.8949,-0.57458,2.5,1.8,1.5,0,vtype0
151,flow0.17,646397,5.49293e+06,0,13.8845,-0.0586071,2.5,1.8,1.5,0,vtype0
151,flow0.18,646417,5.49291e+06,0,13.9708,-0.244803,2.5,1.8,1.5,0,vtype0
151,flow0.19,646437,5.49289e+06,0,13.9838,0.679212,2.5,1.8,1.5,0,vtype0
151,flow0.20,646454,5.49288e+06,0,13.9703,-0.233593,2.5,1.8,1.5,0,vtype0
151,flow0.21,646472,5.49286e+06,0,13.9602,0.699899,2.5,1.8,1.5,0,vtype0
151,flow0.22,646490,5.49284e+06,0,13.8819,-0.801336,2.5,1.8,1.5,0,vtype0
151,flow0.23,646556,5.49277e+06,0,13.4962,2.53813,2.5,1.8,1.5,0,vtype0
151,flow0.24,646572,5.49275e+06,0,10.0018,2.16456,2.5,1.8,1.5,0,vtype0
151,flow0.25,646584,5.49274e+06,0,6.27809,-4.5,2.5,1.8,1.5,8,vtype0
151,flow0.26,646597,5.49274e+06,0,7.82832,-3.31038,2.5,1.8,1.5,8,vtype0
151,flow0.27,646610,5.49273e+06,0,8.91398,-2.03598,2.5,1.8,1.5,8,vtype0
151,flow0.28,646625,5.49272e+06,0,9.84523,-1.05278,2.5,1.8,1.5,8,vtype0
151,flow0.29,646651,5.49271e+06,0,13.4347,-3.4877,2.5,1.8,1.5,8,vtype0
151,flow0.30,646690,5.49271e+06,0,13.9156,0.0723931,2.5,1.8,1.5,0,vtype0
151,flow0.31,646732,5.4927e+06,0,13.9728,0.276329,2.5,1.8,1.5,0,vtype0
151,flow0.32,646814,5.4927e+06,0,13.9601,0.83782,2.5,1.8,1.5,0,vtype0
151,flow0.33,646842,5.4927e+06,0,13.9452,-0.100292,2.5,1.8,1.5,0,vtype0
151,flow0.34,646867,5.49271e+06,0,13.9128,-0.0880138,2.5,1.8,1.5,0,vtype0
151,flow0.35,646879,5.49274e+06,0,13.918,0.33539,2.5,1.8,1.5,0,vtype0
151,flow0.36,646882,5.49278e+06,0,13.8867,-0.941499,2.5,1.8,1.5,0,vtype0
151,flow0.37,646887,5.49285e+06,0,13.9709,0.730824,2.5,1.8,1.5,0,vtype0
151,flow0.38,646889,5.49288e+06,0,13.9567,0.740589,2.5,1.8,1.5,0,vtype0
151,flow0.39,646887,5.49294e+06,0,13.9752,0.321225,2.5,1.8,1.5,0,vtype0
151,flow0.40,646885,5.49297e+06,0,13.9222,0.432116,2.5,1.8,1.5,0,vtype0
151,flow0.41,646883,5.493e+06,0,13.9765,0.100828,2.5,1.8,1.5,0,vtype0
151,flow0.42,646879,5.49305e+06,0,13.9216,0.335655,2.5,1.8,1.5,0,vtype0
151,flow0.43,646875,5.49309e+06,0,13.9279,1.49828,2.5,1.8,1.5,0,vtype0
151,flow0.44,646863,5.49312e+06,0,6.71962,2.6,2.5,1.8,1.5,1,vtype0
151,flow0.45,646847,5.49312e+06,0,8.3885,-1.89754,2.5,1.8,1.5,9,vtype0
151,flow0.46,646792,5.49313e+06,0,11.7303,0.694969,2.5,1.8,1.5,0,vtype0
151,flow0.47,646782,5.49317e+06,0,10.3463,0.419704,2.5,1.8,1.5,2,vtype0
151,flow0.48,646796,5.49319e+06,0,11.6345,-1.40057,2.5,1.8,1.5,10,vtype0
151,flow0.49,646820,5.49321e+06,0,12.4856,-0.510156,2.5,1.8,1.5,2,vtype0
152,flow0.0,645729,5.49346e+06,0,13.9551,-0.259493,2.5,1.8,1.5,0,vtype0
152,flow0.1,645773,5.49345e+06,0,13.8945,-0.304242,2.5,1.8,1.5,0,vtype0
152,flow0.2,645813,5.49344e+06,0,13.9381,-0.155226,2.5,1.8,1.5,0,vtype0
152,flow0.3,645853,5.49343e+06,0,13.9647,0.829161,2.5,1.8,1.5,0,vtype0
152,flow0.4,645914,5.49339e+06,0,13.9112,-0.880578,2.5,1.8,1.5,0,vtype0
152,flow0.5,645942,5.49338e+06,0,13.905,-0.457514,2.5,1.8,1.5,0,vtype0
152,flow0.6,645970,5.49335e+06,0,13.9985,0.996295,2.5,1.8,1.5,0,vtype0
152,flow0.7,646062,5.49326e+06,0,13.8922,-0.131297,2.5,1.8,1.5,0,vtype0
152,flow0.8,646081,5.49324e+06,0,13.9704,0.0611411,2.5,1.8,1.5,0,vtype0
152,flow0.9,646101,5.49323e+06,0,13.9496,-0.103951,2.5,1.8,1.5,0,vtype0
152,flow0.10,646120,5.49321e+06,0,13.9834,0.110887,2.5,1.8,1.5,0,vtype0
152,flow0.11,646137,5.49319e+06,0,13.9084,-0.710309,2.5,1.8,1.5,0,vtype0
152,flow0.12,646158,5.49317e+06,0,13.9124,-0.456255,2.5,1.8,1.5,0,vtype0
152,flow0.13,646180,5.49315e+06,0,13.9613,-0.0229139,2.5,1.8,1.5,0,vtype0
152,flow0.14,646202,5.49313e+06,0,13.961,-0.319378,2.5,1.8,1.5,0,vtype0
152,flow0.15,646229,5.4931e+06,0,13.877,-0.140826,2.5,1.8,1.5,0,vtype0
152,flow0.16,646257,5.49307e+06,0,13.9435,-0.472104,2.5,1.8,1.5,0,vtype0
152,flow0.17,646387,5.49294e+06,0,13.9828,-0.112339,2.5,1.8,1.5,0,vtype0
152,flow0.18,646407,5.49292e+06,0,13.9632,0.2887,2.5,1.8,1.5,0,vtype0
152,flow0.19,646427,5.4929e+06,0,13.9854,0.293765,2.5,1.8,1.5,0,vtype0
152,flow0.20,646444,5.49289e+06,0,13.9396,0.429724,2.5,1.8,1.5,0,vtype0
152,flow0.21,646462,5.49287e+06,0,13.9448,-0.0556319,2.5,1.8,1.5,0,vtype0
152,flow0.22,646480,5.49285e+06,0,13.8855,-0.669127,2.5,1.8,1.5,0,vtype0
152,flow0.23,646546,5.49278e+06,0,13.9449,-0.486262,2.5,1.8,1.5,0,vtype0
152,flow0.24,646564,5.49276e+06,0,11.9362,1.85689,2.5,1.8,1.5,0,vtype0
152,flow0.25,646578,5.49275e+06,0,8.44699,2.1755,2.5,1.8,1.5,0,vtype0
152,flow0.26,646590,5.49274e+06,0,8.54207,0.788723,2.5,1.8,1.5,0,vtype0
152,flow0.27,646602,5.49273e+06,0,8.84631,-0.253737,2.5,1.8,1.5,0,vtype0
152,flow0.28,646616,5.49272e+06,0,9.43299,0.314312,2.5,1.8,1.5,0,vtype0
152,flow0.29,646639,5.49272e+06,0,12.3547,-0.523443,2.5,1.8,1.5,0,vtype0
152,flow0.30,646676,5.49271e+06,0,13.9156,0.256416,2.5,1.8,1.5,0,vtype0
152,flow0.31,646718,5.4927e+06,0,13.9727,0.741785,2.5,1.8,1.5,0,vtype0
152,flow0.32,646800,5.4927e+06,0,13.8879,-0.398596,2.5,1.8,1.5,0,vtype0
152,flow0.33,646828,5.4927e+06,0,13.9619,0.567087,2.5,1.8,1.5,0,vtype0
152,flow0.34,646855,5.4927e+06,0,13.9674,-0.112527,2.5,1.8,1.5,0,vtype0
152,flow0.35,646878,5.49272e+06,0,13.9392,0.242127,2.5,1.8,1.5,0,vtype0
152,flow0.36,646880,5.49276e+06,0,13.9889,0.810038,2.5,1.8,1.5,0,vtype0
152,flow0.37,646886,5.49283e+06,0,13.8713,-1.27703,2.5,1.8,1.5,0,vtype0
152,flow0.38,646888,5.49286e+06,0,13.9862,0.305172,2.5,1.8,1.5,0,vtype0
152,flow0.39,646888,5.49293e+06,0,13.9476,0.704815,2.5,1.8,1.5,0,vtype0
152,flow0.40,646886,5.49296e+06,0,13.8972,-0.148894,2.5,1.8,1.5,0,vtype0
152,flow0.41,646884,5.49299e+06,0,13.8942,-0.406965,2.5,1.8,1.5,0,vtype0
152,flow0.42,646880,5.49303e+06,0,13.9507,0.485547,2.5,1.8,1.5,0,vtype0
152,flow0.43,646877,5.49307e+06,0,13.9754,0.725563,2.5,1.8,1.5,0,vtype0
152,flow0.44,646870,5.49312e+06,0,8.947,1.36373,2.5,1.8,1.5,0,vtype0
152,flow0.45,646856,5.49312e+06,0,9.38494,1.01618,2.5,1.8,1.5,1,vtype0
152,flow0.46,646801,5.49313e+06,0,11.7312,0.0900284,2.5,1.8,1.5,0,vtype0
152,flow0.47,646776,5.49317e+06,0,10.3212,0.104078,2.5,1.8,1.5,2,vtype0
152,flow0.48,646788,5.49318e+06,0,11.2955,-0.177754,2.5,1.8,1.5,2,vtype0
152,flow0.49,646811,5.4932e+06,0,12.5268,0.113395,2.5,1.8,1.5,2,vtype0
152,flow0.50,646837,5.49323e+06,0,12.7631,-0.673525,2.5,1.8,1.5,0,vtype0
153,flow0.0,645715,5.49346e+06,0,13.8807,-0.868786,2.5,1.8,1.5,0,vtype0
153,flow0.1,645759,5.49346e+06,0,13.9504,0.432112,2.5,1.8,1.5,0,vtype0
153,flow0.2,645800,5.49345e+06,0,13.9991,0.861288,2.5,1.8,1.5,0,vtype0
153,flow0.3,645840,5.49344e+06,0,13.9211,-0.0293026,2.5,1.8,1.5,0,vtype0
153,flow0.4,645903,5.4934e+06,0,13.9304,-0.592953,2.5,1.8,1.5,0,vtype0
153,flow0.5,645931,5.49338e+06,0,13.9074,0.211138,2.5,1.8,1.5,0,vtype0
153,flow0.6,645960,5.49336e+06,0,13.9371,0.543112,2.5,1.8,1.5,0,vtype0
153,flow0.7,646052,5.49327e+06,0,13.8923,-0.163067,2.5,1.8,1.5,0,vtype0
153,flow0.8,646071,5.49325e+06,0,13.9143,0.271098,2.5,1.8,1.5,0,vtype0
153,flow0.9,646091,5.49324e+06,0,13.978,0.764224,2.5,1.8,1.5,0,vtype0
153,flow0.10,646110,5.49322e+06,0,13.9376,-0.0986842,2.5,1.8,1.5,0,vtype0
153,flow0.11,646127,5.4932e+06,0,13.9538,0.278451,2.5,1.8,1.5,0,vtype0
153,flow0.12,646148,5.49318e+06,0,13.9437,-0.458161,2.5,1.8,1.5,0,vtype0
153,flow0.13,646170,5.49316e+06,0,13.9534,-0.306197,2.5,1.8,1.5,0,vtype0
153,flow0.14,646192,5.49314e+06,0,13.9132,0.151252,2.5,1.8,1.5,0,vtype0
153,flow0.15,646219,5.49311e+06,0,13.8948,-0.513898,2.5,1.8,1.5,0,vtype0
153,flow0.16,646247,5.49308e+06,0,13.9059,0.0289411,2.5,1.8,1.5,0,vtype0
153,flow0.17,646377,5.49295e+06,0,13.9382,-0.252209,2.5,1.8,1.5,0,vtype0
153,flow0.18,646397,5.49293e+06,0,13.9927,0.0751804,2.5,1.8,1.5,0,vtype0
153,flow0.19,646417,5.49291e+06,0,13.9045,-0.893437,2.5,1.8,1.5,0,vtype0
153,flow0.20,646434,5.4929e+06,0,13.8835,-0.0580927,2.5,1.8,1.5,0,vtype0
153,flow0.21,646452,5.49288e+06,0,13.9018,-0.385853,2.5,1.8,1.5,0,vtype0
153,flow0.22,646470,5.49286e+06,0,13.8787,-0.66144,2.5,1.8,1.5,0,vtype0
153,flow0.23,646537,5.49279e+06,0,13.8946,0.221626,2.5,1.8,1.5,0,vtype0
153,flow0.24,646555,5.49277e+06,0,13.8878,0.984374,2.5,1.8,1.5,0,vtype0
153,flow0.25,646571,5.49275e+06,0,10.774,2.46059,2.5,1.8,1.5,0,vtype0
153,flow0.26,646583,5.49274e+06,0,7.00199,2.6,2.5,1.8,1.5,0,vtype0
153,flow0.27,646595,5.49274e+06,0,7.67608,0.880915,2.5,1.8,1.5,0,vtype0
153,flow0.28,646608,5.49273e+06,0,8.36025,-2.36969,2.5,1.8,1.5,8,vtype0
153,flow0.29,646627,5.49272e+06,0,11.1485,-1.08158,2.5,1.8,1.5,0,vtype0
153,flow0.30,646662,5.49271e+06,0,13.9546,-0.392994,2.5,1.8,1.5,0,vtype0
153,flow0.31,646704,5.4927e+06,0,13.9589,0.427307,2.5,1.8,1.5,0,vtype0
153,flow0.32,646787,5.4927e+06,0,13.8975,-0.0109102,2.5,1.8,1.5,0,vtype0
153,flow0.33,646814,5.4927e+06,0,13.9107,-0.319881,2.5,1.8,1.5,0,vtype0
153,flow0.34,646841,5.4927e+06,0,13.8986,0.243287,2.5,1.8,1.5,0,vtype0
153,flow0.35,646872,5.49271e+06,0,13.9025,0.313134,2.5,1.8,1.5,0,vtype0
153,flow0.36,646880,5.49275e+06,0,13.8738,0.0191089,2.5,1.8,1.5,0,vtype0
153,flow0.37,646885,5.49282e+06,0,13.8708,-0.657857,2.5,1.8,1.5,0,vtype0
153,flow0.38,646887,5.49285e+06,0,13.8955,0.182823,2.5,1.8,1.5,0,vtype0
153,flow0.39,646889,5.49291e+06,0,13.8808,-0.844315,2.5,1.8,1.5,0,vtype0
153,flow0.40,646887,5.49295e+06,0,13.9637,0.544871,2.5,1.8,1.5,0,vtype0
153,flow0.41,646885,5.49297e+06,0,13.9463,0.6915,2.5,1.8,1.5,0,vtype0
153,flow0.42,646882,5.49302e+06,0,13.8844,-0.481997,2.5,1.8,1.5,0,vtype0
153,flow0.43,646879,5.49306e+06,0,13.9932,0.624585,2.5,1.8,1.5,0,vtype0
153,flow0.44,646872,5.49311e+06,0,10.7592,2.19339,2.5,1.8,1.5,0,vtype0
153,flow0.45,646863,5.49312e+06,0,6.45959,2.6,2.5,1.8,1.5,1,vtype0
153,flow0.46,646813,5.49313e+06,0,11.7685,0.0111461,2.5,1.8,1.5,0,vtype0
153,flow0.47,646774,5.49316e+06,0,10.2828,-0.771365,2.5,1.8,1.5,0,vtype0
153,flow0.48,646781,5.49317e+06,0,11.038,-0.918242,2.5,1.8,1.5,2,vtype0
153,flow0.49,646802,5.49319e+06,0,12.4512,-0.434733,2.5,1.8,1.5,2,vtype0
153,flow0.50,646828,5.49322e+06,0,12.7773,-0.53041,2.5,1.8,1.5,2,vtype0
154,flow0.51,646845,5.49324e+06,0,13.9533,-0.353867,2.5,1.8,1.5,0,vtype0
154,flow0.0,645701,5.49346e+06,0,13.9609,0.443724,2.5,1.8,1.5,0,vtype0
154,flow0.1,645745,5.49346e+06,0,13.962,0.707245,2.5,1.8,1.5,0,vtype0
154,flow0.2,645786,5.49345e+06,0,13.9477,0.466556,2.5,1.8,1.5,0,vtype0
154,flow0.3,645827,5.49344e+06,0,13.9543,0.442344,2.5,1.8,1.5,0,vtype0
154,flow0.4,645892,5.49341e+06,0,13.8777,-0.212525,2.5,1.8,1.5,0,vtype0
154,flow0.5,645919,5.49339e+06,0,13.8931,-0.714009,2.5,1.8,1.5,0,vtype0
154,flow0.6,645949,5.49337e+06,0,13.9984,0.636332,2.5,1.8,1.5,0,vtype0
154,flow0.7,646042,5.49328e+06,0,13.9511,0.242453,2.5,1.8,1.5,0,vtype0
154,flow0.8,646061,5.49326e+06,0,13.8803,-1.09624,2.5,1.8,1.5,0,vtype0
154,flow0.9,646081,5.49324e+06,0,13.9488,-0.215751,2.5,1.8,1.5,0,vtype0
154,flow0.10,646100,5.49323e+06,0,13.9007,-0.52238,2.5,1.8,1.5,0,vtype0
154,flow0.11,646117,5.49321e+06,0,13.9961,0.908,2.5,1.8,1.5,0,vtype0
154,flow0.12,646138,5.49319e+06,0,13.8811,-0.0684057,2.5,1.8,1.5,0,vtype0
154,flow0.13,646160,5.49317e+06,0,13.9427,-0.460467,2.5,1.8,1.5,0,vtype0
154,flow0.14,646182,5.49315e+06,0,13.9419,0.715552,2.5,1.8,1.5,0,vtype0
154,flow0.15,646209,5.49312e+06,0,13.8739,-0.264976,2.5,1.8,1.5,0,vtype0
154,flow0.16,646237,5.49309e+06,0,13.9966,0.0200273,2.5,1.8,1.5,0,vtype0
154,flow0.17,646368,5.49296e+06,0,13.9901,1.17295,2.5,1.8,1.5,0,vtype0
154,flow0.18,646387,5.49294e+06,0,13.927,-0.561391,2.5,1.8,1.5,0,vtype0
154,flow0.19,646407,5.49292e+06,0,13.8757,-0.670963,2.5,1.8,1.5,0,vtype0
154,flow0.20,646424,5.49291e+06,0,13.9957,1.21261,2.5,1.8,1.5,0,vtype0
154,flow0.21,646442,5.49289e+06,0,13.9605,0.575117,2.5,1.8,1.5,0,vtype0
154,flow0.22,646460,5.49287e+06,0,13.9515,0.781346,2.5,1.8,1.5,0,vtype0
154,flow0.23,646527,5.4928e+06,0,13.8954,-0.283745,2.5,1.8,1.5,0,vtype0
154,flow0.24,646546,5.49278e+06,0,13.9112,0.308211,2.5,1.8,1.5,0,vtype0
154,flow0.25,646563,5.49276e+06,0,12.9053,1.75446,2.5,1.8,1.5,0,vtype0
154,flow0.26,646576,5.49275e+06,0,9.30968,1.64478,2.5,1.8,1.5,0,vtype0
154,flow0.27,646588,5.49274e+06,0,8.99905,1.28491,2.5,1.8,1.5,0,vtype0
154,flow0.28,646601,5.49273e+06,0,9.08775,0.361333,2.5,1.8,1.5,0,vtype0
154,flow0.29,646617,5.49272e+06,0,10.7843,1.09612,2.5,1.8,1.5,0,vtype0
154,flow0.30,646649,5.49271e+06,0,13.893,0.0841242,2.5,1.8,1.5,0,vtype0
154,flow0.31,646690,5.49271e+06,0,13.9465,0.582939,2.5,1.8,1.5,0,vtype0
154,flow0.32,646773,5.4927e+06,0,13.9946,-0.00193563,2.5,1.8,1.5,0,vtype0
154,flow0.33,646800,5.4927e+06,0,13.9119,-0.322267,2.5,1.8,1.5,0,vtype0
154,flow0.34,646827,5.4927e+06,0,13.8705,-0.982828,2.5,1.8,1.5,0,vtype0
154,flow0.35,646861,5.4927e+06,0,13.9811,0.524611,2.5,1.8,1.5,0,vtype0
154,flow0.36,646879,5.49274e+06,0,13.9006,-0.334615,2.5,1.8,1.5,0,vtype0
154,flow0.37,646884,5.49281e+06,0,13.8857,-0.368179,2.5,1.8,1.5,0,vtype0
154,flow0.38,646886,5.49284e+06,0,13.9721,0.402751,2.5,1.8,1.5,0,vtype0
154,flow0.39,646890,5.4929e+06,0,13.9176,-0.295331,2.5,1.8,1.5,0,vtype0
154,flow0.40,646888,5.49293e+06,0,13.9681,0.306057,2.5,1.8,1.5,0,vtype0
154,flow0.41,646886,5.49296e+06,0,13.9827,1.07299,2.5,1.8,1.5,0,vtype0
154,flow0.42,646883,5.49301e+06,0,13.8772,-0.00930326,2.5,1.8,1.5,0,vtype0
154,flow0.43,646880,5.49305e+06,0,13.8799,-0.183413,2.5,1.8,1.5,0,vtype0
154,flow0.44,646874,5.4931e+06,0,12.7486,1.47522,2.5,1.8,1.5,0,vtype0
154,flow0.45,646870,5.49312e+06,0,8.68815,2.07607,2.5,1.8,1.5,0,vtype0
154,flow0.46,646824,5.49312e+06,0,11.6577,-0.456144,2.5,1.8,1.5,0,vtype0
154,flow0.47,646779,5.49315e+06,0,10.3295,-0.417304,2.5,1.8,1.5,0,vtype0
154,flow0.48,646775,5.49316e+06,0,10.9041,-0.218439,2.5,1.8,1.5,2,vtype0
154,flow0.49,646793,5.49318e+06,0,12.4779,0.0333529,2.5,1.8,1.5,2,vtype0
154,flow0.50,646819,5.49321e+06,0,12.8446,0.892073,2.5,1.8,1.5,2,vtype0
155,flow0.0,645687,5.49347e+06,0,13.9263,-0.322193,2.5,1.8,1.5,0,vtype0
155,flow0.1,645732,5.49346e+06,0,13.953,0.390326,2.5,1.8,1.5,0,vtype0
155,flow0.2,645772,5.49345e+06,0,13.9908,1.16229,2.5,1.8,1.5,0,vtype0
155,flow0.3,645813,5.49344e+06,0,13.9783,0.130152,2.5,1.8,1.5,0,vtype0
155,flow0.4,645879,5.49342e+06,0,13.9639,0.432754,2.5,1.8,1.5,0,vtype0
155,flow0.5,645908,5.4934e+06,0,13.9626,0.0167694,2.5,1.8,1.5,0,vtype0
155,flow0.6,645938,5.49338e+06,0,13.875,0.0228424,2.5,1.8,1.5,0,vtype0
155,flow0.7,646032,5.49329e+06,0,13.9518,0.0659763,2.5,1.8,1.5,0,vtype0
155,flow0.8,646051,5.49327e+06,0,13.8817,-1.15669,2.5,1.8,1.5,0,vtype0
155,flow0.9,646071,5.49325e+06,0,13.9412,-0.0172413,2.5,1.8,1.5,0,vtype0
155,flow0.10,646090,5.49324e+06,0,13.9238,-0.429365,2.5,1.8,1.5,0,vtype0
155,flow0.11,646107,5.49322e+06,0,13.9327,-0.0105424,2.5,1.8,1.5,0,vtype0
155,flow0.12,646128,5.4932e+06,0,13.9466,0.292208,2.5,1.8,1.5,0,vtype0
155,flow0.13,646150,5.49318e+06,0,13.9288,0.439258,2.5,1.8,1.5,0,vtype0
155,flow0.14,646172,5.49316e+06,0,13.8709,-0.59096,2.5,1.8,1.5,0,vtype0
155,flow0.15,646199,5.49313e+06,0,13.9626,-0.0277549,2.5,1.8,1.5,0,vtype0
155,flow0.16,646227,5.4931e+06,0,13.9733,0.521777,2.5,1.8,1.5,0,vtype0
155,flow0.17,646358,5.49297e+06,0,13.9999,0.597191,2.5,1.8,1.5,0,vtype0
155,flow0.18,646377,5.49295e+06,0,13.9761,-0.00363229,2.5,1.8,1.5,0,vtype0
155,flow0.19,646397,5.49293e+06,0,13.9558,0.420661,2.5,1.8,1.5,0,vtype0
155,flow0.20,646414,5.49291e+06,0,13.9817,0.884161,2.5,1.8,1.5,0,vtype0
155,flow0.21,646432,5.4929e+06,0,13.9997,0.738414,2.5,1.8,1.5,0,vtype0
155,flow0.22,646450,5.49288e+06,0,13.9967,0.857265,2.5,1.8,1.5,0,vtype0
155,flow0.23,646518,5.49281e+06,0,13.8788,-1.02653,2.5,1.8,1.5,0,vtype0
155,flow0.24,646536,5.49279e+06,0,13.9933,-0.0506283,2.5,1.8,1.5,0,vtype0
155,flow0.25,646553,5.49277e+06,0,13.9584,-0.0575359,2.5,1.8,1.5,0,vtype0
155,flow0.26,646569,5.49276e+06,0,11.2612,1.49486,2.5,1.8,1.5,0,vtype0
155,flow0.27,646582,5.49274e+06,0,7.4357,2.6,2.5,1.8,1.5,0,vtype0
155,flow0.28,646594,5.49274e+06,0,7.81837,1.26704,2.5,1.8,1.5,0,vtype0
155,flow0.29,646609,5.49273e+06,0,9.3531,0.642361,2.5,1.8,1.5,0,vtype0
155,flow0.30,646636,5.49272e+06,0,13.6413,-1.95177,2.5,1.8,1.5,8,vtype0
155,flow0.31,646676,5.49271e+06,0,13.976,-0.143504,2.5,1.8,1.5,0,vtype0
155,flow0.32,646759,5.4927e+06,0,13.8835,-0.608345,2.5,1.8,1.5,0,vtype0
155,flow0.33,646786,5.4927e+06,0,13.8754,-0.48472,2.5,1.8,1.5,0,vtype0
155,flow0.34,646813,5.4927e+06,0,13.9437,0.498428,2.5,1.8,1.5,0,vtype0
155,flow0.35,646848,5.4927e+06,0,13.9659,0.0690183,2.5,1.8,1.5,0,vtype0
155,flow0.36,646877,5.49272e+06,0,13.903,-0.147536,2.5,1.8,1.5,0,vtype0
155,flow0.37,646883,5.49279e+06,0,13.9677,0.619628,2.5,1.8,1.5,0,vtype0
155,flow0.38,646885,5.49282e+06,0,13.9446,-0.0587019,2.5,1.8,1.5,0,vtype0
155,flow0.39,646890,5.49289e+06,0,13.9382,0.255917,2.5,1.8,1.5,0,vtype0
155,flow0.40,646889,5.49292e+06,0,13.9222,0.17294,2.5,1.8,1.5,0,vtype0
155,flow0.41,646887,5.49294e+06,0,13.9133,-0.855155,2.5,1.8,1.5,0,vtype0
155,flow0.42,646884,5.49299e+06,0,13.9874,0.77049,2.5,1.8,1.5,0,vtype0
155,flow0.43,646881,5.49303e+06,0,13.9978,1.05121,2.5,1.8,1.5,0,vtype0
155,flow0.44,646876,5.49308e+06,0,13.9879,0.101969,2.5,1.8,1.5,0,vtype0
155,flow0.45,646872,5.49311e+06,0,10.6251,2.57197,2.5,1.8,1.5,0,vtype0
155,flow0.46,646836,5.49312e+06,0,11.6491,-0.431639,2.5,1.8,1.5,1,vtype0
155,flow0.47,646787,5.49314e+06,0,10.3219,-0.09791,2.5,1.8,1.5,0,vtype0
155,flow0.48,646774,5.49315e+06,0,10.7263,-0.946926,2.5,1.8,1.5,0,vtype0
155,flow0.49,646784,5.49318e+06,0,12.5335,0.6355,2.5,1.8,1.5,2,vtype0
155,flow0.50,646810,5.4932e+06,0,12.7828,-0.830569,2.5,1.8,1.5,2,vtype0
155,flow0.51,646835,5.49323e+06,0,13.9356,-0.0649367,2.5,1.8,1.5,2,vtype0
156,flow0.0,645673,5.49347e+06,0,13.9062,0.252207,2.5,1.8,1.5,0,vtype0
156,flow0.1,645718,5.49346e+06,0,13.9488,0.0608465,2.5,1.8,1.5,0,vtype0
156,flow0.2,645759,5.49346e+06,0,13.8704,-0.181441,2.5,1.8,1.5,0,vtype0
156,flow0.3,645800,5.49345e+06,0,13.9625,0.715287,2.5,1.8,1.5,0,vtype0
156,flow0.4,645867,5.49342e+06,0,13.9961,0.503937,2.5,1.8,1.5,0,vtype0
156,flow0.5,645897,5.49341e+06,0,13.9083,-0.874936,2.5,1.8,1.5,0,vtype0
156,flow0.6,645927,5.49339e+06,0,13.9028,-0.216675,2.5,1.8,1.5,0,vtype0
156,flow0.7,646023,5.4933e+06,0,13.8827,-0.0852019,2.5,1.8,1.5,0,vtype0
156,flow0.8,646042,5.49328e+06,0,13.9299,-0.172267,2.5,1.8,1.5,0,vtype0
156,flow0.9,646061,5.49326e+06,0,13.9155,-0.12708,2.5,1.8,1.5,0,vtype0
156,flow0.10,646080,5.49325e+06,0,13.9955,-0.0376469,2.5,1.8,1.5,0,vtype0
156,flow0.11,646097,5.49323e+06,0,13.8783,-0.836156,2.5,1.8,1.5,0,vtype0
156,flow0.12,646118,5.49321e+06,0,13.9699,0.722525,2.5,1.8,1.5,0,vtype0
156,flow0.13,646140,5.49319e+06,0,13.892,-0.225223,2.5,1.8,1.5,0,vtype0
156,flow0.14,646162,5.49316e+06,0,13.9471,-0.0945209,2.5,1.8,1.5,0,vtype0
156,flow0.15,646189,5.49314e+06,0,13.971,-0.0715651,2.5,1.8,1.5,0,vtype0
156,flow0.16,646217,5.49311e+06,0,13.8714,-0.605908,2.5,1.8,1.5,0,vtype0
156,flow0.17,646348,5.49298e+06,0,13.9217,-0.688901,2.5,1.8,1.5,0,vtype0
156,flow0.18,646367,5.49296e+06,0,13.9855,1.06836,2.5,1.8,1.5,0,vtype0
156,flow0.19,646387,5.49294e+06,0,13.8704,-1.14585,2.5,1.8,1.5,0,vtype0
156,flow0.20,646404,5.49292e+06,0,13.9021,-0.732824,2.5,1.8,1.5,0,vtype0
156,flow0.21,646422,5.49291e+06,0,13.9004,0.21224,2.5,1.8,1.5,0,vtype0
156,flow0.22,646440,5.49289e+06,0,13.9519,0.490469,2.5,1.8,1.5,0,vtype0
156,flow0.23,646508,5.49282e+06,0,13.9125,-0.554593,2.5,1.8,1.5,0,vtype0
156,flow0.24,646527,5.4928e+06,0,13.9158,-0.125026,2.5,1.8,1.5,0,vtype0
156,flow0.25,646544,5.49278e+06,0,13.999,0.328235,2.5,1.8,1.5,0,vtype0
156,flow0.26,646561,5.49277e+06,0,13.3349,1.50009,2.5,1.8,1.5,0,vtype0
156,flow0.27,646575,5.49275e+06,0,9.37484,1.5265,2.5,1.8,1.5,0,vtype0
156,flow0.28,646586,5.49274e+06,0,8.12344,-4.5,2.5,1.8,1.5,8,vtype0
156,flow0.29,646601,5.49273e+06,0,9.47563,-1.75474,2.5,1.8,1.5,8,vtype0
156,flow0.30,646623,5.49272e+06,0,12.9087,-0.704152,2.5,1.8,1.5,0,vtype0
156,flow0.31,646662,5.49271e+06,0,13.9544,0.249656,2.5,1.8,1.5,0,vtype0
156,flow0.32,646745,5.4927e+06,0,13.8789,-1.1855,2.5,1.8,1.5,0,vtype0
156,flow0.33,646772,5.4927e+06,0,13.9554,0.565723,2.5,1.8,1.5,0,vtype0
156,flow0.34,646799,5.4927e+06,0,13.9367,-0.145769,2.5,1.8,1.5,0,vtype0
156,flow0.35,646834,5.4927e+06,0,13.9501,-0.195913,2.5,1.8,1.5,0,vtype0
156,flow0.36,646870,5.49271e+06,0,13.9537,-0.249827,2.5,1.8,1.5,0,vtype0
156,flow0.37,646882,5.49278e+06,0,13.9104,-0.887543,2.5,1.8,1.5,0,vtype0
156,flow0.38,646884,5.49281e+06,0,13.9026,-0.546902,2.5,1.8,1.5,0,vtype0
156,flow0.39,646889,5.49287e+06,0,13.9201,-0.176359,2.5,1.8,1.5,0,vtype0
156,flow0.40,646890,5.4929e+06,0,13.8966,0.148455,2.5,1.8,1.5,0,vtype0
156,flow0.41,646888,5.49293e+06,0,13.9931,0.972704,2.5,1.8,1.5,0,vtype0
156,flow0.42,646885,5.49298e+06,0,13.9032,-0.840668,2.5,1.8,1.5,0,vtype0
156,flow0.43,646882,5.49302e+06,0,13.9176,0.149939,2.5,1.8,1.5,0,vtype0
156,flow0.44,646878,5.49307e+06,0,13.9367,0.625966,2.5,1.8,1.5,0,vtype0
156,flow0.45,646874,5.4931e+06,0,12.484,1.8421,2.5,1.8,1.5,0,vtype0
156,flow0.46,646848,5.49312e+06,0,11.7431,0.44464,2.5,1.8,1.5,1,vtype0
156,flow0.47,646794,5.49313e+06,0,10.3125,-0.260074,2.5,1.8,1.5,0,vtype0
156,flow0.48,646782,5.49314e+06,0,10.6236,-0.601135,2.5,1.8,1.5,0,vtype0
156,flow0.49,646777,5.49317e+06,0,12.5535,0.123857,2.5,1.8,1.5,2,vtype0
156,flow0.50,646801,5.49319e+06,0,12.7798,-0.401374,2.5,1.8,1.5,2,vtype0
156,flow0.51,646825,5.49322e+06,0,13.9597,0.526793,2.5,1.8,1.5,2,vtype0
157,flow0.52,646846,5.49324e+06,0,13.0992,-0.7334,2.5,1.8,1.5,0,vtype0
157,flow0.0,645660,5.49347e+06,0,13.9702,0.221711,2.5,1.8,1.5,0,vtype0
157,flow0.1,645704,5.49346e+06,0,13.9749,0.726053,2.5,1.8,1.5,0,vtype0
157,flow0.2,645745,5.49346e+06,0,13.915,-0.0144631,2.5,1.8,1.5,0,vtype0
157,flow0.3,645786,5.49345e+06,0,13.9471,0.23223,2.5,1.8,1.5,0,vtype0
157,flow0.4,645854,5.49343e+06,0,13.925,0.0980386,2.5,1.8,1.5,0,vtype0
157,flow0.5,645885,5.49341e+06,0,13.8964,0.0833478,2.5,1.8,1.5,0,vtype0
157,flow0.6,645915,5.49339e+06,0,13.9947,0.373329,2.5,1.8,1.5,0,vtype0
157,flow0.7,646013,5.49331e+06,0,13.946,-0.491786,2.5,1.8,1.5,0,vtype0
157,flow0.8,646032,5.49329e+06,0,13.9999,1.05533,2.5,1.8,1.5,0,vtype0
157,flow0.9,646051,5.49327e+06,0,13.9623,0.631564,2.5,1.8,1.5,0,vtype0
157,flow0.10,646070,5.49326e+06,0,13.8982,-0.08285,2.5,1.8,1.5,0,vtype0
157,flow0.11,646087,5.49324e+06,0,13.9338,-0.367177,2.5,1.8,1.5,0,vtype0
157,flow0.12,646109,5.49322e+06,0,13.8843,-1.13432,2.5,1.8,1.5,0,vtype0
157,flow0.13,646130,5.4932e+06,0,13.9562,0.801189,2.5,1.8,1.5,0,vtype0
157,flow0.14,646152,5.49317e+06,0,13.9142,-0.602549,2.5,1.8,1.5,0,vtype0
157,flow0.15,646179,5.49315e+06,0,13.9941,0.980703,2.5,1.8,1.5,0,vtype0
157,flow0.16,646207,5.49312e+06,0,13.9257,-0.0377572,2.5,1.8,1.5,0,vtype0
157,flow0.17,646338,5.49299e+06,0,13.9196,-0.54271,2.5,1.8,1.5,0,vtype0
157,flow0.18,646358,5.49297e+06,0,13.9918,0.235218,2.5,1.8,1.5,0,vtype0
157,flow0.19,646377,5.49295e+06,0,13.9868,0.414911,2.5,1.8,1.5,0,vtype0
157,flow0.20,646394,5.49293e+06,0,13.967,-0.29475,2.5,1.8,1.5,0,vtype0
157,flow0.21,646412,5.49292e+06,0,13.9889,0.893537,2.5,1.8,1.5,0,vtype0
157,flow0.22,646430,5.4929e+06,0,13.9031,-0.224587,2.5,1.8,1.5,0,vtype0
157,flow0.23,646499,5.49283e+06,0,13.9025,0.0597605,2.5,1.8,1.5,0,vtype0
157,flow0.24,646517,5.49281e+06,0,13.9589,-0.386154,2.5,1.8,1.5,0,vtype0
157,flow0.25,646534,5.49279e+06,0,13.8751,-0.96387,2.5,1.8,1.5,0,vtype0
157,flow0.26,646551,5.49278e+06,0,13.909,-0.300709,2.5,1.8,1.5,0,vtype0
157,flow0.27,646568,5.49276e+06,0,11.3409,1.33474,2.5,1.8,1.5,0,vtype0
157,flow0.28,646580,5.49275e+06,0,7.88631,2.6,2.5,1.8,1.5,0,vtype0
157,flow0.29,646593,5.49274e+06,0,8.52536,1.30547,2.5,1.8,1.5,0,vtype0
157,flow0.30,646613,5.49273e+06,0,11.2859,0.390547,2.5,1.8,1.5,0,vtype0
157,flow0.31,646649,5.49271e+06,0,13.9013,-0.397777,2.5,1.8,1.5,0,vtype0
157,flow0.32,646731,5.4927e+06,0,13.9007,-0.900097,2.5,1.8,1.5,0,vtype0
157,flow0.33,646758,5.4927e+06,0,13.924,-0.448067,2.5,1.8,1.5,0,vtype0
157,flow0.34,646785,5.4927e+06,0,13.9526,0.104203,2.5,1.8,1.5,0,vtype0
157,flow0.35,646820,5.4927e+06,0,13.9415,0.25958,2.5,1.8,1.5,0,vtype0
157,flow0.36,646859,5.4927e+06,0,13.9564,-0.402798,2.5,1.8,1.5,0,vtype0
157,flow0.37,646880,5.49276e+06,0,13.8973,0.250788,2.5,1.8,1.5,0,vtype0
157,flow0.38,646883,5.49279e+06,0,13.9867,0.687938,2.5,1.8,1.5,0,vtype0
157,flow0.39,646888,5.49286e+06,0,13.8826,-0.20883,2.5,1.8,1.5,0,vtype0
157,flow0.40,646891,5.49289e+06,0,13.9362,-0.60998,2.5,1.8,1.5,0,vtype0
157,flow0.41,646889,5.49292e+06,0,13.9332,0.102897,2.5,1.8,1.5,0,vtype0
157,flow0.42,646886,5.49296e+06,0,13.9989,1.19546,2.5,1.8,1.5,0,vtype0
157,flow0.43,646883,5.493e+06,0,13.8862,-0.864192,2.5,1.8,1.5,0,vtype0
157,flow0.44,646879,5.49306e+06,0,13.9042,-0.499914,2.5,1.8,1.5,0,vtype0
157,flow0.45,646876,5.49308e+06,0,13.9796,0.152184,2.5,1.8,1.5,0,vtype0
157,flow0.46,646858,5.49312e+06,0,8.92935,-4.5,2.5,1.8,1.5,9,vtype0
157,flow0.47,646802,5.49313e+06,0,10.3619,0.894603,2.5,1.8,1.5,0,vtype0
157,flow0.48,646790,5.49314e+06,0,10.5783,0.0325118,2.5,1.8,1.5,0,vtype0
157,flow0.49,646774,5.49315e+06,0,12.4513,0.0917276,2.5,1.8,1.5,0,vtype0
157,flow0.50,646792,5.49318e+06,0,12.8634,0.730448,2.5,1.8,1.5,2,vtype0
157,flow0.51,646816,5.49321e+06,0,13.981,-0.178233,2.5,1.8,1.5,2,vtype0
158,flow0.0,645646,5.49347e+06,0,13.8764,-0.594234,2.5,1.8,1.5,0,vtype0
158,flow0.1,645690,5.49347e+06,0,13.9538,0.326503,2.5,1.8,1.5,0,vtype0
158,flow0.2,645731,5.49346e+06,0,13.8797,-0.429747,2.5,1.8,1.5,0,vtype0
158,flow0.3,645773,5.49345e+06,0,13.9526,0.44472,2.5,1.8,1.5,0,vtype0
158,flow0.4,645841,5.49344e+06,0,13.9233,-0.0582015,2.5,1.8,1.5,0,vtype0
158,flow0.5,645872,5.49342e+06,0,13.9104,-0.836311,2.5,1.8,1.5,0,vtype0
158,flow0.6,645904,5.4934e+06,0,13.9298,-0.292686,2.5,1.8,1.5,0,vtype0
158,flow0.7,646003,5.49332e+06,0,13.9937,1.10775,2.5,1.8,1.5,0,vtype0
158,flow0.8,646022,5.4933e+06,0,13.9427,-0.0722921,2.5,1.8,1.5,0,vtype0
158,flow0.9,646041,5.49328e+06,0,13.9802,0.30903,2.5,1.8,1.5,0,vtype0
158,flow0.10,646060,5.49327e+06,0,13.8864,-0.827489,2.5,1.8,1.5,0,vtype0
158,flow0.11,646077,5.49325e+06,0,13.9665,0.508313,2.5,1.8,1.5,0,vtype0
158,flow0.12,646099,5.49323e+06,0,13.9682,0.0247402,2.5,1.8,1.5,0,vtype0
158,flow0.13,646121,5.49321e+06,0,13.9094,-0.225653,2.5,1.8,1.5,0,vtype0
158,flow0.14,646142,5.49318e+06,0,13.9944,0.23388,2.5,1.8,1.5,0,vtype0
158,flow0.15,646170,5.49316e+06,0,13.9882,0.981008,2.5,1.8,1.5,0,vtype0
158,flow0.16,646198,5.49313e+06,0,13.9243,0.065179,2.5,1.8,1.5,0,vtype0
158,flow0.17,646329,5.493e+06,0,13.8912,-0.61002,2.5,1.8,1.5,0,vtype0
158,flow0.18,646348,5.49298e+06,0,13.9017,-0.862691,2.5,1.8,1.5,0,vtype0
158,flow0.19,646367,5.49296e+06,0,13.9633,-0.246721,2.5,1.8,1.5,0,vtype0
158,flow0.20,646384,5.49294e+06,0,13.8718,-0.446543,2.5,1.8,1.5,0,vtype0
158,flow0.21,646402,5.49293e+06,0,13.9294,-0.331583,2.5,1.8,1.5,0,vtype0
158,flow0.22,646420,5.49291e+06,0,13.92,-0.305187,2.5,1.8,1.5,0,vtype0
158,flow0.23,646489,5.49284e+06,0,13.9499,0.372194,2.5,1.8,1.5,0,vtype0
158,flow0.24,646508,5.49282e+06,0,13.9617,0.824689,2.5,1.8,1.5,0,vtype0
158,flow0.25,646525,5.4928e+06,0,13.9569,-0.0935007,2.5,1.8,1.5,0,vtype0
158,flow0.26,646542,5.49279e+06,0,13.9509,0.00513078,2.5,1.8,1.5,0,vtype0
158,flow0.27,646560,5.49277e+06,0,13.3254,1.98306,2.5,1.8,1.5,0,vtype0
158,flow0.28,646574,5.49275e+06,0,9.83804,2.35077,2.5,1.8,1.5,0,vtype0
158,flow0.29,646586,5.49274e+06,0,7.64563,-4.5,2.5,1.8,1.5,8,vtype0
158,flow0.30,646603,5.49273e+06,0,10.4206,-3.57103,2.5,1.8,1.5,8,vtype0
158,flow0.31,646636,5.49272e+06,0,13.9956,0.750181,2.5,1.8,1.5,0,vtype0
158,flow0.32,646717,5.4927e+06,0,13.9574,0.360038,2.5,1.8,1.5,0,vtype0
158,flow0.33,646744,5.4927e+06,0,13.9881,0.0182106,2.5,1.8,1.5,0,vtype0
158,flow0.34,646771,5.4927e+06,0,13.958,0.682173,2.5,1.8,1.5,0,vtype0
158,flow0.35,646806,5.4927e+06,0,13.9587,0.24891,2.5,1.8,1.5,0,vtype0
158,flow0.36,646845,5.4927e+06,0,13.9552,0.171791,2.5,1.8,1.5,0,vtype0
158,flow0.37,646880,5.49275e+06,0,13.9433,0.515179,2.5,1.8,1.5,0,vtype0
158,flow0.38,646882,5.49278e+06,0,13.9386,0.00190957,2.5,1.8,1.5,0,vtype0
158,flow0.39,646887,5.49284e+06,0,13.902,-0.11484,2.5,1.8,1.5,0,vtype0
158,flow0.40,646889,5.49288e+06,0,13.9142,-0.157612,2.5,1.8,1.5,0,vtype0
158,flow0.41,646890,5.4929e+06,0,13.96,-0.126049,2.5,1.8,1.5,0,vtype0
158,flow0.42,646887,5.49295e+06,0,13.88,-0.903918,2.5,1.8,1.5,0,vtype0
158,flow0.43,646884,5.49299e+06,0,13.8978,-0.367242,2.5,1.8,1.5,0,vtype0
158,flow0.44,646880,5.49304e+06,0,13.8773,-0.991779,2.5,1.8,1.5,0,vtype0
158,flow0.45,646878,5.49307e+06,0,13.9482,-0.334046,2.5,1.8,1.5,0,vtype0
158,flow0.46,646865,5.49312e+06,0,7.3107,2.6,2.5,1.8,1.5,1,vtype0
158,flow0.47,646813,5.49313e+06,0,10.3593,0.903513,2.5,1.8,1.5,0,vtype0
158,flow0.48,646798,5.49313e+06,0,10.5124,-0.00583236,2.5,1.8,1.5,0,vtype0
158,flow0.49,646781,5.49314e+06,0,12.3942,-0.546855,2.5,1.8,1.5,0,vtype0
158,flow0.50,646783,5.49317e+06,0,12.838,0.18964,2.5,1.8,1.5,2,vtype0
158,flow0.51,646806,5.4932e+06,0,13.9575,-0.423904,2.5,1.8,1.5,2,vtype0
158,flow0.52,646836,5.49323e+06,0,13.1296,0.300952,2.5,1.8,1.5,0,vtype0
159,flow0.0,645632,5.49347e+06,0,13.896,-0.832952,2.5,1.8,1.5,0,vtype0
159,flow0.1,645676,5.49347e+06,0,13.8713,-0.458787,2.5,1.8,1.5,0,vtype0
159,flow0.2,645718,5.49346e+06,0,13.8873,-1.04767,2.5,1.8,1.5,0,vtype0
159,flow0.3,645759,5.49346e+06,0,13.9446,0.563561,2.5,1.8,1.5,0,vtype0
159,flow0.4,645828,5.49344e+06,0,13.9565,-0.18675,2.5,1.8,1.5,0,vtype0
159,flow0.5,645860,5.49343e+06,0,13.9038,-0.239056,2.5,1.8,1.5,0,vtype0
159,flow0.6,645892,5.49341e+06,0,13.9608,-0.280803,2.5,1.8,1.5,0,vtype0
159,flow0.7,645993,5.49333e+06,0,13.9189,-0.799414,2.5,1.8,1.5,0,vtype0
159,flow0.8,646012,5.49331e+06,0,13.9182,0.280994,2.5,1.8,1.5,0,vtype0
159,flow0.9,646031,5.49329e+06,0,13.9796,-0.00122744,2.5,1.8,1.5,0,vtype0
159,flow0.10,646050,5.49327e+06,0,13.9501,-0.104426,2.5,1.8,1.5,0,vtype0
159,flow0.11,646067,5.49326e+06,0,13.8722,-1.13633,2.5,1.8,1.5,0,vtype0
159,flow0.12,646089,5.49324e+06,0,13.9839,0.175359,2.5,1.8,1.5,0,vtype0
159,flow0.13,646111,5.49322e+06,0,13.9586,-0.405982,2.5,1.8,1.5,0,vtype0
159,flow0.14,646133,5.49319e+06,0,13.908,-0.0108739,2.5,1.8,1.5,0,vtype0
159,flow0.15,646160,5.49317e+06,0,13.9136,0.333157,2.5,1.8,1.5,0,vtype0
159,flow0.16,646188,5.49314e+06,0,13.8779,-0.715404,2.5,1.8,1.5,0,vtype0
159,flow0.17,646319,5.49301e+06,0,13.904,-0.635093,2.5,1.8,1.5,0,vtype0
159,flow0.18,646338,5.49299e+06,0,13.9848,-0.039888,2.5,1.8,1.5,0,vtype0
159,flow0.19,646357,5.49297e+06,0,13.9907,0.416755,2.5,1.8,1.5,0,vtype0
159,flow0.20,646374,5.49295e+06,0,13.9132,0.143714,2.5,1.8,1.5,0,vtype0
159,flow0.21,646392,5.49294e+06,0,13.9286,0.102956,2.5,1.8,1.5,0,vtype0
159,flow0.22,646410,5.49292e+06,0,13.9778,0.100465,2.5,1.8,1.5,0,vtype0
159,flow0.23,646479,5.49285e+06,0,13.9691,0.126886,2.5,1.8,1.5,0,vtype0
159,flow0.24,646498,5.49283e+06,0,13.9962,0.471263,2.5,1.8,1.5,0,vtype0
159,flow0.25,646515,5.49281e+06,0,13.9446,0.0400512,2.5,1.8,1.5,0,vtype0
159,flow0.26,646532,5.4928e+06,0,13.9658,-0.313794,2.5,1.8,1.5,0,vtype0
159,flow0.27,646550,5.49278e+06,0,13.9694,-0.0399021,2.5,1.8,1.5,0,vtype0
159,flow0.28,646566,5.49276e+06,0,11.7668,2.30031,2.5,1.8,1.5,0,vtype0
159,flow0.29,646580,5.49275e+06,0,8.13873,2.13622,2.5,1.8,1.5,0,vtype0
159,flow0.30,646595,5.49274e+06,0,9.57341,0.962953,2.5,1.8,1.5,0,vtype0
159,flow0.31,646622,5.49272e+06,0,13.878,-0.552902,2.5,1.8,1.5,0,vtype0
159,flow0.32,646703,5.4927e+06,0,13.9148,-0.262154,2.5,1.8,1.5,0,vtype0
159,flow0.33,646730,5.4927e+06,0,13.9773,0.557196,2.5,1.8,1.5,0,vtype0
159,flow0.34,646757,5.4927e+06,0,13.975,-0.128458,2.5,1.8,1.5,0,vtype0
159,flow0.35,646792,5.4927e+06,0,13.954,-0.344436,2.5,1.8,1.5,0,vtype0
159,flow0.36,646831,5.4927e+06,0,13.9994,0.859617,2.5,1.8,1.5,0,vtype0
159,flow0.37,646879,5.49274e+06,0,13.9234,-0.42667,2.5,1.8,1.5,0,vtype0
159,flow0.38,646881,5.49277e+06,0,13.9091,0.199791,2.5,1.8,1.5,0,vtype0
159,flow0.39,646886,5.49283e+06,0,13.8837,-0.359218,2.5,1.8,1.5,0,vtype0
159,flow0.40,646888,5.49286e+06,0,13.9442,0.358214,2.5,1.8,1.5,0,vtype0
159,flow0.41,646890,5.49289e+06,0,13.9584,-0.281943,2.5,1.8,1.5,0,vtype0
159,flow0.42,646888,5.49294e+06,0,13.8912,-0.238405,2.5,1.8,1.5,0,vtype0
159,flow0.43,646885,5.49298e+06,0,13.911,-0.101514,2.5,1.8,1.5,0,vtype0
159,flow0.44,646881,5.49303e+06,0,13.9783,0.0803114,2.5,1.8,1.5,0,vtype0
159,flow0.45,646879,5.49306e+06,0,13.8904,-0.28162,2.5,1.8,1.5,0,vtype0
159,flow0.46,646871,5.49312e+06,0,9.45156,2.29667,2.5,1.8,1.5,0,vtype0
159,flow0.47,646823,5.49312e+06,0,10.3212,-0.706094,2.5,1.8,1.5,0,vtype0
159,flow0.48,646807,5.49313e+06,0,10.5011,-0.139169,2.5,1.8,1.5,0,vtype0
159,flow0.49,646790,5.49314e+06,0,12.0346,0.692801,2.5,1.8,1.5,0,vtype0
159,flow0.50,646775,5.49316e+06,0,12.8679,0.594298,2.5,1.8,1.5,2,vtype0
159,flow0.51,646796,5.49319e+06,0,13.9367,0.329438,2.5,1.8,1.5,2,vtype0
159,flow0.52,646827,5.49322e+06,0,13.0971,-0.364381,2.5,1.8,1.5,2,vtype0
160,flow0.53,646846,5.49324e+06,0,12.1586,-0.55759,2.5,1.8,1.5,0,vtype0
160,flow0.0,645618,5.49347e+06,0,13.983,0.833287,2.5,1.8,1.5,0,vtype0
160,flow0.1,645663,5.49347e+06,0,13.9783,0.253279,2.5,1.8,1.5,0,vtype0
160,flow0.2,645704,5.49346e+06,0,13.9698,0.84507,2.5,1.8,1.5,0,vtype0
160,flow0.3,645745,5.49346e+06,0,13.9145,-0.675148,2.5,1.8,1.5,0,vtype0
160,flow0.4,645815,5.49344e+06,0,13.9788,0.886604,2.5,1.8,1.5,0,vtype0
160,flow0.5,645847,5.49343e+06,0,13.9152,-0.623957,2.5,1.8,1.5,0,vtype0
160,flow0.6,645880,5.49342e+06,0,13.8891,-0.45128,2.5,1.8,1.5,0,vtype0
160,flow0.7,645982,5.49334e+06,0,13.9721,0.783552,2.5,1.8,1.5,0,vtype0
160,flow0.8,646002,5.49332e+06,0,13.993,1.09634,2.5,1.8,1.5,0,vtype0
160,flow0.9,646022,5.4933e+06,0,13.8785,-0.70339,2.5,1.8,1.5,0,vtype0
160,flow0.10,646041,5.49328e+06,0,13.9437,-0.423158,2.5,1.8,1.5,0,vtype0
160,flow0.11,646057,5.49327e+06,0,13.8921,-0.747681,2.5,1.8,1.5,0,vtype0
160,flow0.12,646079,5.49325e+06,0,13.8979,0.273743,2.5,1.8,1.5,0,vtype0
160,flow0.13,646101,5.49323e+06,0,13.9353,0.15256,2.5,1.8,1.5,0,vtype0
160,flow0.14,646123,5.4932e+06,0,13.9389,-0.377545,2.5,1.8,1.5,0,vtype0
160,flow0.15,646150,5.49318e+06,0,13.9531,-0.442823,2.5,1.8,1.5,0,vtype0
160,flow0.16,646178,5.49315e+06,0,13.9089,0.346744,2.5,1.8,1.5,0,vtype0
160,flow0.17,646309,5.49302e+06,0,13.9726,0.77091,2.5,1.8,1.5,0,vtype0
160,flow0.18,646328,5.493e+06,0,13.9696,0.454084,2.5,1.8,1.5,0,vtype0
160,flow0.19,646348,5.49298e+06,0,13.9916,0.590477,2.5,1.8,1.5,0,vtype0
160,flow0.20,646364,5.49296e+06,0,13.9259,0.37786,2.5,1.8,1.5,0,vtype0
160,flow0.21,646382,5.49295e+06,0,13.9619,0.147546,2.5,1.8,1.5,0,vtype0
160,flow0.22,646400,5.49293e+06,0,13.9847,0.567041,2.5,1.8,1.5,0,vtype0
160,flow0.23,646469,5.49286e+06,0,13.9625,-0.0973574,2.5,1.8,1.5,0,vtype0
160,flow0.24,646489,5.49284e+06,0,13.8988,0.219266,2.5,1.8,1.5,0,vtype0
160,flow0.25,646506,5.49282e+06,0,13.8718,-1.17515,2.5,1.8,1.5,0,vtype0
160,flow0.26,646523,5.49281e+06,0,13.9917,1.02248,2.5,1.8,1.5,0,vtype0
160,flow0.27,646541,5.49279e+06,0,13.9996,1.17716,2.5,1.8,1.5,0,vtype0
160,flow0.28,646558,5.49277e+06,0,13.5752,1.4615,2.5,1.8,1.5,0,vtype0
160,flow0.29,646573,5.49275e+06,0,9.94367,1.68638,2.5,1.8,1.5,0,vtype0
160,flow0.30,646587,5.49274e+06,0,8.30276,-3.91069,2.5,1.8,1.5,8,vtype0
160,flow0.31,646610,5.49273e+06,0,12.819,-3.58647,2.5,1.8,1.5,8,vtype0
160,flow0.32,646689,5.49271e+06,0,13.8904,-0.71972,2.5,1.8,1.5,0,vtype0
160,flow0.33,646716,5.4927e+06,0,13.9488,0.371373,2.5,1.8,1.5,0,vtype0
160,flow0.34,646743,5.4927e+06,0,13.8767,-1.13852,2.5,1.8,1.5,0,vtype0
160,flow0.35,646778,5.4927e+06,0,13.9923,0.477522,2.5,1.8,1.5,0,vtype0
160,flow0.36,646817,5.4927e+06,0,13.9241,-0.0529236,2.5,1.8,1.5,0,vtype0
160,flow0.37,646877,5.49272e+06,0,13.9141,-0.348166,2.5,1.8,1.5,0,vtype0
160,flow0.38,646880,5.49275e+06,0,13.9451,0.210279,2.5,1.8,1.5,0,vtype0
160,flow0.39,646885,5.49282e+06,0,13.9114,0.0139033,2.5,1.8,1.5,0,vtype0
160,flow0.40,646887,5.49285e+06,0,13.9789,-0.0442719,2.5,1.8,1.5,0,vtype0
160,flow0.41,646889,5.49287e+06,0,13.9365,-0.0266695,2.5,1.8,1.5,0,vtype0
160,flow0.42,646889,5.49292e+06,0,13.8729,-1.13636,2.5,1.8,1.5,0,vtype0
160,flow0.43,646886,5.49296e+06,0,13.8793,-0.947248,2.5,1.8,1.5,0,vtype0
160,flow0.44,646882,5.49301e+06,0,13.9074,-0.242415,2.5,1.8,1.5,0,vtype0
160,flow0.45,646880,5.49304e+06,0,13.899,0.121945,2.5,1.8,1.5,0,vtype0
160,flow0.46,646873,5.4931e+06,0,11.3963,1.5387,2.5,1.8,1.5,0,vtype0
160,flow0.47,646833,5.49312e+06,0,10.2815,-1.04001,2.5,1.8,1.5,1,vtype0
160,flow0.48,646818,5.49312e+06,0,10.4243,-0.0495533,2.5,1.8,1.5,0,vtype0
160,flow0.49,646799,5.49313e+06,0,11.6072,0.114019,2.5,1.8,1.5,0,vtype0
160,flow0.50,646775,5.49315e+06,0,12.8366,0.18063,2.5,1.8,1.5,0,vtype0
160,flow0.51,646786,5.49318e+06,0,13.8858,-1.09989,2.5,1.8,1.5,2,vtype0
160,flow0.52,646818,5.49321e+06,0,13.2031,0.618096,2.5,1.8,1.5,2,vtype0
161,flow0.0,645604,5.49348e+06,0,13.899,-0.207788,2.5,1.8,1.5,0,vtype0
161,flow0.1,645649,5.49347e+06,0,13.9987,0.0441526,2.5,1.8,1.5,0,vtype0
161,flow0.2,645690,5.49347e+06,0,13.9172,0.252298,2.5,1.8,1.5,0,vtype0
161,flow0.3,645732,5.49346e+06,0,13.8792,-0.0354629,2.5,1.8,1.5,0,vtype0
161,flow0.4,645802,5.49345e+06,0,13.9591,0.809015,2.5,1.8,1.5,0,vtype0
161,flow0.5,645834,5.49344e+06,0,13.9627,-0.158937,2.5,1.8,1.5,0,vtype0
161,flow0.6,645868,5.49342e+06,0,13.9888,0.605845,2.5,1.8,1.5,0,vtype0
161,flow0.7,645971,5.49335e+06,0,13.9979,0.514389,2.5,1.8,1.5,0,vtype0
161,flow0.8,645992,5.49333e+06,0,13.9497,0.628645,2.5,1.8,1.5,0,vtype0
161,flow0.9,646012,5.49331e+06,0,13.9196,-0.332588,2.5,1.8,1.5,0,vtype0
161,flow0.10,646031,5.49329e+06,0,13.913,-0.378101,2.5,1.8,1.5,0,vtype0
161,flow0.11,646047,5.49328e+06,0,13.9871,0.372804,2.5,1.8,1.5,0,vtype0
161,flow0.12,646069,5.49326e+06,0,13.9232,0.295065,2.5,1.8,1.5,0,vtype0
161,flow0.13,646091,5.49324e+06,0,13.9142,-0.377942,2.5,1.8,1.5,0,vtype0
161,flow0.14,646113,5.49321e+06,0,13.9093,-0.214147,2.5,1.8,1.5,0,vtype0
161,flow0.15,646140,5.49319e+06,0,13.9596,0.854996,2.5,1.8,1.5,0,vtype0
161,flow0.16,646168,5.49316e+06,0,13.9066,-0.740149,2.5,1.8,1.5,0,vtype0
161,flow0.17,646299,5.49303e+06,0,13.9428,-0.385688,2.5,1.8,1.5,0,vtype0
161,flow0.18,646319,5.49301e+06,0,13.9366,-0.419074,2.5,1.8,1.5,0,vtype0
161,flow0.19,646338,5.49299e+06,0,13.9367,-0.169912,2.5,1.8,1.5,0,vtype0
161,flow0.20,646355,5.49297e+06,0,13.9128,-0.304115,2.5,1.8,1.5,0,vtype0
161,flow0.21,646372,5.49296e+06,0,13.9045,-0.741583,2.5,1.8,1.5,0,vtype0
161,flow0.22,646390,5.49294e+06,0,13.9127,-0.831408,2.5,1.8,1.5,0,vtype0
161,flow0.23,646459,5.49287e+06,0,13.8871,-0.146001,2.5,1.8,1.5,0,vtype0
161,flow0.24,646479,5.49285e+06,0,13.8794,0.0542879,2.5,1.8,1.5,0,vtype0
161,flow0.25,646496,5.49283e+06,0,13.9897,0.449923,2.5,1.8,1.5,0,vtype0
161,flow0.26,646513,5.49282e+06,0,13.9131,-0.207977,2.5,1.8,1.5,0,vtype0
161,flow0.27,646531,5.4928e+06,0,13.9853,0.937799,2.5,1.8,1.5,0,vtype0
161,flow0.28,646548,5.49278e+06,0,13.9747,0.923717,2.5,1.8,1.5,0,vtype0
161,flow0.29,646566,5.49276e+06,0,11.862,2.06988,2.5,1.8,1.5,0,vtype0
161,flow0.30,646581,5.49274e+06,0,7.35318,2.6,2.5,1.8,1.5,0,vtype0
161,flow0.31,646601,5.49273e+06,0,10.7688,-0.457531,2.5,1.8,1.5,0,vtype0
161,flow0.32,646675,5.49271e+06,0,13.9423,-0.539733,2.5,1.8,1.5,0,vtype0
161,flow0.33,646702,5.4927e+06,0,13.9675,-0.199736,2.5,1.8,1.5,0,vtype0
161,flow0.34,646729,5.4927e+06,0,13.9477,-0.0610534,2.5,1.8,1.5,0,vtype0
161,flow0.35,646764,5.4927e+06,0,13.9393,0.000212557,2.5,1.8,1.5,0,vtype0
161,flow0.36,646803,5.4927e+06,0,13.9592,-0.355703,2.5,1.8,1.5,0,vtype0
161,flow0.37,646870,5.49271e+06,0,13.9603,0.567517,2.5,1.8,1.5,0,vtype0
161,flow0.38,646879,5.49274e+06,0,13.9381,0.303314,2.5,1.8,1.5,0,vtype0
161,flow0.39,646883,5.4928e+06,0,13.921,-0.0625618,2.5,1.8,1.5,0,vtype0
161,flow0.40,646886,5.49283e+06,0,13.8848,0.0773075,2.5,1.8,1.5,0,vtype0
161,flow0.41,646888,5.49286e+06,0,13.8955,0.216542,2.5,1.8,1.5,0,vtype0
161,flow0.42,646890,5.49291e+06,0,13.9226,-0.386547,2.5,1.8,1.5,0,vtype0
161,flow0.43,646887,5.49295e+06,0,13.9323,0.0965748,2.5,1.8,1.5,0,vtype0
161,flow0.44,646883,5.493e+06,0,13.9075,0.108952,2.5,1.8,1.5,0,vtype0
161,flow0.45,646881,5.49303e+06,0,13.9995,1.07754,2.5,1.8,1.5,0,vtype0
161,flow0.46,646874,5.49309e+06,0,13.4871,2.47437,2.5,1.8,1.5,0,vtype0
161,flow0.47,646844,5.49312e+06,0,10.3156,-0.571575,2.5,1.8,1.5,1,vtype0
161,flow0.48,646828,5.49312e+06,0,10.4237,0.55459,2.5,1.8,1.5,1,vtype0
161,flow0.49,646810,5.49313e+06,0,11.2469,-0.0563146,2.5,1.8,1.5,0,vtype0
161,flow0.50,646784,5.49314e+06,0,12.766,-0.0155601,2.5,1.8,1.5,0,vtype0
161,flow0.51,646777,5.49317e+06,0,13.9763,0.468332,2.5,1.8,1.5,2,vtype0
161,flow0.52,646809,5.4932e+06,0,13.1781,0.0225348,2.5,1.8,1.5,2,vtype0
161,flow0.53,646838,5.49323e+06,0,12.1315,-1.1024,2.5,1.8,1.5,0,vtype0
162,flow0.0,645590,5.49348e+06,0,13.8821,-0.386717,2.5,1.8,1.5,0,vtype0
162,flow0.1,645635,5.49347e+06,0,13.901,-0.643173,2.5,1.8,1.5,0,vtype0
162,flow0.2,645676,5.49347e+06,0,13.9291,0.156493,2.5,1.8,1.5,0,vtype0
162,flow0.3,645718,5.49346e+06,0,13.9953,0.62102,2.5,1.8,1.5,0,vtype0
162,flow0.4,645788,5.49345e+06,0,13.9529,-0.046812,2.5,1.8,1.5,0,vtype0
162,flow0.5,645821,5.49344e+06,0,13.922,-0.162044,2.5,1.8,1.5,0,vtype0
162,flow0.6,645855,5.49343e+06,0,13.8829,-0.719547,2.5,1.8,1.5,0,vtype0
162,flow0.7,645961,5.49336e+06,0,13.9011,-0.277446,2.5,1.8,1.5,0,vtype0
162,flow0.8,645981,5.49334e+06,0,13.8852,-0.971488,2.5,1.8,1.5,0,vtype0
162,flow0.9,646002,5.49332e+06,0,13.8964,0.086663,2.5,1.8,1.5,0,vtype0
162,flow0.10,646021,5.4933e+06,0,13.923,-0.242893,2.5,1.8,1.5,0,vtype0
162,flow0.11,646038,5.49329e+06,0,13.9138,-0.332329,2.5,1.8,1.5,0,vtype0
162,flow0.12,646059,5.49327e+06,0,13.9334,0.143114,2.5,1.8,1.5,0,vtype0
162,flow0.13,646081,5.49324e+06,0,13.9114,-0.567246,2.5,1.8,1.5,0,vtype0
162,flow0.14,646103,5.49322e+06,0,13.9931,0.989023,2.5,1.8,1.5,0,vtype0
162,flow0.15,646130,5.4932e+06,0,13.9499,0.532818,2.5,1.8,1.5,0,vtype0
162,flow0.16,646158,5.49317e+06,0,13.9831,0.351098,2.5,1.8,1.5,0,vtype0
162,flow0.17,646290,5.49304e+06,0,13.9541,0.602467,2.5,1.8,1.5,0,vtype0
162,flow0.18,646309,5.49302e+06,0,13.912,-0.199331,2.5,1.8,1.5,0,vtype0
162,flow0.19,646328,5.493e+06,0,13.9069,0.0250038,2.5,1.8,1.5,0,vtype0
162,flow0.20,646345,5.49298e+06,0,13.9322,0.030137,2.5,1.8,1.5,0,vtype0
162,flow0.21,646362,5.49297e+06,0,13.8999,-0.95568,2.5,1.8,1.5,0,vtype0
162,flow0.22,646380,5.49295e+06,0,13.8996,-0.736799,2.5,1.8,1.5,0,vtype0
162,flow0.23,646449,5.49288e+06,0,13.9792,0.160704,2.5,1.8,1.5,0,vtype0
162,flow0.24,646469,5.49286e+06,0,13.8887,-0.163154,2.5,1.8,1.5,0,vtype0
162,flow0.25,646487,5.49284e+06,0,13.8916,-0.0150056,2.5,1.8,1.5,0,vtype0
162,flow0.26,646504,5.49283e+06,0,13.8934,-0.705857,2.5,1.8,1.5,0,vtype0
162,flow0.27,646521,5.49281e+06,0,13.918,0.374456,2.5,1.8,1.5,0,vtype0
162,flow0.28,646539,5.49279e+06,0,13.9993,0.157247,2.5,1.8,1.5,0,vtype0
162,flow0.29,646557,5.49277e+06,0,13.8448,2.09503,2.5,1.8,1.5,0,vtype0
162,flow0.30,646575,5.49275e+06,0,9.27332,2.30502,2.5,1.8,1.5,0,vtype0
162,flow0.31,646591,5.49274e+06,0,10.7847,-3.31019,2.5,1.8,1.5,8,vtype0
162,flow0.32,646661,5.49271e+06,0,13.9204,-0.394718,2.5,1.8,1.5,0,vtype0
162,flow0.33,646688,5.49271e+06,0,13.9398,0.172935,2.5,1.8,1.5,0,vtype0
162,flow0.34,646716,5.4927e+06,0,13.9655,0.759718,2.5,1.8,1.5,0,vtype0
162,flow0.35,646750,5.4927e+06,0,13.9646,0.255219,2.5,1.8,1.5,0,vtype0
162,flow0.36,646789,5.4927e+06,0,13.9279,0.459745,2.5,1.8,1.5,0,vtype0
162,flow0.37,646859,5.4927e+06,0,13.9417,-0.577361,2.5,1.8,1.5,0,vtype0
162,flow0.38,646878,5.49272e+06,0,13.9863,0.11116,2.5,1.8,1.5,0,vtype0
162,flow0.39,646882,5.49279e+06,0,13.9999,0.0367605,2.5,1.8,1.5,0,vtype0
162,flow0.40,646885,5.49282e+06,0,13.8958,-0.24782,2.5,1.8,1.5,0,vtype0
162,flow0.41,646887,5.49285e+06,0,13.9502,-0.00778662,2.5,1.8,1.5,0,vtype0
162,flow0.42,646891,5.49289e+06,0,13.9329,0.333104,2.5,1.8,1.5,0,vtype0
162,flow0.43,646888,5.49294e+06,0,13.8751,-0.439465,2.5,1.8,1.5,0,vtype0
162,flow0.44,646884,5.49299e+06,0,13.9078,-0.78623,2.5,1.8,1.5,0,vtype0
162,flow0.45,646882,5.49301e+06,0,13.8976,-0.47217,2.5,1.8,1.5,0,vtype0
162,flow0.46,646877,5.49308e+06,0,13.9526,-0.420601,2.5,1.8,1.5,0,vtype0
162,flow0.47,646854,5.49312e+06,0,10.3769,0.237309,2.5,1.8,1.5,1,vtype0
162,flow0.48,646838,5.49312e+06,0,10.4156,1.16719,2.5,1.8,1.5,1,vtype0
162,flow0.49,646821,5.49312e+06,0,10.9216,-1.12084,2.5,1.8,1.5,0,vtype0
162,flow0.50,646793,5.49313e+06,0,12.7847,-0.454693,2.5,1.8,1.5,0,vtype0
162,flow0.51,646774,5.49315e+06,0,13.9385,-0.0187054,2.5,1.8,1.5,0,vtype0
162,flow0.52,646799,5.49319e+06,0,13.1553,-0.124699,2.5,1.8,1.5,2,vtype0
162,flow0.53,646829,5.49322e+06,0,12.1477,-0.805233,2.5,1.8,1.5,0,vtype0
163,flow0.54,646846,5.49324e+06,0,12.6695,0.0103869,2.5,1.8,1.5,0,vtype0
163,flow0.0,645576,5.49348e+06,0,13.933,-0.576082,2.5,1.8,1.5,0,vtype0
163,flow0.1,645621,5.49347e+06,0,13.967,0.755184,2.5,1.8,1.5,0,vtype0
163,flow0.2,645662,5.49347e+06,0,13.9224,0.090144,2.5,1.8,1.5,0,vtype0
163,flow0.3,645704,5.49346e+06,0,13.9261,-0.711177,2.5,1.8,1.5,0,vtype0
163,flow0.4,645774,5.49345e+06,0,13.9135,-0.144319,2.5,1.8,1.5,0,vtype0
163,flow0.5,645807,5.49345e+06,0,13.9704,-0.200602,2.5,1.8,1.5,0,vtype0
163,flow0.6,645842,5.49343e+06,0,13.8929,-0.525444,2.5,1.8,1.5,0,vtype0
163,flow0.7,645950,5.49337e+06,0,13.9582,0.12208,2.5,1.8,1.5,0,vtype0
163,flow0.8,645971,5.49335e+06,0,13.8785,-1.14421,2.5,1.8,1.5,0,vtype0
163,flow0.9,645991,5.49333e+06,0,13.9228,0.327067,2.5,1.8,1.5,0,vtype0
163,flow0.10,646011,5.49331e+06,0,13.9193,0.000796003,2.5,1.8,1.5,0,vtype0
163,flow0.11,646028,5.4933e+06,0,13.8868,-0.595089,2.5,1.8,1.5,0,vtype0
163,flow0.12,646049,5.49328e+06,0,13.9929,0.889263,2.5,1.8,1.5,0,vtype0
163,flow0.13,646071,5.49325e+06,0,13.904,-0.618108,2.5,1.8,1.5,0,vtype0
163,flow0.14,646093,5.49323e+06,0,13.937,0.475479,2.5,1.8,1.5,0,vtype0
163,flow0.15,646120,5.49321e+06,0,13.8776,-0.991005,2.5,1.8,1.5,0,vtype0
163,flow0.16,646148,5.49318e+06,0,13.9062,-0.0840774,2.5,1.8,1.5,0,vtype0
163,flow0.17,646280,5.49305e+06,0,13.8833,-0.358344,2.5,1.8,1.5,0,vtype0
163,flow0.18,646299,5.49303e+06,0,13.9673,0.907289,2.5,1.8,1.5,0,vtype0
163,flow0.19,646318,5.49301e+06,0,13.8789,-0.522021,2.5,1.8,1.5,0,vtype0
163,flow0.20,646335,5.49299e+06,0,13.9043,-0.224715,2.5,1.8,1.5,0,vtype0
163,flow0.21,646353,5.49298e+06,0,13.9136,-0.328462,2.5,1.8,1.5,0,vtype0
163,flow0.22,646370,5.49296e+06,0,13.9607,0.0926087,2.5,1.8,1.5,0,vtype0
163,flow0.23,646439,5.49289e+06,0,13.9117,-0.42412,2.5,1.8,1.5,0,vtype0
163,flow0.24,646459,5.49287e+06,0,13.9877,1.17002,2.5,1.8,1.5,0,vtype0
163,flow0.25,646477,5.49285e+06,0,13.8765,-0.289027,2.5,1.8,1.5,0,vtype0
163,flow0.26,646494,5.49284e+06,0,13.9662,-0.19498,2.5,1.8,1.5,0,vtype0
163,flow0.27,646512,5.49282e+06,0,13.8854,-0.726836,2.5,1.8,1.5,0,vtype0
163,flow0.28,646529,5.4928e+06,0,13.9797,0.610056,2.5,1.8,1.5,0,vtype0
163,flow0.29,646547,5.49278e+06,0,13.9855,0.843701,2.5,1.8,1.5,0,vtype0
163,flow0.30,646567,5.49276e+06,0,11.5006,2.29573,2.5,1.8,1.5,0,vtype0
163,flow0.31,646584,5.49274e+06,0,6.3135,-4.5,2.5,1.8,1.5,8,vtype0
163,flow0.32,646648,5.49271e+06,0,13.9181,0.240161,2.5,1.8,1.5,0,vtype0
163,flow0.33,646674,5.49271e+06,0,13.9742,0.39361,2.5,1.8,1.5,0,vtype0
163,flow0.34,646702,5.49271e+06,0,13.9212,-0.636637,2.5,1.8,1.5,0,vtype0
163,flow0.35,646737,5.4927e+06,0,13.9147,-0.312643,2.5,1.8,1.5,0,vtype0
163,flow0.36,646775,5.4927e+06,0,13.9976,0.68336,2.5,1.8,1.5,0,vtype0
163,flow0.37,646845,5.4927e+06,0,13.985,0.940814,2.5,1.8,1.5,0,vtype0
163,flow0.38,646872,5.49271e+06,0,13.9153,0.00744983,2.5,1.8,1.5,0,vtype0
163,flow0.39,646881,5.49277e+06,0,13.9106,0.320639,2.5,1.8,1.5,0,vtype0
163,flow0.40,646884,5.49281e+06,0,13.9362,-0.124849,2.5,1.8,1.5,0,vtype0
163,flow0.41,646886,5.49283e+06,0,13.9917,0.456397,2.5,1.8,1.5,0,vtype0
163,flow0.42,646890,5.49288e+06,0,13.8732,-1.08752,2.5,1.8,1.5,0,vtype0
163,flow0.43,646889,5.49292e+06,0,13.9757,0.754276,2.5,1.8,1.5,0,vtype0
163,flow0.44,646885,5.49297e+06,0,13.9791,0.694108,2.5,1.8,1.5,0,vtype0
163,flow0.45,646883,5.493e+06,0,13.908,0.368538,2.5,1.8,1.5,0,vtype0
163,flow0.46,646878,5.49306e+06,0,13.9487,0.124359,2.5,1.8,1.5,0,vtype0
163,flow0.47,646862,5.49312e+06,0,6.4827,-4.5,2.5,1.8,1.5,9,vtype0
163,flow0.48,646847,5.49312e+06,0,8.02188,-2.5158,2.5,1.8,1.5,9,vtype0
163,flow0.49,646831,5.49312e+06,0,9.35029,-3.03435,2.5,1.8,1.5,9,vtype0
163,flow0.50,646803,5.49313e+06,0,12.8306,-0.382409,2.5,1.8,1.5,0,vtype0
163,flow0.51,646783,5.49314e+06,0,13.927,0.249821,2.5,1.8,1.5,0,vtype0
163,flow0.52,646790,5.49318e+06,0,13.1578,0.308633,2.5,1.8,1.5,2,vtype0
163,flow0.53,646820,5.49321e+06,0,12.1864,-0.496344,2.5,1.8,1.5,2,vtype0
164,flow0.0,645563,5.49348e+06,0,13.8994,0.126447,2.5,1.8,1.5,0,vtype0
164,flow0.1,645607,5.49347e+06,0,13.9011,-0.51038,2.5,1.8,1.5,0,vtype0
164,flow0.2,645648,5.49347e+06,0,13.9549,0.635855,2.5,1.8,1.5,0,vtype0
164,flow0.3,645690,5.49347e+06,0,13.9483,0.121905,2.5,1.8,1.5,0,vtype0
164,flow0.4,645761,5.49346e+06,0,13.8948,-0.191982,2.5,1.8,1.5,0,vtype0
164,flow0.5,645794,5.49345e+06,0,13.9602,-0.251361,2.5,1.8,1.5,0,vtype0
164,flow0.6,645829,5.49344e+06,0,13.8829,0.103921,2.5,1.8,1.5,0,vtype0
164,flow0.7,645939,5.49338e+06,0,13.9305,-0.512413,2.5,1.8,1.5,0,vtype0
164,flow0.8,645960,5.49336e+06,0,13.9768,-0.0368701,2.5,1.8,1.5,0,vtype0
164,flow0.9,645981,5.49334e+06,0,13.9416,0.105026,2.5,1.8,1.5,0,vtype0
164,flow0.10,646001,5.49332e+06,0,13.958,0.473533,2.5,1.8,1.5,0,vtype0
164,flow0.11,646018,5.49331e+06,0,13.9759,0.886993,2.5,1.8,1.5,0,vtype0
164,flow0.12,646039,5.49329e+06,0,13.9058,0.00918142,2.5,1.8,1.5,0,vtype0
164,flow0.13,646061,5.49326e+06,0,13.9757,0.815581,2.5,1.8,1.5,0,vtype0
164,flow0.14,646083,5.49324e+06,0,13.9245,-0.299166,2.5,1.8,1.5,0,vtype0
164,flow0.15,646110,5.49322e+06,0,13.9704,0.16838,2.5,1.8,1.5,0,vtype0
164,flow0.16,646138,5.49319e+06,0,13.989,0.124596,2.5,1.8,1.5,0,vtype0
164,flow0.17,646270,5.49306e+06,0,13.8978,-0.87509,2.5,1.8,1.5,0,vtype0
164,flow0.18,646290,5.49304e+06,0,13.8901,-0.820007,2.5,1.8,1.5,0,vtype0
164,flow0.19,646309,5.49302e+06,0,13.8802,-0.816585,2.5,1.8,1.5,0,vtype0
164,flow0.20,646326,5.493e+06,0,13.9426,0.105971,2.5,1.8,1.5,0,vtype0
164,flow0.21,646343,5.49299e+06,0,13.8921,-0.413327,2.5,1.8,1.5,0,vtype0
164,flow0.22,646360,5.49297e+06,0,13.8895,-0.052153,2.5,1.8,1.5,0,vtype0
164,flow0.23,646429,5.4929e+06,0,13.9766,0.216425,2.5,1.8,1.5,0,vtype0
164,flow0.24,646449,5.49288e+06,0,13.9964,0.461093,2.5,1.8,1.5,0,vtype0
164,flow0.25,646467,5.49286e+06,0,13.9969,0.916695,2.5,1.8,1.5,0,vtype0
164,flow0.26,646484,5.49285e+06,0,13.9701,0.352028,2.5,1.8,1.5,0,vtype0
164,flow0.27,646502,5.49283e+06,0,13.8877,-0.133888,2.5,1.8,1.5,0,vtype0
164,flow0.28,646520,5.49281e+06,0,13.9427,0.313531,2.5,1.8,1.5,0,vtype0
164,flow0.29,646538,5.49279e+06,0,13.9133,0.216033,2.5,1.8,1.5,0,vtype0
164,flow0.30,646559,5.49277e+06,0,13.3391,1.86511,2.5,1.8,1.5,0,vtype0
164,flow0.31,646578,5.49275e+06,0,8.72151,1.31705,2.5,1.8,1.5,0,vtype0
164,flow0.32,646635,5.49272e+06,0,13.9855,-0.0704782,2.5,1.8,1.5,0,vtype0
164,flow0.33,646661,5.49271e+06,0,13.9729,-0.167096,2.5,1.8,1.5,0,vtype0
164,flow0.34,646688,5.49271e+06,0,13.9606,0.614791,2.5,1.8,1.5,0,vtype0
164,flow0.35,646723,5.4927e+06,0,13.9795,0.763493,2.5,1.8,1.5,0,vtype0
164,flow0.36,646762,5.4927e+06,0,13.9432,0.495724,2.5,1.8,1.5,0,vtype0
164,flow0.37,646831,5.4927e+06,0,13.9339,0.611171,2.5,1.8,1.5,0,vtype0
164,flow0.38,646860,5.4927e+06,0,13.9211,-0.531567,2.5,1.8,1.5,0,vtype0
164,flow0.39,646880,5.49276e+06,0,13.8886,-0.690783,2.5,1.8,1.5,0,vtype0
164,flow0.40,646883,5.49279e+06,0,13.8882,0.0422072,2.5,1.8,1.5,0,vtype0
164,flow0.41,646885,5.49282e+06,0,13.8754,-0.65167,2.5,1.8,1.5,0,vtype0
164,flow0.42,646889,5.49287e+06,0,13.9421,-0.323724,2.5,1.8,1.5,0,vtype0
164,flow0.43,646890,5.49291e+06,0,13.9932,0.40606,2.5,1.8,1.5,0,vtype0
164,flow0.44,646886,5.49296e+06,0,13.9442,-0.549337,2.5,1.8,1.5,0,vtype0
164,flow0.45,646884,5.49299e+06,0,13.9889,0.653421,2.5,1.8,1.5,0,vtype0
164,flow0.46,646879,5.49305e+06,0,13.9608,-0.113269,2.5,1.8,1.5,0,vtype0
164,flow0.47,646870,5.49312e+06,0,8.8249,1.67284,2.5,1.8,1.5,0,vtype0
164,flow0.48,646856,5.49312e+06,0,8.82775,1.13041,2.5,1.8,1.5,1,vtype0
164,flow0.49,646840,5.49312e+06,0,9.40866,1.57707,2.5,1.8,1.5,1,vtype0
164,flow0.50,646816,5.49312e+06,0,12.2586,-0.445182,2.5,1.8,1.5,0,vtype0
164,flow0.51,646793,5.49313e+06,0,13.9237,-0.112015,2.5,1.8,1.5,0,vtype0
164,flow0.52,646781,5.49317e+06,0,13.2048,0.263644,2.5,1.8,1.5,2,vtype0
164,flow0.53,646812,5.4932e+06,0,12.1765,0.312573,2.5,1.8,1.5,2,vtype0
164,flow0.54,646837,5.49323e+06,0,12.686,0.0108493,2.5,1.8,1.5,0,vtype0
165,flow0.0,645549,5.49348e+06,0,13.8926,-0.114643,2.5,1.8,1.5,0,vtype0
165,flow0.1,645593,5.49348e+06,0,13.9404,-0.0281807,2.5,1.8,1.5,0,vtype0
165,flow0.2,645635,5.49347e+06,0,13.8943,-0.227467,2.5,1.8,1.5,0,vtype0
165,flow0.3,645676,5.49347e+06,0,13.9875,0.0115504,2.5,1.8,1.5,0,vtype0
165,flow0.4,645747,5.49346e+06,0,13.9377,-0.350512,2.5,1.8,1.5,0,vtype0
165,flow0.5,645780,5.49345e+06,0,13.9666,0.273635,2.5,1.8,1.5,0,vtype0
165,flow0.6,645816,5.49344e+06,0,13.9865,0.355956,2.5,1.8,1.5,0,vtype0
165,flow0.7,645928,5.49339e+06,0,13.8986,-0.123258,2.5,1.8,1.5,0,vtype0
165,flow0.8,645950,5.49337e+06,0,13.9393,-0.177368,2.5,1.8,1.5,0,vtype0
165,flow0.9,645970,5.49335e+06,0,13.9843,0.303393,2.5,1.8,1.5,0,vtype0
165,flow0.10,645991,5.49333e+06,0,13.8784,-0.342638,2.5,1.8,1.5,0,vtype0
165,flow0.11,646008,5.49332e+06,0,13.915,-0.181064,2.5,1.8,1.5,0,vtype0
165,flow0.12,646029,5.4933e+06,0,13.9806,0.294766,2.5,1.8,1.5,0,vtype0
165,flow0.13,646051,5.49327e+06,0,13.8995,0.000903931,2.5,1.8,1.5,0,vtype0
165,flow0.14,646073,5.49325e+06,0,13.9266,0.294075,2.5,1.8,1.5,0,vtype0
165,flow0.15,646100,5.49323e+06,0,13.9623,0.123668,2.5,1.8,1.5,0,vtype0
165,flow0.16,646128,5.4932e+06,0,13.9204,0.42138,2.5,1.8,1.5,0,vtype0
165,flow0.17,646260,5.49307e+06,0,13.8799,-1.01274,2.5,1.8,1.5,0,vtype0
165,flow0.18,646280,5.49305e+06,0,13.8833,-0.204136,2.5,1.8,1.5,0,vtype0
165,flow0.19,646299,5.49303e+06,0,13.9986,0.0489495,2.5,1.8,1.5,0,vtype0
165,flow0.20,646316,5.49301e+06,0,13.9288,-0.00794701,2.5,1.8,1.5,0,vtype0
165,flow0.21,646333,5.493e+06,0,13.9751,0.686292,2.5,1.8,1.5,0,vtype0
165,flow0.22,646351,5.49298e+06,0,13.9941,0.726186,2.5,1.8,1.5,0,vtype0
165,flow0.23,646419,5.49291e+06,0,13.9051,-0.151859,2.5,1.8,1.5,0,vtype0
165,flow0.24,646439,5.49289e+06,0,13.9814,0.0826025,2.5,1.8,1.5,0,vtype0
165,flow0.25,646457,5.49287e+06,0,13.9534,0.613969,2.5,1.8,1.5,0,vtype0
165,flow0.26,646474,5.49286e+06,0,13.9685,0.976804,2.5,1.8,1.5,0,vtype0
165,flow0.27,646493,5.49284e+06,0,13.9768,0.942439,2.5,1.8,1.5,0,vtype0
165,flow0.28,646510,5.49282e+06,0,13.89,-0.155793,2.5,1.8,1.5,0,vtype0
165,flow0.29,646528,5.4928e+06,0,13.9783,0.827942,2.5,1.8,1.5,0,vtype0
165,flow0.30,646549,5.49278e+06,0,13.9123,-0.697638,2.5,1.8,1.5,0,vtype0
165,flow0.31,646571,5.49275e+06,0,10.8044,1.52795,2.5,1.8,1.5,0,vtype0
165,flow0.32,646622,5.49272e+06,0,13.8809,-0.692812,2.5,1.8,1.5,0,vtype0
165,flow0.33,646647,5.49271e+06,0,13.9765,0.988969,2.5,1.8,1.5,0,vtype0
165,flow0.34,646674,5.49271e+06,0,13.9179,-0.725086,2.5,1.8,1.5,0,vtype0
165,flow0.35,646709,5.4927e+06,0,13.9568,0.198651,2.5,1.8,1.5,0,vtype0
165,flow0.36,646748,5.4927e+06,0,13.8825,-0.816863,2.5,1.8,1.5,0,vtype0
165,flow0.37,646817,5.4927e+06,0,13.9966,1.11214,2.5,1.8,1.5,0,vtype0
165,flow0.38,646847,5.4927e+06,0,13.9804,0.642353,2.5,1.8,1.5,0,vtype0
165,flow0.39,646879,5.49275e+06,0,13.8889,-0.482378,2.5,1.8,1.5,0,vtype0
165,flow0.40,646882,5.49278e+06,0,13.9403,0.551999,2.5,1.8,1.5,0,vtype0
165,flow0.41,646884,5.49281e+06,0,13.8845,-0.481447,2.5,1.8,1.5,0,vtype0
165,flow0.42,646888,5.49285e+06,0,13.9297,-0.585126,2.5,1.8,1.5,0,vtype0
165,flow0.43,646891,5.49289e+06,0,13.9837,0.629122,2.5,1.8,1.5,0,vtype0
165,flow0.44,646887,5.49294e+06,0,13.9053,0.158691,2.5,1.8,1.5,0,vtype0
165,flow0.45,646885,5.49297e+06,0,13.9542,0.81712,2.5,1.8,1.5,0,vtype0
165,flow0.46,646880,5.49304e+06,0,13.9411,0.596094,2.5,1.8,1.5,0,vtype0
165,flow0.47,646872,5.49311e+06,0,11.0213,2.42467,2.5,1.8,1.5,0,vtype0
165,flow0.48,646863,5.49312e+06,0,6.40016,2.6,2.5,1.8,1.5,1,vtype0
165,flow0.49,646849,5.49312e+06,0,7.57266,-2.67956,2.5,1.8,1.5,9,vtype0
165,flow0.50,646827,5.49312e+06,0,10.7717,-0.955435,2.5,1.8,1.5,1,vtype0
165,flow0.51,646804,5.49313e+06,0,13.0275,-2.92922,2.5,1.8,1.5,8,vtype0
165,flow0.52,646775,5.49316e+06,0,13.1109,-0.246474,2.5,1.8,1.5,2,vtype0
165,flow0.53,646803,5.49319e+06,0,12.1663,0.135995,2.5,1.8,1.5,2,vtype0
165,flow0.54,646828,5.49322e+06,0,12.775,0.0956768,2.5,1.8,1.5,2,vtype0
166,flow0.55,646845,5.49324e+06,0,13.9223,-0.0562011,2.5,1.8,1.5,0,vtype0
166,flow0.0,645535,5.49348e+06,0,13.9866,0.525838,2.5,1.8,1.5,0,vtype0
166,flow0.1,645579,5.49348e+06,0,13.9024,0.23371,2.5,1.8,1.5,0,vtype0
166,flow0.2,645621,5.49347e+06,0,13.9215,-0.0453595,2.5,1.8,1.5,0,vtype0
166,flow0.3,645663,5.49347e+06,0,13.8808,-0.570228,2.5,1.8,1.5,0,vtype0
166,flow0.4,645733,5.49346e+06,0,13.8826,-0.612186,2.5,1.8,1.5,0,vtype0
166,flow0.5,645766,5.49345e+06,0,13.9118,0.355359,2.5,1.8,1.5,0,vtype0
166,flow0.6,645802,5.49345e+06,0,13.9626,0.797183,2.5,1.8,1.5,0,vtype0
166,flow0.7,645917,5.49339e+06,0,13.9211,0.469094,2.5,1.8,1.5,0,vtype0
166,flow0.8,645939,5.49338e+06,0,13.9574,0.000866557,2.5,1.8,1.5,0,vtype0
166,flow0.9,645960,5.49336e+06,0,13.9967,0.0410595,2.5,1.8,1.5,0,vtype0
166,flow0.10,645980,5.49334e+06,0,13.8832,-0.579815,2.5,1.8,1.5,0,vtype0
166,flow0.11,645998,5.49333e+06,0,13.8876,-1.07602,2.5,1.8,1.5,0,vtype0
166,flow0.12,646019,5.49331e+06,0,13.9691,0.00513381,2.5,1.8,1.5,0,vtype0
166,flow0.13,646041,5.49328e+06,0,13.8957,-0.669468,2.5,1.8,1.5,0,vtype0
166,flow0.14,646063,5.49326e+06,0,13.9949,0.884382,2.5,1.8,1.5,0,vtype0
166,flow0.15,646090,5.49324e+06,0,13.9007,-0.0340925,2.5,1.8,1.5,0,vtype0
166,flow0.16,646118,5.49321e+06,0,13.9562,0.0140925,2.5,1.8,1.5,0,vtype0
166,flow0.17,646250,5.49308e+06,0,13.9258,-0.509912,2.5,1.8,1.5,0,vtype0
166,flow0.18,646270,5.49306e+06,0,13.9172,0.281586,2.5,1.8,1.5,0,vtype0
166,flow0.19,646289,5.49304e+06,0,13.9242,-0.143864,2.5,1.8,1.5,0,vtype0
166,flow0.20,646306,5.49302e+06,0,13.9187,-0.00858782,2.5,1.8,1.5,0,vtype0
166,flow0.21,646323,5.49301e+06,0,13.9038,-0.905631,2.5,1.8,1.5,0,vtype0
166,flow0.22,646341,5.49299e+06,0,13.9869,0.676985,2.5,1.8,1.5,0,vtype0
166,flow0.23,646409,5.49292e+06,0,13.9318,0.0185954,2.5,1.8,1.5,0,vtype0
166,flow0.24,646429,5.4929e+06,0,13.8772,-0.206958,2.5,1.8,1.5,0,vtype0
166,flow0.25,646447,5.49288e+06,0,13.9977,0.344199,2.5,1.8,1.5,0,vtype0
166,flow0.26,646464,5.49287e+06,0,13.9781,0.878787,2.5,1.8,1.5,0,vtype0
166,flow0.27,646483,5.49285e+06,0,13.9334,0.536877,2.5,1.8,1.5,0,vtype0
166,flow0.28,646500,5.49283e+06,0,13.9938,1.10491,2.5,1.8,1.5,0,vtype0
166,flow0.29,646519,5.49281e+06,0,13.9743,0.270247,2.5,1.8,1.5,0,vtype0
166,flow0.30,646540,5.49279e+06,0,13.9763,0.197057,2.5,1.8,1.5,0,vtype0
166,flow0.31,646563,5.49276e+06,0,12.4748,1.82589,2.5,1.8,1.5,0,vtype0
166,flow0.32,646609,5.49273e+06,0,13.9843,0.435378,2.5,1.8,1.5,0,vtype0
166,flow0.33,646634,5.49272e+06,0,13.9272,-0.383598,2.5,1.8,1.5,0,vtype0
166,flow0.34,646660,5.49271e+06,0,13.9787,0.789189,2.5,1.8,1.5,0,vtype0
166,flow0.35,646695,5.49271e+06,0,13.9268,-0.469454,2.5,1.8,1.5,0,vtype0
166,flow0.36,646734,5.4927e+06,0,13.9247,0.251133,2.5,1.8,1.5,0,vtype0
166,flow0.37,646803,5.4927e+06,0,13.9845,0.668176,2.5,1.8,1.5,0,vtype0
166,flow0.38,646833,5.4927e+06,0,13.885,-0.255918,2.5,1.8,1.5,0,vtype0
166,flow0.39,646879,5.49273e+06,0,13.9538,0.0383919,2.5,1.8,1.5,0,vtype0
166,flow0.40,646881,5.49277e+06,0,13.9613,0.789839,2.5,1.8,1.5,0,vtype0
166,flow0.41,646883,5.49279e+06,0,13.8811,-0.704461,2.5,1.8,1.5,0,vtype0
166,flow0.42,646886,5.49284e+06,0,13.9702,-0.0950956,2.5,1.8,1.5,0,vtype0
166,flow0.43,646890,5.49288e+06,0,13.8724,-0.46752,2.5,1.8,1.5,0,vtype0
166,flow0.44,646888,5.49293e+06,0,13.9187,0.426381,2.5,1.8,1.5,0,vtype0
166,flow0.45,646886,5.49296e+06,0,13.9206,-0.456768,2.5,1.8,1.5,0,vtype0
166,flow0.46,646881,5.49302e+06,0,13.9652,0.736332,2.5,1.8,1.5,0,vtype0
166,flow0.47,646874,5.4931e+06,0,12.405,-0.280262,2.5,1.8,1.5,0,vtype0
166,flow0.48,646870,5.49312e+06,0,8.42254,1.54217,2.5,1.8,1.5,0,vtype0
166,flow0.49,646857,5.49312e+06,0,8.49499,0.550493,2.5,1.8,1.5,1,vtype0
166,flow0.50,646838,5.49312e+06,0,10.3448,0.0327455,2.5,1.8,1.5,1,vtype0
166,flow0.51,646816,5.49312e+06,0,12.1366,-1.27572,2.5,1.8,1.5,0,vtype0
166,flow0.52,646777,5.49315e+06,0,13.1996,0.944348,2.5,1.8,1.5,0,vtype0
166,flow0.53,646795,5.49319e+06,0,12.2496,0.931662,2.5,1.8,1.5,2,vtype0
166,flow0.54,646819,5.49321e+06,0,12.78,0.474199,2.5,1.8,1.5,2,vtype0
167,flow0.0,645521,5.49348e+06,0,13.9343,0.546757,2.5,1.8,1.5,0,vtype0
167,flow0.1,645566,5.49348e+06,0,13.968,0.856937,2.5,1.8,1.5,0,vtype0
167,flow0.2,645607,5.49347e+06,0,13.9413,-0.230576,2.5,1.8,1.5,0,vtype0
167,flow0.3,645649,5.49347e+06,0,13.9869,0.222033,2.5,1.8,1.5,0,vtype0
167,flow0.4,645719,5.49346e+06,0,13.8766,0.0537634,2.5,1.8,1.5,0,vtype0
167,flow0.5,645753,5.49346e+06,0,13.8775,-0.676482,2.5,1.8,1.5,0,vtype0
167,flow0.6,645789,5.49345e+06,0,13.9379,-0.122847,2.5,1.8,1.5,0,vtype0
167,flow0.7,645905,5.4934e+06,0,13.9507,0.608049,2.5,1.8,1.5,0,vtype0
167,flow0.8,645927,5.49339e+06,0,13.9271,0.268579,2.5,1.8,1.5,0,vtype0
167,flow0.9,645949,5.49337e+06,0,13.8831,-0.324335,2.5,1.8,1.5,0,vtype0
167,flow0.10,645970,5.49335e+06,0,13.9976,-0.00242823,2.5,1.8,1.5,0,vtype0
167,flow0.11,645988,5.49334e+06,0,13.9413,-0.0987945,2.5,1.8,1.5,0,vtype0
167,flow0.12,646010,5.49332e+06,0,13.973,0.444869,2.5,1.8,1.5,0,vtype0
167,flow0.13,646031,5.49329e+06,0,13.8893,-0.00584701,2.5,1.8,1.5,0,vtype0
167,flow0.14,646053,5.49327e+06,0,13.9934,0.402504,2.5,1.8,1.5,0,vtype0
167,flow0.15,646080,5.49325e+06,0,13.9678,0.253881,2.5,1.8,1.5,0,vtype0
167,flow0.16,646108,5.49322e+06,0,13.875,-1.02751,2.5,1.8,1.5,0,vtype0
167,flow0.17,646240,5.49309e+06,0,13.9373,-0.622016,2.5,1.8,1.5,0,vtype0
167,flow0.18,646260,5.49307e+06,0,13.945,0.687204,2.5,1.8,1.5,0,vtype0
167,flow0.19,646279,5.49305e+06,0,13.9334,-0.321042,2.5,1.8,1.5,0,vtype0
167,flow0.20,646296,5.49303e+06,0,13.8857,-0.127123,2.5,1.8,1.5,0,vtype0
167,flow0.21,646314,5.49302e+06,0,13.9313,-0.531863,2.5,1.8,1.5,0,vtype0
167,flow0.22,646331,5.493e+06,0,13.9895,1.02107,2.5,1.8,1.5,0,vtype0
167,flow0.23,646399,5.49293e+06,0,13.8727,-0.740792,2.5,1.8,1.5,0,vtype0
167,flow0.24,646419,5.49291e+06,0,13.9181,-0.627818,2.5,1.8,1.5,0,vtype0
167,flow0.25,646437,5.49289e+06,0,13.8984,-0.769099,2.5,1.8,1.5,0,vtype0
167,flow0.26,646454,5.49288e+06,0,13.9172,-0.707039,2.5,1.8,1.5,0,vtype0
167,flow0.27,646473,5.49286e+06,0,13.9703,-0.0151278,2.5,1.8,1.5,0,vtype0
167,flow0.28,646491,5.49284e+06,0,13.9875,0.222397,2.5,1.8,1.5,0,vtype0
167,flow0.29,646509,5.49282e+06,0,13.9618,0.81854,2.5,1.8,1.5,0,vtype0
167,flow0.30,646530,5.4928e+06,0,13.9992,0.750164,2.5,1.8,1.5,0,vtype0
167,flow0.31,646554,5.49277e+06,0,13.8739,-0.818468,2.5,1.8,1.5,0,vtype0
167,flow0.32,646597,5.49274e+06,0,13.4721,-4.5,2.5,1.8,1.5,8,vtype0
167,flow0.33,646621,5.49272e+06,0,13.9011,-0.0637359,2.5,1.8,1.5,0,vtype0
167,flow0.34,646647,5.49271e+06,0,13.8722,-1.1971,2.5,1.8,1.5,0,vtype0
167,flow0.35,646681,5.49271e+06,0,13.9123,-0.521658,2.5,1.8,1.5,0,vtype0
167,flow0.36,646720,5.4927e+06,0,13.9977,0.981033,2.5,1.8,1.5,0,vtype0
167,flow0.37,646790,5.4927e+06,0,13.9967,0.767209,2.5,1.8,1.5,0,vtype0
167,flow0.38,646819,5.4927e+06,0,13.92,-0.67057,2.5,1.8,1.5,0,vtype0
167,flow0.39,646876,5.49272e+06,0,13.9132,0.336927,2.5,1.8,1.5,0,vtype0
167,flow0.40,646880,5.49275e+06,0,13.939,0.310405,2.5,1.8,1.5,0,vtype0
167,flow0.41,646882,5.49278e+06,0,13.9901,0.615781,2.5,1.8,1.5,0,vtype0
167,flow0.42,646885,5.49283e+06,0,13.9252,0.349434,2.5,1.8,1.5,0,vtype0
167,flow0.43,646889,5.49287e+06,0,13.9259,0.223241,2.5,1.8,1.5,0,vtype0
167,flow0.44,646889,5.49292e+06,0,13.9573,0.627426,2.5,1.8,1.5,0,vtype0
167,flow0.45,646887,5.49294e+06,0,13.9902,0.00885565,2.5,1.8,1.5,0,vtype0
167,flow0.46,646882,5.49301e+06,0,13.9716,0.105171,2.5,1.8,1.5,0,vtype0
167,flow0.47,646876,5.49308e+06,0,12.4047,-0.238687,2.5,1.8,1.5,0,vtype0
167,flow0.48,646872,5.49311e+06,0,10.3842,1.76062,2.5,1.8,1.5,0,vtype0
167,flow0.49,646864,5.49312e+06,0,6.55117,2.6,2.5,1.8,1.5,1,vtype0
167,flow0.50,646847,5.49312e+06,0,8.48178,1.15695,2.5,1.8,1.5,1,vtype0
167,flow0.51,646828,5.49312e+06,0,10.4347,-2.73119,2.5,1.8,1.5,9,vtype0
167,flow0.52,646787,5.49314e+06,0,13.1794,0.594577,2.5,1.8,1.5,0,vtype0
167,flow0.53,646786,5.49318e+06,0,12.2332,-0.036634,2.5,1.8,1.5,2,vtype0
167,flow0.54,646810,5.4932e+06,0,12.6773,-0.577617,2.5,1.8,1.5,2,vtype0
167,flow0.55,646835,5.49323e+06,0,13.9347,-0.328057,2.5,1.8,1.5,2,vtype0
168,flow0.0,645507,5.49348e+06,0,13.9288,0.125109,2.5,1.8,1.5,0,vtype0
168,flow0.1,645552,5.49348e+06,0,13.8852,-0.412994,2.5,1.8,1.5,0,vtype0
168,flow0.2,645593,5.49348e+06,0,13.8792,-0.218007,2.5,1.8,1.5,0,vtype0
168,flow0.3,645635,5.49347e+06,0,13.9446,0.287978,2.5,1.8,1.5,0,vtype0
168,flow0.4,645706,5.49346e+06,0,13.9559,-0.366069,2.5,1.8,1.5,0,vtype0
168,flow0.5,645739,5.49346e+06,0,13.9078,-0.196205,2.5,1.8,1.5,0,vtype0
168,flow0.6,645775,5.49345e+06,0,13.9217,0.0969728,2.5,1.8,1.5,0,vtype0
168,flow0.7,645894,5.49341e+06,0,13.9314,-0.506402,2.5,1.8,1.5,0,vtype0
168,flow0.8,645916,5.49339e+06,0,13.9896,0.943014,2.5,1.8,1.5,0,vtype0
168,flow0.9,645938,5.49338e+06,0,13.919,-0.437707,2.5,1.8,1.5,0,vtype0
168,flow0.10,645959,5.49336e+06,0,13.9109,-0.387061,2.5,1.8,1.5,0,vtype0
168,flow0.11,645977,5.49335e+06,0,13.9312,0.252791,2.5,1.8,1.5,0,vtype0
168,flow0.12,646000,5.49333e+06,0,13.9297,-0.4985,2.5,1.8,1.5,0,vtype0
168,flow0.13,646022,5.4933e+06,0,13.9517,0.231076,2.5,1.8,1.5,0,vtype0
168,flow0.14,646043,5.49328e+06,0,13.9836,1.05136,2.5,1.8,1.5,0,vtype0
168,flow0.15,646070,5.49326e+06,0,13.9222,-0.0313027,2.5,1.8,1.5,0,vtype0
168,flow0.16,646098,5.49323e+06,0,13.938,-0.139361,2.5,1.8,1.5,0,vtype0
168,flow0.17,646230,5.4931e+06,0,13.9506,0.0197142,2.5,1.8,1.5,0,vtype0
168,flow0.18,646250,5.49308e+06,0,13.9595,0.762154,2.5,1.8,1.5,0,vtype0
168,flow0.19,646269,5.49306e+06,0,13.9772,1.03995,2.5,1.8,1.5,0,vtype0
168,flow0.20,646287,5.49304e+06,0,13.8763,-1.19362,2.5,1.8,1.5,0,vtype0
168,flow0.21,646304,5.49303e+06,0,13.8964,-0.518497,2.5,1.8,1.5,0,vtype0
168,flow0.22,646322,5.49301e+06,0,13.906,-0.802138,2.5,1.8,1.5,0,vtype0
168,flow0.23,646389,5.49294e+06,0,13.9183,-0.639352,2.5,1.8,1.5,0,vtype0
168,flow0.24,646409,5.49292e+06,0,13.9397,0.136245,2.5,1.8,1.5,0,vtype0
168,flow0.25,646427,5.4929e+06,0,13.8956,-0.282094,2.5,1.8,1.5,0,vtype0
168,flow0.26,646444,5.49289e+06,0,13.8766,-0.792138,2.5,1.8,1.5,0,vtype0
168,flow0.27,646463,5.49287e+06,0,13.9843,0.280653,2.5,1.8,1.5,0,vtype0
168,flow0.28,646481,5.49285e+06,0,13.9405,0.62668,2.5,1.8,1.5,0,vtype0
168,flow0.29,646500,5.49283e+06,0,13.9313,0.130419,2.5,1.8,1.5,0,vtype0
168,flow0.30,646521,5.49281e+06,0,13.947,0.27488,2.5,1.8,1.5,0,vtype0
168,flow0.31,646544,5.49278e+06,0,13.954,0.728764,2.5,1.8,1.5,0,vtype0
168,flow0.32,646588,5.49274e+06,0,9.02548,-4.5,2.5,1.8,1.5,8,vtype0
168,flow0.33,646609,5.49273e+06,0,12.5423,-2.66533,2.5,1.8,1.5,8,vtype0
168,flow0.34,646634,5.49272e+06,0,13.8892,-0.52444,2.5,1.8,1.5,0,vtype0
168,flow0.35,646667,5.49271e+06,0,13.8715,-0.321256,2.5,1.8,1.5,0,vtype0
168,flow0.36,646706,5.4927e+06,0,13.9958,0.618301,2.5,1.8,1.5,0,vtype0
168,flow0.37,646776,5.4927e+06,0,13.9275,0.43717,2.5,1.8,1.5,0,vtype0
168,flow0.38,646805,5.4927e+06,0,13.9127,-0.0825818,2.5,1.8,1.5,0,vtype0
168,flow0.39,646868,5.49271e+06,0,13.9986,0.0208046,2.5,1.8,1.5,0,vtype0
168,flow0.40,646879,5.49274e+06,0,13.9164,0.409568,2.5,1.8,1.5,0,vtype0
168,flow0.41,646880,5.49276e+06,0,13.8964,-0.250084,2.5,1.8,1.5,0,vtype0
168,flow0.42,646884,5.49281e+06,0,13.8837,0.0060991,2.5,1.8,1.5,0,vtype0
168,flow0.43,646887,5.49285e+06,0,13.8905,-0.0652136,2.5,1.8,1.5,0,vtype0
168,flow0.44,646890,5.4929e+06,0,13.9154,0.37082,2.5,1.8,1.5,0,vtype0
168,flow0.45,646888,5.49293e+06,0,13.9531,0.0436205,2.5,1.8,1.5,0,vtype0
168,flow0.46,646883,5.493e+06,0,13.9935,1.17032,2.5,1.8,1.5,0,vtype0
168,flow0.47,646877,5.49307e+06,0,12.3972,-0.782312,2.5,1.8,1.5,0,vtype0
168,flow0.48,646874,5.4931e+06,0,12.4502,2.53925,2.5,1.8,1.5,0,vtype0
168,flow0.49,646871,5.49312e+06,0,8.70775,2.28098,2.5,1.8,1.5,0,vtype0
168,flow0.50,646856,5.49312e+06,0,9.24704,0.744707,2.5,1.8,1.5,1,vtype0
168,flow0.51,646838,5.49312e+06,0,10.4663,0.867037,2.5,1.8,1.5,1,vtype0
168,flow0.52,646796,5.49313e+06,0,13.1668,0.502634,2.5,1.8,1.5,0,vtype0
168,flow0.53,646778,5.49317e+06,0,12.1456,0.160148,2.5,1.8,1.5,2,vtype0
168,flow0.54,646801,5.49319e+06,0,12.6843,-0.225147,2.5,1.8,1.5,2,vtype0
168,flow0.55,646825,5.49322e+06,0,13.9258,-0.415157,2.5,1.8,1.5,2,vtype0
169,flow0.56,646848,5.49324e+06,0,9.39471,0.0874909,2.5,1.8,1.5,0,vtype0
169,flow0.0,645493,5.49348e+06,0,13.8972,-0.260634,2.5,1.8,1.5,0,vtype0
169,flow0.1,645538,5.49348e+06,0,13.9014,-0.313037,2.5,1.8,1.5,0,vtype0
169,flow0.2,645579,5.49348e+06,0,13.9274,0.00374987,2.5,1.8,1.5,0,vtype0
169,flow0.3,645621,5.49347e+06,0,13.9795,0.0773625,2.5,1.8,1.5,0,vtype0
169,flow0.4,645692,5.49347e+06,0,13.9656,0.660242,2.5,1.8,1.5,0,vtype0
169,flow0.5,645725,5.49346e+06,0,13.8812,-0.838857,2.5,1.8,1.5,0,vtype0
169,flow0.6,645761,5.49345e+06,0,13.903,-0.182312,2.5,1.8,1.5,0,vtype0
169,flow0.7,645882,5.49342e+06,0,12.7264,0.891284,2.5,1.8,1.5,0,vtype0
169,flow0.8,645904,5.4934e+06,0,13.9749,0.0898589,2.5,1.8,1.5,0,vtype0
169,flow0.9,645927,5.49339e+06,0,13.883,-0.624446,2.5,1.8,1.5,0,vtype0
169,flow0.10,645948,5.49337e+06,0,13.8825,-0.948067,2.5,1.8,1.5,0,vtype0
169,flow0.11,645967,5.49335e+06,0,13.9814,0.488196,2.5,1.8,1.5,0,vtype0
169,flow0.12,645989,5.49333e+06,0,13.8923,0.181895,2.5,1.8,1.5,0,vtype0
169,flow0.13,646012,5.49331e+06,0,13.887,-0.167005,2.5,1.8,1.5,0,vtype0
169,flow0.14,646033,5.49329e+06,0,13.9348,-0.333978,2.5,1.8,1.5,0,vtype0
169,flow0.15,646060,5.49327e+06,0,13.9694,0.413834,2.5,1.8,1.5,0,vtype0
169,flow0.16,646088,5.49324e+06,0,13.9592,0.512556,2.5,1.8,1.5,0,vtype0
169,flow0.17,646220,5.49311e+06,0,13.9099,-0.676145,2.5,1.8,1.5,0,vtype0
169,flow0.18,646240,5.49309e+06,0,13.951,-0.167882,2.5,1.8,1.5,0,vtype0
169,flow0.19,646259,5.49307e+06,0,13.9725,0.536738,2.5,1.8,1.5,0,vtype0
169,flow0.20,646277,5.49305e+06,0,13.9229,-0.226164,2.5,1.8,1.5,0,vtype0
169,flow0.21,646294,5.49304e+06,0,13.9887,0.834531,2.5,1.8,1.5,0,vtype0
169,flow0.22,646312,5.49302e+06,0,13.9684,-0.283578,2.5,1.8,1.5,0,vtype0
169,flow0.23,646379,5.49295e+06,0,13.9356,-0.0125653,2.5,1.8,1.5,0,vtype0
169,flow0.24,646399,5.49293e+06,0,13.9742,0.937146,2.5,1.8,1.5,0,vtype0
169,flow0.25,646417,5.49291e+06,0,13.9195,0.488276,2.5,1.8,1.5,0,vtype0
169,flow0.26,646434,5.49289e+06,0,13.9226,-0.680696,2.5,1.8,1.5,0,vtype0
169,flow0.27,646453,5.49288e+06,0,13.9472,0.489787,2.5,1.8,1.5,0,vtype0
169,flow0.28,646471,5.49286e+06,0,13.9685,0.0426537,2.5,1.8,1.5,0,vtype0
169,flow0.29,646490,5.49284e+06,0,13.9501,0.235246,2.5,1.8,1.5,0,vtype0
169,flow0.30,646511,5.49282e+06,0,13.9409,0.461737,2.5,1.8,1.5,0,vtype0
169,flow0.31,646535,5.49279e+06,0,13.9125,-0.451622,2.5,1.8,1.5,0,vtype0
169,flow0.32,646582,5.49274e+06,0,7.36548,2.6,2.5,1.8,1.5,0,vtype0
169,flow0.33,646600,5.49273e+06,0,10.1586,0.193136,2.5,1.8,1.5,0,vtype0
169,flow0.34,646621,5.49272e+06,0,12.7151,-0.822529,2.5,1.8,1.5,0,vtype0
169,flow0.35,646653,5.49271e+06,0,13.9661,0.673233,2.5,1.8,1.5,0,vtype0
169,flow0.36,646692,5.49271e+06,0,13.899,-0.349481,2.5,1.8,1.5,0,vtype0
169,flow0.37,646762,5.4927e+06,0,13.8909,-0.483475,2.5,1.8,1.5,0,vtype0
169,flow0.38,646791,5.4927e+06,0,13.9827,0.866572,2.5,1.8,1.5,0,vtype0
169,flow0.39,646855,5.4927e+06,0,13.8777,-0.499346,2.5,1.8,1.5,0,vtype0
169,flow0.40,646878,5.49272e+06,0,13.99,0.879236,2.5,1.8,1.5,0,vtype0
169,flow0.41,646880,5.49275e+06,0,13.9073,-0.366898,2.5,1.8,1.5,0,vtype0
169,flow0.42,646883,5.4928e+06,0,13.9895,0.827323,2.5,1.8,1.5,0,vtype0
169,flow0.43,646886,5.49284e+06,0,13.9609,0.610517,2.5,1.8,1.5,0,vtype0
169,flow0.44,646890,5.49289e+06,0,13.8705,-0.84148,2.5,1.8,1.5,0,vtype0
169,flow0.45,646889,5.49292e+06,0,13.9074,-0.566062,2.5,1.8,1.5,0,vtype0
169,flow0.46,646884,5.49298e+06,0,13.8787,-0.424264,2.5,1.8,1.5,0,vtype0
169,flow0.47,646879,5.49306e+06,0,12.4351,0.59751,2.5,1.8,1.5,0,vtype0
169,flow0.48,646876,5.49308e+06,0,13.985,0.0398932,2.5,1.8,1.5,0,vtype0
169,flow0.49,646872,5.49311e+06,0,10.8274,2.3419,2.5,1.8,1.5,0,vtype0
169,flow0.50,646864,5.49312e+06,0,6.89962,2.6,2.5,1.8,1.5,1,vtype0
169,flow0.51,646847,5.49312e+06,0,8.45576,1.30808,2.5,1.8,1.5,1,vtype0
169,flow0.52,646808,5.49313e+06,0,13.1546,-0.705238,2.5,1.8,1.5,0,vtype0
169,flow0.53,646774,5.49316e+06,0,12.1762,-0.0629252,2.5,1.8,1.5,2,vtype0
169,flow0.54,646792,5.49318e+06,0,12.6999,-0.595799,2.5,1.8,1.5,2,vtype0
169,flow0.55,646816,5.49321e+06,0,13.9185,-0.463949,2.5,1.8,1.5,2,vtype0
170,flow0.0,645479,5.49349e+06,0,13.9846,0.171221,2.5,1.8,1.5,0,vtype0
170,flow0.1,645524,5.49348e+06,0,13.9815,0.209568,2.5,1.8,1.5,0,vtype0
170,flow0.2,645565,5.49348e+06,0,13.9655,0.783881,2.5,1.8,1.5,0,vtype0
170,flow0.3,645607,5.49347e+06,0,13.9981,1.2283,2.5,1.8,1.5,0,vtype0
170,flow0.4,645678,5.49347e+06,0,13.9446,0.287892,2.5,1.8,1.5,0,vtype0
170,flow0.5,645711,5.49346e+06,0,13.92,-0.304851,2.5,1.8,1.5,0,vtype0
170,flow0.6,645748,5.49346e+06,0,13.8883,-0.277515,2.5,1.8,1.5,0,vtype0
170,flow0.7,645871,5.49342e+06,0,12.6886,-0.523666,2.5,1.8,1.5,0,vtype0
170,flow0.8,645893,5.49341e+06,0,13.9199,-0.443882,2.5,1.8,1.5,0,vtype0
170,flow0.9,645915,5.49339e+06,0,13.9277,-0.176933,2.5,1.8,1.5,0,vtype0
170,flow0.10,645937,5.49338e+06,0,13.8836,0.0275278,2.5,1.8,1.5,0,vtype0
170,flow0.11,645956,5.49336e+06,0,13.9116,0.133194,2.5,1.8,1.5,0,vtype0
170,flow0.12,645979,5.49334e+06,0,13.9657,0.527302,2.5,1.8,1.5,0,vtype0
170,flow0.13,646002,5.49332e+06,0,13.8768,-0.228225,2.5,1.8,1.5,0,vtype0
170,flow0.14,646024,5.4933e+06,0,13.8794,-0.481062,2.5,1.8,1.5,0,vtype0
170,flow0.15,646050,5.49327e+06,0,13.969,0.5837,2.5,1.8,1.5,0,vtype0
170,flow0.16,646078,5.49325e+06,0,13.9481,0.36899,2.5,1.8,1.5,0,vtype0
170,flow0.17,646210,5.49312e+06,0,13.976,0.647146,2.5,1.8,1.5,0,vtype0
170,flow0.18,646230,5.4931e+06,0,13.8754,-0.481571,2.5,1.8,1.5,0,vtype0
170,flow0.19,646249,5.49308e+06,0,13.9124,0.30257,2.5,1.8,1.5,0,vtype0
170,flow0.20,646267,5.49306e+06,0,13.924,0.131216,2.5,1.8,1.5,0,vtype0
170,flow0.21,646284,5.49305e+06,0,13.8827,-0.18287,2.5,1.8,1.5,0,vtype0
170,flow0.22,646302,5.49303e+06,0,13.9641,0.7731,2.5,1.8,1.5,0,vtype0
170,flow0.23,646370,5.49296e+06,0,13.9174,-0.0453099,2.5,1.8,1.5,0,vtype0
170,flow0.24,646389,5.49294e+06,0,13.9209,-0.0583721,2.5,1.8,1.5,0,vtype0
170,flow0.25,646407,5.49292e+06,0,13.8977,-0.0748515,2.5,1.8,1.5,0,vtype0
170,flow0.26,646424,5.4929e+06,0,13.9671,0.510188,2.5,1.8,1.5,0,vtype0
170,flow0.27,646443,5.49289e+06,0,13.901,0.119387,2.5,1.8,1.5,0,vtype0
170,flow0.28,646461,5.49287e+06,0,13.9336,-0.257436,2.5,1.8,1.5,0,vtype0
170,flow0.29,646480,5.49285e+06,0,13.8733,-0.623047,2.5,1.8,1.5,0,vtype0
170,flow0.30,646502,5.49283e+06,0,13.9968,0.72134,2.5,1.8,1.5,0,vtype0
170,flow0.31,646525,5.4928e+06,0,13.9224,-0.532334,2.5,1.8,1.5,0,vtype0
170,flow0.32,646575,5.49275e+06,0,9.36134,1.80294,2.5,1.8,1.5,0,vtype0
170,flow0.33,646591,5.49274e+06,0,10.4589,-2.40365,2.5,1.8,1.5,8,vtype0
170,flow0.34,646610,5.49273e+06,0,12.4831,0.142138,2.5,1.8,1.5,0,vtype0
170,flow0.35,646640,5.49272e+06,0,13.9107,-0.213026,2.5,1.8,1.5,0,vtype0
170,flow0.36,646678,5.49271e+06,0,13.9591,0.790775,2.5,1.8,1.5,0,vtype0
170,flow0.37,646748,5.4927e+06,0,13.9171,-0.236687,2.5,1.8,1.5,0,vtype0
170,flow0.38,646777,5.4927e+06,0,13.8768,-0.493541,2.5,1.8,1.5,0,vtype0
170,flow0.39,646842,5.4927e+06,0,13.9119,-0.209283,2.5,1.8,1.5,0,vtype0
170,flow0.40,646871,5.49271e+06,0,13.9934,0.654643,2.5,1.8,1.5,0,vtype0
170,flow0.41,646879,5.49274e+06,0,13.9372,0.387506,2.5,1.8,1.5,0,vtype0
170,flow0.42,646882,5.49278e+06,0,13.8854,-1.14225,2.5,1.8,1.5,0,vtype0
170,flow0.43,646885,5.49282e+06,0,13.9801,0.619561,2.5,1.8,1.5,0,vtype0
170,flow0.44,646889,5.49287e+06,0,13.8985,-0.829152,2.5,1.8,1.5,0,vtype0
170,flow0.45,646890,5.4929e+06,0,13.9714,0.74942,2.5,1.8,1.5,0,vtype0
170,flow0.46,646885,5.49297e+06,0,13.8891,-0.969675,2.5,1.8,1.5,0,vtype0
170,flow0.47,646879,5.49305e+06,0,12.4643,0.983711,2.5,1.8,1.5,0,vtype0
170,flow0.48,646878,5.49307e+06,0,13.6182,-1.24054,2.5,1.8,1.5,0,vtype0
170,flow0.49,646874,5.4931e+06,0,12.7858,1.47122,2.5,1.8,1.5,0,vtype0
170,flow0.50,646871,5.49312e+06,0,9.02452,2.34376,2.5,1.8,1.5,0,vtype0
170,flow0.51,646856,5.49312e+06,0,9.34227,0.757969,2.5,1.8,1.5,1,vtype0
170,flow0.52,646821,5.49312e+06,0,13.185,-0.266895,2.5,1.8,1.5,0,vtype0
170,flow0.53,646779,5.49315e+06,0,12.2247,0.056503,2.5,1.8,1.5,0,vtype0
170,flow0.54,646783,5.49317e+06,0,12.7153,0.169576,2.5,1.8,1.5,2,vtype0
170,flow0.55,646806,5.4932e+06,0,13.8856,-0.19226,2.5,1.8,1.5,2,vtype0
170,flow0.56,646841,5.49323e+06,0,9.46945,0.873583,2.5,1.8,1.5,0,vtype0
171,flow0.0,645465,5.49349e+06,0,13.9053,0.0337058,2.5,1.8,1.5,0,vtype0
171,flow0.1,645510,5.49348e+06,0,13.996,0.498708,2.5,1.8,1.5,0,vtype0
171,flow0.2,645551,5.49348e+06,0,13.8794,-0.060326,2.5,1.8,1.5,0,vtype0
171,flow0.3,645593,5.49348e+06,0,13.9815,0.609378,2.5,1.8,1.5,0,vtype0
171,flow0.4,645664,5.49347e+06,0,13.8886,0.0362736,2.5,1.8,1.5,0,vtype0
171,flow0.5,645698,5.49347e+06,0,13.9041,-0.0402609,2.5,1.8,1.5,0,vtype0
171,flow0.6,645734,5.49346e+06,0,13.9802,0.887319,2.5,1.8,1.5,0,vtype0
171,flow0.7,645859,5.49343e+06,0,12.6599,0.260133,2.5,1.8,1.5,0,vtype0
171,flow0.8,645881,5.49342e+06,0,13.9929,0.804041,2.5,1.8,1.5,0,vtype0
171,flow0.9,645904,5.4934e+06,0,13.8928,-0.00358707,2.5,1.8,1.5,0,vtype0
171,flow0.10,645926,5.49339e+06,0,13.8871,-1.0365,2.5,1.8,1.5,0,vtype0
171,flow0.11,645945,5.49337e+06,0,13.9118,-0.844665,2.5,1.8,1.5,0,vtype0
171,flow0.12,645968,5.49335e+06,0,13.9782,0.96715,2.5,1.8,1.5,0,vtype0
171,flow0.13,645992,5.49333e+06,0,13.8815,-0.527805,2.5,1.8,1.5,0,vtype0
171,flow0.14,646014,5.49331e+06,0,13.9208,-0.400224,2.5,1.8,1.5,0,vtype0
171,flow0.15,646040,5.49328e+06,0,13.9359,0.13724,2.5,1.8,1.5,0,vtype0
171,flow0.16,646068,5.49326e+06,0,13.9715,0.629927,2.5,1.8,1.5,0,vtype0
171,flow0.17,646200,5.49313e+06,0,13.941,-0.354464,2.5,1.8,1.5,0,vtype0
171,flow0.18,646220,5.49311e+06,0,13.9333,-0.514372,2.5,1.8,1.5,0,vtype0
171,flow0.19,646239,5.49309e+06,0,13.9726,0.757674,2.5,1.8,1.5,0,vtype0
171,flow0.20,646257,5.49307e+06,0,13.9924,-0.0554333,2.5,1.8,1.5,0,vtype0
171,flow0.21,646275,5.49306e+06,0,13.9931,0.594,2.5,1.8,1.5,0,vtype0
171,flow0.22,646292,5.49304e+06,0,13.9161,-0.277871,2.5,1.8,1.5,0,vtype0
171,flow0.23,646360,5.49297e+06,0,13.9167,0.174853,2.5,1.8,1.5,0,vtype0
171,flow0.24,646379,5.49295e+06,0,13.9722,0.956948,2.5,1.8,1.5,0,vtype0
171,flow0.25,646397,5.49293e+06,0,13.8873,-0.652959,2.5,1.8,1.5,0,vtype0
171,flow0.26,646414,5.49291e+06,0,13.8802,0.0798674,2.5,1.8,1.5,0,vtype0
171,flow0.27,646433,5.4929e+06,0,13.9626,-0.0997828,2.5,1.8,1.5,0,vtype0
171,flow0.28,646451,5.49288e+06,0,13.8994,-0.546847,2.5,1.8,1.5,0,vtype0
171,flow0.29,646470,5.49286e+06,0,13.8993,-0.383424,2.5,1.8,1.5,0,vtype0
171,flow0.30,646492,5.49284e+06,0,13.9204,-0.745329,2.5,1.8,1.5,0,vtype0
171,flow0.31,646515,5.49281e+06,0,13.9328,-0.210739,2.5,1.8,1.5,0,vtype0
171,flow0.32,646568,5.49276e+06,0,11.4389,2.35389,2.5,1.8,1.5,0,vtype0
171,flow0.33,646584,5.49274e+06,0,6.04705,-4.5,2.5,1.8,1.5,8,vtype0
171,flow0.34,646600,5.49273e+06,0,9.44211,-2.83159,2.5,1.8,1.5,8,vtype0
171,flow0.35,646627,5.49272e+06,0,13.9315,-0.509497,2.5,1.8,1.5,0,vtype0
171,flow0.36,646664,5.49271e+06,0,13.9417,-0.186482,2.5,1.8,1.5,0,vtype0
171,flow0.37,646734,5.4927e+06,0,13.9577,0.150278,2.5,1.8,1.5,0,vtype0
171,flow0.38,646764,5.4927e+06,0,13.9244,0.503301,2.5,1.8,1.5,0,vtype0
171,flow0.39,646828,5.4927e+06,0,13.9,-0.164184,2.5,1.8,1.5,0,vtype0
171,flow0.40,646860,5.4927e+06,0,13.9499,0.758625,2.5,1.8,1.5,0,vtype0
171,flow0.41,646877,5.49272e+06,0,13.945,-0.407511,2.5,1.8,1.5,0,vtype0
171,flow0.42,646881,5.49277e+06,0,13.9623,0.2988,2.5,1.8,1.5,0,vtype0
171,flow0.43,646884,5.49281e+06,0,13.9877,0.986695,2.5,1.8,1.5,0,vtype0
171,flow0.44,646888,5.49286e+06,0,13.8862,-0.765299,2.5,1.8,1.5,0,vtype0
171,flow0.45,646890,5.49289e+06,0,13.958,0.200051,2.5,1.8,1.5,0,vtype0
171,flow0.46,646886,5.49295e+06,0,13.9816,0.784765,2.5,1.8,1.5,0,vtype0
171,flow0.47,646880,5.49304e+06,0,12.433,-0.395297,2.5,1.8,1.5,0,vtype0
171,flow0.48,646879,5.49306e+06,0,13.4466,-0.48441,2.5,1.8,1.5,0,vtype0
171,flow0.49,646876,5.49308e+06,0,13.9414,-0.546207,2.5,1.8,1.5,0,vtype0
171,flow0.50,646872,5.49311e+06,0,10.8357,1.74079,2.5,1.8,1.5,0,vtype0
171,flow0.51,646864,5.49312e+06,0,6.81809,2.6,2.5,1.8,1.5,1,vtype0
171,flow0.52,646834,5.49312e+06,0,12.6092,-1.43766,2.5,1.8,1.5,1,vtype0
171,flow0.53,646788,5.49314e+06,0,12.2522,1.13761,2.5,1.8,1.5,0,vtype0
171,flow0.54,646775,5.49316e+06,0,12.7471,0.488826,2.5,1.8,1.5,2,vtype0
171,flow0.55,646796,5.49319e+06,0,13.9515,0.253194,2.5,1.8,1.5,2,vtype0
171,flow0.56,646835,5.49323e+06,0,9.39291,-0.262948,2.5,1.8,1.5,0,vtype0
172,flow0.57,646846,5.49324e+06,0,12.5679,-1.6548,2.5,1.8,1.5,8,vtype0
172,flow0.0,645451,5.49349e+06,0,13.9516,0.301048,2.5,1.8,1.5,0,vtype0
172,flow0.1,645496,5.49348e+06,0,13.9964,1.12287,2.5,1.8,1.5,0,vtype0
172,flow0.2,645537,5.49348e+06,0,13.9319,-0.0328711,2.5,1.8,1.5,0,vtype0
172,flow0.3,645579,5.49348e+06,0,13.894,-0.215998,2.5,1.8,1.5,0,vtype0
172,flow0.4,645650,5.49347e+06,0,13.9283,0.203381,2.5,1.8,1.5,0,vtype0
172,flow0.5,645684,5.49347e+06,0,13.9876,0.12683,2.5,1.8,1.5,0,vtype0
172,flow0.6,645720,5.49346e+06,0,13.9806,0.343822,2.5,1.8,1.5,0,vtype0
172,flow0.7,645848,5.49343e+06,0,12.7347,0.543506,2.5,1.8,1.5,0,vtype0
172,flow0.8,645867,5.49342e+06,0,13.993,1.21585,2.5,1.8,1.5,0,vtype0
172,flow0.9,645893,5.49341e+06,0,13.8962,-0.517181,2.5,1.8,1.5,0,vtype0
172,flow0.10,645915,5.49339e+06,0,13.9335,0.217625,2.5,1.8,1.5,0,vtype0
172,flow0.11,645934,5.49338e+06,0,13.928,-0.650653,2.5,1.8,1.5,0,vtype0
172,flow0.12,645958,5.49336e+06,0,13.9295,-0.587157,2.5,1.8,1.5,0,vtype0
172,flow0.13,645981,5.49334e+06,0,13.9134,0.0923094,2.5,1.8,1.5,0,vtype0
172,flow0.14,646004,5.49332e+06,0,13.9656,0.216357,2.5,1.8,1.5,0,vtype0
172,flow0.15,646031,5.49329e+06,0,13.9614,-0.13449,2.5,1.8,1.5,0,vtype0
172,flow0.16,646058,5.49327e+06,0,13.8823,-0.865197,2.5,1.8,1.5,0,vtype0
172,flow0.17,646190,5.49314e+06,0,13.9036,-0.78413,2.5,1.8,1.5,0,vtype0
172,flow0.18,646210,5.49312e+06,0,13.9333,-0.161869,2.5,1.8,1.5,0,vtype0
172,flow0.19,646229,5.4931e+06,0,13.8806,-0.428415,2.5,1.8,1.5,0,vtype0
172,flow0.20,646247,5.49308e+06,0,13.9121,-0.708533,2.5,1.8,1.5,0,vtype0
172,flow0.21,646265,5.49307e+06,0,13.9975,0.249492,2.5,1.8,1.5,0,vtype0
172,flow0.22,646283,5.49305e+06,0,13.9612,0.869303,2.5,1.8,1.5,0,vtype0
172,flow0.23,646350,5.49298e+06,0,13.9413,-0.541638,2.5,1.8,1.5,0,vtype0
172,flow0.24,646369,5.49296e+06,0,13.9643,0.386776,2.5,1.8,1.5,0,vtype0
172,flow0.25,646387,5.49294e+06,0,13.8863,-0.91677,2.5,1.8,1.5,0,vtype0
172,flow0.26,646404,5.49292e+06,0,13.8815,-0.342109,2.5,1.8,1.5,0,vtype0
172,flow0.27,646423,5.49291e+06,0,13.8705,-0.418362,2.5,1.8,1.5,0,vtype0
172,flow0.28,646441,5.49289e+06,0,13.9675,0.22146,2.5,1.8,1.5,0,vtype0
172,flow0.29,646460,5.49287e+06,0,13.9748,0.0674602,2.5,1.8,1.5,0,vtype0
172,flow0.30,646482,5.49285e+06,0,13.9356,-0.490276,2.5,1.8,1.5,0,vtype0
172,flow0.31,646506,5.49282e+06,0,13.9834,0.765887,2.5,1.8,1.5,0,vtype0
172,flow0.32,646559,5.49277e+06,0,13.2439,1.75324,2.5,1.8,1.5,0,vtype0
172,flow0.33,646578,5.49275e+06,0,8.38287,1.5399,2.5,1.8,1.5,0,vtype0
172,flow0.34,646592,5.49274e+06,0,9.61342,1.47017,2.5,1.8,1.5,0,vtype0
172,flow0.35,646615,5.49272e+06,0,12.8518,-0.448597,2.5,1.8,1.5,0,vtype0
172,flow0.36,646651,5.49271e+06,0,13.9426,0.418802,2.5,1.8,1.5,0,vtype0
172,flow0.37,646720,5.4927e+06,0,13.961,0.294712,2.5,1.8,1.5,0,vtype0
172,flow0.38,646750,5.4927e+06,0,13.9891,0.677706,2.5,1.8,1.5,0,vtype0
172,flow0.39,646814,5.4927e+06,0,13.973,0.941182,2.5,1.8,1.5,0,vtype0
172,flow0.40,646847,5.4927e+06,0,13.9071,0.106184,2.5,1.8,1.5,0,vtype0
172,flow0.41,646870,5.49271e+06,0,13.9598,0.656522,2.5,1.8,1.5,0,vtype0
172,flow0.42,646880,5.49276e+06,0,13.8774,-0.194133,2.5,1.8,1.5,0,vtype0
172,flow0.43,646883,5.4928e+06,0,13.9265,0.0991783,2.5,1.8,1.5,0,vtype0
172,flow0.44,646887,5.49285e+06,0,13.9322,-0.331384,2.5,1.8,1.5,0,vtype0
172,flow0.45,646889,5.49288e+06,0,13.9276,-0.12578,2.5,1.8,1.5,0,vtype0
172,flow0.46,646887,5.49294e+06,0,13.9662,-0.150476,2.5,1.8,1.5,0,vtype0
172,flow0.47,646881,5.49302e+06,0,12.476,1.13973,2.5,1.8,1.5,0,vtype0
172,flow0.48,646880,5.49304e+06,0,13.1098,-0.0783125,2.5,1.8,1.5,0,vtype0
172,flow0.49,646878,5.49307e+06,0,13.9393,0.647021,2.5,1.8,1.5,0,vtype0
172,flow0.50,646874,5.4931e+06,0,12.9251,1.47087,2.5,1.8,1.5,0,vtype0
172,flow0.51,646871,5.49312e+06,0,8.95362,2.05908,2.5,1.8,1.5,0,vtype0
172,flow0.52,646846,5.49312e+06,0,12.4233,0.0775946,2.5,1.8,1.5,1,vtype0
172,flow0.53,646797,5.49313e+06,0,12.1457,0.0171827,2.5,1.8,1.5,0,vtype0
172,flow0.54,646774,5.49315e+06,0,12.789,0.658135,2.5,1.8,1.5,0,vtype0
172,flow0.55,646786,5.49318e+06,0,13.8864,-0.569847,2.5,1.8,1.5,2,vtype0
172,flow0.56,646828,5.49322e+06,0,9.41223,-0.319825,2.5,1.8,1.5,0,vtype0
173,flow0.0,645438,5.49349e+06,0,13.9034,-0.804004,2.5,1.8,1.5,0,vtype0
173,flow0.1,645482,5.49349e+06,0,13.9862,1.13485,2.5,1.8,1.5,0,vtype0
173,flow0.2,645524,5.49348e+06,0,13.9099,-0.613133,2.5,1.8,1.5,0,vtype0
173,flow0.3,645565,5.49348e+06,0,13.9848,0.838358,2.5,1.8,1.5,0,vtype0
173,flow0.4,645636,5.49347e+06,0,13.911,-0.305558,2.5,1.8,1.5,0,vtype0
173,flow0.5,645670,5.49347e+06,0,13.9605,0.546034,2.5,1.8,1.5,0,vtype0
173,flow0.6,645707,5.49346e+06,0,13.9925,0.885963,2.5,1.8,1.5,0,vtype0
173,flow0.7,645836,5.49344e+06,0,12.6602,-0.821094,2.5,1.8,1.5,0,vtype0
173,flow0.8,645854,5.49343e+06,0,13.964,0.135219,2.5,1.8,1.5,0,vtype0
173,flow0.9,645880,5.49342e+06,0,13.9948,1.15245,2.5,1.8,1.5,0,vtype0
173,flow0.10,645903,5.4934e+06,0,13.9397,-0.138034,2.5,1.8,1.5,0,vtype0
173,flow0.11,645923,5.49339e+06,0,13.9756,-0.1162,2.5,1.8,1.5,0,vtype0
173,flow0.12,645947,5.49337e+06,0,13.9955,1.18163,2.5,1.8,1.5,0,vtype0
173,flow0.13,645970,5.49335e+06,0,13.981,0.6985,2.5,1.8,1.5,0,vtype0
173,flow0.14,645994,5.49333e+06,0,13.916,-0.428704,2.5,1.8,1.5,0,vtype0
173,flow0.15,646021,5.4933e+06,0,13.9214,0.125438,2.5,1.8,1.5,0,vtype0
173,flow0.16,646048,5.49328e+06,0,13.8738,-1.0676,2.5,1.8,1.5,0,vtype0
173,flow0.17,646180,5.49315e+06,0,13.8898,-0.982436,2.5,1.8,1.5,0,vtype0
173,flow0.18,646200,5.49313e+06,0,13.9074,0.310431,2.5,1.8,1.5,0,vtype0
173,flow0.19,646219,5.49311e+06,0,13.9319,-0.399567,2.5,1.8,1.5,0,vtype0
173,flow0.20,646237,5.49309e+06,0,13.8969,0.0683129,2.5,1.8,1.5,0,vtype0
173,flow0.21,646254,5.49307e+06,0,13.8748,-0.42116,2.5,1.8,1.5,0,vtype0
173,flow0.22,646273,5.49306e+06,0,13.9207,0.386636,2.5,1.8,1.5,0,vtype0
173,flow0.23,646340,5.49299e+06,0,13.9976,0.755183,2.5,1.8,1.5,0,vtype0
173,flow0.24,646359,5.49297e+06,0,13.9776,0.84277,2.5,1.8,1.5,0,vtype0
173,flow0.25,646377,5.49295e+06,0,13.9988,0.505384,2.5,1.8,1.5,0,vtype0
173,flow0.26,646394,5.49293e+06,0,13.8771,-0.541313,2.5,1.8,1.5,0,vtype0
173,flow0.27,646413,5.49292e+06,0,13.9615,0.745976,2.5,1.8,1.5,0,vtype0
173,flow0.28,646431,5.4929e+06,0,13.9455,0.719457,2.5,1.8,1.5,0,vtype0
173,flow0.29,646450,5.49288e+06,0,13.9475,-0.306349,2.5,1.8,1.5,0,vtype0
173,flow0.30,646472,5.49286e+06,0,13.9044,-0.761374,2.5,1.8,1.5,0,vtype0
173,flow0.31,646496,5.49283e+06,0,13.927,0.567429,2.5,1.8,1.5,0,vtype0
173,flow0.32,646550,5.49278e+06,0,13.9654,0.661404,2.5,1.8,1.5,0,vtype0
173,flow0.33,646571,5.49275e+06,0,10.3839,2.43517,2.5,1.8,1.5,0,vtype0
173,flow0.34,646585,5.49274e+06,0,6.94443,-4.5,2.5,1.8,1.5,8,vtype0
173,flow0.35,646604,5.49273e+06,0,10.9409,-2.9507,2.5,1.8,1.5,8,vtype0
173,flow0.36,646638,5.49272e+06,0,13.9938,0.648943,2.5,1.8,1.5,0,vtype0
173,flow0.37,646706,5.4927e+06,0,13.8769,-0.231992,2.5,1.8,1.5,0,vtype0
173,flow0.38,646736,5.4927e+06,0,13.9843,0.77141,2.5,1.8,1.5,0,vtype0
173,flow0.39,646800,5.4927e+06,0,13.9934,0.318042,2.5,1.8,1.5,0,vtype0
173,flow0.40,646833,5.4927e+06,0,13.9528,0.597256,2.5,1.8,1.5,0,vtype0
173,flow0.41,646859,5.4927e+06,0,13.9426,0.392462,2.5,1.8,1.5,0,vtype0
173,flow0.42,646879,5.49274e+06,0,13.8962,-0.767761,2.5,1.8,1.5,0,vtype0
173,flow0.43,646882,5.49278e+06,0,13.953,0.157918,2.5,1.8,1.5,0,vtype0
173,flow0.44,646886,5.49283e+06,0,13.8921,-0.219731,2.5,1.8,1.5,0,vtype0
173,flow0.45,646888,5.49286e+06,0,13.8824,0.0268008,2.5,1.8,1.5,0,vtype0
173,flow0.46,646888,5.49293e+06,0,13.9637,0.398143,2.5,1.8,1.5,0,vtype0
173,flow0.47,646882,5.49301e+06,0,12.4241,0.718864,2.5,1.8,1.5,0,vtype0
173,flow0.48,646881,5.49303e+06,0,12.9397,-0.878989,2.5,1.8,1.5,0,vtype0
173,flow0.49,646879,5.49305e+06,0,13.9601,0.266047,2.5,1.8,1.5,0,vtype0
173,flow0.50,646876,5.49308e+06,0,13.8761,-0.106055,2.5,1.8,1.5,0,vtype0
173,flow0.51,646872,5.49311e+06,0,10.7612,1.72312,2.5,1.8,1.5,0,vtype0
173,flow0.52,646857,5.49312e+06,0,9.28576,-4.5,2.5,1.8,1.5,9,vtype0
173,flow0.53,646808,5.49313e+06,0,12.1951,0.34534,2.5,1.8,1.5,0,vtype0
173,flow0.54,646783,5.49314e+06,0,12.7784,0.956363,2.5,1.8,1.5,0,vtype0
173,flow0.55,646777,5.49317e+06,0,13.8887,-0.613077,2.5,1.8,1.5,2,vtype0
173,flow0.56,646821,5.49321e+06,0,9.47823,1.01419,2.5,1.8,1.5,0,vtype0
173,flow0.57,646837,5.49323e+06,0,11.8336,-0.575837,2.5,1.8,1.5,2,vtype0
174,flow0.0,645424,5.49349e+06,0,13.8887,-0.00452746,2.5,1.8,1.5,0,vtype0
174,flow0.1,645468,5.49349e+06,0,13.9867,0.882585,2.5,1.8,1.5,0,vtype0
174,flow0.2,645510,5.49348e+06,0,13.8754,-0.349846,2.5,1.8,1.5,0,vtype0
174,flow0.3,645552,5.49348e+06,0,13.8728,-0.0192835,2.5,1.8,1.5,0,vtype0
174,flow0.4,645622,5.49347e+06,0,13.8784,-0.42386,2.5,1.8,1.5,0,vtype0
174,flow0.5,645656,5.49347e+06,0,13.8853,-1.06825,2.5,1.8,1.5,0,vtype0
174,flow0.6,645693,5.49347e+06,0,13.9965,1.04328,2.5,1.8,1.5,0,vtype0
174,flow0.7,645824,5.49344e+06,0,12.6235,-0.691877,2.5,1.8,1.5,0,vtype0
174,flow0.8,645842,5.49343e+06,0,13.9356,0.00177881,2.5,1.8,1.5,0,vtype0
174,flow0.9,645868,5.49342e+06,0,13.8897,0.0392975,2.5,1.8,1.5,0,vtype0
174,flow0.10,645892,5.49341e+06,0,13.9079,-0.708175,2.5,1.8,1.5,0,vtype0
174,flow0.11,645911,5.4934e+06,0,13.9566,0.105483,2.5,1.8,1.5,0,vtype0
174,flow0.12,645936,5.49338e+06,0,13.9694,-0.0542272,2.5,1.8,1.5,0,vtype0
174,flow0.13,645960,5.49336e+06,0,13.8871,-0.837739,2.5,1.8,1.5,0,vtype0
174,flow0.14,645983,5.49334e+06,0,13.9572,0.0207846,2.5,1.8,1.5,0,vtype0
174,flow0.15,646011,5.49331e+06,0,13.9272,0.431204,2.5,1.8,1.5,0,vtype0
174,flow0.16,646039,5.49329e+06,0,13.887,-0.0565933,2.5,1.8,1.5,0,vtype0
174,flow0.17,646170,5.49316e+06,0,13.9171,-0.652764,2.5,1.8,1.5,0,vtype0
174,flow0.18,646190,5.49314e+06,0,13.9923,0.564513,2.5,1.8,1.5,0,vtype0
174,flow0.19,646209,5.49312e+06,0,13.935,-0.218566,2.5,1.8,1.5,0,vtype0
174,flow0.20,646227,5.4931e+06,0,13.9585,0.708421,2.5,1.8,1.5,0,vtype0
174,flow0.21,646244,5.49308e+06,0,13.8955,-0.509036,2.5,1.8,1.5,0,vtype0
174,flow0.22,646263,5.49307e+06,0,13.8874,-0.331177,2.5,1.8,1.5,0,vtype0
174,flow0.23,646331,5.493e+06,0,13.9697,0.177978,2.5,1.8,1.5,0,vtype0
174,flow0.24,646350,5.49298e+06,0,13.948,-0.505113,2.5,1.8,1.5,0,vtype0
174,flow0.25,646367,5.49296e+06,0,13.9033,-0.628673,2.5,1.8,1.5,0,vtype0
174,flow0.26,646384,5.49294e+06,0,13.8897,-0.441886,2.5,1.8,1.5,0,vtype0
174,flow0.27,646403,5.49293e+06,0,13.9621,0.786948,2.5,1.8,1.5,0,vtype0
174,flow0.28,646421,5.49291e+06,0,13.9296,-0.130152,2.5,1.8,1.5,0,vtype0
174,flow0.29,646440,5.49289e+06,0,13.9441,-0.542074,2.5,1.8,1.5,0,vtype0
174,flow0.30,646462,5.49287e+06,0,13.8761,-1.06632,2.5,1.8,1.5,0,vtype0
174,flow0.31,646487,5.49284e+06,0,13.9566,0.37649,2.5,1.8,1.5,0,vtype0
174,flow0.32,646540,5.49279e+06,0,13.9267,-0.554514,2.5,1.8,1.5,0,vtype0
174,flow0.33,646563,5.49276e+06,0,12.2678,1.40345,2.5,1.8,1.5,0,vtype0
174,flow0.34,646579,5.49275e+06,0,7.9126,1.68109,2.5,1.8,1.5,0,vtype0
174,flow0.35,646596,5.49274e+06,0,10.0597,0.134765,2.5,1.8,1.5,0,vtype0
174,flow0.36,646624,5.49272e+06,0,13.9265,0.391644,2.5,1.8,1.5,0,vtype0
174,flow0.37,646692,5.49271e+06,0,13.8894,-0.0717767,2.5,1.8,1.5,0,vtype0
174,flow0.38,646722,5.4927e+06,0,13.8997,-0.711819,2.5,1.8,1.5,0,vtype0
174,flow0.39,646786,5.4927e+06,0,13.883,-0.223003,2.5,1.8,1.5,0,vtype0
174,flow0.40,646819,5.4927e+06,0,13.9075,0.0429857,2.5,1.8,1.5,0,vtype0
174,flow0.41,646845,5.4927e+06,0,13.9266,0.559447,2.5,1.8,1.5,0,vtype0
174,flow0.42,646878,5.49273e+06,0,13.9742,0.370742,2.5,1.8,1.5,0,vtype0
174,flow0.43,646881,5.49277e+06,0,13.9383,0.485577,2.5,1.8,1.5,0,vtype0
174,flow0.44,646885,5.49282e+06,0,13.9223,-0.728864,2.5,1.8,1.5,0,vtype0
174,flow0.45,646887,5.49285e+06,0,13.9291,0.225389,2.5,1.8,1.5,0,vtype0
174,flow0.46,646889,5.49291e+06,0,13.9853,-0.0571395,2.5,1.8,1.5,0,vtype0
174,flow0.47,646883,5.493e+06,0,12.376,-0.96301,2.5,1.8,1.5,0,vtype0
174,flow0.48,646882,5.49302e+06,0,12.9185,0.802267,2.5,1.8,1.5,0,vtype0
174,flow0.49,646880,5.49304e+06,0,13.9719,0.836756,2.5,1.8,1.5,0,vtype0
174,flow0.50,646878,5.49307e+06,0,13.9103,0.188319,2.5,1.8,1.5,0,vtype0
174,flow0.51,646874,5.4931e+06,0,12.5848,1.87398,2.5,1.8,1.5,0,vtype0
174,flow0.52,646865,5.49312e+06,0,6.9632,2.6,2.5,1.8,1.5,1,vtype0
174,flow0.53,646820,5.49312e+06,0,12.2547,0.566166,2.5,1.8,1.5,0,vtype0
174,flow0.54,646793,5.49313e+06,0,12.6607,-1.18744,2.5,1.8,1.5,0,vtype0
174,flow0.55,646774,5.49315e+06,0,13.9454,-0.358375,2.5,1.8,1.5,0,vtype0
174,flow0.56,646815,5.49321e+06,0,9.46506,0.0176306,2.5,1.8,1.5,2,vtype0
174,flow0.57,646829,5.49322e+06,0,11.2758,-0.487647,2.5,1.8,1.5,2,vtype0
175,flow0.58,646846,5.49324e+06,0,13.1213,0.86865,2.5,1.8,1.5,0,vtype0
175,flow0.0,645410,5.49349e+06,0,13.9177,-0.22003,2.5,1.8,1.5,0,vtype0
175,flow0.1,645454,5.49349e+06,0,13.9152,-0.588756,2.5,1.8,1.5,0,vtype0
175,flow0.2,645496,5.49348e+06,0,13.912,0.16515,2.5,1.8,1.5,0,vtype0
175,flow0.3,645538,5.49348e+06,0,13.9451,-0.425848,2.5,1.8,1.5,0,vtype0
175,flow0.4,645609,5.49347e+06,0,13.8932,-0.14655,2.5,1.8,1.5,0,vtype0
175,flow0.5,645642,5.49347e+06,0,13.9684,0.963749,2.5,1.8,1.5,0,vtype0
175,flow0.6,645679,5.49347e+06,0,13.9111,-0.49874,2.5,1.8,1.5,0,vtype0
175,flow0.7,645812,5.49344e+06,0,12.6173,-0.856162,2.5,1.8,1.5,0,vtype0
175,flow0.8,645828,5.49344e+06,0,13.8859,-0.687222,2.5,1.8,1.5,0,vtype0
175,flow0.9,645855,5.49343e+06,0,13.8957,0.171722,2.5,1.8,1.5,0,vtype0
175,flow0.10,645879,5.49342e+06,0,13.9818,0.79273,2.5,1.8,1.5,0,vtype0
175,flow0.11,645900,5.4934e+06,0,13.9994,1.09147,2.5,1.8,1.5,0,vtype0
175,flow0.12,645924,5.49339e+06,0,13.8809,-0.450045,2.5,1.8,1.5,0,vtype0
175,flow0.13,645949,5.49337e+06,0,13.9037,-0.804007,2.5,1.8,1.5,0,vtype0
175,flow0.14,645973,5.49335e+06,0,13.9843,0.893363,2.5,1.8,1.5,0,vtype0
175,flow0.15,646001,5.49332e+06,0,13.9209,0.403536,2.5,1.8,1.5,0,vtype0
175,flow0.16,646029,5.4933e+06,0,13.874,-0.583623,2.5,1.8,1.5,0,vtype0
175,flow0.17,646160,5.49317e+06,0,13.9942,0.143988,2.5,1.8,1.5,0,vtype0
175,flow0.18,646180,5.49315e+06,0,13.8921,-0.532213,2.5,1.8,1.5,0,vtype0
175,flow0.19,646199,5.49313e+06,0,13.9101,0.246237,2.5,1.8,1.5,0,vtype0
175,flow0.20,646217,5.49311e+06,0,13.8879,-0.645833,2.5,1.8,1.5,0,vtype0
175,flow0.21,646234,5.49309e+06,0,13.9607,0.480831,2.5,1.8,1.5,0,vtype0
175,flow0.22,646253,5.49308e+06,0,13.928,-0.40441,2.5,1.8,1.5,0,vtype0
175,flow0.23,646321,5.49301e+06,0,13.9225,0.496932,2.5,1.8,1.5,0,vtype0
175,flow0.24,646340,5.49299e+06,0,13.903,-0.479527,2.5,1.8,1.5,0,vtype0
175,flow0.25,646357,5.49297e+06,0,13.9323,-0.104112,2.5,1.8,1.5,0,vtype0
175,flow0.26,646375,5.49295e+06,0,13.8755,-0.510009,2.5,1.8,1.5,0,vtype0
175,flow0.27,646393,5.49294e+06,0,13.8722,-1.03815,2.5,1.8,1.5,0,vtype0
175,flow0.28,646411,5.49292e+06,0,13.8748,-0.287473,2.5,1.8,1.5,0,vtype0
175,flow0.29,646430,5.4929e+06,0,13.8971,-0.56145,2.5,1.8,1.5,0,vtype0
175,flow0.30,646452,5.49288e+06,0,13.9243,0.489302,2.5,1.8,1.5,0,vtype0
175,flow0.31,646477,5.49285e+06,0,13.9295,-0.530026,2.5,1.8,1.5,0,vtype0
175,flow0.32,646531,5.4928e+06,0,13.9645,0.486287,2.5,1.8,1.5,0,vtype0
175,flow0.33,646554,5.49277e+06,0,13.8903,0.270729,2.5,1.8,1.5,0,vtype0
175,flow0.34,646573,5.49275e+06,0,9.78965,2.3809,2.5,1.8,1.5,0,vtype0
175,flow0.35,646587,5.49274e+06,0,8.62606,-3.90619,2.5,1.8,1.5,8,vtype0
175,flow0.36,646612,5.49273e+06,0,13.3193,-3.10045,2.5,1.8,1.5,8,vtype0
175,flow0.37,646678,5.49271e+06,0,13.8841,-0.751755,2.5,1.8,1.5,0,vtype0
175,flow0.38,646708,5.4927e+06,0,13.9147,-0.850179,2.5,1.8,1.5,0,vtype0
175,flow0.39,646772,5.4927e+06,0,13.9168,0.327029,2.5,1.8,1.5,0,vtype0
175,flow0.40,646805,5.4927e+06,0,13.9514,0.786069,2.5,1.8,1.5,0,vtype0
175,flow0.41,646831,5.4927e+06,0,13.9734,0.329142,2.5,1.8,1.5,0,vtype0
175,flow0.42,646874,5.49271e+06,0,13.8733,-1.2217,2.5,1.8,1.5,0,vtype0
175,flow0.43,646880,5.49275e+06,0,13.9869,0.616577,2.5,1.8,1.5,0,vtype0
175,flow0.44,646884,5.49281e+06,0,13.9409,0.319853,2.5,1.8,1.5,0,vtype0
175,flow0.45,646886,5.49283e+06,0,13.8742,-0.374068,2.5,1.8,1.5,0,vtype0
175,flow0.46,646890,5.4929e+06,0,13.9716,0.558902,2.5,1.8,1.5,0,vtype0
175,flow0.47,646884,5.49299e+06,0,12.3478,-0.152148,2.5,1.8,1.5,0,vtype0
175,flow0.48,646883,5.493e+06,0,12.7123,-0.810035,2.5,1.8,1.5,0,vtype0
175,flow0.49,646881,5.49303e+06,0,13.8668,-0.292615,2.5,1.8,1.5,0,vtype0
175,flow0.50,646879,5.49305e+06,0,13.9496,0.033243,2.5,1.8,1.5,0,vtype0
175,flow0.51,646876,5.49308e+06,0,13.9213,-0.0170092,2.5,1.8,1.5,0,vtype0
175,flow0.52,646871,5.49312e+06,0,8.90561,1.60091,2.5,1.8,1.5,0,vtype0
175,flow0.53,646832,5.49312e+06,0,12.1701,0.00296099,2.5,1.8,1.5,1,vtype0
175,flow0.54,646802,5.49313e+06,0,12.696,0.294725,2.5,1.8,1.5,0,vtype0
175,flow0.55,646782,5.49314e+06,0,13.9058,-0.711363,2.5,1.8,1.5,0,vtype0
175,flow0.56,646808,5.4932e+06,0,9.44186,0.4876,2.5,1.8,1.5,2,vtype0
175,flow0.57,646821,5.49321e+06,0,10.7902,-0.647996,2.5,1.8,1.5,2,vtype0
176,flow0.0,645396,5.49349e+06,0,13.9929,0.200689,2.5,1.8,1.5,0,vtype0
176,flow0.1,645440,5.49349e+06,0,13.9992,0.485511,2.5,1.8,1.5,0,vtype0
176,flow0.2,645482,5.49349e+06,0,13.9802,0.960461,2.5,1.8,1.5,0,vtype0
176,flow0.3,645524,5.49348e+06,0,13.9363,-0.630874,2.5,1.8,1.5,0,vtype0
176,flow0.4,645595,5.49348e+06,0,13.9163,0.0242358,2.5,1.8,1.5,0,vtype0
176,flow0.5,645628,5.49347e+06,0,13.9226,-0.388806,2.5,1.8,1.5,0,vtype0
176,flow0.6,645665,5.49347e+06,0,13.9918,-0.0520674,2.5,1.8,1.5,0,vtype0
176,flow0.7,645800,5.49345e+06,0,12.6423,-0.170341,2.5,1.8,1.5,0,vtype0
176,flow0.8,645815,5.49344e+06,0,13.9216,0.3486,2.5,1.8,1.5,0,vtype0
176,flow0.9,645843,5.49343e+06,0,13.9378,-0.554407,2.5,1.8,1.5,0,vtype0
176,flow0.10,645867,5.49342e+06,0,13.9486,0.171242,2.5,1.8,1.5,0,vtype0
176,flow0.11,645888,5.49341e+06,0,13.8793,-0.00187135,2.5,1.8,1.5,0,vtype0
176,flow0.12,645913,5.4934e+06,0,13.9995,0.193067,2.5,1.8,1.5,0,vtype0
176,flow0.13,645938,5.49338e+06,0,13.976,0.855374,2.5,1.8,1.5,0,vtype0
176,flow0.14,645962,5.49336e+06,0,13.9322,0.203214,2.5,1.8,1.5,0,vtype0
176,flow0.15,645991,5.49333e+06,0,13.9949,1.03493,2.5,1.8,1.5,0,vtype0
176,flow0.16,646019,5.49331e+06,0,13.9317,-0.535394,2.5,1.8,1.5,0,vtype0
176,flow0.17,646150,5.49318e+06,0,13.9152,0.349436,2.5,1.8,1.5,0,vtype0
176,flow0.18,646170,5.49316e+06,0,13.9705,-0.0164128,2.5,1.8,1.5,0,vtype0
176,flow0.19,646189,5.49314e+06,0,13.9392,-0.0113495,2.5,1.8,1.5,0,vtype0
176,flow0.20,646207,5.49312e+06,0,13.9183,-0.258633,2.5,1.8,1.5,0,vtype0
176,flow0.21,646224,5.4931e+06,0,13.9665,0.561524,2.5,1.8,1.5,0,vtype0
176,flow0.22,646243,5.49309e+06,0,13.8717,-0.763151,2.5,1.8,1.5,0,vtype0
176,flow0.23,646311,5.49302e+06,0,13.9162,0.074464,2.5,1.8,1.5,0,vtype0
176,flow0.24,646330,5.493e+06,0,13.9215,-0.443799,2.5,1.8,1.5,0,vtype0
176,flow0.25,646348,5.49298e+06,0,13.8864,-0.779091,2.5,1.8,1.5,0,vtype0
176,flow0.26,646365,5.49296e+06,0,13.902,-0.853031,2.5,1.8,1.5,0,vtype0
176,flow0.27,646383,5.49294e+06,0,13.8871,-0.745589,2.5,1.8,1.5,0,vtype0
176,flow0.28,646401,5.49293e+06,0,13.8704,-1.24178,2.5,1.8,1.5,0,vtype0
176,flow0.29,646420,5.49291e+06,0,13.9403,-0.567114,2.5,1.8,1.5,0,vtype0
176,flow0.30,646442,5.49289e+06,0,13.9373,0.343437,2.5,1.8,1.5,0,vtype0
176,flow0.31,646467,5.49286e+06,0,13.9737,0.912198,2.5,1.8,1.5,0,vtype0
176,flow0.32,646521,5.49281e+06,0,13.8711,-0.396145,2.5,1.8,1.5,0,vtype0
176,flow0.33,646545,5.49278e+06,0,13.9928,0.383473,2.5,1.8,1.5,0,vtype0
176,flow0.34,646565,5.49276e+06,0,11.7777,1.58127,2.5,1.8,1.5,0,vtype0
176,flow0.35,646581,5.49274e+06,0,7.69506,2.6,2.5,1.8,1.5,0,vtype0
176,flow0.36,646602,5.49273e+06,0,11.368,0.619043,2.5,1.8,1.5,0,vtype0
176,flow0.37,646664,5.49271e+06,0,13.9537,0.527103,2.5,1.8,1.5,0,vtype0
176,flow0.38,646694,5.49271e+06,0,13.8858,-0.639349,2.5,1.8,1.5,0,vtype0
176,flow0.39,646758,5.4927e+06,0,13.9694,0.916119,2.5,1.8,1.5,0,vtype0
176,flow0.40,646791,5.4927e+06,0,13.9197,-0.0386857,2.5,1.8,1.5,0,vtype0
176,flow0.41,646817,5.4927e+06,0,13.9934,0.439868,2.5,1.8,1.5,0,vtype0
176,flow0.42,646864,5.49271e+06,0,13.9901,0.309336,2.5,1.8,1.5,0,vtype0
176,flow0.43,646879,5.49274e+06,0,13.9247,0.230223,2.5,1.8,1.5,0,vtype0
176,flow0.44,646883,5.49279e+06,0,13.8862,-0.873028,2.5,1.8,1.5,0,vtype0
176,flow0.45,646885,5.49282e+06,0,13.9732,1.00302,2.5,1.8,1.5,0,vtype0
176,flow0.46,646890,5.49288e+06,0,13.8895,-0.0292672,2.5,1.8,1.5,0,vtype0
176,flow0.47,646885,5.49297e+06,0,12.4263,0.739141,2.5,1.8,1.5,0,vtype0
176,flow0.48,646884,5.49299e+06,0,12.6301,-1.19377,2.5,1.8,1.5,0,vtype0
176,flow0.49,646882,5.49301e+06,0,13.6026,1.37805,2.5,1.8,1.5,0,vtype0
176,flow0.50,646880,5.49304e+06,0,13.9416,0.630306,2.5,1.8,1.5,0,vtype0
176,flow0.51,646878,5.49307e+06,0,13.8964,-0.289205,2.5,1.8,1.5,0,vtype0
176,flow0.52,646872,5.49311e+06,0,10.916,1.42072,2.5,1.8,1.5,0,vtype0
176,flow0.53,646844,5.49312e+06,0,12.1942,-0.0553583,2.5,1.8,1.5,1,vtype0
176,flow0.54,646815,5.49312e+06,0,12.7175,0.534203,2.5,1.8,1.5,0,vtype0
176,flow0.55,646793,5.49313e+06,0,13.9489,-0.467336,2.5,1.8,1.5,0,vtype0
176,flow0.56,646801,5.49319e+06,0,9.47542,-0.0140505,2.5,1.8,1.5,2,vtype0
176,flow0.57,646814,5.49321e+06,0,10.5061,-0.192535,2.5,1.8,1.5,2,vtype0
176,flow0.58,646836,5.49323e+06,0,13.0218,-1.07908,2.5,1.8,1.5,0,vtype0
177,flow0.0,645382,5.49349e+06,0,13.9817,0.973565,2.5,1.8,1.5,0,vtype0
177,flow0.1,645427,5.49349e+06,0,13.9823,-0.0752333,2.5,1.8,1.5,0,vtype0
177,flow0.2,645468,5.49349e+06,0,13.8857,-0.104289,2.5,1.8,1.5,0,vtype0
177,flow0.3,645510,5.49348e+06,0,13.9888,0.549831,2.5,1.8,1.5,0,vtype0
177,flow0.4,645581,5.49348e+06,0,13.9891,0.93832,2.5,1.8,1.5,0,vtype0
177,flow0.5,645615,5.49347e+06,0,13.9333,0.600664,2.5,1.8,1.5,0,vtype0
177,flow0.6,645651,5.49347e+06,0,13.9795,-0.109875,2.5,1.8,1.5,0,vtype0
177,flow0.7,645787,5.49345e+06,0,12.649,-0.148552,2.5,1.8,1.5,0,vtype0
177,flow0.8,645802,5.49344e+06,0,13.9055,-0.682154,2.5,1.8,1.5,0,vtype0
177,flow0.9,645829,5.49344e+06,0,13.941,-0.524489,2.5,1.8,1.5,0,vtype0
177,flow0.10,645854,5.49343e+06,0,13.9546,0.410452,2.5,1.8,1.5,0,vtype0
177,flow0.11,645876,5.49342e+06,0,13.8876,-0.139438,2.5,1.8,1.5,0,vtype0
177,flow0.12,645902,5.4934e+06,0,13.9673,-0.216373,2.5,1.8,1.5,0,vtype0
177,flow0.13,645927,5.49339e+06,0,13.9881,1.10606,2.5,1.8,1.5,0,vtype0
177,flow0.14,645952,5.49337e+06,0,13.9064,-0.0811291,2.5,1.8,1.5,0,vtype0
177,flow0.15,645980,5.49334e+06,0,13.9256,0.182176,2.5,1.8,1.5,0,vtype0
177,flow0.16,646009,5.49332e+06,0,13.9409,-0.394864,2.5,1.8,1.5,0,vtype0
177,flow0.17,646140,5.49319e+06,0,13.9324,0.548083,2.5,1.8,1.5,0,vtype0
177,flow0.18,646160,5.49317e+06,0,13.9747,-0.223251,2.5,1.8,1.5,0,vtype0
177,flow0.19,646179,5.49315e+06,0,13.8968,-0.314021,2.5,1.8,1.5,0,vtype0
177,flow0.20,646197,5.49313e+06,0,13.9391,0.150871,2.5,1.8,1.5,0,vtype0
177,flow0.21,646215,5.49311e+06,0,13.8944,-0.203934,2.5,1.8,1.5,0,vtype0
177,flow0.22,646233,5.4931e+06,0,13.9693,0.808118,2.5,1.8,1.5,0,vtype0
177,flow0.23,646301,5.49303e+06,0,13.9453,0.0284362,2.5,1.8,1.5,0,vtype0
177,flow0.24,646320,5.49301e+06,0,13.9654,0.57008,2.5,1.8,1.5,0,vtype0
177,flow0.25,646338,5.49299e+06,0,13.9247,-0.673328,2.5,1.8,1.5,0,vtype0
177,flow0.26,646355,5.49297e+06,0,13.9825,0.157626,2.5,1.8,1.5,0,vtype0
177,flow0.27,646373,5.49295e+06,0,13.9566,0.579795,2.5,1.8,1.5,0,vtype0
177,flow0.28,646391,5.49294e+06,0,13.8753,-0.435595,2.5,1.8,1.5,0,vtype0
177,flow0.29,646410,5.49292e+06,0,13.9665,0.558959,2.5,1.8,1.5,0,vtype0
177,flow0.30,646432,5.4929e+06,0,13.9605,-0.0573679,2.5,1.8,1.5,0,vtype0
177,flow0.31,646457,5.49287e+06,0,13.9876,1.10975,2.5,1.8,1.5,0,vtype0
177,flow0.32,646512,5.49282e+06,0,13.8717,-0.944032,2.5,1.8,1.5,0,vtype0
177,flow0.33,646535,5.49279e+06,0,13.9826,0.788394,2.5,1.8,1.5,0,vtype0
177,flow0.34,646556,5.49277e+06,0,13.7256,2.55428,2.5,1.8,1.5,0,vtype0
177,flow0.35,646574,5.49275e+06,0,9.69208,2.33831,2.5,1.8,1.5,0,vtype0
177,flow0.36,646592,5.49274e+06,0,11.1441,-4.5,2.5,1.8,1.5,8,vtype0
177,flow0.37,646651,5.49271e+06,0,13.9794,-0.102845,2.5,1.8,1.5,0,vtype0
177,flow0.38,646680,5.49271e+06,0,13.9706,-0.0838366,2.5,1.8,1.5,0,vtype0
177,flow0.39,646744,5.4927e+06,0,13.8773,-0.803148,2.5,1.8,1.5,0,vtype0
177,flow0.40,646777,5.4927e+06,0,13.9991,1.12174,2.5,1.8,1.5,0,vtype0
177,flow0.41,646803,5.4927e+06,0,13.8954,-0.466369,2.5,1.8,1.5,0,vtype0
177,flow0.42,646851,5.4927e+06,0,13.9692,0.369064,2.5,1.8,1.5,0,vtype0
177,flow0.43,646878,5.49273e+06,0,13.9035,-0.540985,2.5,1.8,1.5,0,vtype0
177,flow0.44,646882,5.49278e+06,0,13.9016,-0.326777,2.5,1.8,1.5,0,vtype0
177,flow0.45,646884,5.49281e+06,0,13.96,-0.124512,2.5,1.8,1.5,0,vtype0
177,flow0.46,646889,5.49287e+06,0,13.9159,-0.345093,2.5,1.8,1.5,0,vtype0
177,flow0.47,646886,5.49296e+06,0,12.3684,-0.274971,2.5,1.8,1.5,0,vtype0
177,flow0.48,646884,5.49298e+06,0,12.5722,-0.449866,2.5,1.8,1.5,0,vtype0
177,flow0.49,646883,5.493e+06,0,13.2845,-0.722328,2.5,1.8,1.5,0,vtype0
177,flow0.50,646881,5.49303e+06,0,13.9104,-0.302275,2.5,1.8,1.5,0,vtype0
177,flow0.51,646879,5.49305e+06,0,13.9797,0.698497,2.5,1.8,1.5,0,vtype0
177,flow0.52,646874,5.49309e+06,0,12.7419,1.35538,2.5,1.8,1.5,0,vtype0
177,flow0.53,646856,5.49312e+06,0,10.1706,-4.36649,2.5,1.8,1.5,9,vtype0
177,flow0.54,646827,5.49312e+06,0,12.7767,-0.085057,2.5,1.8,1.5,1,vtype0
177,flow0.55,646804,5.49313e+06,0,13.931,0.522619,2.5,1.8,1.5,0,vtype0
177,flow0.56,646795,5.49319e+06,0,9.42389,-0.011779,2.5,1.8,1.5,2,vtype0
177,flow0.57,646807,5.4932e+06,0,10.1225,-0.694803,2.5,1.8,1.5,2,vtype0
177,flow0.58,646827,5.49322e+06,0,13.1005,0.591252,2.5,1.8,1.5,2,vtype0
178,flow0.59,646846,5.49324e+06,0,12.6324,0.328924,2.5,1.8,1.5,0,vtype0
178,flow0.0,645368,5.4935e+06,0,13.9839,0.0359348,2.5,1.8,1.5,0,vtype0
178,flow0.1,645413,5.49349e+06,0,13.9764,1.02182,2.5,1.8,1.5,0,vtype0
178,flow0.2,645454,5.49349e+06,0,13.9438,-0.0442063,2.5,1.8,1.5,0,vtype0
178,flow0.3,645496,5.49348e+06,0,13.8903,-0.270238,2.5,1.8,1.5,0,vtype0
178,flow0.4,645567,5.49348e+06,0,13.9118,0.264936,2.5,1.8,1.5,0,vtype0
178,flow0.5,645601,5.49348e+06,0,13.987,-0.0871699,2.5,1.8,1.5,0,vtype0
178,flow0.6,645637,5.49347e+06,0,13.9015,0.195657,2.5,1.8,1.5,0,vtype0
178,flow0.7,645775,5.49345e+06,0,12.6386,0.0484531,2.5,1.8,1.5,0,vtype0
178,flow0.8,645788,5.49345e+06,0,13.9001,-0.615396,2.5,1.8,1.5,0,vtype0
178,flow0.9,645816,5.49344e+06,0,13.9741,0.792651,2.5,1.8,1.5,0,vtype0
178,flow0.10,645841,5.49344e+06,0,13.9416,0.519266,2.5,1.8,1.5,0,vtype0
178,flow0.11,645863,5.49342e+06,0,13.8826,-0.199426,2.5,1.8,1.5,0,vtype0
178,flow0.12,645890,5.49341e+06,0,13.9063,-0.862986,2.5,1.8,1.5,0,vtype0
178,flow0.13,645915,5.49339e+06,0,13.9975,1.09585,2.5,1.8,1.5,0,vtype0
178,flow0.14,645941,5.49338e+06,0,13.8727,-0.663303,2.5,1.8,1.5,0,vtype0
178,flow0.15,645970,5.49335e+06,0,13.9051,-0.553797,2.5,1.8,1.5,0,vtype0
178,flow0.16,645999,5.49333e+06,0,13.977,0.407772,2.5,1.8,1.5,0,vtype0
178,flow0.17,646130,5.4932e+06,0,13.9116,0.339704,2.5,1.8,1.5,0,vtype0
178,flow0.18,646150,5.49318e+06,0,13.9526,0.070201,2.5,1.8,1.5,0,vtype0
178,flow0.19,646170,5.49316e+06,0,13.8872,-0.150255,2.5,1.8,1.5,0,vtype0
178,flow0.20,646187,5.49314e+06,0,13.9175,0.426074,2.5,1.8,1.5,0,vtype0
178,flow0.21,646205,5.49312e+06,0,13.9709,0.733048,2.5,1.8,1.5,0,vtype0
178,flow0.22,646223,5.49311e+06,0,13.9532,-0.0516744,2.5,1.8,1.5,0,vtype0
178,flow0.23,646292,5.49304e+06,0,13.8933,-0.7195,2.5,1.8,1.5,0,vtype0
178,flow0.24,646311,5.49302e+06,0,13.9055,0.110391,2.5,1.8,1.5,0,vtype0
178,flow0.25,646328,5.493e+06,0,13.9651,-0.0626118,2.5,1.8,1.5,0,vtype0
178,flow0.26,646345,5.49298e+06,0,13.9356,-0.410164,2.5,1.8,1.5,0,vtype0
178,flow0.27,646364,5.49296e+06,0,13.9825,0.558798,2.5,1.8,1.5,0,vtype0
178,flow0.28,646381,5.49295e+06,0,13.9813,0.823989,2.5,1.8,1.5,0,vtype0
178,flow0.29,646400,5.49293e+06,0,13.9063,-0.459684,2.5,1.8,1.5,0,vtype0
178,flow0.30,646422,5.49291e+06,0,13.9915,0.799371,2.5,1.8,1.5,0,vtype0
178,flow0.31,646447,5.49288e+06,0,13.9457,0.0348973,2.5,1.8,1.5,0,vtype0
178,flow0.32,646502,5.49283e+06,0,13.936,-0.323992,2.5,1.8,1.5,0,vtype0
178,flow0.33,646526,5.4928e+06,0,13.9919,1.03226,2.5,1.8,1.5,0,vtype0
178,flow0.34,646547,5.49278e+06,0,13.9445,-0.0249274,2.5,1.8,1.5,0,vtype0
178,flow0.35,646567,5.49276e+06,0,11.7015,1.89127,2.5,1.8,1.5,0,vtype0
178,flow0.36,646584,5.49274e+06,0,6.67403,-4.5,2.5,1.8,1.5,8,vtype0
178,flow0.37,646638,5.49272e+06,0,13.8962,-0.278632,2.5,1.8,1.5,0,vtype0
178,flow0.38,646666,5.49271e+06,0,13.957,0.237046,2.5,1.8,1.5,0,vtype0
178,flow0.39,646730,5.4927e+06,0,13.9676,-0.298231,2.5,1.8,1.5,0,vtype0
178,flow0.40,646763,5.4927e+06,0,13.9144,-0.0559731,2.5,1.8,1.5,0,vtype0
178,flow0.41,646789,5.4927e+06,0,13.9906,0.852719,2.5,1.8,1.5,0,vtype0
178,flow0.42,646837,5.4927e+06,0,13.9102,-0.477349,2.5,1.8,1.5,0,vtype0
178,flow0.43,646873,5.49271e+06,0,13.9179,-0.465123,2.5,1.8,1.5,0,vtype0
178,flow0.44,646880,5.49276e+06,0,13.93,0.282104,2.5,1.8,1.5,0,vtype0
178,flow0.45,646883,5.49279e+06,0,13.8831,-0.251824,2.5,1.8,1.5,0,vtype0
178,flow0.46,646888,5.49286e+06,0,13.948,-0.289259,2.5,1.8,1.5,0,vtype0
178,flow0.47,646887,5.49295e+06,0,12.4664,0.352052,2.5,1.8,1.5,0,vtype0
178,flow0.48,646885,5.49297e+06,0,12.641,0.229489,2.5,1.8,1.5,0,vtype0
178,flow0.49,646884,5.49299e+06,0,13.163,0.396089,2.5,1.8,1.5,0,vtype0
178,flow0.50,646882,5.49301e+06,0,13.9902,0.931154,2.5,1.8,1.5,0,vtype0
178,flow0.51,646880,5.49304e+06,0,13.9235,-0.255234,2.5,1.8,1.5,0,vtype0
178,flow0.52,646876,5.49308e+06,0,13.8921,-1.06886,2.5,1.8,1.5,0,vtype0
178,flow0.53,646863,5.49312e+06,0,6.4502,2.6,2.5,1.8,1.5,1,vtype0
178,flow0.54,646839,5.49312e+06,0,10.7366,-3.39576,2.5,1.8,1.5,9,vtype0
178,flow0.55,646817,5.49312e+06,0,12.7342,-2.71891,2.5,1.8,1.5,8,vtype0
178,flow0.56,646788,5.49318e+06,0,9.43845,-0.596936,2.5,1.8,1.5,2,vtype0
178,flow0.57,646800,5.49319e+06,0,9.99892,0.206292,2.5,1.8,1.5,2,vtype0
178,flow0.58,646818,5.49321e+06,0,13.0755,-0.0668669,2.5,1.8,1.5,2,vtype0
179,flow0.0,645354,5.4935e+06,0,13.9597,-0.284689,2.5,1.8,1.5,0,vtype0
179,flow0.1,645399,5.49349e+06,0,13.8858,-0.565961,2.5,1.8,1.5,0,vtype0
179,flow0.2,645440,5.49349e+06,0,13.9454,-0.245539,2.5,1.8,1.5,0,vtype0
179,flow0.3,645482,5.49349e+06,0,13.985,0.486334,2.5,1.8,1.5,0,vtype0
179,flow0.4,645553,5.49348e+06,0,13.9543,0.133189,2.5,1.8,1.5,0,vtype0
179,flow0.5,645587,5.49348e+06,0,13.9249,0.385104,2.5,1.8,1.5,0,vtype0
179,flow0.6,645623,5.49347e+06,0,13.9308,0.179036,2.5,1.8,1.5,0,vtype0
179,flow0.7,645762,5.49345e+06,0,12.6998,0.809792,2.5,1.8,1.5,0,vtype0
179,flow0.8,645775,5.49345e+06,0,13.9037,-0.0979207,2.5,1.8,1.5,0,vtype0
179,flow0.9,645803,5.49345e+06,0,13.8796,-0.0812615,2.5,1.8,1.5,0,vtype0
179,flow0.10,645828,5.49344e+06,0,13.9485,0.595396,2.5,1.8,1.5,0,vtype0
179,flow0.11,645851,5.49343e+06,0,13.8874,-0.397116,2.5,1.8,1.5,0,vtype0
179,flow0.12,645878,5.49342e+06,0,13.8721,-0.613578,2.5,1.8,1.5,0,vtype0
179,flow0.13,645904,5.4934e+06,0,13.9119,-0.101777,2.5,1.8,1.5,0,vtype0
179,flow0.14,645929,5.49338e+06,0,13.9675,0.0585698,2.5,1.8,1.5,0,vtype0
179,flow0.15,645959,5.49336e+06,0,13.9776,0.485646,2.5,1.8,1.5,0,vtype0
179,flow0.16,645989,5.49334e+06,0,13.9655,0.396518,2.5,1.8,1.5,0,vtype0
179,flow0.17,646120,5.49321e+06,0,13.8898,-0.986049,2.5,1.8,1.5,0,vtype0
179,flow0.18,646140,5.49319e+06,0,13.9489,0.569872,2.5,1.8,1.5,0,vtype0
179,flow0.19,646160,5.49317e+06,0,13.9793,0.517685,2.5,1.8,1.5,0,vtype0
179,flow0.20,646177,5.49315e+06,0,13.9966,1.16358,2.5,1.8,1.5,0,vtype0
179,flow0.21,646195,5.49313e+06,0,13.9062,-0.18936,2.5,1.8,1.5,0,vtype0
179,flow0.22,646213,5.49312e+06,0,13.9949,0.209,2.5,1.8,1.5,0,vtype0
179,flow0.23,646282,5.49305e+06,0,13.9717,0.878733,2.5,1.8,1.5,0,vtype0
179,flow0.24,646301,5.49303e+06,0,13.9386,0.00823668,2.5,1.8,1.5,0,vtype0
179,flow0.25,646318,5.49301e+06,0,13.9434,0.549369,2.5,1.8,1.5,0,vtype0
179,flow0.26,646336,5.49299e+06,0,13.8871,-0.376602,2.5,1.8,1.5,0,vtype0
179,flow0.27,646354,5.49297e+06,0,13.94,-0.485265,2.5,1.8,1.5,0,vtype0
179,flow0.28,646371,5.49296e+06,0,13.9203,0.173132,2.5,1.8,1.5,0,vtype0
179,flow0.29,646390,5.49294e+06,0,13.9336,0.460431,2.5,1.8,1.5,0,vtype0
179,flow0.30,646412,5.49292e+06,0,13.948,-0.433738,2.5,1.8,1.5,0,vtype0
179,flow0.31,646437,5.49289e+06,0,13.889,-0.993777,2.5,1.8,1.5,0,vtype0
179,flow0.32,646493,5.49284e+06,0,13.8784,-0.609213,2.5,1.8,1.5,0,vtype0
179,flow0.33,646516,5.49281e+06,0,13.893,-0.000757945,2.5,1.8,1.5,0,vtype0
179,flow0.34,646537,5.49279e+06,0,13.9356,0.194238,2.5,1.8,1.5,0,vtype0
179,flow0.35,646558,5.49277e+06,0,13.7573,2.0107,2.5,1.8,1.5,0,vtype0
179,flow0.36,646578,5.49275e+06,0,8.2517,1.41055,2.5,1.8,1.5,0,vtype0
179,flow0.37,646625,5.49272e+06,0,13.9904,0.390938,2.5,1.8,1.5,0,vtype0
179,flow0.38,646653,5.49271e+06,0,13.9884,0.550038,2.5,1.8,1.5,0,vtype0
179,flow0.39,646716,5.4927e+06,0,13.9334,0.164466,2.5,1.8,1.5,0,vtype0
179,flow0.40,646749,5.4927e+06,0,13.9957,1.24483,2.5,1.8,1.5,0,vtype0
179,flow0.41,646775,5.4927e+06,0,13.9766,0.432603,2.5,1.8,1.5,0,vtype0
179,flow0.42,646823,5.4927e+06,0,13.9179,-0.232413,2.5,1.8,1.5,0,vtype0
179,flow0.43,646863,5.4927e+06,0,13.9105,0.0324275,2.5,1.8,1.5,0,vtype0
179,flow0.44,646880,5.49275e+06,0,13.928,0.158595,2.5,1.8,1.5,0,vtype0
179,flow0.45,646882,5.49278e+06,0,13.9142,-0.720378,2.5,1.8,1.5,0,vtype0
179,flow0.46,646887,5.49284e+06,0,13.9287,0.149934,2.5,1.8,1.5,0,vtype0
179,flow0.47,646888,5.49294e+06,0,12.3639,-0.652219,2.5,1.8,1.5,0,vtype0
179,flow0.48,646886,5.49295e+06,0,12.5647,0.928565,2.5,1.8,1.5,0,vtype0
179,flow0.49,646885,5.49297e+06,0,12.9525,0.042285,2.5,1.8,1.5,0,vtype0
179,flow0.50,646883,5.493e+06,0,13.8801,0.0907281,2.5,1.8,1.5,0,vtype0
179,flow0.51,646881,5.49303e+06,0,13.8934,-0.185737,2.5,1.8,1.5,0,vtype0
179,flow0.52,646878,5.49307e+06,0,13.9336,0.115365,2.5,1.8,1.5,0,vtype0
179,flow0.53,646870,5.49312e+06,0,8.7166,1.57877,2.5,1.8,1.5,0,vtype0
179,flow0.54,646850,5.49312e+06,0,10.8812,0.3442,2.5,1.8,1.5,1,vtype0
179,flow0.55,646830,5.49312e+06,0,12.1325,-0.944517,2.5,1.8,1.5,1,vtype0
179,flow0.56,646782,5.49317e+06,0,9.38269,-0.99636,2.5,1.8,1.5,10,vtype0
179,flow0.57,646793,5.49318e+06,0,9.87364,0.975287,2.5,1.8,1.5,2,vtype0
179,flow0.58,646809,5.4932e+06,0,12.3648,0.00537897,2.5,1.8,1.5,2,vtype0
179,flow0.59,646837,5.49323e+06,0,12.6032,0.0823894,2.5,1.8,1.5,0,vtype0
180,flow0.0,645340,5.4935e+06,0,13.9344,0.641144,2.5,1.8,1.5,0,vtype0
180,flow0.1,645385,5.49349e+06,0,13.9881,0.329622,2.5,1.8,1.5,0,vtype0
180,flow0.2,645426,5.49349e+06,0,13.9366,0.550201,2.5,1.8,1.5,0,vtype0
180,flow0.3,645468,5.49349e+06,0,13.8923,-0.315883,2.5,1.8,1.5,0,vtype0
180,flow0.4,645539,5.49348e+06,0,13.9011,-0.912093,2.5,1.8,1.5,0,vtype0
180,flow0.5,645573,5.49348e+06,0,13.994,1.01221,2.5,1.8,1.5,0,vtype0
180,flow0.6,645609,5.49347e+06,0,13.8747,-0.0235375,2.5,1.8,1.5,0,vtype0
180,flow0.7,645750,5.49346e+06,0,12.6165,0.0392834,2.5,1.8,1.5,0,vtype0
180,flow0.8,645761,5.49345e+06,0,13.9197,-0.286918,2.5,1.8,1.5,0,vtype0
180,flow0.9,645789,5.49345e+06,0,13.9634,0.673946,2.5,1.8,1.5,0,vtype0
180,flow0.10,645815,5.49344e+06,0,13.9434,-0.470226,2.5,1.8,1.5,0,vtype0
180,flow0.11,645838,5.49344e+06,0,13.8823,-0.144289,2.5,1.8,1.5,0,vtype0
180,flow0.12,645865,5.49342e+06,0,13.9943,-0.00146981,2.5,1.8,1.5,0,vtype0
180,flow0.13,645893,5.49341e+06,0,13.9669,0.801437,2.5,1.8,1.5,0,vtype0
180,flow0.14,645918,5.49339e+06,0,13.8844,-0.321208,2.5,1.8,1.5,0,vtype0
180,flow0.15,645949,5.49337e+06,0,13.8768,-1.11159,2.5,1.8,1.5,0,vtype0
180,flow0.16,645978,5.49334e+06,0,13.8814,0.0344366,2.5,1.8,1.5,0,vtype0
180,flow0.17,646110,5.49322e+06,0,13.8975,-0.605596,2.5,1.8,1.5,0,vtype0
180,flow0.18,646130,5.4932e+06,0,13.8896,-0.684853,2.5,1.8,1.5,0,vtype0
180,flow0.19,646150,5.49318e+06,0,13.9252,-0.168995,2.5,1.8,1.5,0,vtype0
180,flow0.20,646167,5.49316e+06,0,13.9315,0.204898,2.5,1.8,1.5,0,vtype0
180,flow0.21,646185,5.49314e+06,0,13.946,0.495157,2.5,1.8,1.5,0,vtype0
180,flow0.22,646203,5.49313e+06,0,13.9416,0.285526,2.5,1.8,1.5,0,vtype0
180,flow0.23,646272,5.49306e+06,0,13.8942,-0.327947,2.5,1.8,1.5,0,vtype0
180,flow0.24,646291,5.49304e+06,0,13.9559,0.00106267,2.5,1.8,1.5,0,vtype0
180,flow0.25,646309,5.49302e+06,0,13.9897,0.570975,2.5,1.8,1.5,0,vtype0
180,flow0.26,646326,5.493e+06,0,13.9687,0.706389,2.5,1.8,1.5,0,vtype0
180,flow0.27,646344,5.49298e+06,0,13.9563,0.415977,2.5,1.8,1.5,0,vtype0
180,flow0.28,646362,5.49297e+06,0,13.9677,0.186506,2.5,1.8,1.5,0,vtype0
180,flow0.29,646380,5.49295e+06,0,13.9932,1.09913,2.5,1.8,1.5,0,vtype0
180,flow0.30,646402,5.49293e+06,0,13.943,0.138031,2.5,1.8,1.5,0,vtype0
180,flow0.31,646427,5.4929e+06,0,13.8751,-0.578747,2.5,1.8,1.5,0,vtype0
180,flow0.32,646483,5.49285e+06,0,13.9064,-0.13923,2.5,1.8,1.5,0,vtype0
180,flow0.33,646507,5.49282e+06,0,13.9657,0.802151,2.5,1.8,1.5,0,vtype0
180,flow0.34,646528,5.4928e+06,0,13.8822,-1.1589,2.5,1.8,1.5,0,vtype0
180,flow0.35,646549,5.49278e+06,0,13.9301,0.0768,2.5,1.8,1.5,0,vtype0
180,flow0.36,646572,5.49275e+06,0,10.3576,2.59354,2.5,1.8,1.5,0,vtype0
180,flow0.37,646612,5.49273e+06,0,13.9302,-0.53568,2.5,1.8,1.5,0,vtype0
180,flow0.38,646639,5.49272e+06,0,13.9444,0.496533,2.5,1.8,1.5,0,vtype0
180,flow0.39,646702,5.4927e+06,0,13.895,-0.872385,2.5,1.8,1.5,0,vtype0
180,flow0.40,646736,5.4927e+06,0,13.9928,1.06073,2.5,1.8,1.5,0,vtype0
180,flow0.41,646761,5.4927e+06,0,13.95,0.361048,2.5,1.8,1.5,0,vtype0
180,flow0.42,646809,5.4927e+06,0,13.8752,-0.99034,2.5,1.8,1.5,0,vtype0
180,flow0.43,646850,5.4927e+06,0,13.9309,-0.586694,2.5,1.8,1.5,0,vtype0
180,flow0.44,646879,5.49274e+06,0,13.9406,-0.0626692,2.5,1.8,1.5,0,vtype0
180,flow0.45,646880,5.49276e+06,0,13.8719,-0.614516,2.5,1.8,1.5,0,vtype0
180,flow0.46,646886,5.49283e+06,0,13.9858,0.669762,2.5,1.8,1.5,0,vtype0
180,flow0.47,646888,5.49292e+06,0,12.3853,0.101865,2.5,1.8,1.5,0,vtype0
180,flow0.48,646887,5.49294e+06,0,12.4377,-0.698816,2.5,1.8,1.5,0,vtype0
180,flow0.49,646886,5.49296e+06,0,12.8705,1.15366,2.5,1.8,1.5,0,vtype0
180,flow0.50,646884,5.49298e+06,0,13.9486,0.100829,2.5,1.8,1.5,0,vtype0
180,flow0.51,646882,5.49301e+06,0,13.9603,-0.347698,2.5,1.8,1.5,0,vtype0
180,flow0.52,646879,5.49305e+06,0,13.9732,0.320378,2.5,1.8,1.5,0,vtype0
180,flow0.53,646872,5.49311e+06,0,10.5829,1.60195,2.5,1.8,1.5,0,vtype0
180,flow0.54,646860,5.49312e+06,0,7.9512,-4.5,2.5,1.8,1.5,9,vtype0
180,flow0.55,646841,5.49312e+06,0,10.2296,-3.29296,2.5,1.8,1.5,9,vtype0
180,flow0.56,646776,5.49317e+06,0,9.49722,1.13286,2.5,1.8,1.5,2,vtype0
180,flow0.57,646786,5.49318e+06,0,9.6704,0.0314138,2.5,1.8,1.5,2,vtype0
180,flow0.58,646801,5.49319e+06,0,11.6578,-0.0967927,2.5,1.8,1.5,2,vtype0
180,flow0.59,646828,5.49322e+06,0,12.5853,-0.362506,2.5,1.8,1.5,2,vtype0
181,flow0.60,646847,5.49324e+06,0,11.213,-0.292776,2.5,1.8,1.5,0,vtype0
181,flow0.0,645327,5.4935e+06,0,13.9117,0.182363,2.5,1.8,1.5,0,vtype0
181,flow0.1,645371,5.4935e+06,0,13.9738,0.946279,2.5,1.8,1.5,0,vtype0
181,flow0.2,645413,5.49349e+06,0,13.9064,-0.337651,2.5,1.8,1.5,0,vtype0
181,flow0.3,645454,5.49349e+06,0,13.8822,-0.523579,2.5,1.8,1.5,0,vtype0
181,flow0.4,645525,5.49348e+06,0,13.889,-0.735784,2.5,1.8,1.5,0,vtype0
181,flow0.5,645559,5.49348e+06,0,13.987,0.0828683,2.5,1.8,1.5,0,vtype0
181,flow0.6,645596,5.49348e+06,0,13.9407,-0.558329,2.5,1.8,1.5,0,vtype0
181,flow0.7,645738,5.49346e+06,0,12.6175,-0.418567,2.5,1.8,1.5,0,vtype0
181,flow0.8,645747,5.49345e+06,0,13.9741,0.520002,2.5,1.8,1.5,0,vtype0
181,flow0.9,645775,5.49345e+06,0,13.9848,0.255603,2.5,1.8,1.5,0,vtype0
181,flow0.10,645802,5.49345e+06,0,13.8799,-0.0301875,2.5,1.8,1.5,0,vtype0
181,flow0.11,645824,5.49344e+06,0,13.8849,-0.916585,2.5,1.8,1.5,0,vtype0
181,flow0.12,645852,5.49343e+06,0,13.9887,1.04508,2.5,1.8,1.5,0,vtype0
181,flow0.13,645880,5.49342e+06,0,13.939,0.558904,2.5,1.8,1.5,0,vtype0
181,flow0.14,645906,5.4934e+06,0,13.995,1.00979,2.5,1.8,1.5,0,vtype0
181,flow0.15,645937,5.49338e+06,0,13.8947,-0.745965,2.5,1.8,1.5,0,vtype0
181,flow0.16,645968,5.49335e+06,0,13.9336,0.455938,2.5,1.8,1.5,0,vtype0
181,flow0.17,646101,5.49323e+06,0,13.9174,0.208886,2.5,1.8,1.5,0,vtype0
181,flow0.18,646120,5.49321e+06,0,13.8799,-0.671295,2.5,1.8,1.5,0,vtype0
181,flow0.19,646140,5.49319e+06,0,13.9898,0.859675,2.5,1.8,1.5,0,vtype0
181,flow0.20,646157,5.49317e+06,0,13.8752,-0.903875,2.5,1.8,1.5,0,vtype0
181,flow0.21,646175,5.49315e+06,0,13.9689,0.80962,2.5,1.8,1.5,0,vtype0
181,flow0.22,646193,5.49314e+06,0,13.9798,0.701693,2.5,1.8,1.5,0,vtype0
181,flow0.23,646262,5.49307e+06,0,13.988,1.14377,2.5,1.8,1.5,0,vtype0
181,flow0.24,646281,5.49305e+06,0,13.9502,-0.28576,2.5,1.8,1.5,0,vtype0
181,flow0.25,646299,5.49303e+06,0,13.9044,-0.431656,2.5,1.8,1.5,0,vtype0
181,flow0.26,646316,5.49301e+06,0,13.928,-0.563312,2.5,1.8,1.5,0,vtype0
181,flow0.27,646334,5.49299e+06,0,13.956,0.305976,2.5,1.8,1.5,0,vtype0
181,flow0.28,646352,5.49298e+06,0,13.9022,-0.588327,2.5,1.8,1.5,0,vtype0
181,flow0.29,646371,5.49296e+06,0,13.9894,0.919912,2.5,1.8,1.5,0,vtype0
181,flow0.30,646392,5.49294e+06,0,13.9735,0.0182531,2.5,1.8,1.5,0,vtype0
181,flow0.31,646417,5.49291e+06,0,13.8839,-0.773303,2.5,1.8,1.5,0,vtype0
181,flow0.32,646473,5.49286e+06,0,13.9979,0.224945,2.5,1.8,1.5,0,vtype0
181,flow0.33,646497,5.49283e+06,0,13.8869,-1.07789,2.5,1.8,1.5,0,vtype0
181,flow0.34,646518,5.49281e+06,0,13.9149,-0.274306,2.5,1.8,1.5,0,vtype0
181,flow0.35,646539,5.49279e+06,0,13.9906,0.0672807,2.5,1.8,1.5,0,vtype0
181,flow0.36,646564,5.49276e+06,0,12.3664,2.53223,2.5,1.8,1.5,0,vtype0
181,flow0.37,646600,5.49273e+06,0,13.9764,0.8704,2.5,1.8,1.5,0,vtype0
181,flow0.38,646626,5.49272e+06,0,13.9733,-0.0176243,2.5,1.8,1.5,0,vtype0
181,flow0.39,646688,5.49271e+06,0,13.9391,0.160925,2.5,1.8,1.5,0,vtype0
181,flow0.40,646722,5.4927e+06,0,13.9491,0.72505,2.5,1.8,1.5,0,vtype0
181,flow0.41,646748,5.4927e+06,0,13.9899,0.203775,2.5,1.8,1.5,0,vtype0
181,flow0.42,646795,5.4927e+06,0,13.9432,-0.245846,2.5,1.8,1.5,0,vtype0
181,flow0.43,646836,5.4927e+06,0,13.9459,0.107752,2.5,1.8,1.5,0,vtype0
181,flow0.44,646877,5.49272e+06,0,13.9914,1.09949,2.5,1.8,1.5,0,vtype0
181,flow0.45,646880,5.49275e+06,0,13.9995,0.438349,2.5,1.8,1.5,0,vtype0
181,flow0.46,646885,5.49281e+06,0,13.9097,-0.873858,2.5,1.8,1.5,0,vtype0
181,flow0.47,646889,5.49291e+06,0,12.3492,-0.740501,2.5,1.8,1.5,0,vtype0
181,flow0.48,646888,5.49293e+06,0,12.4536,-0.99436,2.5,1.8,1.5,0,vtype0
181,flow0.49,646887,5.49295e+06,0,12.7539,-0.192275,2.5,1.8,1.5,0,vtype0
181,flow0.50,646885,5.49297e+06,0,13.8994,0.239938,2.5,1.8,1.5,0,vtype0
181,flow0.51,646883,5.493e+06,0,13.8785,-0.248876,2.5,1.8,1.5,0,vtype0
181,flow0.52,646880,5.49304e+06,0,13.9356,0.0358461,2.5,1.8,1.5,0,vtype0
181,flow0.53,646874,5.4931e+06,0,12.6098,2.42574,2.5,1.8,1.5,0,vtype0
181,flow0.54,646867,5.49312e+06,0,7.69044,2.26256,2.5,1.8,1.5,0,vtype0
181,flow0.55,646850,5.49312e+06,0,9.06534,1.40255,2.5,1.8,1.5,1,vtype0
181,flow0.56,646774,5.49316e+06,0,9.47064,0.806816,2.5,1.8,1.5,0,vtype0
181,flow0.57,646780,5.49317e+06,0,9.58686,0.155235,2.5,1.8,1.5,2,vtype0
181,flow0.58,646793,5.49318e+06,0,11.1194,-1.09655,2.5,1.8,1.5,2,vtype0
181,flow0.59,646819,5.49321e+06,0,12.6593,-0.185629,2.5,1.8,1.5,2,vtype0
182,flow0.0,645313,5.4935e+06,0,13.8957,-0.341403,2.5,1.8,1.5,0,vtype0
182,flow0.1,645357,5.4935e+06,0,13.9011,-0.801072,2.5,1.8,1.5,0,vtype0
182,flow0.2,645399,5.49349e+06,0,13.8882,-0.577357,2.5,1.8,1.5,0,vtype0
182,flow0.3,645441,5.49349e+06,0,13.9474,0.246336,2.5,1.8,1.5,0,vtype0
182,flow0.4,645511,5.49348e+06,0,13.893,-0.766101,2.5,1.8,1.5,0,vtype0
182,flow0.5,645545,5.49348e+06,0,13.8755,-0.422611,2.5,1.8,1.5,0,vtype0
182,flow0.6,645582,5.49348e+06,0,13.9068,-0.0519285,2.5,1.8,1.5,0,vtype0
182,flow0.7,645725,5.49346e+06,0,12.7164,-0.226121,2.5,1.8,1.5,0,vtype0
182,flow0.8,645734,5.49346e+06,0,13.9298,0.0711839,2.5,1.8,1.5,0,vtype0
182,flow0.9,645762,5.49345e+06,0,13.9614,0.221212,2.5,1.8,1.5,0,vtype0
182,flow0.10,645788,5.49345e+06,0,13.9623,0.276333,2.5,1.8,1.5,0,vtype0
182,flow0.11,645811,5.49344e+06,0,13.9585,-0.0287302,2.5,1.8,1.5,0,vtype0
182,flow0.12,645840,5.49344e+06,0,13.983,1.02991,2.5,1.8,1.5,0,vtype0
182,flow0.13,645868,5.49342e+06,0,13.9034,-0.470302,2.5,1.8,1.5,0,vtype0
182,flow0.14,645895,5.49341e+06,0,13.9062,-0.63838,2.5,1.8,1.5,0,vtype0
182,flow0.15,645926,5.49339e+06,0,13.8839,-0.120288,2.5,1.8,1.5,0,vtype0
182,flow0.16,645957,5.49336e+06,0,13.8848,-0.5551,2.5,1.8,1.5,0,vtype0
182,flow0.17,646091,5.49324e+06,0,13.8714,-0.413067,2.5,1.8,1.5,0,vtype0
182,flow0.18,646110,5.49322e+06,0,13.9215,0.213656,2.5,1.8,1.5,0,vtype0
182,flow0.19,646130,5.4932e+06,0,13.8966,-0.788044,2.5,1.8,1.5,0,vtype0
182,flow0.20,646147,5.49318e+06,0,13.8802,-0.880921,2.5,1.8,1.5,0,vtype0
182,flow0.21,646165,5.49316e+06,0,13.877,-0.566349,2.5,1.8,1.5,0,vtype0
182,flow0.22,646183,5.49314e+06,0,13.8856,-0.282719,2.5,1.8,1.5,0,vtype0
182,flow0.23,646252,5.49308e+06,0,13.9273,0.411824,2.5,1.8,1.5,0,vtype0
182,flow0.24,646272,5.49306e+06,0,13.9664,0.173033,2.5,1.8,1.5,0,vtype0
182,flow0.25,646289,5.49304e+06,0,13.9974,1.11894,2.5,1.8,1.5,0,vtype0
182,flow0.26,646306,5.49302e+06,0,13.9932,1.21984,2.5,1.8,1.5,0,vtype0
182,flow0.27,646325,5.493e+06,0,13.9717,0.674688,2.5,1.8,1.5,0,vtype0
182,flow0.28,646342,5.49299e+06,0,13.9287,-0.590237,2.5,1.8,1.5,0,vtype0
182,flow0.29,646361,5.49297e+06,0,13.9245,-0.493174,2.5,1.8,1.5,0,vtype0
182,flow0.30,646382,5.49295e+06,0,13.8953,-0.497834,2.5,1.8,1.5,0,vtype0
182,flow0.31,646407,5.49292e+06,0,13.9058,-0.410112,2.5,1.8,1.5,0,vtype0
182,flow0.32,646463,5.49287e+06,0,13.9756,0.130899,2.5,1.8,1.5,0,vtype0
182,flow0.33,646488,5.49284e+06,0,13.8814,-0.958246,2.5,1.8,1.5,0,vtype0
182,flow0.34,646509,5.49282e+06,0,13.9381,0.266922,2.5,1.8,1.5,0,vtype0
182,flow0.35,646530,5.4928e+06,0,13.9334,-0.0714649,2.5,1.8,1.5,0,vtype0
182,flow0.36,646555,5.49277e+06,0,13.9678,-0.065605,2.5,1.8,1.5,0,vtype0
182,flow0.37,646590,5.49274e+06,0,10.0203,-4.5,2.5,1.8,1.5,8,vtype0
182,flow0.38,646613,5.49273e+06,0,13.8486,-0.596048,2.5,1.8,1.5,0,vtype0
182,flow0.39,646675,5.49271e+06,0,13.8749,-0.753093,2.5,1.8,1.5,0,vtype0
182,flow0.40,646708,5.4927e+06,0,13.9907,1.11917,2.5,1.8,1.5,0,vtype0
182,flow0.41,646734,5.4927e+06,0,13.9894,0.331975,2.5,1.8,1.5,0,vtype0
182,flow0.42,646781,5.4927e+06,0,13.9333,-0.494516,2.5,1.8,1.5,0,vtype0
182,flow0.43,646822,5.4927e+06,0,13.9586,0.746531,2.5,1.8,1.5,0,vtype0
182,flow0.44,646870,5.49271e+06,0,13.8809,-0.713033,2.5,1.8,1.5,0,vtype0
182,flow0.45,646879,5.49274e+06,0,13.9877,0.689021,2.5,1.8,1.5,0,vtype0
182,flow0.46,646883,5.4928e+06,0,13.877,-0.34438,2.5,1.8,1.5,0,vtype0
182,flow0.47,646890,5.4929e+06,0,12.4354,-0.169457,2.5,1.8,1.5,0,vtype0
182,flow0.48,646889,5.49292e+06,0,12.4485,-0.466021,2.5,1.8,1.5,0,vtype0
182,flow0.49,646888,5.49294e+06,0,12.6475,-0.58329,2.5,1.8,1.5,0,vtype0
182,flow0.50,646886,5.49296e+06,0,13.6283,-0.630742,2.5,1.8,1.5,0,vtype0
182,flow0.51,646884,5.49299e+06,0,13.8926,-0.494454,2.5,1.8,1.5,0,vtype0
182,flow0.52,646881,5.49303e+06,0,13.9004,-0.52872,2.5,1.8,1.5,0,vtype0
182,flow0.53,646876,5.49308e+06,0,13.883,-0.0603596,2.5,1.8,1.5,0,vtype0
182,flow0.54,646871,5.49311e+06,0,9.76291,2.27462,2.5,1.8,1.5,0,vtype0
182,flow0.55,646859,5.49312e+06,0,8.28271,-4.4874,2.5,1.8,1.5,9,vtype0
182,flow0.56,646777,5.49315e+06,0,9.38422,-0.435558,2.5,1.8,1.5,0,vtype0
182,flow0.57,646775,5.49316e+06,0,9.58014,0.236922,2.5,1.8,1.5,2,vtype0
182,flow0.58,646785,5.49318e+06,0,10.7107,-0.860564,2.5,1.8,1.5,2,vtype0
182,flow0.59,646810,5.4932e+06,0,12.6507,0.344575,2.5,1.8,1.5,2,vtype0
182,flow0.60,646839,5.49323e+06,0,11.2363,0.482413,2.5,1.8,1.5,0,vtype0
183,flow0.0,645299,5.4935e+06,0,13.8875,-0.500942,2.5,1.8,1.5,0,vtype0
183,flow0.1,645343,5.4935e+06,0,13.8822,-0.214887,2.5,1.8,1.5,0,vtype0
183,flow0.2,645385,5.49349e+06,0,13.9242,0.310427,2.5,1.8,1.5,0,vtype0
183,flow0.3,645427,5.49349e+06,0,13.9983,0.145918,2.5,1.8,1.5,0,vtype0
183,flow0.4,645498,5.49348e+06,0,13.8803,-0.853331,2.5,1.8,1.5,0,vtype0
183,flow0.5,645531,5.49348e+06,0,13.8955,0.243401,2.5,1.8,1.5,0,vtype0
183,flow0.6,645568,5.49348e+06,0,13.9089,-0.530776,2.5,1.8,1.5,0,vtype0
183,flow0.7,645713,5.49346e+06,0,12.7172,0.783526,2.5,1.8,1.5,0,vtype0
183,flow0.8,645720,5.49346e+06,0,13.8893,-0.95975,2.5,1.8,1.5,0,vtype0
183,flow0.9,645748,5.49346e+06,0,13.9599,0.452463,2.5,1.8,1.5,0,vtype0
183,flow0.10,645774,5.49345e+06,0,13.9699,-0.280772,2.5,1.8,1.5,0,vtype0
183,flow0.11,645798,5.49345e+06,0,13.9632,0.260841,2.5,1.8,1.5,0,vtype0
183,flow0.12,645826,5.49344e+06,0,13.8932,-0.483195,2.5,1.8,1.5,0,vtype0
183,flow0.13,645855,5.49343e+06,0,13.873,-0.227047,2.5,1.8,1.5,0,vtype0
183,flow0.14,645883,5.49342e+06,0,13.9417,0.304313,2.5,1.8,1.5,0,vtype0
183,flow0.15,645915,5.49339e+06,0,13.9496,-0.331096,2.5,1.8,1.5,0,vtype0
183,flow0.16,645947,5.49337e+06,0,13.9356,0.00469899,2.5,1.8,1.5,0,vtype0
183,flow0.17,646081,5.49324e+06,0,13.8736,-1.2439,2.5,1.8,1.5,0,vtype0
183,flow0.18,646100,5.49323e+06,0,13.8792,-1.05181,2.5,1.8,1.5,0,vtype0
183,flow0.19,646120,5.49321e+06,0,13.8807,-0.197969,2.5,1.8,1.5,0,vtype0
183,flow0.20,646137,5.49319e+06,0,13.8863,-0.221904,2.5,1.8,1.5,0,vtype0
183,flow0.21,646155,5.49317e+06,0,13.9389,0.376255,2.5,1.8,1.5,0,vtype0
183,flow0.22,646173,5.49315e+06,0,13.8751,-0.552851,2.5,1.8,1.5,0,vtype0
183,flow0.23,646242,5.49309e+06,0,13.9758,0.23392,2.5,1.8,1.5,0,vtype0
183,flow0.24,646261,5.49307e+06,0,13.8723,-0.313474,2.5,1.8,1.5,0,vtype0
183,flow0.25,646280,5.49305e+06,0,13.9222,-0.432223,2.5,1.8,1.5,0,vtype0
183,flow0.26,646297,5.49303e+06,0,13.9624,0.918541,2.5,1.8,1.5,0,vtype0
183,flow0.27,646315,5.49301e+06,0,13.9218,0.101153,2.5,1.8,1.5,0,vtype0
183,flow0.28,646332,5.493e+06,0,13.9986,0.658335,2.5,1.8,1.5,0,vtype0
183,flow0.29,646351,5.49298e+06,0,13.9025,0.187126,2.5,1.8,1.5,0,vtype0
183,flow0.30,646373,5.49296e+06,0,13.9921,-0.0547269,2.5,1.8,1.5,0,vtype0
183,flow0.31,646397,5.49293e+06,0,13.9754,-0.147519,2.5,1.8,1.5,0,vtype0
183,flow0.32,646453,5.49288e+06,0,13.8812,-0.529191,2.5,1.8,1.5,0,vtype0
183,flow0.33,646478,5.49285e+06,0,13.8937,-0.198901,2.5,1.8,1.5,0,vtype0
183,flow0.34,646499,5.49283e+06,0,13.9548,0.315013,2.5,1.8,1.5,0,vtype0
183,flow0.35,646520,5.49281e+06,0,13.9377,-0.116513,2.5,1.8,1.5,0,vtype0
183,flow0.36,646545,5.49278e+06,0,13.9723,0.773531,2.5,1.8,1.5,0,vtype0
183,flow0.37,646583,5.49274e+06,0,6.94031,2.6,2.5,1.8,1.5,0,vtype0
183,flow0.38,646603,5.49273e+06,0,10.7689,0.171721,2.5,1.8,1.5,0,vtype0
183,flow0.39,646661,5.49271e+06,0,13.8959,-0.927313,2.5,1.8,1.5,0,vtype0
183,flow0.40,646694,5.49271e+06,0,13.9455,-0.0199783,2.5,1.8,1.5,0,vtype0
183,flow0.41,646720,5.4927e+06,0,13.9109,0.126966,2.5,1.8,1.5,0,vtype0
183,flow0.42,646767,5.4927e+06,0,13.9158,-0.820989,2.5,1.8,1.5,0,vtype0
183,flow0.43,646808,5.4927e+06,0,13.9303,-0.158006,2.5,1.8,1.5,0,vtype0
183,flow0.44,646859,5.4927e+06,0,13.9974,0.986108,2.5,1.8,1.5,0,vtype0
183,flow0.45,646877,5.49272e+06,0,13.8781,-0.537843,2.5,1.8,1.5,0,vtype0
183,flow0.46,646882,5.49279e+06,0,13.9667,0.0627617,2.5,1.8,1.5,0,vtype0
183,flow0.47,646890,5.49289e+06,0,12.3519,-0.666667,2.5,1.8,1.5,0,vtype0
183,flow0.48,646890,5.4929e+06,0,12.4815,1.08291,2.5,1.8,1.5,0,vtype0
183,flow0.49,646889,5.49292e+06,0,12.5914,-0.542301,2.5,1.8,1.5,0,vtype0
183,flow0.50,646887,5.49294e+06,0,13.418,-0.508553,2.5,1.8,1.5,0,vtype0
183,flow0.51,646885,5.49297e+06,0,13.9338,0.362544,2.5,1.8,1.5,0,vtype0
183,flow0.52,646882,5.49301e+06,0,13.9006,0.208246,2.5,1.8,1.5,0,vtype0
183,flow0.53,646878,5.49307e+06,0,13.958,0.502514,2.5,1.8,1.5,0,vtype0
183,flow0.54,646873,5.4931e+06,0,11.4963,1.99748,2.5,1.8,1.5,0,vtype0
183,flow0.55,646866,5.49312e+06,0,7.40799,2.6,2.5,1.8,1.5,1,vtype0
183,flow0.56,646785,5.49314e+06,0,9.50589,1.00755,2.5,1.8,1.5,0,vtype0
183,flow0.57,646774,5.49315e+06,0,9.46309,-0.69193,2.5,1.8,1.5,0,vtype0
183,flow0.58,646778,5.49317e+06,0,10.3917,-0.0911631,2.5,1.8,1.5,2,vtype0
183,flow0.59,646802,5.49319e+06,0,12.604,0.24782,2.5,1.8,1.5,2,vtype0
183,flow0.60,646831,5.49322e+06,0,11.217,0.119278,2.5,1.8,1.5,0,vtype0
184,flow0.61,646846,5.49324e+06,0,12.7734,-0.660859,2.5,1.8,1.5,0,vtype0
184,flow0.0,645285,5.4935e+06,0,13.9596,0.77668,2.5,1.8,1.5,0,vtype0
184,flow0.1,645329,5.4935e+06,0,13.8891,-0.638415,2.5,1.8,1.5,0,vtype0
184,flow0.2,645371,5.4935e+06,0,13.932,0.34496,2.5,1.8,1.5,0,vtype0
184,flow0.3,645413,5.49349e+06,0,13.9259,0.0112098,2.5,1.8,1.5,0,vtype0
184,flow0.4,645484,5.49349e+06,0,13.9543,0.0128437,2.5,1.8,1.5,0,vtype0
184,flow0.5,645517,5.49348e+06,0,13.8891,-0.418963,2.5,1.8,1.5,0,vtype0
184,flow0.6,645554,5.49348e+06,0,13.8757,-0.623494,2.5,1.8,1.5,0,vtype0
184,flow0.7,645700,5.49346e+06,0,12.7241,-0.0267433,2.5,1.8,1.5,0,vtype0
184,flow0.8,645706,5.49346e+06,0,13.8787,-0.173619,2.5,1.8,1.5,0,vtype0
184,flow0.9,645734,5.49346e+06,0,13.8903,-0.0541794,2.5,1.8,1.5,0,vtype0
184,flow0.10,645761,5.49346e+06,0,13.9586,0.744586,2.5,1.8,1.5,0,vtype0
184,flow0.11,645784,5.49345e+06,0,13.9407,-0.479796,2.5,1.8,1.5,0,vtype0
184,flow0.12,645813,5.49344e+06,0,13.9781,0.666506,2.5,1.8,1.5,0,vtype0
184,flow0.13,645843,5.49343e+06,0,13.9317,0.0173158,2.5,1.8,1.5,0,vtype0
184,flow0.14,645870,5.49342e+06,0,13.9017,-0.535735,2.5,1.8,1.5,0,vtype0
184,flow0.15,645903,5.4934e+06,0,13.9973,0.927324,2.5,1.8,1.5,0,vtype0
184,flow0.16,645935,5.49338e+06,0,13.9917,-0.0343927,2.5,1.8,1.5,0,vtype0
184,flow0.17,646071,5.49325e+06,0,13.9142,-0.267518,2.5,1.8,1.5,0,vtype0
184,flow0.18,646090,5.49324e+06,0,13.9327,0.602762,2.5,1.8,1.5,0,vtype0
184,flow0.19,646110,5.49322e+06,0,13.9709,-0.00801309,2.5,1.8,1.5,0,vtype0
184,flow0.20,646127,5.4932e+06,0,13.987,1.09436,2.5,1.8,1.5,0,vtype0
184,flow0.21,646145,5.49318e+06,0,13.8802,-0.00667544,2.5,1.8,1.5,0,vtype0
184,flow0.22,646163,5.49316e+06,0,13.9954,0.227217,2.5,1.8,1.5,0,vtype0
184,flow0.23,646232,5.4931e+06,0,13.9518,0.602943,2.5,1.8,1.5,0,vtype0
184,flow0.24,646251,5.49308e+06,0,13.9368,0.188966,2.5,1.8,1.5,0,vtype0
184,flow0.25,646270,5.49306e+06,0,13.9844,0.620809,2.5,1.8,1.5,0,vtype0
184,flow0.26,646287,5.49304e+06,0,13.9972,0.765164,2.5,1.8,1.5,0,vtype0
184,flow0.27,646305,5.49302e+06,0,13.8978,-0.710424,2.5,1.8,1.5,0,vtype0
184,flow0.28,646323,5.49301e+06,0,13.906,-0.623938,2.5,1.8,1.5,0,vtype0
184,flow0.29,646341,5.49299e+06,0,13.9818,0.699162,2.5,1.8,1.5,0,vtype0
184,flow0.30,646363,5.49297e+06,0,13.9828,-0.0548354,2.5,1.8,1.5,0,vtype0
184,flow0.31,646387,5.49294e+06,0,13.91,-0.12573,2.5,1.8,1.5,0,vtype0
184,flow0.32,646443,5.49289e+06,0,13.8936,-0.679704,2.5,1.8,1.5,0,vtype0
184,flow0.33,646468,5.49286e+06,0,13.9895,0.48431,2.5,1.8,1.5,0,vtype0
184,flow0.34,646490,5.49284e+06,0,13.9698,0.194696,2.5,1.8,1.5,0,vtype0
184,flow0.35,646511,5.49282e+06,0,13.9491,-0.288105,2.5,1.8,1.5,0,vtype0
184,flow0.36,646536,5.49279e+06,0,13.919,-0.809852,2.5,1.8,1.5,0,vtype0
184,flow0.37,646576,5.49275e+06,0,9.15642,1.57295,2.5,1.8,1.5,0,vtype0
184,flow0.38,646594,5.49274e+06,0,11.1237,0.740015,2.5,1.8,1.5,0,vtype0
184,flow0.39,646647,5.49271e+06,0,13.9513,0.379864,2.5,1.8,1.5,0,vtype0
184,flow0.40,646680,5.49271e+06,0,13.9022,-0.264886,2.5,1.8,1.5,0,vtype0
184,flow0.41,646706,5.4927e+06,0,13.952,0.0365633,2.5,1.8,1.5,0,vtype0
184,flow0.42,646753,5.4927e+06,0,13.9039,-0.0562782,2.5,1.8,1.5,0,vtype0
184,flow0.43,646794,5.4927e+06,0,13.9104,-0.361114,2.5,1.8,1.5,0,vtype0
184,flow0.44,646845,5.4927e+06,0,13.9322,-0.2085,2.5,1.8,1.5,0,vtype0
184,flow0.45,646871,5.49271e+06,0,13.9218,-0.325021,2.5,1.8,1.5,0,vtype0
184,flow0.46,646881,5.49277e+06,0,13.9062,0.0497307,2.5,1.8,1.5,0,vtype0
184,flow0.47,646889,5.49287e+06,0,12.4471,0.0772462,2.5,1.8,1.5,0,vtype0
184,flow0.48,646891,5.49289e+06,0,12.4474,-0.727546,2.5,1.8,1.5,0,vtype0
184,flow0.49,646889,5.49291e+06,0,12.5641,-0.247724,2.5,1.8,1.5,0,vtype0
184,flow0.50,646888,5.49293e+06,0,13.2517,0.175391,2.5,1.8,1.5,0,vtype0
184,flow0.51,646886,5.49296e+06,0,13.9564,-0.0384702,2.5,1.8,1.5,0,vtype0
184,flow0.52,646883,5.493e+06,0,13.904,-0.49725,2.5,1.8,1.5,0,vtype0
184,flow0.53,646879,5.49306e+06,0,13.9909,0.293151,2.5,1.8,1.5,0,vtype0
184,flow0.54,646875,5.49309e+06,0,13.4245,2.20608,2.5,1.8,1.5,0,vtype0
184,flow0.55,646871,5.49311e+06,0,9.4767,2.39809,2.5,1.8,1.5,0,vtype0
184,flow0.56,646792,5.49314e+06,0,9.43475,-0.375646,2.5,1.8,1.5,0,vtype0
184,flow0.57,646780,5.49315e+06,0,9.48704,-0.815582,2.5,1.8,1.5,0,vtype0
184,flow0.58,646775,5.49316e+06,0,10.1483,-0.224358,2.5,1.8,1.5,2,vtype0
184,flow0.59,646793,5.49318e+06,0,12.6105,0.180014,2.5,1.8,1.5,2,vtype0
184,flow0.60,646823,5.49322e+06,0,11.1466,-0.397422,2.5,1.8,1.5,2,vtype0
185,flow0.0,645271,5.4935e+06,0,13.997,0.935502,2.5,1.8,1.5,0,vtype0
185,flow0.1,645316,5.4935e+06,0,13.9209,-0.157741,2.5,1.8,1.5,0,vtype0
185,flow0.2,645357,5.4935e+06,0,13.9376,-0.280214,2.5,1.8,1.5,0,vtype0
185,flow0.3,645399,5.49349e+06,0,13.9873,0.255823,2.5,1.8,1.5,0,vtype0
185,flow0.4,645470,5.49349e+06,0,13.9014,0.11071,2.5,1.8,1.5,0,vtype0
185,flow0.5,645504,5.49348e+06,0,13.9207,-0.544307,2.5,1.8,1.5,0,vtype0
185,flow0.6,645540,5.49348e+06,0,13.9699,-0.291696,2.5,1.8,1.5,0,vtype0
185,flow0.7,645687,5.49347e+06,0,12.6946,-0.0785932,2.5,1.8,1.5,0,vtype0
185,flow0.8,645692,5.49346e+06,0,13.9731,0.125543,2.5,1.8,1.5,0,vtype0
185,flow0.9,645720,5.49346e+06,0,13.9992,1.20117,2.5,1.8,1.5,0,vtype0
185,flow0.10,645747,5.49346e+06,0,13.9052,-0.721116,2.5,1.8,1.5,0,vtype0
185,flow0.11,645770,5.49345e+06,0,13.8869,-0.909814,2.5,1.8,1.5,0,vtype0
185,flow0.12,645800,5.49345e+06,0,13.9637,0.748145,2.5,1.8,1.5,0,vtype0
185,flow0.13,645829,5.49344e+06,0,13.9688,0.59045,2.5,1.8,1.5,0,vtype0
185,flow0.14,645858,5.49343e+06,0,13.9713,0.57419,2.5,1.8,1.5,0,vtype0
185,flow0.15,645892,5.49341e+06,0,13.9806,0.727119,2.5,1.8,1.5,0,vtype0
185,flow0.16,645924,5.49339e+06,0,13.9863,0.657271,2.5,1.8,1.5,0,vtype0
185,flow0.17,646061,5.49326e+06,0,13.9243,-0.273499,2.5,1.8,1.5,0,vtype0
185,flow0.18,646080,5.49325e+06,0,13.9885,0.482784,2.5,1.8,1.5,0,vtype0
185,flow0.19,646100,5.49323e+06,0,13.8761,-0.398829,2.5,1.8,1.5,0,vtype0
185,flow0.20,646117,5.49321e+06,0,13.9717,-0.149296,2.5,1.8,1.5,0,vtype0
185,flow0.21,646135,5.49319e+06,0,13.9848,0.768608,2.5,1.8,1.5,0,vtype0
185,flow0.22,646153,5.49317e+06,0,13.9242,-0.575794,2.5,1.8,1.5,0,vtype0
185,flow0.23,646222,5.49311e+06,0,13.8727,-1.16189,2.5,1.8,1.5,0,vtype0
185,flow0.24,646241,5.49309e+06,0,13.9896,0.523602,2.5,1.8,1.5,0,vtype0
185,flow0.25,646259,5.49307e+06,0,13.9218,-0.69053,2.5,1.8,1.5,0,vtype0
185,flow0.26,646277,5.49305e+06,0,13.897,-0.820745,2.5,1.8,1.5,0,vtype0
185,flow0.27,646295,5.49303e+06,0,13.9158,-0.356177,2.5,1.8,1.5,0,vtype0
185,flow0.28,646313,5.49302e+06,0,13.9705,0.392832,2.5,1.8,1.5,0,vtype0
185,flow0.29,646332,5.493e+06,0,13.9406,-0.542074,2.5,1.8,1.5,0,vtype0
185,flow0.30,646353,5.49298e+06,0,13.9897,0.125756,2.5,1.8,1.5,0,vtype0
185,flow0.31,646377,5.49295e+06,0,13.938,-0.458175,2.5,1.8,1.5,0,vtype0
185,flow0.32,646433,5.4929e+06,0,13.8837,0.128721,2.5,1.8,1.5,0,vtype0
185,flow0.33,646458,5.49287e+06,0,13.9763,0.878171,2.5,1.8,1.5,0,vtype0
185,flow0.34,646480,5.49285e+06,0,13.9591,-0.253258,2.5,1.8,1.5,0,vtype0
185,flow0.35,646501,5.49283e+06,0,13.8785,0.0642836,2.5,1.8,1.5,0,vtype0
185,flow0.36,646526,5.4928e+06,0,13.9946,0.988273,2.5,1.8,1.5,0,vtype0
185,flow0.37,646569,5.49276e+06,0,11.1146,2.28358,2.5,1.8,1.5,0,vtype0
185,flow0.38,646586,5.49274e+06,0,7.53302,-4.45001,2.5,1.8,1.5,8,vtype0
185,flow0.39,646634,5.49272e+06,0,13.8946,-0.611627,2.5,1.8,1.5,0,vtype0
185,flow0.40,646666,5.49271e+06,0,13.9383,-0.137867,2.5,1.8,1.5,0,vtype0
185,flow0.41,646692,5.49271e+06,0,13.8893,-0.520872,2.5,1.8,1.5,0,vtype0
185,flow0.42,646740,5.4927e+06,0,13.9419,-0.0801196,2.5,1.8,1.5,0,vtype0
185,flow0.43,646780,5.4927e+06,0,13.8766,-0.730237,2.5,1.8,1.5,0,vtype0
185,flow0.44,646831,5.4927e+06,0,13.9311,-0.0994365,2.5,1.8,1.5,0,vtype0
185,flow0.45,646859,5.4927e+06,0,13.9355,0.0156652,2.5,1.8,1.5,0,vtype0
185,flow0.46,646880,5.49276e+06,0,13.9842,-0.0622194,2.5,1.8,1.5,0,vtype0
185,flow0.47,646888,5.49286e+06,0,12.4403,-0.126116,2.5,1.8,1.5,0,vtype0
185,flow0.48,646890,5.49288e+06,0,12.5231,1.36367,2.5,1.8,1.5,0,vtype0
185,flow0.49,646890,5.4929e+06,0,12.4714,-0.983717,2.5,1.8,1.5,0,vtype0
185,flow0.50,646889,5.49292e+06,0,12.9763,-0.407415,2.5,1.8,1.5,0,vtype0
185,flow0.51,646887,5.49294e+06,0,13.9992,0.633483,2.5,1.8,1.5,0,vtype0
185,flow0.52,646884,5.49298e+06,0,13.9719,0.732774,2.5,1.8,1.5,0,vtype0
185,flow0.53,646880,5.49304e+06,0,13.988,0.973615,2.5,1.8,1.5,0,vtype0
185,flow0.54,646877,5.49308e+06,0,13.9969,0.118335,2.5,1.8,1.5,0,vtype0
185,flow0.55,646873,5.4931e+06,0,11.4969,2.12162,2.5,1.8,1.5,0,vtype0
185,flow0.56,646799,5.49313e+06,0,9.3833,0.0551208,2.5,1.8,1.5,0,vtype0
185,flow0.57,646788,5.49314e+06,0,9.40895,-0.715576,2.5,1.8,1.5,0,vtype0
185,flow0.58,646775,5.49315e+06,0,9.93775,-0.845391,2.5,1.8,1.5,0,vtype0
185,flow0.59,646784,5.49318e+06,0,12.5737,-0.62477,2.5,1.8,1.5,2,vtype0
185,flow0.60,646815,5.49321e+06,0,11.1656,-0.858481,2.5,1.8,1.5,2,vtype0
185,flow0.61,646837,5.49323e+06,0,12.8365,0.129915,2.5,1.8,1.5,0,vtype0
186,flow0.0,645257,5.4935e+06,0,13.9252,-0.314752,2.5,1.8,1.5,0,vtype0
186,flow0.1,645302,5.4935e+06,0,13.8979,-0.60062,2.5,1.8,1.5,0,vtype0
186,flow0.2,645343,5.4935e+06,0,13.9436,0.635057,2.5,1.8,1.5,0,vtype0
186,flow0.3,645385,5.49349e+06,0,13.8741,-1.1764,2.5,1.8,1.5,0,vtype0
186,flow0.4,645456,5.49349e+06,0,13.9757,0.925725,2.5,1.8,1.5,0,vtype0
186,flow0.5,645490,5.49349e+06,0,13.9776,0.0955764,2.5,1.8,1.5,0,vtype0
186,flow0.6,645526,5.49348e+06,0,13.9591,0.573321,2.5,1.8,1.5,0,vtype0
186,flow0.7,645675,5.49347e+06,0,12.6209,-0.600256,2.5,1.8,1.5,0,vtype0
186,flow0.8,645678,5.49346e+06,0,13.8725,-0.0931077,2.5,1.8,1.5,0,vtype0
186,flow0.9,645707,5.49346e+06,0,13.9877,0.161241,2.5,1.8,1.5,0,vtype0
186,flow0.10,645733,5.49346e+06,0,13.8931,-1.03801,2.5,1.8,1.5,0,vtype0
186,flow0.11,645757,5.49346e+06,0,13.8807,-1.0812,2.5,1.8,1.5,0,vtype0
186,flow0.12,645786,5.49345e+06,0,13.8756,-0.406043,2.5,1.8,1.5,0,vtype0
186,flow0.13,645816,5.49344e+06,0,13.9054,-0.21097,2.5,1.8,1.5,0,vtype0
186,flow0.14,645845,5.49343e+06,0,13.9061,0.118211,2.5,1.8,1.5,0,vtype0
186,flow0.15,645880,5.49342e+06,0,13.8851,0.0230047,2.5,1.8,1.5,0,vtype0
186,flow0.16,645912,5.4934e+06,0,13.8986,0.210797,2.5,1.8,1.5,0,vtype0
186,flow0.17,646051,5.49327e+06,0,13.982,0.943444,2.5,1.8,1.5,0,vtype0
186,flow0.18,646070,5.49325e+06,0,13.9714,0.469083,2.5,1.8,1.5,0,vtype0
186,flow0.19,646090,5.49324e+06,0,13.8824,0.108751,2.5,1.8,1.5,0,vtype0
186,flow0.20,646107,5.49322e+06,0,13.9073,-0.378248,2.5,1.8,1.5,0,vtype0
186,flow0.21,646125,5.4932e+06,0,13.9202,0.217848,2.5,1.8,1.5,0,vtype0
186,flow0.22,646143,5.49318e+06,0,13.873,0.00536274,2.5,1.8,1.5,0,vtype0
186,flow0.23,646212,5.49312e+06,0,13.929,-0.447423,2.5,1.8,1.5,0,vtype0
186,flow0.24,646231,5.4931e+06,0,13.9437,-0.181828,2.5,1.8,1.5,0,vtype0
186,flow0.25,646249,5.49308e+06,0,13.898,-0.892799,2.5,1.8,1.5,0,vtype0
186,flow0.26,646267,5.49306e+06,0,13.9788,-0.125983,2.5,1.8,1.5,0,vtype0
186,flow0.27,646286,5.49304e+06,0,13.9438,0.0307496,2.5,1.8,1.5,0,vtype0
186,flow0.28,646303,5.49303e+06,0,13.9393,-0.53734,2.5,1.8,1.5,0,vtype0
186,flow0.29,646322,5.49301e+06,0,13.8855,-0.548661,2.5,1.8,1.5,0,vtype0
186,flow0.30,646343,5.49299e+06,0,13.9499,-0.395574,2.5,1.8,1.5,0,vtype0
186,flow0.31,646367,5.49296e+06,0,13.9465,0.101161,2.5,1.8,1.5,0,vtype0
186,flow0.32,646423,5.49291e+06,0,13.9003,-0.479948,2.5,1.8,1.5,0,vtype0
186,flow0.33,646448,5.49288e+06,0,13.9485,0.0224134,2.5,1.8,1.5,0,vtype0
186,flow0.34,646470,5.49286e+06,0,13.879,-1.10309,2.5,1.8,1.5,0,vtype0
186,flow0.35,646492,5.49284e+06,0,13.926,-0.394956,2.5,1.8,1.5,0,vtype0
186,flow0.36,646517,5.49281e+06,0,13.955,0.809558,2.5,1.8,1.5,0,vtype0
186,flow0.37,646561,5.49276e+06,0,13.0092,2.08598,2.5,1.8,1.5,0,vtype0
186,flow0.38,646580,5.49275e+06,0,7.94236,2.51737,2.5,1.8,1.5,0,vtype0
186,flow0.39,646621,5.49272e+06,0,13.9097,-0.46409,2.5,1.8,1.5,0,vtype0
186,flow0.40,646652,5.49271e+06,0,13.9602,-0.148836,2.5,1.8,1.5,0,vtype0
186,flow0.41,646678,5.49271e+06,0,13.9067,0.175252,2.5,1.8,1.5,0,vtype0
186,flow0.42,646726,5.4927e+06,0,13.9543,-0.0194846,2.5,1.8,1.5,0,vtype0
186,flow0.43,646766,5.4927e+06,0,13.9357,-0.529064,2.5,1.8,1.5,0,vtype0
186,flow0.44,646817,5.4927e+06,0,13.9667,0.412887,2.5,1.8,1.5,0,vtype0
186,flow0.45,646846,5.4927e+06,0,13.936,0.0341849,2.5,1.8,1.5,0,vtype0
186,flow0.46,646879,5.49275e+06,0,13.8992,0.122639,2.5,1.8,1.5,0,vtype0
186,flow0.47,646887,5.49285e+06,0,12.4683,0.291824,2.5,1.8,1.5,0,vtype0
186,flow0.48,646889,5.49287e+06,0,12.4193,-0.129608,2.5,1.8,1.5,0,vtype0
186,flow0.49,646890,5.49289e+06,0,12.5334,-0.629022,2.5,1.8,1.5,0,vtype0
186,flow0.50,646890,5.4929e+06,0,12.8992,0.741832,2.5,1.8,1.5,0,vtype0
186,flow0.51,646888,5.49293e+06,0,13.9752,0.670611,2.5,1.8,1.5,0,vtype0
186,flow0.52,646885,5.49297e+06,0,13.9694,0.0782263,2.5,1.8,1.5,0,vtype0
186,flow0.53,646881,5.49303e+06,0,13.9476,0.0828085,2.5,1.8,1.5,0,vtype0
186,flow0.54,646879,5.49306e+06,0,13.9558,0.701594,2.5,1.8,1.5,0,vtype0
186,flow0.55,646875,5.49309e+06,0,13.2886,1.61141,2.5,1.8,1.5,0,vtype0
186,flow0.56,646807,5.49313e+06,0,9.43657,-0.0991309,2.5,1.8,1.5,0,vtype0
186,flow0.57,646795,5.49313e+06,0,9.48513,-0.182753,2.5,1.8,1.5,0,vtype0
186,flow0.58,646783,5.49314e+06,0,9.84591,-0.197712,2.5,1.8,1.5,0,vtype0
186,flow0.59,646776,5.49317e+06,0,12.6253,-0.520038,2.5,1.8,1.5,2,vtype0
186,flow0.60,646807,5.4932e+06,0,11.2617,1.01815,2.5,1.8,1.5,2,vtype0
186,flow0.61,646828,5.49322e+06,0,12.8163,-0.183226,2.5,1.8,1.5,2,vtype0
187,flow0.62,646845,5.49324e+06,0,13.297,-0.254068,2.5,1.8,1.5,0,vtype0
187,flow0.0,645243,5.49351e+06,0,13.971,0.605907,2.5,1.8,1.5,0,vtype0
187,flow0.1,645288,5.4935e+06,0,13.9687,-0.279296,2.5,1.8,1.5,0,vtype0
187,flow0.2,645329,5.4935e+06,0,13.9912,0.984947,2.5,1.8,1.5,0,vtype0
187,flow0.3,645371,5.4935e+06,0,13.9104,0.317946,2.5,1.8,1.5,0,vtype0
187,flow0.4,645442,5.49349e+06,0,13.963,0.307739,2.5,1.8,1.5,0,vtype0
187,flow0.5,645476,5.49349e+06,0,13.9882,0.130303,2.5,1.8,1.5,0,vtype0
187,flow0.6,645512,5.49348e+06,0,13.9885,1.01487,2.5,1.8,1.5,0,vtype0
187,flow0.7,645662,5.49347e+06,0,12.7154,0.598958,2.5,1.8,1.5,0,vtype0
187,flow0.8,645665,5.49347e+06,0,13.9092,-0.721368,2.5,1.8,1.5,0,vtype0
187,flow0.9,645693,5.49347e+06,0,13.9539,0.314783,2.5,1.8,1.5,0,vtype0
187,flow0.10,645719,5.49346e+06,0,13.9992,0.0179902,2.5,1.8,1.5,0,vtype0
187,flow0.11,645743,5.49346e+06,0,13.9799,0.572069,2.5,1.8,1.5,0,vtype0
187,flow0.12,645772,5.49345e+06,0,13.9097,-0.220575,2.5,1.8,1.5,0,vtype0
187,flow0.13,645803,5.49345e+06,0,13.8897,-0.580425,2.5,1.8,1.5,0,vtype0
187,flow0.14,645832,5.49344e+06,0,13.8903,-0.113787,2.5,1.8,1.5,0,vtype0
187,flow0.15,645867,5.49342e+06,0,13.9909,-0.0125121,2.5,1.8,1.5,0,vtype0
187,flow0.16,645901,5.4934e+06,0,13.9659,0.790397,2.5,1.8,1.5,0,vtype0
187,flow0.17,646041,5.49328e+06,0,13.9701,0.610882,2.5,1.8,1.5,0,vtype0
187,flow0.18,646060,5.49326e+06,0,13.9241,-0.30283,2.5,1.8,1.5,0,vtype0
187,flow0.19,646080,5.49325e+06,0,13.9381,0.398226,2.5,1.8,1.5,0,vtype0
187,flow0.20,646097,5.49323e+06,0,13.943,-0.398212,2.5,1.8,1.5,0,vtype0
187,flow0.21,646115,5.49321e+06,0,13.9725,-0.271866,2.5,1.8,1.5,0,vtype0
187,flow0.22,646133,5.49319e+06,0,13.9196,0.396112,2.5,1.8,1.5,0,vtype0
187,flow0.23,646202,5.49313e+06,0,13.9024,0.0850262,2.5,1.8,1.5,0,vtype0
187,flow0.24,646221,5.49311e+06,0,13.8853,-0.721463,2.5,1.8,1.5,0,vtype0
187,flow0.25,646239,5.49309e+06,0,13.9979,0.514168,2.5,1.8,1.5,0,vtype0
187,flow0.26,646257,5.49307e+06,0,13.9775,0.568054,2.5,1.8,1.5,0,vtype0
187,flow0.27,646276,5.49305e+06,0,13.8768,0.0426856,2.5,1.8,1.5,0,vtype0
187,flow0.28,646293,5.49304e+06,0,13.8836,-0.10825,2.5,1.8,1.5,0,vtype0
187,flow0.29,646312,5.49302e+06,0,13.8844,-1.09057,2.5,1.8,1.5,0,vtype0
187,flow0.30,646334,5.493e+06,0,13.883,-0.757195,2.5,1.8,1.5,0,vtype0
187,flow0.31,646358,5.49297e+06,0,13.9455,-0.150535,2.5,1.8,1.5,0,vtype0
187,flow0.32,646413,5.49292e+06,0,13.9494,-0.107231,2.5,1.8,1.5,0,vtype0
187,flow0.33,646438,5.49289e+06,0,13.9038,-0.772057,2.5,1.8,1.5,0,vtype0
187,flow0.34,646460,5.49287e+06,0,13.955,0.686106,2.5,1.8,1.5,0,vtype0
187,flow0.35,646482,5.49285e+06,0,13.9931,0.169967,2.5,1.8,1.5,0,vtype0
187,flow0.36,646507,5.49282e+06,0,13.8847,-0.696719,2.5,1.8,1.5,0,vtype0
187,flow0.37,646552,5.49277e+06,0,13.8808,-1.18465,2.5,1.8,1.5,0,vtype0
187,flow0.38,646573,5.49275e+06,0,10.0071,2.30727,2.5,1.8,1.5,0,vtype0
187,flow0.39,646609,5.49273e+06,0,13.8927,-0.314832,2.5,1.8,1.5,0,vtype0
187,flow0.40,646639,5.49272e+06,0,13.8881,-0.816851,2.5,1.8,1.5,0,vtype0
187,flow0.41,646664,5.49271e+06,0,13.9886,-0.0361785,2.5,1.8,1.5,0,vtype0
187,flow0.42,646712,5.4927e+06,0,13.93,-0.122416,2.5,1.8,1.5,0,vtype0
187,flow0.43,646752,5.4927e+06,0,13.9254,-0.697767,2.5,1.8,1.5,0,vtype0
187,flow0.44,646803,5.4927e+06,0,13.9429,0.718044,2.5,1.8,1.5,0,vtype0
187,flow0.45,646832,5.4927e+06,0,13.9119,-0.390812,2.5,1.8,1.5,0,vtype0
187,flow0.46,646879,5.49273e+06,0,13.9148,0.127958,2.5,1.8,1.5,0,vtype0
187,flow0.47,646886,5.49284e+06,0,12.4295,-0.102951,2.5,1.8,1.5,0,vtype0
187,flow0.48,646888,5.49286e+06,0,12.4384,0.644278,2.5,1.8,1.5,0,vtype0
187,flow0.49,646889,5.49287e+06,0,12.4268,-0.964986,2.5,1.8,1.5,0,vtype0
187,flow0.50,646891,5.49289e+06,0,12.8571,1.06617,2.5,1.8,1.5,0,vtype0
187,flow0.51,646889,5.49292e+06,0,13.8991,-0.578047,2.5,1.8,1.5,0,vtype0
187,flow0.52,646886,5.49296e+06,0,13.9155,0.080295,2.5,1.8,1.5,0,vtype0
187,flow0.53,646882,5.49301e+06,0,13.9132,0.316387,2.5,1.8,1.5,0,vtype0
187,flow0.54,646879,5.49305e+06,0,13.9217,-0.72842,2.5,1.8,1.5,0,vtype0
187,flow0.55,646877,5.49308e+06,0,13.9835,0.121727,2.5,1.8,1.5,0,vtype0
187,flow0.56,646816,5.49312e+06,0,9.45286,0.66842,2.5,1.8,1.5,0,vtype0
187,flow0.57,646802,5.49313e+06,0,9.39559,-0.440361,2.5,1.8,1.5,0,vtype0
187,flow0.58,646790,5.49314e+06,0,9.65272,-0.467275,2.5,1.8,1.5,0,vtype0
187,flow0.59,646774,5.49315e+06,0,12.2396,-1.56632,2.5,1.8,1.5,8,vtype0
187,flow0.60,646800,5.49319e+06,0,11.195,-0.476803,2.5,1.8,1.5,2,vtype0
187,flow0.61,646819,5.49321e+06,0,12.779,-0.632103,2.5,1.8,1.5,2,vtype0
188,flow0.0,645229,5.49351e+06,0,13.9793,0.628459,2.5,1.8,1.5,0,vtype0
188,flow0.1,645274,5.4935e+06,0,13.956,0.813248,2.5,1.8,1.5,0,vtype0
188,flow0.2,645315,5.4935e+06,0,13.9536,-0.408957,2.5,1.8,1.5,0,vtype0
188,flow0.3,645357,5.4935e+06,0,13.9404,0.60725,2.5,1.8,1.5,0,vtype0
188,flow0.4,645428,5.49349e+06,0,13.9629,0.753928,2.5,1.8,1.5,0,vtype0
188,flow0.5,645462,5.49349e+06,0,13.9878,0.974795,2.5,1.8,1.5,0,vtype0
188,flow0.6,645498,5.49348e+06,0,13.9894,0.212784,2.5,1.8,1.5,0,vtype0
188,flow0.7,645650,5.49347e+06,0,12.6738,-0.535787,2.5,1.8,1.5,0,vtype0
188,flow0.8,645651,5.49347e+06,0,13.9669,0.636018,2.5,1.8,1.5,0,vtype0
188,flow0.9,645679,5.49347e+06,0,13.931,-0.252584,2.5,1.8,1.5,0,vtype0
188,flow0.10,645706,5.49346e+06,0,13.9923,-0.0415419,2.5,1.8,1.5,0,vtype0
188,flow0.11,645729,5.49346e+06,0,13.8763,-0.131515,2.5,1.8,1.5,0,vtype0
188,flow0.12,645759,5.49346e+06,0,13.8937,-0.446489,2.5,1.8,1.5,0,vtype0
188,flow0.13,645789,5.49345e+06,0,13.8754,-0.41289,2.5,1.8,1.5,0,vtype0
188,flow0.14,645819,5.49344e+06,0,13.9084,0.0957943,2.5,1.8,1.5,0,vtype0
188,flow0.15,645854,5.49343e+06,0,13.96,0.781673,2.5,1.8,1.5,0,vtype0
188,flow0.16,645890,5.49341e+06,0,13.9586,0.517477,2.5,1.8,1.5,0,vtype0
188,flow0.17,646031,5.49329e+06,0,13.9909,0.895945,2.5,1.8,1.5,0,vtype0
188,flow0.18,646051,5.49327e+06,0,13.8725,-0.715065,2.5,1.8,1.5,0,vtype0
188,flow0.19,646070,5.49326e+06,0,13.9399,-0.541356,2.5,1.8,1.5,0,vtype0
188,flow0.20,646087,5.49324e+06,0,13.954,0.580138,2.5,1.8,1.5,0,vtype0
188,flow0.21,646105,5.49322e+06,0,13.909,-0.639027,2.5,1.8,1.5,0,vtype0
188,flow0.22,646123,5.4932e+06,0,13.9768,0.205518,2.5,1.8,1.5,0,vtype0
188,flow0.23,646192,5.49314e+06,0,13.963,0.912583,2.5,1.8,1.5,0,vtype0
188,flow0.24,646211,5.49312e+06,0,13.9838,0.529512,2.5,1.8,1.5,0,vtype0
188,flow0.25,646229,5.4931e+06,0,13.9819,0.650116,2.5,1.8,1.5,0,vtype0
188,flow0.26,646247,5.49308e+06,0,13.874,-0.0686239,2.5,1.8,1.5,0,vtype0
188,flow0.27,646266,5.49306e+06,0,13.8879,0.154847,2.5,1.8,1.5,0,vtype0
188,flow0.28,646284,5.49305e+06,0,13.8738,-0.193183,2.5,1.8,1.5,0,vtype0
188,flow0.29,646302,5.49303e+06,0,13.9371,-0.231527,2.5,1.8,1.5,0,vtype0
188,flow0.30,646324,5.49301e+06,0,13.9213,-0.121341,2.5,1.8,1.5,0,vtype0
188,flow0.31,646348,5.49298e+06,0,13.9232,0.268948,2.5,1.8,1.5,0,vtype0
188,flow0.32,646403,5.49293e+06,0,13.9865,0.756971,2.5,1.8,1.5,0,vtype0
188,flow0.33,646428,5.4929e+06,0,13.8867,-0.594459,2.5,1.8,1.5,0,vtype0
188,flow0.34,646450,5.49288e+06,0,13.9615,-0.0470407,2.5,1.8,1.5,0,vtype0
188,flow0.35,646472,5.49286e+06,0,13.9017,-0.733377,2.5,1.8,1.5,0,vtype0
188,flow0.36,646498,5.49283e+06,0,13.9922,0.221708,2.5,1.8,1.5,0,vtype0
188,flow0.37,646542,5.49279e+06,0,13.9142,-0.00637961,2.5,1.8,1.5,0,vtype0
188,flow0.38,646565,5.49276e+06,0,12.1968,2.47298,2.5,1.8,1.5,0,vtype0
188,flow0.39,646597,5.49274e+06,0,13.3229,-3.26074,2.5,1.8,1.5,8,vtype0
188,flow0.40,646626,5.49272e+06,0,13.9274,0.390504,2.5,1.8,1.5,0,vtype0
188,flow0.41,646651,5.49271e+06,0,13.9178,0.142293,2.5,1.8,1.5,0,vtype0
188,flow0.42,646698,5.49271e+06,0,13.8861,-0.757138,2.5,1.8,1.5,0,vtype0
188,flow0.43,646738,5.4927e+06,0,13.9176,-0.485476,2.5,1.8,1.5,0,vtype0
188,flow0.44,646789,5.4927e+06,0,13.9708,0.57198,2.5,1.8,1.5,0,vtype0
188,flow0.45,646818,5.4927e+06,0,13.9293,0.37158,2.5,1.8,1.5,0,vtype0
188,flow0.46,646876,5.49272e+06,0,13.9947,0.979204,2.5,1.8,1.5,0,vtype0
188,flow0.47,646885,5.49283e+06,0,12.4114,0.0984595,2.5,1.8,1.5,0,vtype0
188,flow0.48,646887,5.49284e+06,0,12.4681,0.311984,2.5,1.8,1.5,0,vtype0
188,flow0.49,646888,5.49286e+06,0,12.5024,0.980495,2.5,1.8,1.5,0,vtype0
188,flow0.50,646890,5.49288e+06,0,12.694,0.639583,2.5,1.8,1.5,0,vtype0
188,flow0.51,646890,5.4929e+06,0,13.9294,-0.540884,2.5,1.8,1.5,0,vtype0
188,flow0.52,646887,5.49294e+06,0,13.9681,-0.170189,2.5,1.8,1.5,0,vtype0
188,flow0.53,646883,5.493e+06,0,13.9653,-0.0936922,2.5,1.8,1.5,0,vtype0
188,flow0.54,646880,5.49303e+06,0,13.8924,-0.835841,2.5,1.8,1.5,0,vtype0
188,flow0.55,646878,5.49306e+06,0,13.9153,-0.78953,2.5,1.8,1.5,0,vtype0
188,flow0.56,646826,5.49312e+06,0,9.48394,0.781381,2.5,1.8,1.5,0,vtype0
188,flow0.57,646811,5.49313e+06,0,9.4395,-0.355375,2.5,1.8,1.5,0,vtype0
188,flow0.58,646797,5.49313e+06,0,9.66544,0.853255,2.5,1.8,1.5,0,vtype0
188,flow0.59,646782,5.49314e+06,0,11.5095,-1.54689,2.5,1.8,1.5,8,vtype0
188,flow0.60,646792,5.49318e+06,0,11.2039,-0.653352,2.5,1.8,1.5,2,vtype0
188,flow0.61,646810,5.4932e+06,0,12.7785,-0.79999,2.5,1.8,1.5,2,vtype0
188,flow0.62,646836,5.49323e+06,0,13.2776,-0.0252662,2.5,1.8,1.5,0,vtype0
189,flow0.0,645216,5.49351e+06,0,13.9652,0.32698,2.5,1.8,1.5,0,vtype0
189,flow0.1,645260,5.4935e+06,0,13.9498,-0.0681055,2.5,1.8,1.5,0,vtype0
189,flow0.2,645302,5.4935e+06,0,13.9936,1.05515,2.5,1.8,1.5,0,vtype0
189,flow0.3,645343,5.4935e+06,0,13.9979,0.16173,2.5,1.8,1.5,0,vtype0
189,flow0.4,645414,5.49349e+06,0,13.9118,-0.634666,2.5,1.8,1.5,0,vtype0
189,flow0.5,645448,5.49349e+06,0,13.9569,0.301396,2.5,1.8,1.5,0,vtype0
189,flow0.6,645485,5.49349e+06,0,13.8839,-0.0742432,2.5,1.8,1.5,0,vtype0
189,flow0.7,645637,5.49347e+06,0,12.686,0.102793,2.5,1.8,1.5,0,vtype0
189,flow0.8,645637,5.49347e+06,0,13.9317,-0.632951,2.5,1.8,1.5,0,vtype0
189,flow0.9,645665,5.49347e+06,0,13.9947,0.492323,2.5,1.8,1.5,0,vtype0
189,flow0.10,645692,5.49347e+06,0,13.9283,-0.308755,2.5,1.8,1.5,0,vtype0
189,flow0.11,645715,5.49346e+06,0,13.9174,-0.801812,2.5,1.8,1.5,0,vtype0
189,flow0.12,645745,5.49346e+06,0,13.9223,-0.371456,2.5,1.8,1.5,0,vtype0
189,flow0.13,645775,5.49345e+06,0,13.955,0.331888,2.5,1.8,1.5,0,vtype0
189,flow0.14,645805,5.49345e+06,0,13.899,-0.398999,2.5,1.8,1.5,0,vtype0
189,flow0.15,645842,5.49343e+06,0,13.9185,-0.320494,2.5,1.8,1.5,0,vtype0
189,flow0.16,645877,5.49342e+06,0,13.9887,0.603945,2.5,1.8,1.5,0,vtype0
189,flow0.17,646021,5.4933e+06,0,13.9455,0.20541,2.5,1.8,1.5,0,vtype0
189,flow0.18,646041,5.49328e+06,0,13.8904,0.154307,2.5,1.8,1.5,0,vtype0
189,flow0.19,646060,5.49327e+06,0,13.966,0.599823,2.5,1.8,1.5,0,vtype0
189,flow0.20,646077,5.49325e+06,0,13.934,0.167359,2.5,1.8,1.5,0,vtype0
189,flow0.21,646095,5.49323e+06,0,13.9916,1.11934,2.5,1.8,1.5,0,vtype0
189,flow0.22,646113,5.49321e+06,0,13.9063,-0.507771,2.5,1.8,1.5,0,vtype0
189,flow0.23,646182,5.49315e+06,0,13.9092,-0.620564,2.5,1.8,1.5,0,vtype0
189,flow0.24,646201,5.49313e+06,0,13.9338,0.0721152,2.5,1.8,1.5,0,vtype0
189,flow0.25,646219,5.49311e+06,0,13.9258,-0.367224,2.5,1.8,1.5,0,vtype0
189,flow0.26,646237,5.49309e+06,0,13.8702,-0.0195931,2.5,1.8,1.5,0,vtype0
189,flow0.27,646256,5.49307e+06,0,13.936,0.109825,2.5,1.8,1.5,0,vtype0
189,flow0.28,646274,5.49306e+06,0,13.8734,-0.245355,2.5,1.8,1.5,0,vtype0
189,flow0.29,646293,5.49304e+06,0,13.8972,-0.298583,2.5,1.8,1.5,0,vtype0
189,flow0.30,646314,5.49302e+06,0,13.8791,-0.991768,2.5,1.8,1.5,0,vtype0
189,flow0.31,646338,5.49299e+06,0,13.8876,-0.122228,2.5,1.8,1.5,0,vtype0
189,flow0.32,646393,5.49294e+06,0,13.91,0.27008,2.5,1.8,1.5,0,vtype0
189,flow0.33,646418,5.49291e+06,0,13.9365,-0.490419,2.5,1.8,1.5,0,vtype0
189,flow0.34,646440,5.49289e+06,0,13.9,-0.276144,2.5,1.8,1.5,0,vtype0
189,flow0.35,646462,5.49287e+06,0,13.8729,-0.208887,2.5,1.8,1.5,0,vtype0
189,flow0.36,646488,5.49284e+06,0,13.9955,0.464535,2.5,1.8,1.5,0,vtype0
189,flow0.37,646533,5.4928e+06,0,13.915,-0.671459,2.5,1.8,1.5,0,vtype0
189,flow0.38,646556,5.49277e+06,0,13.8776,1.03837,2.5,1.8,1.5,0,vtype0
189,flow0.39,646587,5.49274e+06,0,8.83016,-4.5,2.5,1.8,1.5,8,vtype0
189,flow0.40,646613,5.49273e+06,0,13.8423,-0.740807,2.5,1.8,1.5,0,vtype0
189,flow0.41,646637,5.49272e+06,0,13.9126,-0.484417,2.5,1.8,1.5,0,vtype0
189,flow0.42,646684,5.49271e+06,0,13.9448,0.276171,2.5,1.8,1.5,0,vtype0
189,flow0.43,646725,5.4927e+06,0,13.9205,-0.670102,2.5,1.8,1.5,0,vtype0
189,flow0.44,646775,5.4927e+06,0,13.872,-0.160443,2.5,1.8,1.5,0,vtype0
189,flow0.45,646804,5.4927e+06,0,13.9336,-0.124334,2.5,1.8,1.5,0,vtype0
189,flow0.46,646867,5.49271e+06,0,13.9492,0.35012,2.5,1.8,1.5,0,vtype0
189,flow0.47,646884,5.49281e+06,0,12.3618,-1.04182,2.5,1.8,1.5,0,vtype0
189,flow0.48,646886,5.49283e+06,0,12.4456,-0.724353,2.5,1.8,1.5,0,vtype0
189,flow0.49,646887,5.49285e+06,0,12.5548,1.36303,2.5,1.8,1.5,0,vtype0
189,flow0.50,646889,5.49287e+06,0,12.5609,-1.68488,2.5,1.8,1.5,8,vtype0
189,flow0.51,646890,5.49289e+06,0,13.8052,0.303732,2.5,1.8,1.5,0,vtype0
189,flow0.52,646888,5.49293e+06,0,13.8927,-0.139135,2.5,1.8,1.5,0,vtype0
189,flow0.53,646884,5.49299e+06,0,13.9895,0.148485,2.5,1.8,1.5,0,vtype0
189,flow0.54,646881,5.49302e+06,0,13.9499,0.776517,2.5,1.8,1.5,0,vtype0
189,flow0.55,646879,5.49305e+06,0,13.9098,-0.658152,2.5,1.8,1.5,0,vtype0
189,flow0.56,646835,5.49312e+06,0,9.42112,0.342897,2.5,1.8,1.5,1,vtype0
189,flow0.57,646821,5.49312e+06,0,9.41514,-0.370737,2.5,1.8,1.5,0,vtype0
189,flow0.58,646806,5.49313e+06,0,9.60668,-0.245065,2.5,1.8,1.5,0,vtype0
189,flow0.59,646790,5.49314e+06,0,11.0698,-0.778478,2.5,1.8,1.5,0,vtype0
189,flow0.60,646784,5.49318e+06,0,11.1998,0.231066,2.5,1.8,1.5,2,vtype0
189,flow0.61,646801,5.49319e+06,0,12.8446,0.359134,2.5,1.8,1.5,2,vtype0
189,flow0.62,646827,5.49322e+06,0,13.3164,-0.173922,2.5,1.8,1.5,2,vtype0
190,flow0.63,646845,5.49324e+06,0,13.5443,-1.13674,2.5,1.8,1.5,0,vtype0
190,flow0.0,645202,5.49351e+06,0,13.9151,0.402562,2.5,1.8,1.5,0,vtype0
190,flow0.1,645246,5.49351e+06,0,13.8962,-1.02115,2.5,1.8,1.5,0,vtype0
190,flow0.2,645288,5.4935e+06,0,13.9737,1.02253,2.5,1.8,1.5,0,vtype0
190,flow0.3,645330,5.4935e+06,0,13.9277,-0.156269,2.5,1.8,1.5,0,vtype0
190,flow0.4,645400,5.49349e+06,0,13.9836,0.990175,2.5,1.8,1.5,0,vtype0
190,flow0.5,645434,5.49349e+06,0,13.8995,-0.171471,2.5,1.8,1.5,0,vtype0
190,flow0.6,645471,5.49349e+06,0,13.8963,-0.996328,2.5,1.8,1.5,0,vtype0
190,flow0.7,645624,5.49347e+06,0,12.7383,1.19063,2.5,1.8,1.5,0,vtype0
190,flow0.8,645623,5.49347e+06,0,13.9324,0.154652,2.5,1.8,1.5,0,vtype0
190,flow0.9,645651,5.49347e+06,0,13.9193,-0.154615,2.5,1.8,1.5,0,vtype0
190,flow0.10,645678,5.49347e+06,0,13.9343,0.572869,2.5,1.8,1.5,0,vtype0
190,flow0.11,645702,5.49346e+06,0,13.9052,-0.548479,2.5,1.8,1.5,0,vtype0
190,flow0.12,645731,5.49346e+06,0,13.9902,-0.00347725,2.5,1.8,1.5,0,vtype0
190,flow0.13,645762,5.49345e+06,0,13.8747,-0.573907,2.5,1.8,1.5,0,vtype0
190,flow0.14,645792,5.49345e+06,0,13.9905,0.289476,2.5,1.8,1.5,0,vtype0
190,flow0.15,645828,5.49344e+06,0,13.9733,0.907432,2.5,1.8,1.5,0,vtype0
190,flow0.16,645864,5.49342e+06,0,13.957,0.0760365,2.5,1.8,1.5,0,vtype0
190,flow0.17,646012,5.49331e+06,0,13.9739,0.336768,2.5,1.8,1.5,0,vtype0
190,flow0.18,646031,5.49329e+06,0,13.9674,0.764194,2.5,1.8,1.5,0,vtype0
190,flow0.19,646050,5.49327e+06,0,13.9453,0.599412,2.5,1.8,1.5,0,vtype0
190,flow0.20,646067,5.49326e+06,0,13.9252,0.260702,2.5,1.8,1.5,0,vtype0
190,flow0.21,646085,5.49324e+06,0,13.9153,0.330945,2.5,1.8,1.5,0,vtype0
190,flow0.22,646103,5.49322e+06,0,13.9259,-0.499779,2.5,1.8,1.5,0,vtype0
190,flow0.23,646172,5.49316e+06,0,13.8852,-0.949974,2.5,1.8,1.5,0,vtype0
190,flow0.24,646192,5.49314e+06,0,13.9574,0.490009,2.5,1.8,1.5,0,vtype0
190,flow0.25,646209,5.49312e+06,0,13.8845,-0.228003,2.5,1.8,1.5,0,vtype0
190,flow0.26,646227,5.4931e+06,0,13.9377,0.159088,2.5,1.8,1.5,0,vtype0
190,flow0.27,646246,5.49308e+06,0,13.9766,0.170297,2.5,1.8,1.5,0,vtype0
190,flow0.28,646264,5.49307e+06,0,13.9779,0.0651977,2.5,1.8,1.5,0,vtype0
190,flow0.29,646283,5.49305e+06,0,13.9439,0.323294,2.5,1.8,1.5,0,vtype0
190,flow0.30,646304,5.49303e+06,0,13.8908,-1.07409,2.5,1.8,1.5,0,vtype0
190,flow0.31,646328,5.493e+06,0,13.9122,-0.253943,2.5,1.8,1.5,0,vtype0
190,flow0.32,646383,5.49294e+06,0,13.9592,0.137259,2.5,1.8,1.5,0,vtype0
190,flow0.33,646408,5.49292e+06,0,13.9453,-0.18957,2.5,1.8,1.5,0,vtype0
190,flow0.34,646430,5.4929e+06,0,13.9876,1.0578,2.5,1.8,1.5,0,vtype0
190,flow0.35,646452,5.49288e+06,0,13.9812,0.509784,2.5,1.8,1.5,0,vtype0
190,flow0.36,646478,5.49285e+06,0,13.9418,0.48238,2.5,1.8,1.5,0,vtype0
190,flow0.37,646523,5.49281e+06,0,13.9264,0.342711,2.5,1.8,1.5,0,vtype0
190,flow0.38,646547,5.49278e+06,0,13.922,-0.13321,2.5,1.8,1.5,0,vtype0
190,flow0.39,646581,5.49274e+06,0,7.17016,2.6,2.5,1.8,1.5,0,vtype0
190,flow0.40,646603,5.49273e+06,0,11.3106,-0.986627,2.5,1.8,1.5,0,vtype0
190,flow0.41,646624,5.49272e+06,0,13.4795,-0.893753,2.5,1.8,1.5,0,vtype0
190,flow0.42,646670,5.49271e+06,0,13.8896,-0.385448,2.5,1.8,1.5,0,vtype0
190,flow0.43,646711,5.4927e+06,0,13.8913,-0.348788,2.5,1.8,1.5,0,vtype0
190,flow0.44,646762,5.4927e+06,0,13.8988,-0.63052,2.5,1.8,1.5,0,vtype0
190,flow0.45,646790,5.4927e+06,0,13.9198,-0.515072,2.5,1.8,1.5,0,vtype0
190,flow0.46,646854,5.4927e+06,0,13.9136,-0.226519,2.5,1.8,1.5,0,vtype0
190,flow0.47,646883,5.4928e+06,0,12.4526,0.0476048,2.5,1.8,1.5,0,vtype0
190,flow0.48,646885,5.49282e+06,0,12.3745,0.0503863,2.5,1.8,1.5,0,vtype0
190,flow0.49,646886,5.49284e+06,0,12.354,-0.784761,2.5,1.8,1.5,0,vtype0
190,flow0.50,646888,5.49285e+06,0,12.5182,-0.383557,2.5,1.8,1.5,0,vtype0
190,flow0.51,646889,5.49287e+06,0,13.4229,-0.93345,2.5,1.8,1.5,0,vtype0
190,flow0.52,646889,5.49291e+06,0,13.8785,-0.338127,2.5,1.8,1.5,0,vtype0
190,flow0.53,646885,5.49297e+06,0,13.9925,0.659571,2.5,1.8,1.5,0,vtype0
190,flow0.54,646882,5.49301e+06,0,13.9913,0.247763,2.5,1.8,1.5,0,vtype0
190,flow0.55,646880,5.49304e+06,0,13.9193,0.0431566,2.5,1.8,1.5,0,vtype0
190,flow0.56,646845,5.49312e+06,0,9.41717,-0.616807,2.5,1.8,1.5,1,vtype0
190,flow0.57,646830,5.49312e+06,0,9.48174,-0.140438,2.5,1.8,1.5,1,vtype0
190,flow0.58,646815,5.49312e+06,0,9.59851,0.829591,2.5,1.8,1.5,0,vtype0
190,flow0.59,646798,5.49313e+06,0,10.6327,-0.759873,2.5,1.8,1.5,0,vtype0
190,flow0.60,646777,5.49317e+06,0,11.2149,0.257729,2.5,1.8,1.5,2,vtype0
190,flow0.61,646792,5.49318e+06,0,12.8265,0.193228,2.5,1.8,1.5,2,vtype0
190,flow0.62,646817,5.49321e+06,0,13.3674,-0.0958979,2.5,1.8,1.5,2,vtype0
191,flow0.0,645187,5.49351e+06,0,13.9726,-0.0838723,2.5,1.8,1.5,0,vtype0
191,flow0.1,645232,5.49351e+06,0,13.9306,-0.0647852,2.5,1.8,1.5,0,vtype0
191,flow0.2,645274,5.4935e+06,0,13.9623,0.614526,2.5,1.8,1.5,0,vtype0
191,flow0.3,645316,5.4935e+06,0,13.9377,-0.22244,2.5,1.8,1.5,0,vtype0
191,flow0.4,645387,5.49349e+06,0,13.9646,-0.0951762,2.5,1.8,1.5,0,vtype0
191,flow0.5,645420,5.49349e+06,0,13.9165,-0.724769,2.5,1.8,1.5,0,vtype0
191,flow0.6,645457,5.49349e+06,0,13.933,0.0596526,2.5,1.8,1.5,0,vtype0
191,flow0.7,645612,5.49347e+06,0,12.6198,-0.351491,2.5,1.8,1.5,0,vtype0
191,flow0.8,645609,5.49347e+06,0,13.9176,-0.416065,2.5,1.8,1.5,0,vtype0
191,flow0.9,645637,5.49347e+06,0,13.9855,0.160573,2.5,1.8,1.5,0,vtype0
191,flow0.10,645664,5.49347e+06,0,13.9948,0.504402,2.5,1.8,1.5,0,vtype0
191,flow0.11,645688,5.49347e+06,0,13.9962,0.452577,2.5,1.8,1.5,0,vtype0
191,flow0.12,645717,5.49346e+06,0,13.9712,0.789294,2.5,1.8,1.5,0,vtype0
191,flow0.13,645748,5.49346e+06,0,13.9432,0.0416805,2.5,1.8,1.5,0,vtype0
191,flow0.14,645778,5.49345e+06,0,13.9492,-0.343251,2.5,1.8,1.5,0,vtype0
191,flow0.15,645815,5.49344e+06,0,13.9886,0.697041,2.5,1.8,1.5,0,vtype0
191,flow0.16,645852,5.49343e+06,0,13.874,-0.158345,2.5,1.8,1.5,0,vtype0
191,flow0.17,646002,5.49332e+06,0,13.8935,-0.666424,2.5,1.8,1.5,0,vtype0
191,flow0.18,646021,5.4933e+06,0,13.9909,0.288154,2.5,1.8,1.5,0,vtype0
191,flow0.19,646040,5.49328e+06,0,13.9879,0.0536547,2.5,1.8,1.5,0,vtype0
191,flow0.20,646058,5.49327e+06,0,13.8937,-0.894711,2.5,1.8,1.5,0,vtype0
191,flow0.21,646075,5.49325e+06,0,13.963,0.300101,2.5,1.8,1.5,0,vtype0
191,flow0.22,646093,5.49323e+06,0,13.9301,0.0957018,2.5,1.8,1.5,0,vtype0
191,flow0.23,646162,5.49316e+06,0,13.8885,-1.05986,2.5,1.8,1.5,0,vtype0
191,flow0.24,646182,5.49315e+06,0,13.8962,-0.570131,2.5,1.8,1.5,0,vtype0
191,flow0.25,646199,5.49313e+06,0,13.9496,-0.0200934,2.5,1.8,1.5,0,vtype0
191,flow0.26,646217,5.49311e+06,0,13.9921,0.908364,2.5,1.8,1.5,0,vtype0
191,flow0.27,646236,5.49309e+06,0,13.9727,0.784963,2.5,1.8,1.5,0,vtype0
191,flow0.28,646254,5.49308e+06,0,13.9149,-0.624421,2.5,1.8,1.5,0,vtype0
191,flow0.29,646273,5.49306e+06,0,13.9545,-0.157864,2.5,1.8,1.5,0,vtype0
191,flow0.30,646295,5.49304e+06,0,13.8924,0.0960444,2.5,1.8,1.5,0,vtype0
191,flow0.31,646319,5.49301e+06,0,13.8949,-0.0624664,2.5,1.8,1.5,0,vtype0
191,flow0.32,646373,5.49295e+06,0,13.8773,-1.11546,2.5,1.8,1.5,0,vtype0
191,flow0.33,646398,5.49293e+06,0,13.9794,0.30507,2.5,1.8,1.5,0,vtype0
191,flow0.34,646420,5.49291e+06,0,13.8884,-0.837314,2.5,1.8,1.5,0,vtype0
191,flow0.35,646442,5.49289e+06,0,13.8922,-0.674294,2.5,1.8,1.5,0,vtype0
191,flow0.36,646468,5.49286e+06,0,13.9719,0.423302,2.5,1.8,1.5,0,vtype0
191,flow0.37,646514,5.49282e+06,0,13.9156,0.264392,2.5,1.8,1.5,0,vtype0
191,flow0.38,646537,5.49279e+06,0,13.9175,-0.785615,2.5,1.8,1.5,0,vtype0
191,flow0.39,646575,5.49275e+06,0,9.09238,1.41727,2.5,1.8,1.5,0,vtype0
191,flow0.40,646593,5.49274e+06,0,11.5767,2.00586,2.5,1.8,1.5,0,vtype0
191,flow0.41,646612,5.49273e+06,0,12.964,-0.784562,2.5,1.8,1.5,0,vtype0
191,flow0.42,646656,5.49271e+06,0,13.9451,0.100107,2.5,1.8,1.5,0,vtype0
191,flow0.43,646697,5.49271e+06,0,13.9996,0.044295,2.5,1.8,1.5,0,vtype0
191,flow0.44,646748,5.4927e+06,0,13.9393,0.314547,2.5,1.8,1.5,0,vtype0
191,flow0.45,646776,5.4927e+06,0,13.9865,0.192321,2.5,1.8,1.5,0,vtype0
191,flow0.46,646841,5.4927e+06,0,13.9526,-0.152831,2.5,1.8,1.5,0,vtype0
191,flow0.47,646882,5.49279e+06,0,12.3629,-0.12545,2.5,1.8,1.5,0,vtype0
191,flow0.48,646884,5.49281e+06,0,12.4294,0.144612,2.5,1.8,1.5,0,vtype0
191,flow0.49,646885,5.49282e+06,0,12.4435,1.11068,2.5,1.8,1.5,0,vtype0
191,flow0.50,646887,5.49284e+06,0,12.4791,-0.858241,2.5,1.8,1.5,0,vtype0
191,flow0.51,646888,5.49286e+06,0,13.1866,-0.492178,2.5,1.8,1.5,0,vtype0
191,flow0.52,646890,5.4929e+06,0,13.9062,-0.705506,2.5,1.8,1.5,0,vtype0
191,flow0.53,646886,5.49296e+06,0,13.9891,0.16208,2.5,1.8,1.5,0,vtype0
191,flow0.54,646883,5.49299e+06,0,13.9694,0.489812,2.5,1.8,1.5,0,vtype0
191,flow0.55,646881,5.49302e+06,0,13.8983,-0.295406,2.5,1.8,1.5,0,vtype0
191,flow0.56,646854,5.49312e+06,0,9.44004,-0.646556,2.5,1.8,1.5,1,vtype0
191,flow0.57,646839,5.49312e+06,0,9.50656,-0.00713423,2.5,1.8,1.5,1,vtype0
191,flow0.58,646825,5.49312e+06,0,9.55899,0.0140975,2.5,1.8,1.5,0,vtype0
191,flow0.59,646808,5.49313e+06,0,10.3274,-0.144483,2.5,1.8,1.5,0,vtype0
191,flow0.60,646774,5.49316e+06,0,11.2095,-0.194961,2.5,1.8,1.5,0,vtype0
191,flow0.61,646783,5.49317e+06,0,12.5852,0.482782,2.5,1.8,1.5,2,vtype0
191,flow0.62,646808,5.4932e+06,0,13.3795,0.863603,2.5,1.8,1.5,2,vtype0
191,flow0.63,646836,5.49323e+06,0,13.623,-0.351696,2.5,1.8,1.5,2,vtype0
192,flow0.0,645174,5.49351e+06,0,13.8751,-0.162149,2.5,1.8,1.5,0,vtype0
192,flow0.1,645219,5.49351e+06,0,13.9903,1.01491,2.5,1.8,1.5,0,vtype0
192,flow0.2,645260,5.4935e+06,0,13.985,0.953977,2.5,1.8,1.5,0,vtype0
192,flow0.3,645302,5.4935e+06,0,13.9324,-0.258131,2.5,1.8,1.5,0,vtype0
192,flow0.4,645373,5.4935e+06,0,13.9968,0.780808,2.5,1.8,1.5,0,vtype0
192,flow0.5,645406,5.49349e+06,0,13.9327,0.0272154,2.5,1.8,1.5,0,vtype0
192,flow0.6,645443,5.49349e+06,0,13.9962,0.78026,2.5,1.8,1.5,0,vtype0
192,flow0.7,645599,5.49348e+06,0,12.7374,0.346414,2.5,1.8,1.5,0,vtype0
192,flow0.8,645595,5.49347e+06,0,13.9259,0.2338,2.5,1.8,1.5,0,vtype0
192,flow0.9,645624,5.49347e+06,0,13.8714,-0.183727,2.5,1.8,1.5,0,vtype0
192,flow0.10,645650,5.49347e+06,0,13.9057,0.00520497,2.5,1.8,1.5,0,vtype0
192,flow0.11,645674,5.49347e+06,0,13.9443,0.145136,2.5,1.8,1.5,0,vtype0
192,flow0.12,645704,5.49346e+06,0,13.9424,-0.488638,2.5,1.8,1.5,0,vtype0
192,flow0.13,645734,5.49346e+06,0,13.9342,-0.330989,2.5,1.8,1.5,0,vtype0
192,flow0.14,645765,5.49345e+06,0,13.9178,-0.427841,2.5,1.8,1.5,0,vtype0
192,flow0.15,645802,5.49345e+06,0,13.9315,0.0185889,2.5,1.8,1.5,0,vtype0
192,flow0.16,645839,5.49344e+06,0,13.9146,0.435979,2.5,1.8,1.5,0,vtype0
192,flow0.17,645991,5.49333e+06,0,13.9881,-0.0650103,2.5,1.8,1.5,0,vtype0
192,flow0.18,646011,5.49331e+06,0,13.8988,0.204265,2.5,1.8,1.5,0,vtype0
192,flow0.19,646031,5.49329e+06,0,13.9766,0.13526,2.5,1.8,1.5,0,vtype0
192,flow0.20,646048,5.49328e+06,0,13.9378,0.511727,2.5,1.8,1.5,0,vtype0
192,flow0.21,646065,5.49326e+06,0,13.9581,0.248437,2.5,1.8,1.5,0,vtype0
192,flow0.22,646083,5.49324e+06,0,13.9292,-0.113078,2.5,1.8,1.5,0,vtype0
192,flow0.23,646152,5.49317e+06,0,13.937,0.606897,2.5,1.8,1.5,0,vtype0
192,flow0.24,646172,5.49316e+06,0,13.9501,0.12492,2.5,1.8,1.5,0,vtype0
192,flow0.25,646190,5.49314e+06,0,13.9146,-0.812247,2.5,1.8,1.5,0,vtype0
192,flow0.26,646207,5.49312e+06,0,13.94,-0.446327,2.5,1.8,1.5,0,vtype0
192,flow0.27,646226,5.4931e+06,0,13.9271,0.140094,2.5,1.8,1.5,0,vtype0
192,flow0.28,646244,5.49309e+06,0,13.8751,-0.686164,2.5,1.8,1.5,0,vtype0
192,flow0.29,646263,5.49307e+06,0,13.9667,-0.232443,2.5,1.8,1.5,0,vtype0
192,flow0.30,646285,5.49305e+06,0,13.948,0.663412,2.5,1.8,1.5,0,vtype0
192,flow0.31,646309,5.49302e+06,0,13.9577,0.296156,2.5,1.8,1.5,0,vtype0
192,flow0.32,646364,5.49296e+06,0,13.9399,0.664954,2.5,1.8,1.5,0,vtype0
192,flow0.33,646388,5.49294e+06,0,13.9319,0.238137,2.5,1.8,1.5,0,vtype0
192,flow0.34,646410,5.49292e+06,0,13.8837,-0.597795,2.5,1.8,1.5,0,vtype0
192,flow0.35,646432,5.4929e+06,0,13.9451,-0.0768801,2.5,1.8,1.5,0,vtype0
192,flow0.36,646458,5.49287e+06,0,13.8988,-0.169289,2.5,1.8,1.5,0,vtype0
192,flow0.37,646504,5.49283e+06,0,13.9434,-0.0236472,2.5,1.8,1.5,0,vtype0
192,flow0.38,646528,5.4928e+06,0,13.9558,0.20458,2.5,1.8,1.5,0,vtype0
192,flow0.39,646568,5.49276e+06,0,11.0767,2.54086,2.5,1.8,1.5,0,vtype0
192,flow0.40,646585,5.49274e+06,0,7.2212,-4.5,2.5,1.8,1.5,8,vtype0
192,flow0.41,646602,5.49273e+06,0,10.1705,-3.24458,2.5,1.8,1.5,8,vtype0
192,flow0.42,646643,5.49271e+06,0,13.8779,-0.226285,2.5,1.8,1.5,0,vtype0
192,flow0.43,646683,5.49271e+06,0,13.8873,-0.334464,2.5,1.8,1.5,0,vtype0
192,flow0.44,646734,5.4927e+06,0,13.9847,0.633518,2.5,1.8,1.5,0,vtype0
192,flow0.45,646762,5.4927e+06,0,13.9582,-0.36802,2.5,1.8,1.5,0,vtype0
192,flow0.46,646827,5.4927e+06,0,13.9034,-0.932711,2.5,1.8,1.5,0,vtype0
192,flow0.47,646881,5.49278e+06,0,12.4611,0.429673,2.5,1.8,1.5,0,vtype0
192,flow0.48,646883,5.49279e+06,0,12.3833,0.151194,2.5,1.8,1.5,0,vtype0
192,flow0.49,646884,5.49281e+06,0,12.366,-0.18645,2.5,1.8,1.5,0,vtype0
192,flow0.50,646886,5.49283e+06,0,12.5045,-0.742706,2.5,1.8,1.5,0,vtype0
192,flow0.51,646887,5.49285e+06,0,13.0227,0.306167,2.5,1.8,1.5,0,vtype0
192,flow0.52,646890,5.49289e+06,0,13.9139,-0.481785,2.5,1.8,1.5,0,vtype0
192,flow0.53,646887,5.49294e+06,0,13.9937,0.0437187,2.5,1.8,1.5,0,vtype0
192,flow0.54,646884,5.49298e+06,0,13.8716,-0.891538,2.5,1.8,1.5,0,vtype0
192,flow0.55,646882,5.49301e+06,0,13.9744,-0.186237,2.5,1.8,1.5,0,vtype0
192,flow0.56,646862,5.49312e+06,0,6.48674,-4.5,2.5,1.8,1.5,9,vtype0
192,flow0.57,646848,5.49312e+06,0,7.74381,-3.03333,2.5,1.8,1.5,9,vtype0
192,flow0.58,646834,5.49312e+06,0,8.59661,-1.17609,2.5,1.8,1.5,9,vtype0
192,flow0.59,646818,5.49312e+06,0,9.62356,-0.36188,2.5,1.8,1.5,0,vtype0
192,flow0.60,646779,5.49315e+06,0,11.1791,-0.552606,2.5,1.8,1.5,0,vtype0
192,flow0.61,646775,5.49316e+06,0,12.2226,0.0695001,2.5,1.8,1.5,2,vtype0
192,flow0.62,646799,5.49319e+06,0,13.2796,0.101944,2.5,1.8,1.5,2,vtype0
192,flow0.63,646826,5.49322e+06,0,13.5628,-0.471873,2.5,1.8,1.5,2,vtype0
193,flow0.64,646845,5.49324e+06,0,13.9485,0.621946,2.5,1.8,1.5,0,vtype0
193,flow0.0,645160,5.49352e+06,0,13.9006,-0.904856,2.5,1.8,1.5,0,vtype0
193,flow0.1,645205,5.49351e+06,0,13.9111,-0.734822,2.5,1.8,1.5,0,vtype0
193,flow0.2,645246,5.49351e+06,0,13.9569,0.0463831,2.5,1.8,1.5,0,vtype0
193,flow0.3,645288,5.4935e+06,0,13.9335,-0.318813,2.5,1.8,1.5,0,vtype0
193,flow0.4,645359,5.4935e+06,0,13.9432,0.232848,2.5,1.8,1.5,0,vtype0
193,flow0.5,645393,5.49349e+06,0,13.9881,0.563921,2.5,1.8,1.5,0,vtype0
193,flow0.6,645429,5.49349e+06,0,13.9271,0.431886,2.5,1.8,1.5,0,vtype0
193,flow0.7,645586,5.49348e+06,0,12.6942,-0.217842,2.5,1.8,1.5,0,vtype0
193,flow0.8,645582,5.49347e+06,0,13.9431,-0.00870939,2.5,1.8,1.5,0,vtype0
193,flow0.9,645610,5.49347e+06,0,13.9873,0.939558,2.5,1.8,1.5,0,vtype0
193,flow0.10,645636,5.49347e+06,0,13.9667,0.279983,2.5,1.8,1.5,0,vtype0
193,flow0.11,645660,5.49347e+06,0,13.9691,0.511022,2.5,1.8,1.5,0,vtype0
193,flow0.12,645690,5.49347e+06,0,13.8798,0.0539292,2.5,1.8,1.5,0,vtype0
193,flow0.13,645720,5.49346e+06,0,13.8992,-0.255691,2.5,1.8,1.5,0,vtype0
193,flow0.14,645751,5.49346e+06,0,13.9223,0.20589,2.5,1.8,1.5,0,vtype0
193,flow0.15,645788,5.49345e+06,0,13.925,0.246157,2.5,1.8,1.5,0,vtype0
193,flow0.16,645826,5.49344e+06,0,13.984,1.0656,2.5,1.8,1.5,0,vtype0
193,flow0.17,645981,5.49334e+06,0,13.9944,0.709106,2.5,1.8,1.5,0,vtype0
193,flow0.18,646002,5.49332e+06,0,13.875,-0.0376471,2.5,1.8,1.5,0,vtype0
193,flow0.19,646021,5.4933e+06,0,13.9685,0.229286,2.5,1.8,1.5,0,vtype0
193,flow0.20,646038,5.49329e+06,0,13.9329,-0.558715,2.5,1.8,1.5,0,vtype0
193,flow0.21,646055,5.49327e+06,0,13.8808,-1.02903,2.5,1.8,1.5,0,vtype0
193,flow0.22,646073,5.49325e+06,0,13.9547,-0.301918,2.5,1.8,1.5,0,vtype0
193,flow0.23,646142,5.49318e+06,0,13.8736,-0.185485,2.5,1.8,1.5,0,vtype0
193,flow0.24,646162,5.49317e+06,0,13.9873,-0.0415208,2.5,1.8,1.5,0,vtype0
193,flow0.25,646180,5.49315e+06,0,13.8937,-0.726097,2.5,1.8,1.5,0,vtype0
193,flow0.26,646197,5.49313e+06,0,13.9906,0.0284917,2.5,1.8,1.5,0,vtype0
193,flow0.27,646216,5.49311e+06,0,13.9471,0.319667,2.5,1.8,1.5,0,vtype0
193,flow0.28,646234,5.49309e+06,0,13.8923,-0.301254,2.5,1.8,1.5,0,vtype0
193,flow0.29,646253,5.49308e+06,0,13.9163,0.283932,2.5,1.8,1.5,0,vtype0
193,flow0.30,646275,5.49306e+06,0,13.9017,-0.314745,2.5,1.8,1.5,0,vtype0
193,flow0.31,646299,5.49303e+06,0,13.9486,0.324388,2.5,1.8,1.5,0,vtype0
193,flow0.32,646354,5.49297e+06,0,13.913,-0.846114,2.5,1.8,1.5,0,vtype0
193,flow0.33,646378,5.49295e+06,0,13.9101,0.0414162,2.5,1.8,1.5,0,vtype0
193,flow0.34,646400,5.49293e+06,0,13.9467,-0.521629,2.5,1.8,1.5,0,vtype0
193,flow0.35,646422,5.49291e+06,0,13.9888,1.18751,2.5,1.8,1.5,0,vtype0
193,flow0.36,646448,5.49288e+06,0,13.9507,0.205646,2.5,1.8,1.5,0,vtype0
193,flow0.37,646495,5.49284e+06,0,13.9837,0.537161,2.5,1.8,1.5,0,vtype0
193,flow0.38,646518,5.49281e+06,0,13.9428,0.197987,2.5,1.8,1.5,0,vtype0
193,flow0.39,646560,5.49277e+06,0,13.0565,1.68284,2.5,1.8,1.5,0,vtype0
193,flow0.40,646579,5.49275e+06,0,8.31082,2.24286,2.5,1.8,1.5,0,vtype0
193,flow0.41,646594,5.49274e+06,0,9.63267,-0.388693,2.5,1.8,1.5,0,vtype0
193,flow0.42,646630,5.49272e+06,0,13.9064,-0.538893,2.5,1.8,1.5,0,vtype0
193,flow0.43,646669,5.49271e+06,0,13.9136,-0.705127,2.5,1.8,1.5,0,vtype0
193,flow0.44,646720,5.4927e+06,0,13.9862,0.0372324,2.5,1.8,1.5,0,vtype0
193,flow0.45,646748,5.4927e+06,0,13.9318,0.60102,2.5,1.8,1.5,0,vtype0
193,flow0.46,646813,5.4927e+06,0,13.9378,0.127097,2.5,1.8,1.5,0,vtype0
193,flow0.47,646880,5.49276e+06,0,12.4521,0.771535,2.5,1.8,1.5,0,vtype0
193,flow0.48,646882,5.49278e+06,0,12.385,-0.0168125,2.5,1.8,1.5,0,vtype0
193,flow0.49,646883,5.4928e+06,0,12.4068,0.758315,2.5,1.8,1.5,0,vtype0
193,flow0.50,646885,5.49282e+06,0,12.4724,-0.459316,2.5,1.8,1.5,0,vtype0
193,flow0.51,646886,5.49284e+06,0,12.8843,-0.221988,2.5,1.8,1.5,0,vtype0
193,flow0.52,646889,5.49287e+06,0,13.9351,0.16217,2.5,1.8,1.5,0,vtype0
193,flow0.53,646888,5.49293e+06,0,13.8926,-0.949563,2.5,1.8,1.5,0,vtype0
193,flow0.54,646885,5.49297e+06,0,13.9654,-0.25853,2.5,1.8,1.5,0,vtype0
193,flow0.55,646883,5.49299e+06,0,13.8708,-0.895434,2.5,1.8,1.5,0,vtype0
193,flow0.56,646870,5.49312e+06,0,8.81707,2.15042,2.5,1.8,1.5,0,vtype0
193,flow0.57,646856,5.49312e+06,0,8.56937,0.850808,2.5,1.8,1.5,1,vtype0
193,flow0.58,646842,5.49312e+06,0,8.66633,1.06307,2.5,1.8,1.5,1,vtype0
193,flow0.59,646827,5.49312e+06,0,9.23885,1.21096,2.5,1.8,1.5,1,vtype0
193,flow0.60,646788,5.49314e+06,0,11.235,0.863708,2.5,1.8,1.5,0,vtype0
193,flow0.61,646774,5.49315e+06,0,11.8742,-0.522867,2.5,1.8,1.5,0,vtype0
193,flow0.62,646789,5.49318e+06,0,13.384,0.915308,2.5,1.8,1.5,2,vtype0
193,flow0.63,646817,5.49321e+06,0,13.648,0.330103,2.5,1.8,1.5,2,vtype0
194,flow0.0,645147,5.49352e+06,0,13.9505,0.621938,2.5,1.8,1.5,0,vtype0
194,flow0.1,645190,5.49351e+06,0,13.9114,-0.440598,2.5,1.8,1.5,0,vtype0
194,flow0.2,645232,5.49351e+06,0,13.9993,0.245165,2.5,1.8,1.5,0,vtype0
194,flow0.3,645274,5.4935e+06,0,13.9413,0.512066,2.5,1.8,1.5,0,vtype0
194,flow0.4,645345,5.4935e+06,0,13.9044,-0.143162,2.5,1.8,1.5,0,vtype0
194,flow0.5,645379,5.49349e+06,0,13.9348,0.609022,2.5,1.8,1.5,0,vtype0
194,flow0.6,645415,5.49349e+06,0,13.9452,0.39499,2.5,1.8,1.5,0,vtype0
194,flow0.7,645574,5.49348e+06,0,12.6771,-0.140254,2.5,1.8,1.5,0,vtype0
194,flow0.8,645568,5.49348e+06,0,13.9893,0.290477,2.5,1.8,1.5,0,vtype0
194,flow0.9,645596,5.49347e+06,0,13.9433,0.631049,2.5,1.8,1.5,0,vtype0
194,flow0.10,645622,5.49347e+06,0,13.9908,0.243324,2.5,1.8,1.5,0,vtype0
194,flow0.11,645646,5.49347e+06,0,13.9623,0.78935,2.5,1.8,1.5,0,vtype0
194,flow0.12,645676,5.49347e+06,0,13.9038,-0.922126,2.5,1.8,1.5,0,vtype0
194,flow0.13,645707,5.49346e+06,0,13.9887,0.00528687,2.5,1.8,1.5,0,vtype0
194,flow0.14,645737,5.49346e+06,0,13.976,0.852977,2.5,1.8,1.5,0,vtype0
194,flow0.15,645774,5.49345e+06,0,13.9775,0.41239,2.5,1.8,1.5,0,vtype0
194,flow0.16,645812,5.49344e+06,0,13.9812,0.0511236,2.5,1.8,1.5,0,vtype0
194,flow0.17,645970,5.49335e+06,0,13.9553,0.548955,2.5,1.8,1.5,0,vtype0
194,flow0.18,645991,5.49333e+06,0,13.9741,-0.0885452,2.5,1.8,1.5,0,vtype0
194,flow0.19,646011,5.49331e+06,0,13.9116,0.133463,2.5,1.8,1.5,0,vtype0
194,flow0.20,646028,5.4933e+06,0,13.9416,0.462005,2.5,1.8,1.5,0,vtype0
194,flow0.21,646045,5.49328e+06,0,13.953,-0.145872,2.5,1.8,1.5,0,vtype0
194,flow0.22,646063,5.49326e+06,0,13.9188,-0.630886,2.5,1.8,1.5,0,vtype0
194,flow0.23,646132,5.49319e+06,0,13.9148,0.0227756,2.5,1.8,1.5,0,vtype0
194,flow0.24,646152,5.49318e+06,0,13.9726,0.810736,2.5,1.8,1.5,0,vtype0
194,flow0.25,646170,5.49316e+06,0,13.9699,0.604683,2.5,1.8,1.5,0,vtype0
194,flow0.26,646187,5.49314e+06,0,13.9625,0.824736,2.5,1.8,1.5,0,vtype0
194,flow0.27,646206,5.49312e+06,0,13.9958,0.785231,2.5,1.8,1.5,0,vtype0
194,flow0.28,646224,5.4931e+06,0,13.9435,0.459848,2.5,1.8,1.5,0,vtype0
194,flow0.29,646243,5.49309e+06,0,13.906,0.0300386,2.5,1.8,1.5,0,vtype0
194,flow0.30,646265,5.49306e+06,0,13.9832,1.10846,2.5,1.8,1.5,0,vtype0
194,flow0.31,646289,5.49304e+06,0,13.8794,-0.0436044,2.5,1.8,1.5,0,vtype0
194,flow0.32,646344,5.49298e+06,0,13.9734,0.428161,2.5,1.8,1.5,0,vtype0
194,flow0.33,646368,5.49296e+06,0,13.8984,-0.268057,2.5,1.8,1.5,0,vtype0
194,flow0.34,646390,5.49294e+06,0,13.9675,0.914933,2.5,1.8,1.5,0,vtype0
194,flow0.35,646412,5.49292e+06,0,13.9543,0.0638696,2.5,1.8,1.5,0,vtype0
194,flow0.36,646438,5.49289e+06,0,13.9172,-0.732582,2.5,1.8,1.5,0,vtype0
194,flow0.37,646485,5.49285e+06,0,13.8883,-0.557947,2.5,1.8,1.5,0,vtype0
194,flow0.38,646509,5.49282e+06,0,13.9305,0.00343159,2.5,1.8,1.5,0,vtype0
194,flow0.39,646550,5.49278e+06,0,13.8708,-0.339528,2.5,1.8,1.5,0,vtype0
194,flow0.40,646572,5.49275e+06,0,10.3444,2.19847,2.5,1.8,1.5,0,vtype0
194,flow0.41,646586,5.49274e+06,0,7.97079,-4.5,2.5,1.8,1.5,8,vtype0
194,flow0.42,646617,5.49272e+06,0,13.8985,0.232424,2.5,1.8,1.5,0,vtype0
194,flow0.43,646655,5.49271e+06,0,13.8816,-1.14365,2.5,1.8,1.5,0,vtype0
194,flow0.44,646706,5.4927e+06,0,13.8762,-1.14531,2.5,1.8,1.5,0,vtype0
194,flow0.45,646734,5.4927e+06,0,13.8914,0.164215,2.5,1.8,1.5,0,vtype0
194,flow0.46,646799,5.4927e+06,0,13.9454,0.70546,2.5,1.8,1.5,0,vtype0
194,flow0.47,646880,5.49275e+06,0,12.463,0.486037,2.5,1.8,1.5,0,vtype0
194,flow0.48,646881,5.49277e+06,0,12.4529,0.10237,2.5,1.8,1.5,0,vtype0
194,flow0.49,646882,5.49279e+06,0,12.3851,-0.590149,2.5,1.8,1.5,0,vtype0
194,flow0.50,646884,5.4928e+06,0,12.4494,0.112223,2.5,1.8,1.5,0,vtype0
194,flow0.51,646885,5.49282e+06,0,12.787,-0.292528,2.5,1.8,1.5,0,vtype0
194,flow0.52,646888,5.49286e+06,0,13.908,-0.513643,2.5,1.8,1.5,0,vtype0
194,flow0.53,646889,5.49292e+06,0,13.9343,-0.646341,2.5,1.8,1.5,0,vtype0
194,flow0.54,646886,5.49295e+06,0,13.9448,0.476919,2.5,1.8,1.5,0,vtype0
194,flow0.55,646884,5.49298e+06,0,13.9819,0.245321,2.5,1.8,1.5,0,vtype0
194,flow0.56,646872,5.49311e+06,0,10.7746,1.63147,2.5,1.8,1.5,0,vtype0
194,flow0.57,646864,5.49312e+06,0,6.87041,2.6,2.5,1.8,1.5,1,vtype0
194,flow0.58,646850,5.49312e+06,0,7.4175,2.02903,2.5,1.8,1.5,1,vtype0
194,flow0.59,646835,5.49312e+06,0,8.14918,-1.39481,2.5,1.8,1.5,9,vtype0
194,flow0.60,646796,5.49313e+06,0,11.1711,-0.153686,2.5,1.8,1.5,0,vtype0
194,flow0.61,646782,5.49314e+06,0,11.745,-0.620009,2.5,1.8,1.5,0,vtype0
194,flow0.62,646780,5.49317e+06,0,13.3406,0.104725,2.5,1.8,1.5,2,vtype0
194,flow0.63,646807,5.4932e+06,0,13.5681,-0.256664,2.5,1.8,1.5,2,vtype0
194,flow0.64,646835,5.49323e+06,0,13.8865,-1.09843,2.5,1.8,1.5,2,vtype0
195,flow0.0,645133,5.49352e+06,0,13.9286,-0.318511,2.5,1.8,1.5,0,vtype0
195,flow0.1,645177,5.49351e+06,0,13.9487,0.236703,2.5,1.8,1.5,0,vtype0
195,flow0.2,645218,5.49351e+06,0,13.9835,-0.0651565,2.5,1.8,1.5,0,vtype0
195,flow0.3,645260,5.4935e+06,0,13.9129,-0.784242,2.5,1.8,1.5,0,vtype0
195,flow0.4,645331,5.4935e+06,0,13.9153,-0.70067,2.5,1.8,1.5,0,vtype0
195,flow0.5,645365,5.4935e+06,0,13.8915,-1.05813,2.5,1.8,1.5,0,vtype0
195,flow0.6,645401,5.49349e+06,0,13.9435,-0.303775,2.5,1.8,1.5,0,vtype0
195,flow0.7,645561,5.49348e+06,0,12.7124,-0.117776,2.5,1.8,1.5,0,vtype0
195,flow0.8,645554,5.49348e+06,0,13.9584,0.811612,2.5,1.8,1.5,0,vtype0
195,flow0.9,645582,5.49347e+06,0,13.9578,-0.336907,2.5,1.8,1.5,0,vtype0
195,flow0.10,645609,5.49347e+06,0,13.9023,-0.794387,2.5,1.8,1.5,0,vtype0
195,flow0.11,645632,5.49347e+06,0,13.9895,0.831346,2.5,1.8,1.5,0,vtype0
195,flow0.12,645662,5.49347e+06,0,13.9503,-0.144573,2.5,1.8,1.5,0,vtype0
195,flow0.13,645693,5.49347e+06,0,13.8777,-0.242296,2.5,1.8,1.5,0,vtype0
195,flow0.14,645723,5.49346e+06,0,13.9275,0.322511,2.5,1.8,1.5,0,vtype0
195,flow0.15,645761,5.49346e+06,0,13.9639,-0.25563,2.5,1.8,1.5,0,vtype0
195,flow0.16,645799,5.49345e+06,0,13.9784,0.803986,2.5,1.8,1.5,0,vtype0
195,flow0.17,645960,5.49336e+06,0,13.9755,-0.135794,2.5,1.8,1.5,0,vtype0
195,flow0.18,645981,5.49334e+06,0,13.9019,-0.874951,2.5,1.8,1.5,0,vtype0
195,flow0.19,646001,5.49332e+06,0,13.8752,-0.664137,2.5,1.8,1.5,0,vtype0
195,flow0.20,646018,5.49331e+06,0,13.9024,-0.153812,2.5,1.8,1.5,0,vtype0
195,flow0.21,646036,5.49329e+06,0,13.9492,-0.302536,2.5,1.8,1.5,0,vtype0
195,flow0.22,646054,5.49327e+06,0,13.9357,0.0849874,2.5,1.8,1.5,0,vtype0
195,flow0.23,646122,5.4932e+06,0,13.9903,1.07038,2.5,1.8,1.5,0,vtype0
195,flow0.24,646142,5.49319e+06,0,13.9893,1.10779,2.5,1.8,1.5,0,vtype0
195,flow0.25,646160,5.49317e+06,0,13.9056,0.17232,2.5,1.8,1.5,0,vtype0
195,flow0.26,646177,5.49315e+06,0,13.9136,-0.277576,2.5,1.8,1.5,0,vtype0
195,flow0.27,646196,5.49313e+06,0,13.9198,-0.170576,2.5,1.8,1.5,0,vtype0
195,flow0.28,646214,5.49311e+06,0,13.9256,-0.0772404,2.5,1.8,1.5,0,vtype0
195,flow0.29,646233,5.4931e+06,0,13.979,-0.0586065,2.5,1.8,1.5,0,vtype0
195,flow0.30,646255,5.49307e+06,0,13.9943,0.699875,2.5,1.8,1.5,0,vtype0
195,flow0.31,646280,5.49305e+06,0,13.9887,-0.0272462,2.5,1.8,1.5,0,vtype0
195,flow0.32,646334,5.49299e+06,0,13.8929,-0.832711,2.5,1.8,1.5,0,vtype0
195,flow0.33,646358,5.49297e+06,0,13.8974,-0.684318,2.5,1.8,1.5,0,vtype0
195,flow0.34,646380,5.49295e+06,0,13.9227,-0.603235,2.5,1.8,1.5,0,vtype0
195,flow0.35,646402,5.49293e+06,0,13.9911,0.307492,2.5,1.8,1.5,0,vtype0
195,flow0.36,646428,5.4929e+06,0,13.9437,0.58773,2.5,1.8,1.5,0,vtype0
195,flow0.37,646475,5.49286e+06,0,13.9613,0.878752,2.5,1.8,1.5,0,vtype0
195,flow0.38,646499,5.49283e+06,0,13.9364,-0.164743,2.5,1.8,1.5,0,vtype0
195,flow0.39,646541,5.49279e+06,0,13.9471,0.733869,2.5,1.8,1.5,0,vtype0
195,flow0.40,646565,5.49276e+06,0,12.3642,1.39509,2.5,1.8,1.5,0,vtype0
195,flow0.41,646580,5.49275e+06,0,7.61721,1.46416,2.5,1.8,1.5,0,vtype0
195,flow0.42,646605,5.49273e+06,0,12.8107,-0.317505,2.5,1.8,1.5,0,vtype0
195,flow0.43,646642,5.49271e+06,0,13.9309,-0.407796,2.5,1.8,1.5,0,vtype0
195,flow0.44,646692,5.49271e+06,0,13.9338,-0.575732,2.5,1.8,1.5,0,vtype0
195,flow0.45,646720,5.4927e+06,0,13.8736,-0.297416,2.5,1.8,1.5,0,vtype0
195,flow0.46,646785,5.4927e+06,0,13.9869,1.07753,2.5,1.8,1.5,0,vtype0
195,flow0.47,646879,5.49274e+06,0,12.4062,-0.436618,2.5,1.8,1.5,0,vtype0
195,flow0.48,646880,5.49276e+06,0,12.4587,1.31314,2.5,1.8,1.5,0,vtype0
195,flow0.49,646881,5.49277e+06,0,12.3098,-1.30981,2.5,1.8,1.5,0,vtype0
195,flow0.50,646883,5.49279e+06,0,12.4916,0.295647,2.5,1.8,1.5,0,vtype0
195,flow0.51,646884,5.49281e+06,0,12.645,-0.180889,2.5,1.8,1.5,0,vtype0
195,flow0.52,646887,5.49284e+06,0,13.9612,0.364419,2.5,1.8,1.5,0,vtype0
195,flow0.53,646890,5.4929e+06,0,13.9791,-0.179061,2.5,1.8,1.5,0,vtype0
195,flow0.54,646887,5.49294e+06,0,13.989,0.47446,2.5,1.8,1.5,0,vtype0
195,flow0.55,646885,5.49297e+06,0,13.9344,-0.103649,2.5,1.8,1.5,0,vtype0
195,flow0.56,646874,5.4931e+06,0,11.2999,-0.748835,2.5,1.8,1.5,0,vtype0
195,flow0.57,646871,5.49312e+06,0,9.2179,1.47952,2.5,1.8,1.5,0,vtype0
195,flow0.58,646858,5.49312e+06,0,8.86545,1.92779,2.5,1.8,1.5,1,vtype0
195,flow0.59,646844,5.49312e+06,0,8.81674,1.13189,2.5,1.8,1.5,1,vtype0
195,flow0.60,646805,5.49313e+06,0,11.2274,0.297635,2.5,1.8,1.5,0,vtype0
195,flow0.61,646791,5.49314e+06,0,11.5987,-0.199871,2.5,1.8,1.5,0,vtype0
195,flow0.62,646775,5.49316e+06,0,13.3349,0.305355,2.5,1.8,1.5,2,vtype0
195,flow0.63,646797,5.49319e+06,0,13.5762,-0.532282,2.5,1.8,1.5,2,vtype0
195,flow0.64,646825,5.49322e+06,0,13.9758,0.438818,2.5,1.8,1.5,2,vtype0
196,flow0.65,646845,5.49324e+06,0,13.9305,-0.690431,2.5,1.8,1.5,0,vtype0
196,flow0.0,645120,5.49353e+06,0,13.8711,-1.04862,2.5,1.8,1.5,0,vtype0
196,flow0.1,645163,5.49352e+06,0,13.9898,0.522485,2.5,1.8,1.5,0,vtype0
196,flow0.2,645204,5.49351e+06,0,13.9086,-0.396216,2.5,1.8,1.5,0,vtype0
196,flow0.3,645246,5.49351e+06,0,13.9941,0.407118,2.5,1.8,1.5,0,vtype0
196,flow0.4,645317,5.4935e+06,0,13.9202,-0.116247,2.5,1.8,1.5,0,vtype0
196,flow0.5,645351,5.4935e+06,0,13.9623,0.83359,2.5,1.8,1.5,0,vtype0
196,flow0.6,645387,5.49349e+06,0,13.927,0.200691,2.5,1.8,1.5,0,vtype0
196,flow0.7,645549,5.49348e+06,0,12.6648,0.350926,2.5,1.8,1.5,0,vtype0
196,flow0.8,645540,5.49348e+06,0,13.9993,0.999082,2.5,1.8,1.5,0,vtype0
196,flow0.9,645568,5.49348e+06,0,13.8745,-0.590971,2.5,1.8,1.5,0,vtype0
196,flow0.10,645595,5.49348e+06,0,13.9808,-0.00400116,2.5,1.8,1.5,0,vtype0
196,flow0.11,645619,5.49347e+06,0,13.9565,-0.0260284,2.5,1.8,1.5,0,vtype0
196,flow0.12,645648,5.49347e+06,0,13.9949,0.408841,2.5,1.8,1.5,0,vtype0
196,flow0.13,645679,5.49347e+06,0,13.9258,0.236152,2.5,1.8,1.5,0,vtype0
196,flow0.14,645710,5.49346e+06,0,13.9024,-0.164885,2.5,1.8,1.5,0,vtype0
196,flow0.15,645747,5.49346e+06,0,13.8774,-1.15967,2.5,1.8,1.5,0,vtype0
196,flow0.16,645785,5.49345e+06,0,13.9205,-0.0236866,2.5,1.8,1.5,0,vtype0
196,flow0.17,645949,5.49337e+06,0,13.8958,-0.555594,2.5,1.8,1.5,0,vtype0
196,flow0.18,645970,5.49335e+06,0,13.9406,0.1419,2.5,1.8,1.5,0,vtype0
196,flow0.19,645991,5.49333e+06,0,13.9799,0.406195,2.5,1.8,1.5,0,vtype0
196,flow0.20,646009,5.49332e+06,0,13.9679,0.104668,2.5,1.8,1.5,0,vtype0
196,flow0.21,646026,5.4933e+06,0,13.9433,0.438385,2.5,1.8,1.5,0,vtype0
196,flow0.22,646044,5.49328e+06,0,13.9097,-0.725014,2.5,1.8,1.5,0,vtype0
196,flow0.23,646113,5.49321e+06,0,13.9623,0.477445,2.5,1.8,1.5,0,vtype0
196,flow0.24,646132,5.49319e+06,0,13.9506,-0.238936,2.5,1.8,1.5,0,vtype0
196,flow0.25,646150,5.49318e+06,0,13.9427,0.550576,2.5,1.8,1.5,0,vtype0
196,flow0.26,646167,5.49316e+06,0,13.9148,-0.638081,2.5,1.8,1.5,0,vtype0
196,flow0.27,646186,5.49314e+06,0,13.9279,-0.557644,2.5,1.8,1.5,0,vtype0
196,flow0.28,646204,5.49312e+06,0,13.9954,0.589983,2.5,1.8,1.5,0,vtype0
196,flow0.29,646223,5.49311e+06,0,13.9833,0.297977,2.5,1.8,1.5,0,vtype0
196,flow0.30,646245,5.49308e+06,0,13.8946,-0.641934,2.5,1.8,1.5,0,vtype0
196,flow0.31,646270,5.49306e+06,0,13.9827,0.223176,2.5,1.8,1.5,0,vtype0
196,flow0.32,646325,5.493e+06,0,13.9338,-0.657702,2.5,1.8,1.5,0,vtype0
196,flow0.33,646348,5.49298e+06,0,13.9229,-0.195894,2.5,1.8,1.5,0,vtype0
196,flow0.34,646370,5.49296e+06,0,13.998,0.478736,2.5,1.8,1.5,0,vtype0
196,flow0.35,646392,5.49294e+06,0,13.9922,1.1353,2.5,1.8,1.5,0,vtype0
196,flow0.36,646418,5.49291e+06,0,13.8887,-0.44107,2.5,1.8,1.5,0,vtype0
196,flow0.37,646465,5.49287e+06,0,13.8828,-0.571158,2.5,1.8,1.5,0,vtype0
196,flow0.38,646490,5.49284e+06,0,13.905,-0.321313,2.5,1.8,1.5,0,vtype0
196,flow0.39,646531,5.4928e+06,0,13.9021,-0.271108,2.5,1.8,1.5,0,vtype0
196,flow0.40,646555,5.49277e+06,0,13.9785,-0.183396,2.5,1.8,1.5,0,vtype0
196,flow0.41,646574,5.49275e+06,0,9.64271,1.84495,2.5,1.8,1.5,0,vtype0
196,flow0.42,646595,5.49274e+06,0,12.2537,-4.5,2.5,1.8,1.5,8,vtype0
196,flow0.43,646629,5.49272e+06,0,13.9952,0.646147,2.5,1.8,1.5,0,vtype0
196,flow0.44,646678,5.49271e+06,0,13.9748,-0.0212584,2.5,1.8,1.5,0,vtype0
196,flow0.45,646706,5.4927e+06,0,13.8983,-0.511156,2.5,1.8,1.5,0,vtype0
196,flow0.46,646771,5.4927e+06,0,13.8904,-0.0871668,2.5,1.8,1.5,0,vtype0
196,flow0.47,646878,5.49273e+06,0,13.8924,-0.564433,2.5,1.8,1.5,0,vtype0
196,flow0.48,646879,5.49274e+06,0,13.6029,-0.601581,2.5,1.8,1.5,0,vtype0
196,flow0.49,646880,5.49276e+06,0,13.414,0.888529,2.5,1.8,1.5,0,vtype0
196,flow0.50,646882,5.49278e+06,0,13.1451,1.73723,2.5,1.8,1.5,0,vtype0
196,flow0.51,646883,5.4928e+06,0,13.0302,-0.516249,2.5,1.8,1.5,0,vtype0
196,flow0.52,646886,5.49283e+06,0,13.976,-0.143456,2.5,1.8,1.5,0,vtype0
196,flow0.53,646890,5.49289e+06,0,13.9002,-0.173295,2.5,1.8,1.5,0,vtype0
196,flow0.54,646888,5.49292e+06,0,13.9487,0.343013,2.5,1.8,1.5,0,vtype0
196,flow0.55,646886,5.49295e+06,0,13.908,-0.184355,2.5,1.8,1.5,0,vtype0
196,flow0.56,646875,5.49309e+06,0,11.3807,0.284822,2.5,1.8,1.5,0,vtype0
196,flow0.57,646872,5.49311e+06,0,11.0862,2.24974,2.5,1.8,1.5,0,vtype0
196,flow0.58,646865,5.49312e+06,0,7.20545,2.6,2.5,1.8,1.5,1,vtype0
196,flow0.59,646852,5.49312e+06,0,7.59878,2.03608,2.5,1.8,1.5,1,vtype0
196,flow0.60,646816,5.49312e+06,0,11.2227,-0.190228,2.5,1.8,1.5,0,vtype0
196,flow0.61,646799,5.49313e+06,0,11.4917,-0.732526,2.5,1.8,1.5,0,vtype0
196,flow0.62,646778,5.49315e+06,0,13.3572,-0.372569,2.5,1.8,1.5,0,vtype0
196,flow0.63,646788,5.49318e+06,0,13.616,-0.460807,2.5,1.8,1.5,2,vtype0
196,flow0.64,646816,5.49321e+06,0,13.9146,-0.221252,2.5,1.8,1.5,2,vtype0
197,flow0.0,645106,5.49353e+06,0,13.9352,0.336825,2.5,1.8,1.5,0,vtype0
197,flow0.1,645150,5.49352e+06,0,13.9565,0.681146,2.5,1.8,1.5,0,vtype0
197,flow0.2,645190,5.49351e+06,0,13.9086,-0.00435671,2.5,1.8,1.5,0,vtype0
197,flow0.3,645232,5.49351e+06,0,13.9244,-0.184998,2.5,1.8,1.5,0,vtype0
197,flow0.4,645303,5.4935e+06,0,13.9195,-0.174177,2.5,1.8,1.5,0,vtype0
197,flow0.5,645337,5.4935e+06,0,13.9485,0.119516,2.5,1.8,1.5,0,vtype0
197,flow0.6,645373,5.4935e+06,0,13.9535,0.176764,2.5,1.8,1.5,0,vtype0
197,flow0.7,645536,5.49348e+06,0,12.6399,-0.904455,2.5,1.8,1.5,0,vtype0
197,flow0.8,645526,5.49348e+06,0,13.928,0.495844,2.5,1.8,1.5,0,vtype0
197,flow0.9,645554,5.49348e+06,0,13.915,-0.118628,2.5,1.8,1.5,0,vtype0
197,flow0.10,645581,5.49348e+06,0,13.9556,0.30356,2.5,1.8,1.5,0,vtype0
197,flow0.11,645605,5.49348e+06,0,13.9119,0.0537833,2.5,1.8,1.5,0,vtype0
197,flow0.12,645634,5.49347e+06,0,13.9044,-0.387974,2.5,1.8,1.5,0,vtype0
197,flow0.13,645665,5.49347e+06,0,13.9043,-0.134997,2.5,1.8,1.5,0,vtype0
197,flow0.14,645696,5.49347e+06,0,13.8754,-0.807836,2.5,1.8,1.5,0,vtype0
197,flow0.15,645733,5.49346e+06,0,13.9517,-0.133518,2.5,1.8,1.5,0,vtype0
197,flow0.16,645772,5.49345e+06,0,13.9943,0.345973,2.5,1.8,1.5,0,vtype0
197,flow0.17,645938,5.49338e+06,0,13.9153,-0.5758,2.5,1.8,1.5,0,vtype0
197,flow0.18,645959,5.49336e+06,0,13.9455,0.56065,2.5,1.8,1.5,0,vtype0
197,flow0.19,645980,5.49334e+06,0,13.9056,-0.555368,2.5,1.8,1.5,0,vtype0
197,flow0.20,645999,5.49333e+06,0,13.9378,-0.476986,2.5,1.8,1.5,0,vtype0
197,flow0.21,646016,5.49331e+06,0,13.9148,0.271877,2.5,1.8,1.5,0,vtype0
197,flow0.22,646034,5.49329e+06,0,13.9236,-0.179532,2.5,1.8,1.5,0,vtype0
197,flow0.23,646103,5.49322e+06,0,13.9798,0.832881,2.5,1.8,1.5,0,vtype0
197,flow0.24,646122,5.4932e+06,0,13.8706,-0.144413,2.5,1.8,1.5,0,vtype0
197,flow0.25,646140,5.49319e+06,0,13.9121,0.378266,2.5,1.8,1.5,0,vtype0
197,flow0.26,646157,5.49317e+06,0,13.8745,-0.733147,2.5,1.8,1.5,0,vtype0
197,flow0.27,646176,5.49315e+06,0,13.9076,-0.628994,2.5,1.8,1.5,0,vtype0
197,flow0.28,646194,5.49313e+06,0,13.9371,0.360109,2.5,1.8,1.5,0,vtype0
197,flow0.29,646213,5.49312e+06,0,13.9345,-0.595513,2.5,1.8,1.5,0,vtype0
197,flow0.30,646235,5.49309e+06,0,13.9995,0.67643,2.5,1.8,1.5,0,vtype0
197,flow0.31,646260,5.49307e+06,0,13.9216,0.0197429,2.5,1.8,1.5,0,vtype0
197,flow0.32,646315,5.49301e+06,0,13.9263,0.480737,2.5,1.8,1.5,0,vtype0
197,flow0.33,646339,5.49299e+06,0,13.9397,-0.210591,2.5,1.8,1.5,0,vtype0
197,flow0.34,646360,5.49297e+06,0,13.8944,0.0307974,2.5,1.8,1.5,0,vtype0
197,flow0.35,646382,5.49295e+06,0,13.8838,-1.10458,2.5,1.8,1.5,0,vtype0
197,flow0.36,646408,5.49292e+06,0,13.9399,-0.404342,2.5,1.8,1.5,0,vtype0
197,flow0.37,646455,5.49288e+06,0,13.9717,0.354782,2.5,1.8,1.5,0,vtype0
197,flow0.38,646480,5.49285e+06,0,13.8784,-0.812572,2.5,1.8,1.5,0,vtype0
197,flow0.39,646522,5.49281e+06,0,13.9343,0.575788,2.5,1.8,1.5,0,vtype0
197,flow0.40,646546,5.49278e+06,0,13.9304,-0.237423,2.5,1.8,1.5,0,vtype0
197,flow0.41,646567,5.49276e+06,0,11.6127,2.05179,2.5,1.8,1.5,0,vtype0
197,flow0.42,646586,5.49274e+06,0,7.86356,-4.45541,2.5,1.8,1.5,8,vtype0
197,flow0.43,646616,5.49272e+06,0,13.9763,-0.144384,2.5,1.8,1.5,0,vtype0
197,flow0.44,646664,5.49271e+06,0,13.9821,0.0499462,2.5,1.8,1.5,0,vtype0
197,flow0.45,646692,5.49271e+06,0,13.9768,-0.0679981,2.5,1.8,1.5,0,vtype0
197,flow0.46,646757,5.4927e+06,0,13.9072,-0.0380638,2.5,1.8,1.5,0,vtype0
197,flow0.47,646872,5.49271e+06,0,13.9952,0.704111,2.5,1.8,1.5,0,vtype0
197,flow0.48,646878,5.49273e+06,0,13.7154,-0.141555,2.5,1.8,1.5,0,vtype0
197,flow0.49,646879,5.49275e+06,0,13.4938,0.0174989,2.5,1.8,1.5,0,vtype0
197,flow0.50,646881,5.49277e+06,0,13.3859,1.45404,2.5,1.8,1.5,0,vtype0
197,flow0.51,646882,5.49278e+06,0,13.2479,0.536943,2.5,1.8,1.5,0,vtype0
197,flow0.52,646885,5.49282e+06,0,13.9537,-0.273447,2.5,1.8,1.5,0,vtype0
197,flow0.53,646889,5.49287e+06,0,13.916,0.16168,2.5,1.8,1.5,0,vtype0
197,flow0.54,646889,5.49291e+06,0,13.9104,0.0249357,2.5,1.8,1.5,0,vtype0
197,flow0.55,646887,5.49294e+06,0,13.9526,0.185929,2.5,1.8,1.5,0,vtype0
197,flow0.56,646877,5.49308e+06,0,11.2877,-0.2763,2.5,1.8,1.5,0,vtype0
197,flow0.57,646874,5.4931e+06,0,12.2545,-0.460608,2.5,1.8,1.5,0,vtype0
197,flow0.58,646871,5.49312e+06,0,9.03045,1.38697,2.5,1.8,1.5,0,vtype0
197,flow0.59,646860,5.49312e+06,0,7.9349,-4.5,2.5,1.8,1.5,9,vtype0
197,flow0.60,646827,5.49312e+06,0,11.2478,-0.104096,2.5,1.8,1.5,1,vtype0
197,flow0.61,646810,5.49313e+06,0,11.4401,0.00610061,2.5,1.8,1.5,0,vtype0
197,flow0.62,646788,5.49314e+06,0,13.2946,-0.348371,2.5,1.8,1.5,0,vtype0
197,flow0.63,646779,5.49317e+06,0,13.6639,0.646984,2.5,1.8,1.5,2,vtype0
197,flow0.64,646806,5.4932e+06,0,13.8765,-1.01055,2.5,1.8,1.5,2,vtype0
197,flow0.65,646835,5.49323e+06,0,13.8763,-0.82322,2.5,1.8,1.5,2,vtype0
198,flow0.0,645093,5.49353e+06,0,13.8818,-0.935175,2.5,1.8,1.5,0,vtype0
198,flow0.1,645136,5.49352e+06,0,13.8756,-0.757562,2.5,1.8,1.5,0,vtype0
198,flow0.2,645177,5.49351e+06,0,13.9344,-0.263143,2.5,1.8,1.5,0,vtype0
198,flow0.3,645218,5.49351e+06,0,13.9976,1.26154,2.5,1.8,1.5,0,vtype0
198,flow0.4,645289,5.4935e+06,0,13.9855,1.00228,2.5,1.8,1.5,0,vtype0
198,flow0.5,645323,5.4935e+06,0,13.964,0.340469,2.5,1.8,1.5,0,vtype0
198,flow0.6,645360,5.4935e+06,0,13.9335,-0.557896,2.5,1.8,1.5,0,vtype0
198,flow0.7,645523,5.49348e+06,0,12.6352,-0.592186,2.5,1.8,1.5,0,vtype0
198,flow0.8,645512,5.49348e+06,0,13.9097,-0.216719,2.5,1.8,1.5,0,vtype0
198,flow0.9,645540,5.49348e+06,0,13.897,0.0591848,2.5,1.8,1.5,0,vtype0
198,flow0.10,645567,5.49348e+06,0,13.9007,-0.182333,2.5,1.8,1.5,0,vtype0
198,flow0.11,645591,5.49348e+06,0,13.9089,-0.0422192,2.5,1.8,1.5,0,vtype0
198,flow0.12,645621,5.49347e+06,0,13.8957,0.0833957,2.5,1.8,1.5,0,vtype0
198,flow0.13,645651,5.49347e+06,0,13.9694,-0.158713,2.5,1.8,1.5,0,vtype0
198,flow0.14,645682,5.49347e+06,0,13.9416,0.423826,2.5,1.8,1.5,0,vtype0
198,flow0.15,645719,5.49346e+06,0,13.965,0.081516,2.5,1.8,1.5,0,vtype0
198,flow0.16,645758,5.49346e+06,0,13.9002,-0.0256308,2.5,1.8,1.5,0,vtype0
198,flow0.17,645927,5.49339e+06,0,13.886,-0.148457,2.5,1.8,1.5,0,vtype0
198,flow0.18,645949,5.49337e+06,0,13.9972,1.10215,2.5,1.8,1.5,0,vtype0
198,flow0.19,645970,5.49335e+06,0,13.9084,-0.705062,2.5,1.8,1.5,0,vtype0
198,flow0.20,645988,5.49334e+06,0,13.9776,-0.213667,2.5,1.8,1.5,0,vtype0
198,flow0.21,646006,5.49332e+06,0,13.9074,-0.273099,2.5,1.8,1.5,0,vtype0
198,flow0.22,646024,5.4933e+06,0,13.9552,0.486977,2.5,1.8,1.5,0,vtype0
198,flow0.23,646093,5.49323e+06,0,13.9537,-0.173346,2.5,1.8,1.5,0,vtype0
198,flow0.24,646112,5.49321e+06,0,13.8703,-0.8573,2.5,1.8,1.5,0,vtype0
198,flow0.25,646130,5.4932e+06,0,13.9567,0.747894,2.5,1.8,1.5,0,vtype0
198,flow0.26,646147,5.49318e+06,0,13.9611,-0.101687,2.5,1.8,1.5,0,vtype0
198,flow0.27,646166,5.49316e+06,0,13.8781,-0.648032,2.5,1.8,1.5,0,vtype0
198,flow0.28,646184,5.49314e+06,0,13.9058,-0.144645,2.5,1.8,1.5,0,vtype0
198,flow0.29,646203,5.49313e+06,0,13.9698,0.663383,2.5,1.8,1.5,0,vtype0
198,flow0.30,646225,5.4931e+06,0,13.9292,-0.191361,2.5,1.8,1.5,0,vtype0
198,flow0.31,646249,5.49308e+06,0,13.9388,0.0836992,2.5,1.8,1.5,0,vtype0
198,flow0.32,646305,5.49302e+06,0,13.9703,-0.177463,2.5,1.8,1.5,0,vtype0
198,flow0.33,646329,5.493e+06,0,13.9578,-0.228693,2.5,1.8,1.5,0,vtype0
198,flow0.34,646351,5.49298e+06,0,13.8749,0.0277669,2.5,1.8,1.5,0,vtype0
198,flow0.35,646372,5.49296e+06,0,13.937,-0.615229,2.5,1.8,1.5,0,vtype0
198,flow0.36,646398,5.49293e+06,0,13.8757,-0.971809,2.5,1.8,1.5,0,vtype0
198,flow0.37,646445,5.49288e+06,0,13.9376,-0.528526,2.5,1.8,1.5,0,vtype0
198,flow0.38,646470,5.49286e+06,0,13.9739,0.0591446,2.5,1.8,1.5,0,vtype0
198,flow0.39,646512,5.49282e+06,0,13.966,0.533603,2.5,1.8,1.5,0,vtype0
198,flow0.40,646536,5.49279e+06,0,13.9767,0.287246,2.5,1.8,1.5,0,vtype0
198,flow0.41,646558,5.49277e+06,0,13.434,1.40425,2.5,1.8,1.5,0,vtype0
198,flow0.42,646580,5.49275e+06,0,7.51943,1.5587,2.5,1.8,1.5,0,vtype0
198,flow0.43,646605,5.49273e+06,0,12.6116,0.390245,2.5,1.8,1.5,0,vtype0
198,flow0.44,646651,5.49271e+06,0,13.9985,0.412289,2.5,1.8,1.5,0,vtype0
198,flow0.45,646679,5.49271e+06,0,13.9125,-0.643836,2.5,1.8,1.5,0,vtype0
198,flow0.46,646743,5.4927e+06,0,13.9378,0.439996,2.5,1.8,1.5,0,vtype0
198,flow0.47,646861,5.4927e+06,0,13.9457,-0.294633,2.5,1.8,1.5,0,vtype0
198,flow0.48,646875,5.49272e+06,0,13.7191,-1.23562,2.5,1.8,1.5,0,vtype0
198,flow0.49,646879,5.49273e+06,0,13.6621,1.58482,2.5,1.8,1.5,0,vtype0
198,flow0.50,646880,5.49275e+06,0,13.426,-0.371846,2.5,1.8,1.5,0,vtype0
198,flow0.51,646881,5.49277e+06,0,13.3582,-0.16441,2.5,1.8,1.5,0,vtype0
198,flow0.52,646884,5.4928e+06,0,13.9682,-0.153138,2.5,1.8,1.5,0,vtype0
198,flow0.53,646888,5.49286e+06,0,13.8701,-0.233265,2.5,1.8,1.5,0,vtype0
198,flow0.54,646891,5.4929e+06,0,13.9317,0.357807,2.5,1.8,1.5,0,vtype0
198,flow0.55,646888,5.49293e+06,0,13.9098,-0.1057,2.5,1.8,1.5,0,vtype0
198,flow0.56,646878,5.49306e+06,0,11.3686,0.322843,2.5,1.8,1.5,0,vtype0
198,flow0.57,646876,5.49308e+06,0,12.0465,0.350759,2.5,1.8,1.5,0,vtype0
198,flow0.58,646872,5.49311e+06,0,11.17,1.53791,2.5,1.8,1.5,0,vtype0
198,flow0.59,646867,5.49312e+06,0,7.68627,1.64632,2.5,1.8,1.5,0,vtype0
198,flow0.60,646839,5.49312e+06,0,11.2384,0.800546,2.5,1.8,1.5,1,vtype0
198,flow0.61,646822,5.49312e+06,0,11.4115,-0.0120991,2.5,1.8,1.5,0,vtype0
198,flow0.62,646798,5.49313e+06,0,13.3702,0.567261,2.5,1.8,1.5,0,vtype0
198,flow0.63,646774,5.49316e+06,0,13.6613,0.703753,2.5,1.8,1.5,2,vtype0
198,flow0.64,646796,5.49319e+06,0,13.9146,-0.768385,2.5,1.8,1.5,2,vtype0
198,flow0.65,646825,5.49322e+06,0,13.9342,0.382471,2.5,1.8,1.5,2,vtype0
199,flow0.66,646847,5.49324e+06,0,11.4421,-0.162118,2.5,1.8,1.5,0,vtype0
199,flow0.0,645079,5.49354e+06,0,13.8704,-0.359761,2.5,1.8,1.5,0,vtype0
199,flow0.1,645122,5.49353e+06,0,13.9227,0.131004,2.5,1.8,1.5,0,vtype0
199,flow0.2,645163,5.49352e+06,0,13.9923,0.102693,2.5,1.8,1.5,0,vtype0
199,flow0.3,645204,5.49351e+06,0,13.9052,-0.0505351,2.5,1.8,1.5,0,vtype0
199,flow0.4,645276,5.4935e+06,0,13.9357,-0.504434,2.5,1.8,1.5,0,vtype0
199,flow0.5,645309,5.4935e+06,0,13.9206,-0.335308,2.5,1.8,1.5,0,vtype0
199,flow0.6,645346,5.4935e+06,0,13.9684,0.879747,2.5,1.8,1.5,0,vtype0
199,flow0.7,645511,5.49348e+06,0,12.6156,-0.20146,2.5,1.8,1.5,0,vtype0
199,flow0.8,645498,5.49348e+06,0,13.9738,0.734204,2.5,1.8,1.5,0,vtype0
199,flow0.9,645526,5.49348e+06,0,13.8932,0.12016,2.5,1.8,1.5,0,vtype0
199,flow0.10,645553,5.49348e+06,0,13.9722,0.759204,2.5,1.8,1.5,0,vtype0
199,flow0.11,645577,5.49348e+06,0,13.9776,0.856809,2.5,1.8,1.5,0,vtype0
199,flow0.12,645607,5.49347e+06,0,13.9113,-0.052355,2.5,1.8,1.5,0,vtype0
199,flow0.13,645637,5.49347e+06,0,13.9925,1.05203,2.5,1.8,1.5,0,vtype0
199,flow0.14,645668,5.49347e+06,0,13.9332,-0.131549,2.5,1.8,1.5,0,vtype0
199,flow0.15,645706,5.49346e+06,0,13.951,-0.259008,2.5,1.8,1.5,0,vtype0
199,flow0.16,645744,5.49346e+06,0,13.9277,-0.557201,2.5,1.8,1.5,0,vtype0
199,flow0.17,645915,5.49339e+06,0,13.9126,-0.132596,2.5,1.8,1.5,0,vtype0
199,flow0.18,645938,5.49338e+06,0,13.9731,0.273262,2.5,1.8,1.5,0,vtype0
199,flow0.19,645959,5.49336e+06,0,13.9703,0.424532,2.5,1.8,1.5,0,vtype0
199,flow0.20,645977,5.49335e+06,0,13.9504,-0.325147,2.5,1.8,1.5,0,vtype0
199,flow0.21,645996,5.49333e+06,0,13.9493,-0.482538,2.5,1.8,1.5,0,vtype0
199,flow0.22,646014,5.49331e+06,0,13.9899,0.256831,2.5,1.8,1.5,0,vtype0
199,flow0.23,646083,5.49324e+06,0,13.8971,-0.652475,2.5,1.8,1.5,0,vtype0
199,flow0.24,646102,5.49322e+06,0,13.9235,-0.0944064,2.5,1.8,1.5,0,vtype0
199,flow0.25,646120,5.49321e+06,0,13.9023,-0.401194,2.5,1.8,1.5,0,vtype0
199,flow0.26,646137,5.49319e+06,0,13.8946,-0.166726,2.5,1.8,1.5,0,vtype0
199,flow0.27,646156,5.49317e+06,0,13.8713,-0.0846761,2.5,1.8,1.5,0,vtype0
199,flow0.28,646174,5.49315e+06,0,13.9708,0.0560838,2.5,1.8,1.5,0,vtype0
199,flow0.29,646193,5.49313e+06,0,13.886,0.0378585,2.5,1.8,1.5,0,vtype0
199,flow0.30,646215,5.49311e+06,0,13.9537,0.789034,2.5,1.8,1.5,0,vtype0
199,flow0.31,646240,5.49309e+06,0,13.9528,-0.180915,2.5,1.8,1.5,0,vtype0
199,flow0.32,646295,5.49303e+06,0,13.9571,0.0490851,2.5,1.8,1.5,0,vtype0
199,flow0.33,646319,5.49301e+06,0,13.9029,-0.315557,2.5,1.8,1.5,0,vtype0
199,flow0.34,646341,5.49299e+06,0,13.9622,0.464656,2.5,1.8,1.5,0,vtype0
199,flow0.35,646362,5.49297e+06,0,13.892,0.0221618,2.5,1.8,1.5,0,vtype0
199,flow0.36,646388,5.49294e+06,0,13.9324,0.0799773,2.5,1.8,1.5,0,vtype0
199,flow0.37,646435,5.49289e+06,0,13.9013,0.0708674,2.5,1.8,1.5,0,vtype0
199,flow0.38,646460,5.49287e+06,0,13.9657,0.955255,2.5,1.8,1.5,0,vtype0
199,flow0.39,646503,5.49283e+06,0,13.9628,0.0755237,2.5,1.8,1.5,0,vtype0
199,flow0.40,646527,5.4928e+06,0,13.9503,0.716236,2.5,1.8,1.5,0,vtype0
199,flow0.41,646548,5.49278e+06,0,13.9692,0.950343,2.5,1.8,1.5,0,vtype0
199,flow0.42,646574,5.49275e+06,0,9.4072,2.47491,2.5,1.8,1.5,0,vtype0
199,flow0.43,646594,5.49274e+06,0,12.131,-4.5,2.5,1.8,1.5,8,vtype0
199,flow0.44,646637,5.49272e+06,0,13.9679,-0.208127,2.5,1.8,1.5,0,vtype0
199,flow0.45,646665,5.49271e+06,0,13.9196,0.450299,2.5,1.8,1.5,0,vtype0
199,flow0.46,646729,5.4927e+06,0,13.9283,0.429337,2.5,1.8,1.5,0,vtype0
199,flow0.47,646848,5.4927e+06,0,13.9543,0.693225,2.5,1.8,1.5,0,vtype0
199,flow0.48,646866,5.49271e+06,0,13.7317,-0.0279488,2.5,1.8,1.5,0,vtype0
199,flow0.49,646877,5.49272e+06,0,13.5744,-1.04338,2.5,1.8,1.5,0,vtype0
199,flow0.50,646879,5.49274e+06,0,13.5571,-0.092932,2.5,1.8,1.5,0,vtype0
199,flow0.51,646880,5.49276e+06,0,13.5475,0.888017,2.5,1.8,1.5,0,vtype0
199,flow0.52,646882,5.49279e+06,0,13.9554,0.26186,2.5,1.8,1.5,0,vtype0
199,flow0.53,646887,5.49285e+06,0,13.9538,0.496566,2.5,1.8,1.5,0,vtype0
199,flow0.54,646890,5.49288e+06,0,13.8802,-0.141586,2.5,1.8,1.5,0,vtype0
199,flow0.55,646889,5.49291e+06,0,13.8982,0.176536,2.5,1.8,1.5,0,vtype0
199,flow0.56,646879,5.49305e+06,0,11.3849,1.04405,2.5,1.8,1.5,0,vtype0
199,flow0.57,646878,5.49307e+06,0,11.7638,-0.750273,2.5,1.8,1.5,0,vtype0
199,flow0.58,646874,5.49309e+06,0,13.259,2.33492,2.5,1.8,1.5,0,vtype0
199,flow0.59,646871,5.49311e+06,0,9.59854,1.40622,2.5,1.8,1.5,0,vtype0
199,flow0.60,646850,5.49312e+06,0,11.2615,0.187716,2.5,1.8,1.5,1,vtype0
199,flow0.61,646833,5.49312e+06,0,11.3328,-0.749321,2.5,1.8,1.5,1,vtype0
199,flow0.62,646810,5.49313e+06,0,13.2118,0.0971461,2.5,1.8,1.5,0,vtype0
199,flow0.63,646780,5.49315e+06,0,13.5438,-0.708496,2.5,1.8,1.5,0,vtype0
199,flow0.64,646786,5.49318e+06,0,13.9973,0.26535,2.5,1.8,1.5,2,vtype0
199,flow0.65,646816,5.49321e+06,0,13.9326,0.0165867,2.5,1.8,1.5,2,vtype0
200,flow0.0,645066,5.49354e+06,0,13.9388,0.50092,2.5,1.8,1.5,0,vtype0
200,flow0.1,645109,5.49353e+06,0,13.9078,-0.218602,2.5,1.8,1.5,0,vtype0
200,flow0.2,645149,5.49352e+06,0,13.9514,0.235679,2.5,1.8,1.5,0,vtype0
200,flow0.3,645190,5.49351e+06,0,13.9302,0.581987,2.5,1.8,1.5,0,vtype0
200,flow0.4,645262,5.4935e+06,0,13.879,-1.09306,2.5,1.8,1.5,0,vtype0
200,flow0.5,645295,5.4935e+06,0,13.9177,0.25123,2.5,1.8,1.5,0,vtype0
200,flow0.6,645332,5.4935e+06,0,13.9353,0.57157,2.5,1.8,1.5,0,vtype0
200,flow0.7,645498,5.49348e+06,0,12.6726,0.0137873,2.5,1.8,1.5,0,vtype0
200,flow0.8,645484,5.49348e+06,0,13.9663,0.181207,2.5,1.8,1.5,0,vtype0
200,flow0.9,645512,5.49348e+06,0,13.8983,-0.39582,2.5,1.8,1.5,0,vtype0
200,flow0.10,645539,5.49348e+06,0,13.9064,-0.251414,2.5,1.8,1.5,0,vtype0
200,flow0.11,645563,5.49348e+06,0,13.9659,0.68371,2.5,1.8,1.5,0,vtype0
200,flow0.12,645593,5.49348e+06,0,13.9779,0.0841792,2.5,1.8,1.5,0,vtype0
200,flow0.13,645624,5.49347e+06,0,13.9935,0.521576,2.5,1.8,1.5,0,vtype0
200,flow0.14,645654,5.49347e+06,0,13.9996,0.947576,2.5,1.8,1.5,0,vtype0
200,flow0.15,645692,5.49347e+06,0,13.9679,0.266582,2.5,1.8,1.5,0,vtype0
200,flow0.16,645731,5.49346e+06,0,13.9355,0.280346,2.5,1.8,1.5,0,vtype0
200,flow0.17,645904,5.4934e+06,0,13.929,-0.547155,2.5,1.8,1.5,0,vtype0
200,flow0.18,645926,5.49339e+06,0,13.896,-0.148819,2.5,1.8,1.5,0,vtype0
200,flow0.19,645948,5.49337e+06,0,13.9832,0.668972,2.5,1.8,1.5,0,vtype0
200,flow0.20,645967,5.49335e+06,0,13.8814,-0.509369,2.5,1.8,1.5,0,vtype0
200,flow0.21,645986,5.49334e+06,0,13.966,0.411227,2.5,1.8,1.5,0,vtype0
200,flow0.22,646004,5.49332e+06,0,13.8783,-0.0775479,2.5,1.8,1.5,0,vtype0
200,flow0.23,646073,5.49325e+06,0,13.8996,-0.722152,2.5,1.8,1.5,0,vtype0
200,flow0.24,646092,5.49323e+06,0,13.9079,-0.254706,2.5,1.8,1.5,0,vtype0
200,flow0.25,646110,5.49322e+06,0,13.923,0.106021,2.5,1.8,1.5,0,vtype0
200,flow0.26,646128,5.4932e+06,0,13.9161,0.0375067,2.5,1.8,1.5,0,vtype0
200,flow0.27,646146,5.49318e+06,0,13.9173,-0.0410365,2.5,1.8,1.5,0,vtype0
200,flow0.28,646164,5.49316e+06,0,13.8827,-0.358614,2.5,1.8,1.5,0,vtype0
200,flow0.29,646183,5.49314e+06,0,13.9826,0.881833,2.5,1.8,1.5,0,vtype0
200,flow0.30,646205,5.49312e+06,0,13.9633,-0.0936192,2.5,1.8,1.5,0,vtype0
200,flow0.31,646230,5.4931e+06,0,13.8884,-0.865308,2.5,1.8,1.5,0,vtype0
200,flow0.32,646286,5.49304e+06,0,13.9748,0.623528,2.5,1.8,1.5,0,vtype0
200,flow0.33,646309,5.49302e+06,0,13.9689,0.230558,2.5,1.8,1.5,0,vtype0
200,flow0.34,646331,5.493e+06,0,13.9876,1.05883,2.5,1.8,1.5,0,vtype0
200,flow0.35,646352,5.49298e+06,0,13.9824,-0.0134035,2.5,1.8,1.5,0,vtype0
200,flow0.36,646378,5.49295e+06,0,13.9485,-0.480321,2.5,1.8,1.5,0,vtype0
200,flow0.37,646425,5.4929e+06,0,13.9292,-0.579091,2.5,1.8,1.5,0,vtype0
200,flow0.38,646450,5.49288e+06,0,13.9767,-0.0229944,2.5,1.8,1.5,0,vtype0
200,flow0.39,646493,5.49284e+06,0,13.9585,0.765261,2.5,1.8,1.5,0,vtype0
200,flow0.40,646517,5.49281e+06,0,13.9555,-0.323849,2.5,1.8,1.5,0,vtype0
200,flow0.41,646539,5.49279e+06,0,13.954,0.699083,2.5,1.8,1.5,0,vtype0
200,flow0.42,646567,5.49276e+06,0,11.3838,2.24638,2.5,1.8,1.5,0,vtype0
200,flow0.43,646586,5.49274e+06,0,7.64079,-4.5,2.5,1.8,1.5,8,vtype0
200,flow0.44,646624,5.49272e+06,0,13.895,-0.929639,2.5,1.8,1.5,0,vtype0
200,flow0.45,646651,5.49271e+06,0,13.9608,0.42932,2.5,1.8,1.5,0,vtype0
200,flow0.46,646715,5.4927e+06,0,13.9791,-0.0710802,2.5,1.8,1.5,0,vtype0
200,flow0.47,646834,5.4927e+06,0,13.8735,-0.761873,2.5,1.8,1.5,0,vtype0
200,flow0.48,646853,5.4927e+06,0,13.8003,-0.453336,2.5,1.8,1.5,0,vtype0
200,flow0.49,646869,5.49271e+06,0,13.7404,0.4003,2.5,1.8,1.5,0,vtype0
200,flow0.50,646878,5.49273e+06,0,13.649,1.4512,2.5,1.8,1.5,0,vtype0
200,flow0.51,646879,5.49274e+06,0,13.5096,-0.151379,2.5,1.8,1.5,0,vtype0
200,flow0.52,646881,5.49278e+06,0,13.8921,-0.345147,2.5,1.8,1.5,0,vtype0
200,flow0.53,646886,5.49283e+06,0,13.9395,0.573802,2.5,1.8,1.5,0,vtype0
200,flow0.54,646889,5.49287e+06,0,13.9373,0.155523,2.5,1.8,1.5,0,vtype0
200,flow0.55,646890,5.4929e+06,0,13.8879,-0.592083,2.5,1.8,1.5,0,vtype0
200,flow0.56,646880,5.49304e+06,0,11.351,0.0771948,2.5,1.8,1.5,0,vtype0
200,flow0.57,646879,5.49306e+06,0,11.7896,0.293112,2.5,1.8,1.5,0,vtype0
200,flow0.58,646876,5.49308e+06,0,12.8154,-0.295552,2.5,1.8,1.5,0,vtype0
200,flow0.59,646873,5.4931e+06,0,11.5317,1.98224,2.5,1.8,1.5,0,vtype0
200,flow0.60,646860,5.49312e+06,0,8.13674,-4.5,2.5,1.8,1.5,9,vtype0
200,flow0.61,646844,5.49312e+06,0,9.39371,-3.36701,2.5,1.8,1.5,9,vtype0
200,flow0.62,646823,5.49312e+06,0,11.6256,-3.45006,2.5,1.8,1.5,8,vtype0
200,flow0.63,646790,5.49314e+06,0,13.6594,0.935005,2.5,1.8,1.5,0,vtype0
200,flow0.64,646777,5.49317e+06,0,13.979,0.324857,2.5,1.8,1.5,2,vtype0
200,flow0.65,646806,5.4932e+06,0,13.986,0.106805,2.5,1.8,1.5,2,vtype0
200,flow0.66,646839,5.49323e+06,0,11.4362,0.575482,2.5,1.8,1.5,0,vtype0
